---------------------------------------------------------------
[ 2025-03-13T07:38:11+08:00 ] 10.211.55.2 GET dev.handmade.com/MTyvDCHVOo.php/ldcms/category/index?addtabs=1&sort=id&order=desc&_=1741787222594
[运行时间：0.687402s] [吞吐率：1.45req/s] [内存消耗：382.06kb] [文件加载：88]
[ info ] [ BEHAVIOR ] Run Closure @app_init [ RunTime:0.000051s ]
[ info ] [ CACHE ] INIT File
[ info ] [ DB ] INIT mysql
[ info ] [ BEHAVIOR ] Run \addons\ldcms\Ldcms @app_init [ RunTime:0.085479s ]
[ info ] [ BEHAVIOR ] Run Closure @app_init [ RunTime:0.085521s ]
[ info ] [ BEHAVIOR ] Run app\common\behavior\Common @app_init [ RunTime:0.003837s ]
[ info ] [ LANG ] /var/webstars/handmade/thinkphp/lang/zh-cn.php
[ info ] [ BEHAVIOR ] Run app\common\behavior\Common @app_dispatch [ RunTime:0.000028s ]
[ info ] [ ROUTE ] array (
  'type' => 'module',
  'module' => 
  array (
    0 => 'admin',
    1 => 'ldcms.category',
    2 => 'index',
  ),
)
[ info ] [ HEADER ] array (
  'cookie' => 'thinkphp_show_page_trace=0|0; thinkphp_show_page_trace=0|0; fastadmin_sid=d6da3d0fd945; sidebar_collapse=0; frontend_language=zh-cn; PHPSESSID=suo51l24lkfa37o8t2ghmh3jft; thinkphp_show_page_trace=0|0; backend_language=zh-cn; keeplogin=1%7C86400%7C1741873616%7Cd69bbce04c3df5a13d612d768dd6adf9',
  'accept-language' => 'zh-CN,zh;q=0.9,en;q=0.8',
  'accept-encoding' => 'gzip, deflate',
  'content-type' => 'application/json',
  'accept' => 'application/json, text/javascript, */*; q=0.01',
  'user-agent' => 'Mozilla/5.0 (Macintosh; Intel Mac OS X 10_15_7) AppleWebKit/537.36 (KHTML, like Gecko) Chrome/133.0.0.0 Safari/537.36',
  'x-requested-with' => 'XMLHttpRequest',
  'connection' => 'keep-alive',
  'host' => 'dev.handmade.com',
  'content-length' => '',
)
[ info ] [ PARAM ] array (
  'addtabs' => '1',
  'sort' => 'id',
  'order' => 'desc',
  '_' => '1741787222594',
)
[ info ] [ LANG ] /var/webstars/handmade/public/../application/admin/lang/zh-cn.php
[ info ] [ BEHAVIOR ] Run app\common\behavior\Common @module_init [ RunTime:0.001739s ]
[ info ] [ SESSION ] INIT array (
  'id' => '',
  'var_session_id' => '',
  'prefix' => 'think',
  'type' => '',
  'auto_start' => true,
)
[ info ] [ BEHAVIOR ] Run app\admin\behavior\AdminLog @app_end [ RunTime:0.002927s ]
[ info ] [ LOG ] INIT File
---------------------------------------------------------------
[ 2025-03-13T07:38:23+08:00 ] 10.211.55.2 GET dev.handmade.com/MTyvDCHVOo.php/ldcms/category/edit/ids/163?dialog=1
[运行时间：0.086490s] [吞吐率：11.56req/s] [内存消耗：465.42kb] [文件加载：93]
[ info ] [ BEHAVIOR ] Run Closure @app_init [ RunTime:0.000030s ]
[ info ] [ CACHE ] INIT File
[ info ] [ DB ] INIT mysql
[ info ] [ BEHAVIOR ] Run \addons\ldcms\Ldcms @app_init [ RunTime:0.054339s ]
[ info ] [ BEHAVIOR ] Run Closure @app_init [ RunTime:0.054363s ]
[ info ] [ BEHAVIOR ] Run app\common\behavior\Common @app_init [ RunTime:0.000100s ]
[ info ] [ LANG ] /var/webstars/handmade/thinkphp/lang/zh-cn.php
[ info ] [ BEHAVIOR ] Run app\common\behavior\Common @app_dispatch [ RunTime:0.000015s ]
[ info ] [ ROUTE ] array (
  'type' => 'module',
  'module' => 
  array (
    0 => 'admin',
    1 => 'ldcms.category',
    2 => 'edit',
  ),
)
[ info ] [ HEADER ] array (
  'cookie' => 'thinkphp_show_page_trace=0|0; thinkphp_show_page_trace=0|0; thinkphp_show_page_trace=0|0; fastadmin_sid=d6da3d0fd945; sidebar_collapse=0; frontend_language=zh-cn; PHPSESSID=suo51l24lkfa37o8t2ghmh3jft; thinkphp_show_page_trace=0|0; backend_language=zh-cn; keeplogin=1%7C86400%7C1741873616%7Cd69bbce04c3df5a13d612d768dd6adf9',
  'accept-language' => 'zh-CN,zh;q=0.9,en;q=0.8',
  'accept-encoding' => 'gzip, deflate',
  'accept' => 'text/html,application/xhtml+xml,application/xml;q=0.9,image/avif,image/webp,image/apng,*/*;q=0.8,application/signed-exchange;v=b3;q=0.7',
  'user-agent' => 'Mozilla/5.0 (Macintosh; Intel Mac OS X 10_15_7) AppleWebKit/537.36 (KHTML, like Gecko) Chrome/133.0.0.0 Safari/537.36',
  'upgrade-insecure-requests' => '1',
  'connection' => 'keep-alive',
  'host' => 'dev.handmade.com',
  'content-length' => '',
  'content-type' => '',
)
[ info ] [ PARAM ] array (
  'dialog' => '1',
  'ids' => '163',
)
[ info ] [ LANG ] /var/webstars/handmade/public/../application/admin/lang/zh-cn.php
[ info ] [ BEHAVIOR ] Run app\common\behavior\Common @module_init [ RunTime:0.000061s ]
[ info ] [ SESSION ] INIT array (
  'id' => '',
  'var_session_id' => '',
  'prefix' => 'think',
  'type' => '',
  'auto_start' => true,
)
[ info ] [ VIEW ] /var/webstars/handmade/public/../application/common/view/tpl/dispatch_jump.tpl [ array (
  0 => 'code',
  1 => 'msg',
  2 => 'data',
  3 => 'url',
  4 => 'wait',
) ]
[ info ] [ BEHAVIOR ] Run app\admin\behavior\AdminLog @app_end [ RunTime:0.000060s ]
[ info ] [ LOG ] INIT File
---------------------------------------------------------------
[ 2025-03-13T07:38:30+08:00 ] 10.211.55.2 GET dev.handmade.com/MTyvDCHVOo.php/index/logout
[运行时间：0.142138s] [吞吐率：7.04req/s] [内存消耗：379.71kb] [文件加载：89]
[ info ] [ BEHAVIOR ] Run Closure @app_init [ RunTime:0.000019s ]
[ info ] [ CACHE ] INIT File
[ info ] [ DB ] INIT mysql
[ info ] [ BEHAVIOR ] Run \addons\ldcms\Ldcms @app_init [ RunTime:0.032238s ]
[ info ] [ BEHAVIOR ] Run Closure @app_init [ RunTime:0.032271s ]
[ info ] [ BEHAVIOR ] Run app\common\behavior\Common @app_init [ RunTime:0.000250s ]
[ info ] [ LANG ] /var/webstars/handmade/thinkphp/lang/zh-cn.php
[ info ] [ BEHAVIOR ] Run app\common\behavior\Common @app_dispatch [ RunTime:0.000021s ]
[ info ] [ ROUTE ] array (
  'type' => 'module',
  'module' => 
  array (
    0 => 'admin',
    1 => 'index',
    2 => 'logout',
  ),
)
[ info ] [ HEADER ] array (
  'cookie' => 'thinkphp_show_page_trace=0|0; thinkphp_show_page_trace=0|0; fastadmin_sid=d6da3d0fd945; sidebar_collapse=0; frontend_language=zh-cn; PHPSESSID=suo51l24lkfa37o8t2ghmh3jft; thinkphp_show_page_trace=0|0; backend_language=zh-cn; keeplogin=1%7C86400%7C1741873616%7Cd69bbce04c3df5a13d612d768dd6adf9',
  'accept-language' => 'zh-CN,zh;q=0.9,en;q=0.8',
  'accept-encoding' => 'gzip, deflate',
  'accept' => 'text/html,application/xhtml+xml,application/xml;q=0.9,image/avif,image/webp,image/apng,*/*;q=0.8,application/signed-exchange;v=b3;q=0.7',
  'user-agent' => 'Mozilla/5.0 (Macintosh; Intel Mac OS X 10_15_7) AppleWebKit/537.36 (KHTML, like Gecko) Chrome/133.0.0.0 Safari/537.36',
  'upgrade-insecure-requests' => '1',
  'connection' => 'keep-alive',
  'host' => 'dev.handmade.com',
  'content-length' => '',
  'content-type' => '',
)
[ info ] [ PARAM ] array (
)
[ info ] [ LANG ] /var/webstars/handmade/public/../application/admin/lang/zh-cn.php
[ info ] [ BEHAVIOR ] Run app\common\behavior\Common @module_init [ RunTime:0.000106s ]
[ info ] [ SESSION ] INIT array (
  'id' => '',
  'var_session_id' => '',
  'prefix' => 'think',
  'type' => '',
  'auto_start' => true,
)
[ info ] [ VIEW ] /var/webstars/handmade/public/../application/common/view/tpl/dispatch_jump.tpl [ array (
  0 => 'code',
  1 => 'msg',
  2 => 'data',
  3 => 'url',
  4 => 'wait',
) ]
[ info ] [ BEHAVIOR ] Run app\admin\behavior\AdminLog @app_end [ RunTime:0.000061s ]
[ info ] [ LOG ] INIT File
---------------------------------------------------------------
[ 2025-03-13T07:38:33+08:00 ] 10.211.55.2 GET dev.handmade.com/MTyvDCHVOo.php/index/login?url=%2FMTyvDCHVOo.php%2Findex%2Flogout
[运行时间：0.116769s] [吞吐率：8.56req/s] [内存消耗：491.72kb] [文件加载：93]
[ info ] [ BEHAVIOR ] Run Closure @app_init [ RunTime:0.000022s ]
[ info ] [ CACHE ] INIT File
[ info ] [ DB ] INIT mysql
[ info ] [ BEHAVIOR ] Run \addons\ldcms\Ldcms @app_init [ RunTime:0.054423s ]
[ info ] [ BEHAVIOR ] Run Closure @app_init [ RunTime:0.054473s ]
[ info ] [ BEHAVIOR ] Run app\common\behavior\Common @app_init [ RunTime:0.001651s ]
[ info ] [ LANG ] /var/webstars/handmade/thinkphp/lang/zh-cn.php
[ info ] [ BEHAVIOR ] Run app\common\behavior\Common @app_dispatch [ RunTime:0.000033s ]
[ info ] [ ROUTE ] array (
  'type' => 'module',
  'module' => 
  array (
    0 => 'admin',
    1 => 'index',
    2 => 'login',
  ),
)
[ info ] [ HEADER ] array (
  'cookie' => 'thinkphp_show_page_trace=0|0; thinkphp_show_page_trace=0|0; fastadmin_sid=d6da3d0fd945; sidebar_collapse=0; frontend_language=zh-cn; PHPSESSID=suo51l24lkfa37o8t2ghmh3jft; thinkphp_show_page_trace=0|0; backend_language=zh-cn; keeplogin=1%7C86400%7C1741873616%7Cd69bbce04c3df5a13d612d768dd6adf9',
  'accept-language' => 'zh-CN,zh;q=0.9,en;q=0.8',
  'accept-encoding' => 'gzip, deflate',
  'referer' => 'http://dev.handmade.com/MTyvDCHVOo.php/index/logout',
  'accept' => 'text/html,application/xhtml+xml,application/xml;q=0.9,image/avif,image/webp,image/apng,*/*;q=0.8,application/signed-exchange;v=b3;q=0.7',
  'user-agent' => 'Mozilla/5.0 (Macintosh; Intel Mac OS X 10_15_7) AppleWebKit/537.36 (KHTML, like Gecko) Chrome/133.0.0.0 Safari/537.36',
  'upgrade-insecure-requests' => '1',
  'connection' => 'keep-alive',
  'host' => 'dev.handmade.com',
  'content-length' => '',
  'content-type' => '',
)
[ info ] [ PARAM ] array (
  'url' => '/MTyvDCHVOo.php/index/logout',
)
[ info ] [ LANG ] /var/webstars/handmade/public/../application/admin/lang/zh-cn.php
[ info ] [ BEHAVIOR ] Run app\common\behavior\Common @module_init [ RunTime:0.000324s ]
[ info ] [ SESSION ] INIT array (
  'id' => '',
  'var_session_id' => '',
  'prefix' => 'think',
  'type' => '',
  'auto_start' => true,
)
[ info ] [ BEHAVIOR ] Run \addons\ldcms\Ldcms @config_init [ RunTime:0.000055s ]
[ info ] [ BEHAVIOR ] Run \addons\summernote\Summernote @config_init [ RunTime:0.000908s ]
[ info ] [ LANG ] /var/webstars/handmade/public/../application/admin/lang/zh-cn/index.php
[ info ] [ RUN ] app\admin\controller\Index->login[ /var/webstars/handmade/application/admin/controller/Index.php ]
[ info ] [ BEHAVIOR ] Run app\admin\behavior\AdminLog @app_end [ RunTime:0.000075s ]
[ info ] [ LOG ] INIT File
---------------------------------------------------------------
[ 2025-03-13T07:38:33+08:00 ] 10.211.55.2 GET dev.handmade.com/MTyvDCHVOo.php/index/logout
[运行时间：0.082516s] [吞吐率：12.12req/s] [内存消耗：424.63kb] [文件加载：91]
[ info ] [ BEHAVIOR ] Run Closure @app_init [ RunTime:0.000020s ]
[ info ] [ CACHE ] INIT File
[ info ] [ DB ] INIT mysql
[ info ] [ BEHAVIOR ] Run \addons\ldcms\Ldcms @app_init [ RunTime:0.046943s ]
[ info ] [ BEHAVIOR ] Run Closure @app_init [ RunTime:0.046990s ]
[ info ] [ BEHAVIOR ] Run app\common\behavior\Common @app_init [ RunTime:0.000083s ]
[ info ] [ LANG ] /var/webstars/handmade/thinkphp/lang/zh-cn.php
[ info ] [ BEHAVIOR ] Run app\common\behavior\Common @app_dispatch [ RunTime:0.000023s ]
[ info ] [ ROUTE ] array (
  'type' => 'module',
  'module' => 
  array (
    0 => 'admin',
    1 => 'index',
    2 => 'logout',
  ),
)
[ info ] [ HEADER ] array (
  'cookie' => 'thinkphp_show_page_trace=0|0; thinkphp_show_page_trace=0|0; fastadmin_sid=d6da3d0fd945; sidebar_collapse=0; frontend_language=zh-cn; PHPSESSID=suo51l24lkfa37o8t2ghmh3jft; thinkphp_show_page_trace=0|0; backend_language=zh-cn; keeplogin=1%7C86400%7C1741909113%7Cb3cd624db7476cd41543fe25786444e0',
  'accept-language' => 'zh-CN,zh;q=0.9,en;q=0.8',
  'accept-encoding' => 'gzip, deflate',
  'referer' => 'http://dev.handmade.com/MTyvDCHVOo.php/index/logout',
  'accept' => 'text/html,application/xhtml+xml,application/xml;q=0.9,image/avif,image/webp,image/apng,*/*;q=0.8,application/signed-exchange;v=b3;q=0.7',
  'user-agent' => 'Mozilla/5.0 (Macintosh; Intel Mac OS X 10_15_7) AppleWebKit/537.36 (KHTML, like Gecko) Chrome/133.0.0.0 Safari/537.36',
  'upgrade-insecure-requests' => '1',
  'connection' => 'keep-alive',
  'host' => 'dev.handmade.com',
  'content-length' => '',
  'content-type' => '',
)
[ info ] [ PARAM ] array (
)
[ info ] [ LANG ] /var/webstars/handmade/public/../application/admin/lang/zh-cn.php
[ info ] [ BEHAVIOR ] Run app\common\behavior\Common @module_init [ RunTime:0.000099s ]
[ info ] [ SESSION ] INIT array (
  'id' => '',
  'var_session_id' => '',
  'prefix' => 'think',
  'type' => '',
  'auto_start' => true,
)
[ info ] [ BEHAVIOR ] Run \addons\ldcms\Ldcms @config_init [ RunTime:0.000079s ]
[ info ] [ BEHAVIOR ] Run \addons\summernote\Summernote @config_init [ RunTime:0.000067s ]
[ info ] [ LANG ] /var/webstars/handmade/public/../application/admin/lang/zh-cn/index.php
[ info ] [ RUN ] app\admin\controller\Index->logout[ /var/webstars/handmade/application/admin/controller/Index.php ]
[ info ] [ BEHAVIOR ] Run app\admin\behavior\AdminLog @app_end [ RunTime:0.000025s ]
[ info ] [ LOG ] INIT File
---------------------------------------------------------------
[ 2025-03-13T07:38:33+08:00 ] 10.211.55.2 POST dev.handmade.com/MTyvDCHVOo.php/index/logout
[运行时间：0.093581s] [吞吐率：10.69req/s] [内存消耗：483.79kb] [文件加载：95]
[ info ] [ BEHAVIOR ] Run Closure @app_init [ RunTime:0.000019s ]
[ info ] [ CACHE ] INIT File
[ info ] [ DB ] INIT mysql
[ info ] [ BEHAVIOR ] Run \addons\ldcms\Ldcms @app_init [ RunTime:0.045619s ]
[ info ] [ BEHAVIOR ] Run Closure @app_init [ RunTime:0.045652s ]
[ info ] [ BEHAVIOR ] Run app\common\behavior\Common @app_init [ RunTime:0.000072s ]
[ info ] [ LANG ] /var/webstars/handmade/thinkphp/lang/zh-cn.php
[ info ] [ BEHAVIOR ] Run app\common\behavior\Common @app_dispatch [ RunTime:0.000022s ]
[ info ] [ ROUTE ] array (
  'type' => 'module',
  'module' => 
  array (
    0 => 'admin',
    1 => 'index',
    2 => 'logout',
  ),
)
[ info ] [ HEADER ] array (
  'cookie' => 'thinkphp_show_page_trace=0|0; thinkphp_show_page_trace=0|0; fastadmin_sid=d6da3d0fd945; sidebar_collapse=0; frontend_language=zh-cn; PHPSESSID=suo51l24lkfa37o8t2ghmh3jft; thinkphp_show_page_trace=0|0; backend_language=zh-cn; keeplogin=1%7C86400%7C1741909113%7Cb3cd624db7476cd41543fe25786444e0',
  'accept-language' => 'zh-CN,zh;q=0.9,en;q=0.8',
  'accept-encoding' => 'gzip, deflate',
  'referer' => 'http://dev.handmade.com/MTyvDCHVOo.php/index/logout',
  'accept' => 'text/html,application/xhtml+xml,application/xml;q=0.9,image/avif,image/webp,image/apng,*/*;q=0.8,application/signed-exchange;v=b3;q=0.7',
  'user-agent' => 'Mozilla/5.0 (Macintosh; Intel Mac OS X 10_15_7) AppleWebKit/537.36 (KHTML, like Gecko) Chrome/133.0.0.0 Safari/537.36',
  'upgrade-insecure-requests' => '1',
  'content-type' => 'application/x-www-form-urlencoded',
  'origin' => 'http://dev.handmade.com',
  'cache-control' => 'max-age=0',
  'content-length' => '42',
  'connection' => 'keep-alive',
  'host' => 'dev.handmade.com',
)
[ info ] [ PARAM ] array (
  '__token__' => '9b2a0b8e6d437ada1b2b009b1516591a',
)
[ info ] [ LANG ] /var/webstars/handmade/public/../application/admin/lang/zh-cn.php
[ info ] [ BEHAVIOR ] Run app\common\behavior\Common @module_init [ RunTime:0.000076s ]
[ info ] [ SESSION ] INIT array (
  'id' => '',
  'var_session_id' => '',
  'prefix' => 'think',
  'type' => '',
  'auto_start' => true,
)
[ info ] [ BEHAVIOR ] Run \addons\ldcms\Ldcms @config_init [ RunTime:0.000051s ]
[ info ] [ BEHAVIOR ] Run \addons\summernote\Summernote @config_init [ RunTime:0.000061s ]
[ info ] [ LANG ] /var/webstars/handmade/public/../application/admin/lang/zh-cn/index.php
[ info ] [ RUN ] app\admin\controller\Index->logout[ /var/webstars/handmade/application/admin/controller/Index.php ]
[ info ] [ VIEW ] /var/webstars/handmade/public/../application/common/view/tpl/dispatch_jump.tpl [ array (
  0 => 'breadcrumb',
  1 => 'site',
  2 => 'config',
  3 => 'auth',
  4 => 'admin',
  5 => 'code',
  6 => 'msg',
  7 => 'data',
  8 => 'url',
  9 => 'wait',
) ]
[ info ] [ BEHAVIOR ] Run app\admin\behavior\AdminLog @app_end [ RunTime:0.010665s ]
[ info ] [ LOG ] INIT File
---------------------------------------------------------------
[ 2025-03-13T07:38:37+08:00 ] 10.211.55.2 GET dev.handmade.com/MTyvDCHVOo.php/index/login
[运行时间：0.318376s] [吞吐率：3.14req/s] [内存消耗：497.27kb] [文件加载：94]
[ info ] [ BEHAVIOR ] Run Closure @app_init [ RunTime:0.000022s ]
[ info ] [ CACHE ] INIT File
[ info ] [ DB ] INIT mysql
[ info ] [ BEHAVIOR ] Run \addons\ldcms\Ldcms @app_init [ RunTime:0.139362s ]
[ info ] [ BEHAVIOR ] Run Closure @app_init [ RunTime:0.139404s ]
[ info ] [ BEHAVIOR ] Run app\common\behavior\Common @app_init [ RunTime:0.000159s ]
[ info ] [ LANG ] /var/webstars/handmade/thinkphp/lang/zh-cn.php
[ info ] [ BEHAVIOR ] Run app\common\behavior\Common @app_dispatch [ RunTime:0.000024s ]
[ info ] [ ROUTE ] array (
  'type' => 'module',
  'module' => 
  array (
    0 => 'admin',
    1 => 'index',
    2 => 'login',
  ),
)
[ info ] [ HEADER ] array (
  'cookie' => 'thinkphp_show_page_trace=0|0; thinkphp_show_page_trace=0|0; fastadmin_sid=d6da3d0fd945; sidebar_collapse=0; frontend_language=zh-cn; PHPSESSID=suo51l24lkfa37o8t2ghmh3jft; thinkphp_show_page_trace=0|0; backend_language=zh-cn',
  'accept-language' => 'zh-CN,zh;q=0.9,en;q=0.8',
  'accept-encoding' => 'gzip, deflate',
  'referer' => 'http://dev.handmade.com/MTyvDCHVOo.php/index/logout',
  'accept' => 'text/html,application/xhtml+xml,application/xml;q=0.9,image/avif,image/webp,image/apng,*/*;q=0.8,application/signed-exchange;v=b3;q=0.7',
  'user-agent' => 'Mozilla/5.0 (Macintosh; Intel Mac OS X 10_15_7) AppleWebKit/537.36 (KHTML, like Gecko) Chrome/133.0.0.0 Safari/537.36',
  'upgrade-insecure-requests' => '1',
  'connection' => 'keep-alive',
  'host' => 'dev.handmade.com',
  'content-length' => '',
  'content-type' => '',
)
[ info ] [ PARAM ] array (
)
[ info ] [ LANG ] /var/webstars/handmade/public/../application/admin/lang/zh-cn.php
[ info ] [ BEHAVIOR ] Run app\common\behavior\Common @module_init [ RunTime:0.000130s ]
[ info ] [ SESSION ] INIT array (
  'id' => '',
  'var_session_id' => '',
  'prefix' => 'think',
  'type' => '',
  'auto_start' => true,
)
[ info ] [ BEHAVIOR ] Run \addons\ldcms\Ldcms @config_init [ RunTime:0.000046s ]
[ info ] [ BEHAVIOR ] Run \addons\summernote\Summernote @config_init [ RunTime:0.000374s ]
[ info ] [ LANG ] /var/webstars/handmade/public/../application/admin/lang/zh-cn/index.php
[ info ] [ RUN ] app\admin\controller\Index->login[ /var/webstars/handmade/application/admin/controller/Index.php ]
[ info ] [ VIEW ] /var/webstars/handmade/public/../application/admin/view/index/login.html [ array (
  0 => 'breadcrumb',
  1 => 'site',
  2 => 'config',
  3 => 'auth',
  4 => 'admin',
  5 => 'keeyloginhours',
  6 => 'background',
  7 => 'title',
) ]
[ info ] [ BEHAVIOR ] Run app\admin\behavior\AdminLog @app_end [ RunTime:0.000054s ]
[ info ] [ LOG ] INIT File
---------------------------------------------------------------
[ 2025-03-13T07:38:37+08:00 ] 10.211.55.2 GET dev.handmade.com/index.php?s=/captcha
[运行时间：0.219788s] [吞吐率：4.55req/s] [内存消耗：342.03kb] [文件加载：76]
[ info ] [ BEHAVIOR ] Run Closure @app_init [ RunTime:0.000018s ]
[ info ] [ CACHE ] INIT File
[ info ] [ DB ] INIT mysql
[ info ] [ BEHAVIOR ] Run \addons\ldcms\Ldcms @app_init [ RunTime:0.051936s ]
[ info ] [ BEHAVIOR ] Run Closure @app_init [ RunTime:0.051969s ]
[ info ] [ BEHAVIOR ] Run app\common\behavior\Common @app_init [ RunTime:0.000078s ]
[ info ] [ LANG ] /var/webstars/handmade/thinkphp/lang/zh-cn.php
[ info ] [ BEHAVIOR ] Run app\common\behavior\Common @app_dispatch [ RunTime:0.000022s ]
[ info ] [ ROUTE ] array (
  'type' => 'method',
  'method' => 
  array (
    0 => '\\think\\captcha\\CaptchaController',
    1 => 'index',
  ),
  'var' => 
  array (
  ),
)
[ info ] [ HEADER ] array (
  'cookie' => 'frontend_language=zh-cn; PHPSESSID=suo51l24lkfa37o8t2ghmh3jft; thinkphp_show_page_trace=0|0; backend_language=zh-cn',
  'accept-language' => 'zh-CN,zh;q=0.9,en;q=0.8',
  'accept-encoding' => 'gzip, deflate',
  'accept' => 'image/avif,image/webp,image/apng,image/svg+xml,image/*,*/*;q=0.8',
  'user-agent' => 'Mozilla/5.0 (Macintosh; Intel Mac OS X 10_15_7) AppleWebKit/537.36 (KHTML, like Gecko) Chrome/133.0.0.0 Safari/537.36',
  'connection' => 'keep-alive',
  'host' => 'dev.handmade.com',
  'content-length' => '',
  'content-type' => '',
)
[ info ] [ PARAM ] array (
  'id' => NULL,
)
[ info ] [ RUN ] think\captcha\CaptchaController->index[ /var/webstars/handmade/vendor/topthink/think-captcha/src/CaptchaController.php ]
[ info ] [ SESSION ] INIT array (
  'id' => '',
  'var_session_id' => '',
  'prefix' => 'think',
  'type' => '',
  'auto_start' => true,
)
[ info ] [ LOG ] INIT File
---------------------------------------------------------------
[ 2025-03-13T07:38:37+08:00 ] 10.211.55.2 GET dev.handmade.com/MTyvDCHVOo.php/ajax/lang?callback=define&controllername=index&lang=zh-cn&v=1741822717
[运行时间：0.084106s] [吞吐率：11.89req/s] [内存消耗：410.40kb] [文件加载：92]
[ info ] [ BEHAVIOR ] Run Closure @app_init [ RunTime:0.000022s ]
[ info ] [ CACHE ] INIT File
[ info ] [ DB ] INIT mysql
[ info ] [ BEHAVIOR ] Run \addons\ldcms\Ldcms @app_init [ RunTime:0.062405s ]
[ info ] [ BEHAVIOR ] Run Closure @app_init [ RunTime:0.062438s ]
[ info ] [ BEHAVIOR ] Run app\common\behavior\Common @app_init [ RunTime:0.000080s ]
[ info ] [ LANG ] /var/webstars/handmade/thinkphp/lang/zh-cn.php
[ info ] [ BEHAVIOR ] Run app\common\behavior\Common @app_dispatch [ RunTime:0.000020s ]
[ info ] [ ROUTE ] array (
  'type' => 'module',
  'module' => 
  array (
    0 => 'admin',
    1 => 'ajax',
    2 => 'lang',
  ),
)
[ info ] [ HEADER ] array (
  'cookie' => 'thinkphp_show_page_trace=0|0; fastadmin_sid=d6da3d0fd945; sidebar_collapse=0; frontend_language=zh-cn; PHPSESSID=suo51l24lkfa37o8t2ghmh3jft; thinkphp_show_page_trace=0|0; backend_language=zh-cn',
  'accept-language' => 'zh-CN,zh;q=0.9,en;q=0.8',
  'accept-encoding' => 'gzip, deflate',
  'accept' => '*/*',
  'user-agent' => 'Mozilla/5.0 (Macintosh; Intel Mac OS X 10_15_7) AppleWebKit/537.36 (KHTML, like Gecko) Chrome/133.0.0.0 Safari/537.36',
  'connection' => 'keep-alive',
  'host' => 'dev.handmade.com',
  'content-length' => '',
  'content-type' => '',
)
[ info ] [ PARAM ] array (
  'callback' => 'define',
  'controllername' => 'index',
  'lang' => 'zh-cn',
  'v' => '1741822717',
)
[ info ] [ LANG ] /var/webstars/handmade/public/../application/admin/lang/zh-cn.php
[ info ] [ BEHAVIOR ] Run app\common\behavior\Common @module_init [ RunTime:0.000206s ]
[ info ] [ SESSION ] INIT array (
  'id' => '',
  'var_session_id' => '',
  'prefix' => 'think',
  'type' => '',
  'auto_start' => true,
)
[ info ] [ BEHAVIOR ] Run \addons\ldcms\Ldcms @config_init [ RunTime:0.000045s ]
[ info ] [ BEHAVIOR ] Run \addons\summernote\Summernote @config_init [ RunTime:0.000070s ]
[ info ] [ LANG ] /var/webstars/handmade/public/../application/admin/lang/zh-cn/ajax.php
[ info ] [ RUN ] app\admin\controller\Ajax->lang[ /var/webstars/handmade/application/admin/controller/Ajax.php ]
[ info ] [ LANG ] /var/webstars/handmade/public/../application/admin/lang/zh-cn/index.php
[ info ] [ BEHAVIOR ] Run app\admin\behavior\AdminLog @app_end [ RunTime:0.000045s ]
[ info ] [ LOG ] INIT File
---------------------------------------------------------------
[ 2025-03-13T07:38:47+08:00 ] 10.211.55.2 POST dev.handmade.com/MTyvDCHVOo.php/index/login
[运行时间：0.083177s] [吞吐率：12.02req/s] [内存消耗：481.51kb] [文件加载：95]
[ info ] [ BEHAVIOR ] Run Closure @app_init [ RunTime:0.000018s ]
[ info ] [ CACHE ] INIT File
[ info ] [ DB ] INIT mysql
[ info ] [ BEHAVIOR ] Run \addons\ldcms\Ldcms @app_init [ RunTime:0.037069s ]
[ info ] [ BEHAVIOR ] Run Closure @app_init [ RunTime:0.037100s ]
[ info ] [ BEHAVIOR ] Run app\common\behavior\Common @app_init [ RunTime:0.000165s ]
[ info ] [ LANG ] /var/webstars/handmade/thinkphp/lang/zh-cn.php
[ info ] [ BEHAVIOR ] Run app\common\behavior\Common @app_dispatch [ RunTime:0.000018s ]
[ info ] [ ROUTE ] array (
  'type' => 'module',
  'module' => 
  array (
    0 => 'admin',
    1 => 'index',
    2 => 'login',
  ),
)
[ info ] [ HEADER ] array (
  'cookie' => 'thinkphp_show_page_trace=0|0; thinkphp_show_page_trace=0|0; fastadmin_sid=d6da3d0fd945; sidebar_collapse=0; frontend_language=zh-cn; PHPSESSID=suo51l24lkfa37o8t2ghmh3jft; thinkphp_show_page_trace=0|0; backend_language=zh-cn',
  'accept-language' => 'zh-CN,zh;q=0.9,en;q=0.8',
  'accept-encoding' => 'gzip, deflate',
  'origin' => 'http://dev.handmade.com',
  'content-type' => 'application/x-www-form-urlencoded; charset=UTF-8',
  'accept' => 'application/json, text/javascript, */*; q=0.01',
  'user-agent' => 'Mozilla/5.0 (Macintosh; Intel Mac OS X 10_15_7) AppleWebKit/537.36 (KHTML, like Gecko) Chrome/133.0.0.0 Safari/537.36',
  'x-requested-with' => 'XMLHttpRequest',
  'content-length' => '117',
  'connection' => 'keep-alive',
  'host' => 'dev.handmade.com',
)
[ info ] [ PARAM ] array (
  '__token__' => '3c7c48de616dab8ad90cd587e87b61e4',
  'username' => 'sustensadmin',
  'password' => 'sustensadmin@pwd',
  'captcha' => '8lpd',
  'keeplogin' => '1',
)
[ info ] [ LANG ] /var/webstars/handmade/public/../application/admin/lang/zh-cn.php
[ info ] [ BEHAVIOR ] Run app\common\behavior\Common @module_init [ RunTime:0.000088s ]
[ info ] [ SESSION ] INIT array (
  'id' => '',
  'var_session_id' => '',
  'prefix' => 'think',
  'type' => '',
  'auto_start' => true,
)
[ info ] [ BEHAVIOR ] Run \addons\ldcms\Ldcms @config_init [ RunTime:0.000041s ]
[ info ] [ BEHAVIOR ] Run \addons\summernote\Summernote @config_init [ RunTime:0.000243s ]
[ info ] [ LANG ] /var/webstars/handmade/public/../application/admin/lang/zh-cn/index.php
[ info ] [ RUN ] app\admin\controller\Index->login[ /var/webstars/handmade/application/admin/controller/Index.php ]
[ info ] [ BEHAVIOR ] Run app\admin\behavior\AdminLog @app_end [ RunTime:0.025275s ]
[ info ] [ LOG ] INIT File
---------------------------------------------------------------
[ 2025-03-13T07:38:47+08:00 ] 10.211.55.2 GET dev.handmade.com/MTyvDCHVOo.php/index/index
[运行时间：0.130806s] [吞吐率：7.64req/s] [内存消耗：838.73kb] [文件加载：101]
[ info ] [ BEHAVIOR ] Run Closure @app_init [ RunTime:0.000017s ]
[ info ] [ CACHE ] INIT File
[ info ] [ DB ] INIT mysql
[ info ] [ BEHAVIOR ] Run \addons\ldcms\Ldcms @app_init [ RunTime:0.041578s ]
[ info ] [ BEHAVIOR ] Run Closure @app_init [ RunTime:0.041611s ]
[ info ] [ BEHAVIOR ] Run app\common\behavior\Common @app_init [ RunTime:0.000066s ]
[ info ] [ LANG ] /var/webstars/handmade/thinkphp/lang/zh-cn.php
[ info ] [ BEHAVIOR ] Run app\common\behavior\Common @app_dispatch [ RunTime:0.000018s ]
[ info ] [ ROUTE ] array (
  'type' => 'module',
  'module' => 
  array (
    0 => 'admin',
    1 => 'index',
    2 => 'index',
  ),
)
[ info ] [ HEADER ] array (
  'cookie' => 'thinkphp_show_page_trace=0|0; thinkphp_show_page_trace=0|0; fastadmin_sid=d6da3d0fd945; sidebar_collapse=0; frontend_language=zh-cn; PHPSESSID=suo51l24lkfa37o8t2ghmh3jft; thinkphp_show_page_trace=0|0; backend_language=zh-cn; keeplogin=1%7C86400%7C1741909127%7C1c649e0e0e7d9718fc5855794f92a92e',
  'accept-language' => 'zh-CN,zh;q=0.9,en;q=0.8',
  'accept-encoding' => 'gzip, deflate',
  'accept' => 'text/html,application/xhtml+xml,application/xml;q=0.9,image/avif,image/webp,image/apng,*/*;q=0.8,application/signed-exchange;v=b3;q=0.7',
  'user-agent' => 'Mozilla/5.0 (Macintosh; Intel Mac OS X 10_15_7) AppleWebKit/537.36 (KHTML, like Gecko) Chrome/133.0.0.0 Safari/537.36',
  'upgrade-insecure-requests' => '1',
  'connection' => 'keep-alive',
  'host' => 'dev.handmade.com',
  'content-length' => '',
  'content-type' => '',
)
[ info ] [ PARAM ] array (
)
[ info ] [ LANG ] /var/webstars/handmade/public/../application/admin/lang/zh-cn.php
[ info ] [ BEHAVIOR ] Run app\common\behavior\Common @module_init [ RunTime:0.000068s ]
[ info ] [ SESSION ] INIT array (
  'id' => '',
  'var_session_id' => '',
  'prefix' => 'think',
  'type' => '',
  'auto_start' => true,
)
[ info ] [ BEHAVIOR ] Run \addons\ldcms\Ldcms @config_init [ RunTime:0.000038s ]
[ info ] [ BEHAVIOR ] Run \addons\summernote\Summernote @config_init [ RunTime:0.000054s ]
[ info ] [ LANG ] /var/webstars/handmade/public/../application/admin/lang/zh-cn/index.php
[ info ] [ RUN ] app\admin\controller\Index->index[ /var/webstars/handmade/application/admin/controller/Index.php ]
[ info ] [ VIEW ] /var/webstars/handmade/public/../application/admin/view/index/index.html [ array (
  0 => 'breadcrumb',
  1 => 'site',
  2 => 'config',
  3 => 'auth',
  4 => 'admin',
  5 => 'menulist',
  6 => 'navlist',
  7 => 'fixedmenu',
  8 => 'referermenu',
  9 => 'title',
) ]
[ info ] [ BEHAVIOR ] Run app\admin\behavior\AdminLog @app_end [ RunTime:0.000024s ]
[ info ] [ LOG ] INIT File
---------------------------------------------------------------
[ 2025-03-13T07:38:48+08:00 ] 10.211.55.2 GET dev.handmade.com/MTyvDCHVOo.php/ajax/lang?callback=define&controllername=index&lang=zh-cn&v=1741822727
[运行时间：0.077273s] [吞吐率：12.94req/s] [内存消耗：331.30kb] [文件加载：95]
[ info ] [ BEHAVIOR ] Run Closure @app_init [ RunTime:0.000022s ]
[ info ] [ CACHE ] INIT File
[ info ] [ DB ] INIT mysql
[ info ] [ BEHAVIOR ] Run \addons\ldcms\Ldcms @app_init [ RunTime:0.027448s ]
[ info ] [ BEHAVIOR ] Run Closure @app_init [ RunTime:0.027470s ]
[ info ] [ BEHAVIOR ] Run app\common\behavior\Common @app_init [ RunTime:0.000158s ]
[ info ] [ LANG ] /var/webstars/handmade/thinkphp/lang/zh-cn.php
[ info ] [ BEHAVIOR ] Run app\common\behavior\Common @app_dispatch [ RunTime:0.000021s ]
[ info ] [ ROUTE ] array (
  'type' => 'module',
  'module' => 
  array (
    0 => 'admin',
    1 => 'ajax',
    2 => 'lang',
  ),
)
[ info ] [ HEADER ] array (
  'cookie' => 'thinkphp_show_page_trace=0|0; fastadmin_sid=d6da3d0fd945; sidebar_collapse=0; frontend_language=zh-cn; PHPSESSID=suo51l24lkfa37o8t2ghmh3jft; thinkphp_show_page_trace=0|0; backend_language=zh-cn; keeplogin=1%7C86400%7C1741909127%7C1c649e0e0e7d9718fc5855794f92a92e',
  'accept-language' => 'zh-CN,zh;q=0.9,en;q=0.8',
  'accept-encoding' => 'gzip, deflate',
  'accept' => '*/*',
  'user-agent' => 'Mozilla/5.0 (Macintosh; Intel Mac OS X 10_15_7) AppleWebKit/537.36 (KHTML, like Gecko) Chrome/133.0.0.0 Safari/537.36',
  'connection' => 'keep-alive',
  'host' => 'dev.handmade.com',
  'content-length' => '',
  'content-type' => '',
)
[ info ] [ PARAM ] array (
  'callback' => 'define',
  'controllername' => 'index',
  'lang' => 'zh-cn',
  'v' => '1741822727',
)
[ info ] [ LANG ] /var/webstars/handmade/public/../application/admin/lang/zh-cn.php
[ info ] [ BEHAVIOR ] Run app\common\behavior\Common @module_init [ RunTime:0.000107s ]
[ info ] [ SESSION ] INIT array (
  'id' => '',
  'var_session_id' => '',
  'prefix' => 'think',
  'type' => '',
  'auto_start' => true,
)
[ info ] [ BEHAVIOR ] Run \addons\ldcms\Ldcms @config_init [ RunTime:0.000054s ]
[ info ] [ BEHAVIOR ] Run \addons\summernote\Summernote @config_init [ RunTime:0.000074s ]
[ info ] [ LANG ] /var/webstars/handmade/public/../application/admin/lang/zh-cn/ajax.php
[ info ] [ RUN ] app\admin\controller\Ajax->lang[ /var/webstars/handmade/application/admin/controller/Ajax.php ]
[ info ] [ LANG ] /var/webstars/handmade/public/../application/admin/lang/zh-cn/index.php
[ info ] [ BEHAVIOR ] Run app\admin\behavior\AdminLog @app_end [ RunTime:0.000028s ]
[ info ] [ LOG ] INIT File
[ error ] [2]rmdir(/var/webstars/handmade/runtime/cache/4e): No such file or directory[/var/webstars/handmade/thinkphp/library/think/cache/driver/File.php:248]
[ error ] [2]rmdir(/var/webstars/handmade/runtime/cache/67): No such file or directory[/var/webstars/handmade/thinkphp/library/think/cache/driver/File.php:248]
[ error ] [2]rmdir(/var/webstars/handmade/runtime/cache/91): No such file or directory[/var/webstars/handmade/thinkphp/library/think/cache/driver/File.php:248]
[ error ] [2]unlink(/var/webstars/handmade/runtime/cache/b9/ccfd7d6efce5712683eaa0a4edba12.php): No such file or directory[/var/webstars/handmade/thinkphp/library/think/cache/driver/File.php:246]
[ error ] [2]rmdir(/var/webstars/handmade/runtime/cache/b9): No such file or directory[/var/webstars/handmade/thinkphp/library/think/cache/driver/File.php:248]
[ error ] [2]rmdir(/var/webstars/handmade/runtime/cache/cb): No such file or directory[/var/webstars/handmade/thinkphp/library/think/cache/driver/File.php:248]
---------------------------------------------------------------
[ 2025-03-13T07:38:48+08:00 ] 10.211.55.2 GET dev.handmade.com/MTyvDCHVOo.php/dashboard?addtabs=1
[运行时间：0.680405s] [吞吐率：1.47req/s] [内存消耗：783.41kb] [文件加载：101]
[ info ] [ BEHAVIOR ] Run Closure @app_init [ RunTime:0.000017s ]
[ info ] [ CACHE ] INIT File
[ info ] [ DB ] INIT mysql
[ info ] [ BEHAVIOR ] Run \addons\ldcms\Ldcms @app_init [ RunTime:0.123873s ]
[ info ] [ BEHAVIOR ] Run Closure @app_init [ RunTime:0.123906s ]
[ info ] [ BEHAVIOR ] Run app\common\behavior\Common @app_init [ RunTime:0.000121s ]
[ info ] [ LANG ] /var/webstars/handmade/thinkphp/lang/zh-cn.php
[ info ] [ BEHAVIOR ] Run app\common\behavior\Common @app_dispatch [ RunTime:0.000041s ]
[ info ] [ ROUTE ] array (
  'type' => 'module',
  'module' => 
  array (
    0 => 'admin',
    1 => 'dashboard',
    2 => NULL,
  ),
)
[ info ] [ HEADER ] array (
  'cookie' => 'thinkphp_show_page_trace=0|0; fastadmin_sid=d6da3d0fd945; sidebar_collapse=0; frontend_language=zh-cn; PHPSESSID=suo51l24lkfa37o8t2ghmh3jft; thinkphp_show_page_trace=0|0; backend_language=zh-cn; keeplogin=1%7C86400%7C1741909127%7C1c649e0e0e7d9718fc5855794f92a92e',
  'accept-language' => 'zh-CN,zh;q=0.9,en;q=0.8',
  'accept-encoding' => 'gzip, deflate',
  'accept' => 'text/html,application/xhtml+xml,application/xml;q=0.9,image/avif,image/webp,image/apng,*/*;q=0.8,application/signed-exchange;v=b3;q=0.7',
  'user-agent' => 'Mozilla/5.0 (Macintosh; Intel Mac OS X 10_15_7) AppleWebKit/537.36 (KHTML, like Gecko) Chrome/133.0.0.0 Safari/537.36',
  'upgrade-insecure-requests' => '1',
  'connection' => 'keep-alive',
  'host' => 'dev.handmade.com',
  'content-length' => '',
  'content-type' => '',
)
[ info ] [ PARAM ] array (
  'addtabs' => '1',
)
[ info ] [ LANG ] /var/webstars/handmade/public/../application/admin/lang/zh-cn.php
[ info ] [ BEHAVIOR ] Run app\common\behavior\Common @module_init [ RunTime:0.000149s ]
[ info ] [ SESSION ] INIT array (
  'id' => '',
  'var_session_id' => '',
  'prefix' => 'think',
  'type' => '',
  'auto_start' => true,
)
[ info ] [ BEHAVIOR ] Run \addons\ldcms\Ldcms @config_init [ RunTime:0.000058s ]
[ info ] [ BEHAVIOR ] Run \addons\summernote\Summernote @config_init [ RunTime:0.000085s ]
[ info ] [ LANG ] /var/webstars/handmade/public/../application/admin/lang/zh-cn/dashboard.php
[ info ] [ RUN ] app\admin\controller\Dashboard->index[ /var/webstars/handmade/application/admin/controller/Dashboard.php ]
[ info ] [ VIEW ] /var/webstars/handmade/public/../application/admin/view/dashboard/index.html [ array (
  0 => 'breadcrumb',
  1 => 'site',
  2 => 'config',
  3 => 'auth',
  4 => 'admin',
  5 => 'totaluser',
  6 => 'totaladdon',
  7 => 'totaladmin',
  8 => 'totalcategory',
  9 => 'todayusersignup',
  10 => 'todayuserlogin',
  11 => 'sevendau',
  12 => 'thirtydau',
  13 => 'threednu',
  14 => 'sevendnu',
  15 => 'dbtablenums',
  16 => 'dbsize',
  17 => 'totalworkingaddon',
  18 => 'attachmentnums',
  19 => 'attachmentsize',
  20 => 'picturenums',
  21 => 'picturesize',
) ]
[ info ] [ BEHAVIOR ] Run app\admin\behavior\AdminLog @app_end [ RunTime:0.000032s ]
[ info ] [ LOG ] INIT File
---------------------------------------------------------------
[ 2025-03-13T07:38:49+08:00 ] 10.211.55.2 GET dev.handmade.com/MTyvDCHVOo.php/ajax/lang?callback=define&controllername=dashboard&lang=zh-cn&v=1741822728
[运行时间：0.028047s] [吞吐率：35.65req/s] [内存消耗：409.12kb] [文件加载：92]
[ info ] [ BEHAVIOR ] Run Closure @app_init [ RunTime:0.000021s ]
[ info ] [ CACHE ] INIT File
[ info ] [ DB ] INIT mysql
[ info ] [ BEHAVIOR ] Run \addons\ldcms\Ldcms @app_init [ RunTime:0.016193s ]
[ info ] [ BEHAVIOR ] Run Closure @app_init [ RunTime:0.016220s ]
[ info ] [ BEHAVIOR ] Run app\common\behavior\Common @app_init [ RunTime:0.000047s ]
[ info ] [ LANG ] /var/webstars/handmade/thinkphp/lang/zh-cn.php
[ info ] [ BEHAVIOR ] Run app\common\behavior\Common @app_dispatch [ RunTime:0.000012s ]
[ info ] [ ROUTE ] array (
  'type' => 'module',
  'module' => 
  array (
    0 => 'admin',
    1 => 'ajax',
    2 => 'lang',
  ),
)
[ info ] [ HEADER ] array (
  'cookie' => 'thinkphp_show_page_trace=0|0; fastadmin_sid=d6da3d0fd945; sidebar_collapse=0; frontend_language=zh-cn; PHPSESSID=suo51l24lkfa37o8t2ghmh3jft; thinkphp_show_page_trace=0|0; backend_language=zh-cn; keeplogin=1%7C86400%7C1741909127%7C1c649e0e0e7d9718fc5855794f92a92e',
  'accept-language' => 'zh-CN,zh;q=0.9,en;q=0.8',
  'accept-encoding' => 'gzip, deflate',
  'accept' => '*/*',
  'user-agent' => 'Mozilla/5.0 (Macintosh; Intel Mac OS X 10_15_7) AppleWebKit/537.36 (KHTML, like Gecko) Chrome/133.0.0.0 Safari/537.36',
  'connection' => 'keep-alive',
  'host' => 'dev.handmade.com',
  'content-length' => '',
  'content-type' => '',
)
[ info ] [ PARAM ] array (
  'callback' => 'define',
  'controllername' => 'dashboard',
  'lang' => 'zh-cn',
  'v' => '1741822728',
)
[ info ] [ LANG ] /var/webstars/handmade/public/../application/admin/lang/zh-cn.php
[ info ] [ BEHAVIOR ] Run app\common\behavior\Common @module_init [ RunTime:0.000054s ]
[ info ] [ SESSION ] INIT array (
  'id' => '',
  'var_session_id' => '',
  'prefix' => 'think',
  'type' => '',
  'auto_start' => true,
)
[ info ] [ BEHAVIOR ] Run \addons\ldcms\Ldcms @config_init [ RunTime:0.000032s ]
[ info ] [ BEHAVIOR ] Run \addons\summernote\Summernote @config_init [ RunTime:0.000055s ]
[ info ] [ LANG ] /var/webstars/handmade/public/../application/admin/lang/zh-cn/ajax.php
[ info ] [ RUN ] app\admin\controller\Ajax->lang[ /var/webstars/handmade/application/admin/controller/Ajax.php ]
[ info ] [ LANG ] /var/webstars/handmade/public/../application/admin/lang/zh-cn/dashboard.php
[ info ] [ BEHAVIOR ] Run app\admin\behavior\AdminLog @app_end [ RunTime:0.000021s ]
[ info ] [ LOG ] INIT File
---------------------------------------------------------------
[ 2025-03-13T07:48:47+08:00 ] 10.211.55.2 GET dev.handmade.com/gongsijianjie.html
[运行时间：0.622562s] [吞吐率：1.61req/s] [内存消耗：849.31kb] [文件加载：188]
[ info ] [ BEHAVIOR ] Run Closure @app_init [ RunTime:0.000024s ]
[ info ] [ CACHE ] INIT File
[ info ] [ DB ] INIT mysql
[ info ] [ BEHAVIOR ] Run \addons\ldcms\Ldcms @app_init [ RunTime:0.068991s ]
[ info ] [ BEHAVIOR ] Run Closure @app_init [ RunTime:0.069026s ]
[ info ] [ BEHAVIOR ] Run app\common\behavior\Common @app_init [ RunTime:0.002009s ]
[ info ] [ LANG ] /var/webstars/handmade/thinkphp/lang/zh-cn.php
[ info ] [ BEHAVIOR ] Run app\common\behavior\Common @app_dispatch [ RunTime:0.000032s ]
[ info ] [ ROUTE ] array (
  'type' => 'method',
  'method' => 
  array (
    0 => '\\think\\addons\\Route',
    1 => 'execute',
  ),
  'var' => 
  array (
    'addon' => 'ldcms',
    'controller' => 'lists',
    'action' => 'index',
  ),
)
[ info ] [ HEADER ] array (
  'cookie' => 'frontend_language=zh-cn; PHPSESSID=suo51l24lkfa37o8t2ghmh3jft; thinkphp_show_page_trace=0|0; backend_language=zh-cn; keeplogin=1%7C86400%7C1741909127%7C1c649e0e0e7d9718fc5855794f92a92e',
  'accept-language' => 'zh-CN,zh;q=0.9,en;q=0.8',
  'accept-encoding' => 'gzip, deflate',
  'referer' => 'http://dev.handmade.com/gongsixinwen/358.html',
  'accept' => 'text/html,application/xhtml+xml,application/xml;q=0.9,image/avif,image/webp,image/apng,*/*;q=0.8,application/signed-exchange;v=b3;q=0.7',
  'user-agent' => 'Mozilla/5.0 (Macintosh; Intel Mac OS X 10_15_7) AppleWebKit/537.36 (KHTML, like Gecko) Chrome/133.0.0.0 Safari/537.36',
  'upgrade-insecure-requests' => '1',
  'connection' => 'keep-alive',
  'host' => 'dev.handmade.com',
  'content-length' => '',
  'content-type' => '',
)
[ info ] [ PARAM ] array (
  'category' => 'gongsijianjie',
)
[ info ] [ RUN ] think\addons\Route->execute[ /var/webstars/handmade/vendor/karsonzhang/fastadmin-addons/src/addons/Route.php ]
[ info ] [ LANG ] /var/webstars/handmade/public/../application/common/lang/zh-cn/addon.php
[ info ] [ BEHAVIOR ] Run app\common\behavior\Common @addon_begin [ RunTime:0.004043s ]
[ info ] [ BEHAVIOR ] Run \addons\ldcms\Ldcms @config_init [ RunTime:0.000051s ]
[ info ] [ BEHAVIOR ] Run \addons\summernote\Summernote @config_init [ RunTime:0.000874s ]
[ info ] [ LANG ] /var/webstars/handmade/addons/ldcms/lang/zh-cn.php
[ info ] [ VIEW ] /var/webstars/handmade/addons/ldcms/view/ldcms2024/detail_about.html [ array (
  0 => 'user',
  1 => 'site',
  2 => 'config',
  3 => 'category',
  4 => 'parentsid',
  5 => 'childids',
  6 => 'content',
  7 => 'ld',
  8 => 'topid',
) ]
[ info ] [ SESSION ] INIT array (
  'id' => '',
  'var_session_id' => '',
  'prefix' => 'think',
  'type' => '',
  'auto_start' => true,
)
[ info ] [ LOG ] INIT File
[ error ] [2]Undefined variable $item[/var/webstars/handmade/runtime/temp/31d51754516c8f405439a9cb41a33a94.php:52]
[ error ] [2]Trying to access array offset on value of type null[/var/webstars/handmade/runtime/temp/31d51754516c8f405439a9cb41a33a94.php:52]
---------------------------------------------------------------
[ 2025-03-13T07:48:48+08:00 ] 10.211.55.2 GET dev.handmade.com/assets/addons/ldcms/ldcms2024/js/swiper.min.js.map
[运行时间：0.105935s] [吞吐率：9.44req/s] [内存消耗：252.73kb] [文件加载：78]
[ info ] [ BEHAVIOR ] Run Closure @app_init [ RunTime:0.000019s ]
[ info ] [ CACHE ] INIT File
[ info ] [ DB ] INIT mysql
[ info ] [ BEHAVIOR ] Run \addons\ldcms\Ldcms @app_init [ RunTime:0.033284s ]
[ info ] [ BEHAVIOR ] Run Closure @app_init [ RunTime:0.033317s ]
[ info ] [ BEHAVIOR ] Run app\common\behavior\Common @app_init [ RunTime:0.000071s ]
[ info ] [ LANG ] /var/webstars/handmade/thinkphp/lang/zh-cn.php
[ info ] [ BEHAVIOR ] Run app\common\behavior\Common @app_dispatch [ RunTime:0.000170s ]
[ info ] [ ROUTE ] array (
  'type' => 'module',
  'module' => 
  array (
    0 => 'assets',
    1 => 'addons',
    2 => 'ldcms',
  ),
)
[ info ] [ HEADER ] array (
  'cookie' => 'frontend_language=zh-cn; PHPSESSID=suo51l24lkfa37o8t2ghmh3jft; thinkphp_show_page_trace=0|0; backend_language=zh-cn; keeplogin=1%7C86400%7C1741909127%7C1c649e0e0e7d9718fc5855794f92a92e',
  'accept-language' => 'zh-CN,zh;q=0.9,en;q=0.8',
  'accept-encoding' => 'gzip, deflate',
  'user-agent' => 'Mozilla/5.0 (Macintosh; Intel Mac OS X 10_15_7) AppleWebKit/537.36 (KHTML, like Gecko) Chrome/133.0.0.0 Safari/537.36',
  'connection' => 'keep-alive',
  'host' => 'dev.handmade.com',
  'content-length' => '',
  'content-type' => '',
)
[ info ] [ PARAM ] array (
  'ldcms2024' => 'js',
)
[ info ] [ LOG ] INIT File
---------------------------------------------------------------
[ 2025-03-13T07:48:48+08:00 ] 10.211.55.2 GET dev.handmade.com/assets/addons/ldcms/ldcms2024/css/bootstrap.min.css.map
[运行时间：0.076547s] [吞吐率：13.06req/s] [内存消耗：340.35kb] [文件加载：78]
[ info ] [ BEHAVIOR ] Run Closure @app_init [ RunTime:0.000016s ]
[ info ] [ CACHE ] INIT File
[ info ] [ DB ] INIT mysql
[ info ] [ BEHAVIOR ] Run \addons\ldcms\Ldcms @app_init [ RunTime:0.045837s ]
[ info ] [ BEHAVIOR ] Run Closure @app_init [ RunTime:0.045864s ]
[ info ] [ BEHAVIOR ] Run app\common\behavior\Common @app_init [ RunTime:0.000059s ]
[ info ] [ LANG ] /var/webstars/handmade/thinkphp/lang/zh-cn.php
[ info ] [ BEHAVIOR ] Run app\common\behavior\Common @app_dispatch [ RunTime:0.000034s ]
[ info ] [ ROUTE ] array (
  'type' => 'module',
  'module' => 
  array (
    0 => 'assets',
    1 => 'addons',
    2 => 'ldcms',
  ),
)
[ info ] [ HEADER ] array (
  'cookie' => 'frontend_language=zh-cn; PHPSESSID=suo51l24lkfa37o8t2ghmh3jft; thinkphp_show_page_trace=0|0; backend_language=zh-cn; keeplogin=1%7C86400%7C1741909127%7C1c649e0e0e7d9718fc5855794f92a92e',
  'accept-language' => 'zh-CN,zh;q=0.9,en;q=0.8',
  'accept-encoding' => 'gzip, deflate',
  'user-agent' => 'Mozilla/5.0 (Macintosh; Intel Mac OS X 10_15_7) AppleWebKit/537.36 (KHTML, like Gecko) Chrome/133.0.0.0 Safari/537.36',
  'connection' => 'keep-alive',
  'host' => 'dev.handmade.com',
  'content-length' => '',
  'content-type' => '',
)
[ info ] [ PARAM ] array (
  'ldcms2024' => 'css',
)
[ info ] [ LOG ] INIT File
---------------------------------------------------------------
[ 2025-03-13T07:48:56+08:00 ] 10.211.55.2 GET dev.handmade.com/chanpinxilie1.html
[运行时间：0.296115s] [吞吐率：3.38req/s] [内存消耗：839.86kb] [文件加载：187]
[ info ] [ BEHAVIOR ] Run Closure @app_init [ RunTime:0.000030s ]
[ info ] [ CACHE ] INIT File
[ info ] [ DB ] INIT mysql
[ info ] [ BEHAVIOR ] Run \addons\ldcms\Ldcms @app_init [ RunTime:0.034815s ]
[ info ] [ BEHAVIOR ] Run Closure @app_init [ RunTime:0.034853s ]
[ info ] [ BEHAVIOR ] Run app\common\behavior\Common @app_init [ RunTime:0.000160s ]
[ info ] [ LANG ] /var/webstars/handmade/thinkphp/lang/zh-cn.php
[ info ] [ BEHAVIOR ] Run app\common\behavior\Common @app_dispatch [ RunTime:0.000026s ]
[ info ] [ ROUTE ] array (
  'type' => 'method',
  'method' => 
  array (
    0 => '\\think\\addons\\Route',
    1 => 'execute',
  ),
  'var' => 
  array (
    'addon' => 'ldcms',
    'controller' => 'lists',
    'action' => 'index',
  ),
)
[ info ] [ HEADER ] array (
  'cookie' => 'frontend_language=zh-cn; PHPSESSID=suo51l24lkfa37o8t2ghmh3jft; thinkphp_show_page_trace=0|0; backend_language=zh-cn; keeplogin=1%7C86400%7C1741909127%7C1c649e0e0e7d9718fc5855794f92a92e',
  'accept-language' => 'zh-CN,zh;q=0.9,en;q=0.8',
  'accept-encoding' => 'gzip, deflate',
  'referer' => 'http://dev.handmade.com/gongsijianjie.html',
  'accept' => 'text/html,application/xhtml+xml,application/xml;q=0.9,image/avif,image/webp,image/apng,*/*;q=0.8,application/signed-exchange;v=b3;q=0.7',
  'user-agent' => 'Mozilla/5.0 (Macintosh; Intel Mac OS X 10_15_7) AppleWebKit/537.36 (KHTML, like Gecko) Chrome/133.0.0.0 Safari/537.36',
  'upgrade-insecure-requests' => '1',
  'connection' => 'keep-alive',
  'host' => 'dev.handmade.com',
  'content-length' => '',
  'content-type' => '',
)
[ info ] [ PARAM ] array (
  'category' => 'chanpinxilie1',
)
[ info ] [ RUN ] think\addons\Route->execute[ /var/webstars/handmade/vendor/karsonzhang/fastadmin-addons/src/addons/Route.php ]
[ info ] [ LANG ] /var/webstars/handmade/public/../application/common/lang/zh-cn/addon.php
[ info ] [ BEHAVIOR ] Run app\common\behavior\Common @addon_begin [ RunTime:0.000375s ]
[ info ] [ BEHAVIOR ] Run \addons\ldcms\Ldcms @config_init [ RunTime:0.000042s ]
[ info ] [ BEHAVIOR ] Run \addons\summernote\Summernote @config_init [ RunTime:0.000091s ]
[ info ] [ LANG ] /var/webstars/handmade/addons/ldcms/lang/zh-cn.php
[ info ] [ VIEW ] /var/webstars/handmade/addons/ldcms/view/ldcms2024/list_product.html [ array (
  0 => 'user',
  1 => 'site',
  2 => 'config',
  3 => 'category',
  4 => 'parentsid',
  5 => 'childids',
  6 => 'ld',
  7 => 'topid',
) ]
[ info ] [ SESSION ] INIT array (
  'id' => '',
  'var_session_id' => '',
  'prefix' => 'think',
  'type' => '',
  'auto_start' => true,
)
[ info ] [ LOG ] INIT File
[ error ] [2]Undefined variable $item[/var/webstars/handmade/runtime/temp/f5ea850a23cbb9ffb9419137aa9541a1.php:52]
[ error ] [2]Trying to access array offset on value of type null[/var/webstars/handmade/runtime/temp/f5ea850a23cbb9ffb9419137aa9541a1.php:52]
[ error ] [2]Undefined array key "url"[/var/webstars/handmade/runtime/temp/f5ea850a23cbb9ffb9419137aa9541a1.php:269]
[ error ] [2]Undefined array key "name"[/var/webstars/handmade/runtime/temp/f5ea850a23cbb9ffb9419137aa9541a1.php:269]
[ error ] [2]Undefined array key "id"[/var/webstars/handmade/runtime/temp/f5ea850a23cbb9ffb9419137aa9541a1.php:273]
[ error ] [2]Undefined array key "url"[/var/webstars/handmade/runtime/temp/f5ea850a23cbb9ffb9419137aa9541a1.php:269]
[ error ] [2]Undefined array key "name"[/var/webstars/handmade/runtime/temp/f5ea850a23cbb9ffb9419137aa9541a1.php:269]
[ error ] [2]Undefined array key "id"[/var/webstars/handmade/runtime/temp/f5ea850a23cbb9ffb9419137aa9541a1.php:273]
---------------------------------------------------------------
[ 2025-03-13T07:49:00+08:00 ] 10.211.55.2 GET dev.handmade.com/assets/addons/ldcms/ldcms2024/css/bootstrap.min.css.map
[运行时间：2.360105s] [吞吐率：0.42req/s] [内存消耗：259.59kb] [文件加载：80]
[ info ] [ BEHAVIOR ] Run Closure @app_init [ RunTime:0.000128s ]
[ info ] [ CACHE ] INIT File
[ info ] [ DB ] INIT mysql
[ info ] [ BEHAVIOR ] Run \addons\ldcms\Ldcms @app_init [ RunTime:0.209940s ]
[ info ] [ BEHAVIOR ] Run Closure @app_init [ RunTime:0.209976s ]
[ info ] [ BEHAVIOR ] Run app\common\behavior\Common @app_init [ RunTime:0.000183s ]
[ info ] [ LANG ] /var/webstars/handmade/thinkphp/lang/zh-cn.php
[ info ] [ BEHAVIOR ] Run app\common\behavior\Common @app_dispatch [ RunTime:0.000035s ]
[ info ] [ ROUTE ] array (
  'type' => 'module',
  'module' => 
  array (
    0 => 'assets',
    1 => 'addons',
    2 => 'ldcms',
  ),
)
[ info ] [ HEADER ] array (
  'cookie' => 'frontend_language=zh-cn; PHPSESSID=suo51l24lkfa37o8t2ghmh3jft; thinkphp_show_page_trace=0|0; backend_language=zh-cn; keeplogin=1%7C86400%7C1741909127%7C1c649e0e0e7d9718fc5855794f92a92e',
  'accept-language' => 'zh-CN,zh;q=0.9,en;q=0.8',
  'accept-encoding' => 'gzip, deflate',
  'user-agent' => 'Mozilla/5.0 (Macintosh; Intel Mac OS X 10_15_7) AppleWebKit/537.36 (KHTML, like Gecko) Chrome/133.0.0.0 Safari/537.36',
  'connection' => 'keep-alive',
  'host' => 'dev.handmade.com',
  'content-length' => '',
  'content-type' => '',
)
[ info ] [ PARAM ] array (
  'ldcms2024' => 'css',
)
[ info ] [ LOG ] INIT File
[ error ] [2]rmdir(/var/webstars/handmade/runtime/cache/19): No such file or directory[/var/webstars/handmade/thinkphp/library/think/cache/driver/File.php:248]
[ error ] [2]unlink(/var/webstars/handmade/runtime/cache/91/a7add9f25cf1b724cb4bda50eacd23.php): No such file or directory[/var/webstars/handmade/thinkphp/library/think/cache/driver/File.php:246]
[ error ] [2]rmdir(/var/webstars/handmade/runtime/cache/91): No such file or directory[/var/webstars/handmade/thinkphp/library/think/cache/driver/File.php:248]
[ error ] [2]rmdir(/var/webstars/handmade/runtime/cache/b9): No such file or directory[/var/webstars/handmade/thinkphp/library/think/cache/driver/File.php:248]
[ error ] [2]unlink(/var/webstars/handmade/runtime/cache/bb/4d2c7c184a0a1ab2d29f7029af4079.php): No such file or directory[/var/webstars/handmade/thinkphp/library/think/cache/driver/File.php:246]
[ error ] [2]rmdir(/var/webstars/handmade/runtime/cache/bb): No such file or directory[/var/webstars/handmade/thinkphp/library/think/cache/driver/File.php:248]
---------------------------------------------------------------
[ 2025-03-13T07:49:00+08:00 ] 10.211.55.2 GET dev.handmade.com/assets/addons/ldcms/ldcms2024/js/swiper.min.js.map
[运行时间：2.444853s] [吞吐率：0.41req/s] [内存消耗：258.96kb] [文件加载：80]
[ info ] [ BEHAVIOR ] Run Closure @app_init [ RunTime:0.000067s ]
[ info ] [ CACHE ] INIT File
[ info ] [ DB ] INIT mysql
[ info ] [ BEHAVIOR ] Run \addons\ldcms\Ldcms @app_init [ RunTime:0.225758s ]
[ info ] [ BEHAVIOR ] Run Closure @app_init [ RunTime:0.225785s ]
[ info ] [ BEHAVIOR ] Run app\common\behavior\Common @app_init [ RunTime:0.000062s ]
[ info ] [ LANG ] /var/webstars/handmade/thinkphp/lang/zh-cn.php
[ info ] [ BEHAVIOR ] Run app\common\behavior\Common @app_dispatch [ RunTime:0.000030s ]
[ info ] [ ROUTE ] array (
  'type' => 'module',
  'module' => 
  array (
    0 => 'assets',
    1 => 'addons',
    2 => 'ldcms',
  ),
)
[ info ] [ HEADER ] array (
  'cookie' => 'frontend_language=zh-cn; PHPSESSID=suo51l24lkfa37o8t2ghmh3jft; thinkphp_show_page_trace=0|0; backend_language=zh-cn; keeplogin=1%7C86400%7C1741909127%7C1c649e0e0e7d9718fc5855794f92a92e',
  'accept-language' => 'zh-CN,zh;q=0.9,en;q=0.8',
  'accept-encoding' => 'gzip, deflate',
  'user-agent' => 'Mozilla/5.0 (Macintosh; Intel Mac OS X 10_15_7) AppleWebKit/537.36 (KHTML, like Gecko) Chrome/133.0.0.0 Safari/537.36',
  'connection' => 'keep-alive',
  'host' => 'dev.handmade.com',
  'content-length' => '',
  'content-type' => '',
)
[ info ] [ PARAM ] array (
  'ldcms2024' => 'js',
)
[ info ] [ LOG ] INIT File
[ error ] [2]unlink(/var/webstars/handmade/runtime/cache/4e/819c837d54a6ed09abc77a8560a66f.php): No such file or directory[/var/webstars/handmade/thinkphp/library/think/cache/driver/File.php:246]
[ error ] [2]rmdir(/var/webstars/handmade/runtime/cache/4e): No such file or directory[/var/webstars/handmade/thinkphp/library/think/cache/driver/File.php:248]
[ error ] [2]rmdir(/var/webstars/handmade/runtime/cache/67): No such file or directory[/var/webstars/handmade/thinkphp/library/think/cache/driver/File.php:248]
[ error ] [2]unlink(/var/webstars/handmade/runtime/cache/da/524a4fb17670c3715f9e195f42b1e7.php): No such file or directory[/var/webstars/handmade/thinkphp/library/think/cache/driver/File.php:246]
[ error ] [2]rmdir(/var/webstars/handmade/runtime/cache/da): No such file or directory[/var/webstars/handmade/thinkphp/library/think/cache/driver/File.php:248]
---------------------------------------------------------------
[ 2025-03-13T07:49:06+08:00 ] 10.211.55.2 GET dev.handmade.com/chanpinxilie2.html
[运行时间：0.441752s] [吞吐率：2.26req/s] [内存消耗：962.72kb] [文件加载：191]
[ info ] [ BEHAVIOR ] Run Closure @app_init [ RunTime:0.000025s ]
[ info ] [ CACHE ] INIT File
[ info ] [ DB ] INIT mysql
[ info ] [ BEHAVIOR ] Run \addons\ldcms\Ldcms @app_init [ RunTime:0.049097s ]
[ info ] [ BEHAVIOR ] Run Closure @app_init [ RunTime:0.049128s ]
[ info ] [ BEHAVIOR ] Run app\common\behavior\Common @app_init [ RunTime:0.000125s ]
[ info ] [ LANG ] /var/webstars/handmade/thinkphp/lang/zh-cn.php
[ info ] [ BEHAVIOR ] Run app\common\behavior\Common @app_dispatch [ RunTime:0.000020s ]
[ info ] [ ROUTE ] array (
  'type' => 'method',
  'method' => 
  array (
    0 => '\\think\\addons\\Route',
    1 => 'execute',
  ),
  'var' => 
  array (
    'addon' => 'ldcms',
    'controller' => 'lists',
    'action' => 'index',
  ),
)
[ info ] [ HEADER ] array (
  'cookie' => 'frontend_language=zh-cn; PHPSESSID=suo51l24lkfa37o8t2ghmh3jft; thinkphp_show_page_trace=0|0; backend_language=zh-cn; keeplogin=1%7C86400%7C1741909127%7C1c649e0e0e7d9718fc5855794f92a92e',
  'accept-language' => 'zh-CN,zh;q=0.9,en;q=0.8',
  'accept-encoding' => 'gzip, deflate',
  'referer' => 'http://dev.handmade.com/chanpinxilie1.html',
  'accept' => 'text/html,application/xhtml+xml,application/xml;q=0.9,image/avif,image/webp,image/apng,*/*;q=0.8,application/signed-exchange;v=b3;q=0.7',
  'user-agent' => 'Mozilla/5.0 (Macintosh; Intel Mac OS X 10_15_7) AppleWebKit/537.36 (KHTML, like Gecko) Chrome/133.0.0.0 Safari/537.36',
  'upgrade-insecure-requests' => '1',
  'connection' => 'keep-alive',
  'host' => 'dev.handmade.com',
  'content-length' => '',
  'content-type' => '',
)
[ info ] [ PARAM ] array (
  'category' => 'chanpinxilie2',
)
[ info ] [ RUN ] think\addons\Route->execute[ /var/webstars/handmade/vendor/karsonzhang/fastadmin-addons/src/addons/Route.php ]
[ info ] [ LANG ] /var/webstars/handmade/public/../application/common/lang/zh-cn/addon.php
[ info ] [ BEHAVIOR ] Run app\common\behavior\Common @addon_begin [ RunTime:0.000529s ]
[ info ] [ BEHAVIOR ] Run \addons\ldcms\Ldcms @config_init [ RunTime:0.000038s ]
[ info ] [ BEHAVIOR ] Run \addons\summernote\Summernote @config_init [ RunTime:0.000080s ]
[ info ] [ LANG ] /var/webstars/handmade/addons/ldcms/lang/zh-cn.php
[ info ] [ VIEW ] /var/webstars/handmade/addons/ldcms/view/ldcms2024/list_product_tb.html [ array (
  0 => 'user',
  1 => 'site',
  2 => 'config',
  3 => 'category',
  4 => 'parentsid',
  5 => 'childids',
  6 => 'ld',
  7 => 'topid',
) ]
[ info ] [ SESSION ] INIT array (
  'id' => '',
  'var_session_id' => '',
  'prefix' => 'think',
  'type' => '',
  'auto_start' => true,
)
[ info ] [ LOG ] INIT File
[ error ] [2]Undefined variable $item[/var/webstars/handmade/runtime/temp/051b427847f8aec27a76c95e7dbfc406.php:52]
[ error ] [2]Trying to access array offset on value of type null[/var/webstars/handmade/runtime/temp/051b427847f8aec27a76c95e7dbfc406.php:52]
[ error ] [2]Undefined array key "url"[/var/webstars/handmade/runtime/temp/051b427847f8aec27a76c95e7dbfc406.php:261]
[ error ] [2]Undefined array key "url"[/var/webstars/handmade/runtime/temp/051b427847f8aec27a76c95e7dbfc406.php:261]
---------------------------------------------------------------
[ 2025-03-13T07:49:06+08:00 ] 10.211.55.2 GET dev.handmade.com/assets/addons/ldcms/ldcms2024/js/swiper.min.js.map
[运行时间：0.070916s] [吞吐率：14.10req/s] [内存消耗：252.73kb] [文件加载：78]
[ info ] [ BEHAVIOR ] Run Closure @app_init [ RunTime:0.000021s ]
[ info ] [ CACHE ] INIT File
[ info ] [ DB ] INIT mysql
[ info ] [ BEHAVIOR ] Run \addons\ldcms\Ldcms @app_init [ RunTime:0.035861s ]
[ info ] [ BEHAVIOR ] Run Closure @app_init [ RunTime:0.035970s ]
[ info ] [ BEHAVIOR ] Run app\common\behavior\Common @app_init [ RunTime:0.000462s ]
[ info ] [ LANG ] /var/webstars/handmade/thinkphp/lang/zh-cn.php
[ info ] [ BEHAVIOR ] Run app\common\behavior\Common @app_dispatch [ RunTime:0.000097s ]
[ info ] [ ROUTE ] array (
  'type' => 'module',
  'module' => 
  array (
    0 => 'assets',
    1 => 'addons',
    2 => 'ldcms',
  ),
)
[ info ] [ HEADER ] array (
  'cookie' => 'frontend_language=zh-cn; PHPSESSID=suo51l24lkfa37o8t2ghmh3jft; thinkphp_show_page_trace=0|0; backend_language=zh-cn; keeplogin=1%7C86400%7C1741909127%7C1c649e0e0e7d9718fc5855794f92a92e',
  'accept-language' => 'zh-CN,zh;q=0.9,en;q=0.8',
  'accept-encoding' => 'gzip, deflate',
  'user-agent' => 'Mozilla/5.0 (Macintosh; Intel Mac OS X 10_15_7) AppleWebKit/537.36 (KHTML, like Gecko) Chrome/133.0.0.0 Safari/537.36',
  'connection' => 'keep-alive',
  'host' => 'dev.handmade.com',
  'content-length' => '',
  'content-type' => '',
)
[ info ] [ PARAM ] array (
  'ldcms2024' => 'js',
)
[ info ] [ LOG ] INIT File
---------------------------------------------------------------
[ 2025-03-13T07:49:06+08:00 ] 10.211.55.2 GET dev.handmade.com/assets/addons/ldcms/ldcms2024/css/bootstrap.min.css.map
[运行时间：0.089754s] [吞吐率：11.14req/s] [内存消耗：340.35kb] [文件加载：78]
[ info ] [ BEHAVIOR ] Run Closure @app_init [ RunTime:0.000029s ]
[ info ] [ CACHE ] INIT File
[ info ] [ DB ] INIT mysql
[ info ] [ BEHAVIOR ] Run \addons\ldcms\Ldcms @app_init [ RunTime:0.051260s ]
[ info ] [ BEHAVIOR ] Run Closure @app_init [ RunTime:0.051293s ]
[ info ] [ BEHAVIOR ] Run app\common\behavior\Common @app_init [ RunTime:0.000069s ]
[ info ] [ LANG ] /var/webstars/handmade/thinkphp/lang/zh-cn.php
[ info ] [ BEHAVIOR ] Run app\common\behavior\Common @app_dispatch [ RunTime:0.000018s ]
[ info ] [ ROUTE ] array (
  'type' => 'module',
  'module' => 
  array (
    0 => 'assets',
    1 => 'addons',
    2 => 'ldcms',
  ),
)
[ info ] [ HEADER ] array (
  'cookie' => 'frontend_language=zh-cn; PHPSESSID=suo51l24lkfa37o8t2ghmh3jft; thinkphp_show_page_trace=0|0; backend_language=zh-cn; keeplogin=1%7C86400%7C1741909127%7C1c649e0e0e7d9718fc5855794f92a92e',
  'accept-language' => 'zh-CN,zh;q=0.9,en;q=0.8',
  'accept-encoding' => 'gzip, deflate',
  'user-agent' => 'Mozilla/5.0 (Macintosh; Intel Mac OS X 10_15_7) AppleWebKit/537.36 (KHTML, like Gecko) Chrome/133.0.0.0 Safari/537.36',
  'connection' => 'keep-alive',
  'host' => 'dev.handmade.com',
  'content-length' => '',
  'content-type' => '',
)
[ info ] [ PARAM ] array (
  'ldcms2024' => 'css',
)
[ info ] [ LOG ] INIT File
---------------------------------------------------------------
[ 2025-03-13T07:59:38+08:00 ] 10.211.55.2 GET dev.handmade.com/MTyvDCHVOo.php/ldcms/category?addtabs=1
[运行时间：0.426343s] [吞吐率：2.35req/s] [内存消耗：864.73kb] [文件加载：107]
[ info ] [ BEHAVIOR ] Run Closure @app_init [ RunTime:0.000032s ]
[ info ] [ CACHE ] INIT File
[ info ] [ DB ] INIT mysql
[ info ] [ BEHAVIOR ] Run \addons\ldcms\Ldcms @app_init [ RunTime:0.062637s ]
[ info ] [ BEHAVIOR ] Run Closure @app_init [ RunTime:0.062666s ]
[ info ] [ BEHAVIOR ] Run app\common\behavior\Common @app_init [ RunTime:0.001897s ]
[ info ] [ LANG ] /var/webstars/handmade/thinkphp/lang/zh-cn.php
[ info ] [ BEHAVIOR ] Run app\common\behavior\Common @app_dispatch [ RunTime:0.000024s ]
[ info ] [ ROUTE ] array (
  'type' => 'module',
  'module' => 
  array (
    0 => 'admin',
    1 => 'ldcms.category',
    2 => NULL,
  ),
)
[ info ] [ HEADER ] array (
  'cookie' => 'thinkphp_show_page_trace=0|0; thinkphp_show_page_trace=0|0; fastadmin_sid=d6da3d0fd945; sidebar_collapse=0; frontend_language=zh-cn; PHPSESSID=suo51l24lkfa37o8t2ghmh3jft; thinkphp_show_page_trace=0|0; backend_language=zh-cn; keeplogin=1%7C86400%7C1741909127%7C1c649e0e0e7d9718fc5855794f92a92e',
  'accept-language' => 'zh-CN,zh;q=0.9,en;q=0.8',
  'accept-encoding' => 'gzip, deflate',
  'accept' => 'text/html,application/xhtml+xml,application/xml;q=0.9,image/avif,image/webp,image/apng,*/*;q=0.8,application/signed-exchange;v=b3;q=0.7',
  'user-agent' => 'Mozilla/5.0 (Macintosh; Intel Mac OS X 10_15_7) AppleWebKit/537.36 (KHTML, like Gecko) Chrome/133.0.0.0 Safari/537.36',
  'upgrade-insecure-requests' => '1',
  'connection' => 'keep-alive',
  'host' => 'dev.handmade.com',
  'content-length' => '',
  'content-type' => '',
)
[ info ] [ PARAM ] array (
  'addtabs' => '1',
)
[ info ] [ LANG ] /var/webstars/handmade/public/../application/admin/lang/zh-cn.php
[ info ] [ BEHAVIOR ] Run app\common\behavior\Common @module_init [ RunTime:0.001579s ]
[ info ] [ SESSION ] INIT array (
  'id' => '',
  'var_session_id' => '',
  'prefix' => 'think',
  'type' => '',
  'auto_start' => true,
)
[ info ] [ BEHAVIOR ] Run \addons\ldcms\Ldcms @config_init [ RunTime:0.000042s ]
[ info ] [ BEHAVIOR ] Run \addons\summernote\Summernote @config_init [ RunTime:0.000583s ]
[ info ] [ LANG ] /var/webstars/handmade/public/../application/admin/lang/zh-cn/ldcms/category.php
[ info ] [ RUN ] app\admin\controller\ldcms\Category->index[ /var/webstars/handmade/application/admin/controller/ldcms/Category.php ]
[ info ] [ VIEW ] /var/webstars/handmade/public/../application/admin/view/ldcms/category/index.html [ array (
  0 => 'breadcrumb',
  1 => 'site',
  2 => 'config',
  3 => 'auth',
  4 => 'admin',
  5 => 'addon_config',
  6 => 'categorys',
) ]
[ info ] [ BEHAVIOR ] Run app\admin\behavior\AdminLog @app_end [ RunTime:0.000831s ]
[ info ] [ LOG ] INIT File
[ error ] [2]Undefined variable $mid[/var/webstars/handmade/runtime/temp/e5b2d84173b4f0cc1d45d9ffffe70b01.php:83]
---------------------------------------------------------------
[ 2025-03-13T07:59:39+08:00 ] 10.211.55.2 GET dev.handmade.com/MTyvDCHVOo.php/ajax/lang?callback=define&controllername=ldcms.category&lang=zh-cn&v=1741823978
[运行时间：0.030113s] [吞吐率：33.21req/s] [内存消耗：414.33kb] [文件加载：93]
[ info ] [ BEHAVIOR ] Run Closure @app_init [ RunTime:0.000013s ]
[ info ] [ CACHE ] INIT File
[ info ] [ DB ] INIT mysql
[ info ] [ BEHAVIOR ] Run \addons\ldcms\Ldcms @app_init [ RunTime:0.016425s ]
[ info ] [ BEHAVIOR ] Run Closure @app_init [ RunTime:0.016445s ]
[ info ] [ BEHAVIOR ] Run app\common\behavior\Common @app_init [ RunTime:0.000048s ]
[ info ] [ LANG ] /var/webstars/handmade/thinkphp/lang/zh-cn.php
[ info ] [ BEHAVIOR ] Run app\common\behavior\Common @app_dispatch [ RunTime:0.000011s ]
[ info ] [ ROUTE ] array (
  'type' => 'module',
  'module' => 
  array (
    0 => 'admin',
    1 => 'ajax',
    2 => 'lang',
  ),
)
[ info ] [ HEADER ] array (
  'cookie' => 'thinkphp_show_page_trace=0|0; fastadmin_sid=d6da3d0fd945; sidebar_collapse=0; frontend_language=zh-cn; PHPSESSID=suo51l24lkfa37o8t2ghmh3jft; thinkphp_show_page_trace=0|0; backend_language=zh-cn; keeplogin=1%7C86400%7C1741909127%7C1c649e0e0e7d9718fc5855794f92a92e',
  'accept-language' => 'zh-CN,zh;q=0.9,en;q=0.8',
  'accept-encoding' => 'gzip, deflate',
  'accept' => '*/*',
  'user-agent' => 'Mozilla/5.0 (Macintosh; Intel Mac OS X 10_15_7) AppleWebKit/537.36 (KHTML, like Gecko) Chrome/133.0.0.0 Safari/537.36',
  'connection' => 'keep-alive',
  'host' => 'dev.handmade.com',
  'content-length' => '',
  'content-type' => '',
)
[ info ] [ PARAM ] array (
  'callback' => 'define',
  'controllername' => 'ldcms.category',
  'lang' => 'zh-cn',
  'v' => '1741823978',
)
[ info ] [ LANG ] /var/webstars/handmade/public/../application/admin/lang/zh-cn.php
[ info ] [ BEHAVIOR ] Run app\common\behavior\Common @module_init [ RunTime:0.000077s ]
[ info ] [ SESSION ] INIT array (
  'id' => '',
  'var_session_id' => '',
  'prefix' => 'think',
  'type' => '',
  'auto_start' => true,
)
[ info ] [ BEHAVIOR ] Run \addons\ldcms\Ldcms @config_init [ RunTime:0.000020s ]
[ info ] [ BEHAVIOR ] Run \addons\summernote\Summernote @config_init [ RunTime:0.000125s ]
[ info ] [ LANG ] /var/webstars/handmade/public/../application/admin/lang/zh-cn/ajax.php
[ info ] [ RUN ] app\admin\controller\Ajax->lang[ /var/webstars/handmade/application/admin/controller/Ajax.php ]
[ info ] [ LANG ] /var/webstars/handmade/public/../application/admin/lang/zh-cn/ldcms/category.php
[ info ] [ BEHAVIOR ] Run app\admin\behavior\AdminLog @app_end [ RunTime:0.000022s ]
[ info ] [ LOG ] INIT File
---------------------------------------------------------------
[ 2025-03-13T07:59:39+08:00 ] 10.211.55.2 GET dev.handmade.com/MTyvDCHVOo.php/ldcms/category/index?addtabs=1&sort=id&order=desc&_=1741823979093
[运行时间：0.156335s] [吞吐率：6.40req/s] [内存消耗：834.25kb] [文件加载：99]
[ info ] [ BEHAVIOR ] Run Closure @app_init [ RunTime:0.000093s ]
[ info ] [ CACHE ] INIT File
[ info ] [ DB ] INIT mysql
[ info ] [ BEHAVIOR ] Run \addons\ldcms\Ldcms @app_init [ RunTime:0.061459s ]
[ info ] [ BEHAVIOR ] Run Closure @app_init [ RunTime:0.061500s ]
[ info ] [ BEHAVIOR ] Run app\common\behavior\Common @app_init [ RunTime:0.000097s ]
[ info ] [ LANG ] /var/webstars/handmade/thinkphp/lang/zh-cn.php
[ info ] [ BEHAVIOR ] Run app\common\behavior\Common @app_dispatch [ RunTime:0.000022s ]
[ info ] [ ROUTE ] array (
  'type' => 'module',
  'module' => 
  array (
    0 => 'admin',
    1 => 'ldcms.category',
    2 => 'index',
  ),
)
[ info ] [ HEADER ] array (
  'cookie' => 'thinkphp_show_page_trace=0|0; thinkphp_show_page_trace=0|0; fastadmin_sid=d6da3d0fd945; sidebar_collapse=0; frontend_language=zh-cn; PHPSESSID=suo51l24lkfa37o8t2ghmh3jft; thinkphp_show_page_trace=0|0; backend_language=zh-cn; keeplogin=1%7C86400%7C1741909127%7C1c649e0e0e7d9718fc5855794f92a92e',
  'accept-language' => 'zh-CN,zh;q=0.9,en;q=0.8',
  'accept-encoding' => 'gzip, deflate',
  'content-type' => 'application/json',
  'accept' => 'application/json, text/javascript, */*; q=0.01',
  'user-agent' => 'Mozilla/5.0 (Macintosh; Intel Mac OS X 10_15_7) AppleWebKit/537.36 (KHTML, like Gecko) Chrome/133.0.0.0 Safari/537.36',
  'x-requested-with' => 'XMLHttpRequest',
  'connection' => 'keep-alive',
  'host' => 'dev.handmade.com',
  'content-length' => '',
)
[ info ] [ PARAM ] array (
  'addtabs' => '1',
  'sort' => 'id',
  'order' => 'desc',
  '_' => '1741823979093',
)
[ info ] [ LANG ] /var/webstars/handmade/public/../application/admin/lang/zh-cn.php
[ info ] [ BEHAVIOR ] Run app\common\behavior\Common @module_init [ RunTime:0.000094s ]
[ info ] [ SESSION ] INIT array (
  'id' => '',
  'var_session_id' => '',
  'prefix' => 'think',
  'type' => '',
  'auto_start' => true,
)
[ info ] [ BEHAVIOR ] Run \addons\ldcms\Ldcms @config_init [ RunTime:0.000040s ]
[ info ] [ BEHAVIOR ] Run \addons\summernote\Summernote @config_init [ RunTime:0.000051s ]
[ info ] [ LANG ] /var/webstars/handmade/public/../application/admin/lang/zh-cn/ldcms/category.php
[ info ] [ RUN ] app\admin\controller\ldcms\Category->index[ /var/webstars/handmade/application/admin/controller/ldcms/Category.php ]
[ info ] [ BEHAVIOR ] Run app\admin\behavior\AdminLog @app_end [ RunTime:0.000068s ]
[ info ] [ LOG ] INIT File
---------------------------------------------------------------
[ 2025-03-13T08:00:11+08:00 ] 10.211.55.2 GET dev.handmade.com/MTyvDCHVOo.php/ldcms/category/edit/ids/166?dialog=1
[运行时间：0.361863s] [吞吐率：2.76req/s] [内存消耗：950.97kb] [文件加载：105]
[ info ] [ BEHAVIOR ] Run Closure @app_init [ RunTime:0.000022s ]
[ info ] [ CACHE ] INIT File
[ info ] [ DB ] INIT mysql
[ info ] [ BEHAVIOR ] Run \addons\ldcms\Ldcms @app_init [ RunTime:0.101582s ]
[ info ] [ BEHAVIOR ] Run Closure @app_init [ RunTime:0.101673s ]
[ info ] [ BEHAVIOR ] Run app\common\behavior\Common @app_init [ RunTime:0.000461s ]
[ info ] [ LANG ] /var/webstars/handmade/thinkphp/lang/zh-cn.php
[ info ] [ BEHAVIOR ] Run app\common\behavior\Common @app_dispatch [ RunTime:0.000046s ]
[ info ] [ ROUTE ] array (
  'type' => 'module',
  'module' => 
  array (
    0 => 'admin',
    1 => 'ldcms.category',
    2 => 'edit',
  ),
)
[ info ] [ HEADER ] array (
  'cookie' => 'thinkphp_show_page_trace=0|0; thinkphp_show_page_trace=0|0; thinkphp_show_page_trace=0|0; fastadmin_sid=d6da3d0fd945; sidebar_collapse=0; frontend_language=zh-cn; PHPSESSID=suo51l24lkfa37o8t2ghmh3jft; thinkphp_show_page_trace=0|0; backend_language=zh-cn; keeplogin=1%7C86400%7C1741909127%7C1c649e0e0e7d9718fc5855794f92a92e',
  'accept-language' => 'zh-CN,zh;q=0.9,en;q=0.8',
  'accept-encoding' => 'gzip, deflate',
  'accept' => 'text/html,application/xhtml+xml,application/xml;q=0.9,image/avif,image/webp,image/apng,*/*;q=0.8,application/signed-exchange;v=b3;q=0.7',
  'user-agent' => 'Mozilla/5.0 (Macintosh; Intel Mac OS X 10_15_7) AppleWebKit/537.36 (KHTML, like Gecko) Chrome/133.0.0.0 Safari/537.36',
  'upgrade-insecure-requests' => '1',
  'connection' => 'keep-alive',
  'host' => 'dev.handmade.com',
  'content-length' => '',
  'content-type' => '',
)
[ info ] [ PARAM ] array (
  'dialog' => '1',
  'ids' => '166',
)
[ info ] [ LANG ] /var/webstars/handmade/public/../application/admin/lang/zh-cn.php
[ info ] [ BEHAVIOR ] Run app\common\behavior\Common @module_init [ RunTime:0.000106s ]
[ info ] [ SESSION ] INIT array (
  'id' => '',
  'var_session_id' => '',
  'prefix' => 'think',
  'type' => '',
  'auto_start' => true,
)
[ info ] [ BEHAVIOR ] Run \addons\ldcms\Ldcms @config_init [ RunTime:0.000031s ]
[ info ] [ BEHAVIOR ] Run \addons\summernote\Summernote @config_init [ RunTime:0.000053s ]
[ info ] [ LANG ] /var/webstars/handmade/public/../application/admin/lang/zh-cn/ldcms/category.php
[ info ] [ RUN ] app\admin\controller\ldcms\Category->edit[ /var/webstars/handmade/application/admin/controller/ldcms/Category.php ]
[ info ] [ VIEW ] /var/webstars/handmade/public/../application/admin/view/../../../addons/ldcms/utils/builder/view/fields.html [ array (
  0 => 'breadcrumb',
  1 => 'site',
  2 => 'config',
  3 => 'auth',
  4 => 'admin',
  5 => 'addon_config',
  6 => 'categorys',
  7 => 'isForm',
  8 => 'fields',
  9 => 'tab_group',
  10 => 'item_group',
  11 => 'field_show',
) ]
[ info ] [ BEHAVIOR ] Run app\admin\behavior\AdminLog @app_end [ RunTime:0.000055s ]
[ info ] [ LOG ] INIT File
---------------------------------------------------------------
[ 2025-03-13T08:00:11+08:00 ] 10.211.55.2 GET dev.handmade.com/MTyvDCHVOo.php/ajax/lang?callback=define&controllername=ldcms.category&lang=zh-cn&v=1741824010
[运行时间：0.066060s] [吞吐率：15.14req/s] [内存消耗：414.33kb] [文件加载：93]
[ info ] [ BEHAVIOR ] Run Closure @app_init [ RunTime:0.000099s ]
[ info ] [ CACHE ] INIT File
[ info ] [ DB ] INIT mysql
[ info ] [ BEHAVIOR ] Run \addons\ldcms\Ldcms @app_init [ RunTime:0.048255s ]
[ info ] [ BEHAVIOR ] Run Closure @app_init [ RunTime:0.048293s ]
[ info ] [ BEHAVIOR ] Run app\common\behavior\Common @app_init [ RunTime:0.000085s ]
[ info ] [ LANG ] /var/webstars/handmade/thinkphp/lang/zh-cn.php
[ info ] [ BEHAVIOR ] Run app\common\behavior\Common @app_dispatch [ RunTime:0.000021s ]
[ info ] [ ROUTE ] array (
  'type' => 'module',
  'module' => 
  array (
    0 => 'admin',
    1 => 'ajax',
    2 => 'lang',
  ),
)
[ info ] [ HEADER ] array (
  'cookie' => 'thinkphp_show_page_trace=0|0; fastadmin_sid=d6da3d0fd945; sidebar_collapse=0; frontend_language=zh-cn; PHPSESSID=suo51l24lkfa37o8t2ghmh3jft; thinkphp_show_page_trace=0|0; backend_language=zh-cn; keeplogin=1%7C86400%7C1741909127%7C1c649e0e0e7d9718fc5855794f92a92e',
  'accept-language' => 'zh-CN,zh;q=0.9,en;q=0.8',
  'accept-encoding' => 'gzip, deflate',
  'accept' => '*/*',
  'user-agent' => 'Mozilla/5.0 (Macintosh; Intel Mac OS X 10_15_7) AppleWebKit/537.36 (KHTML, like Gecko) Chrome/133.0.0.0 Safari/537.36',
  'connection' => 'keep-alive',
  'host' => 'dev.handmade.com',
  'content-length' => '',
  'content-type' => '',
)
[ info ] [ PARAM ] array (
  'callback' => 'define',
  'controllername' => 'ldcms.category',
  'lang' => 'zh-cn',
  'v' => '1741824010',
)
[ info ] [ LANG ] /var/webstars/handmade/public/../application/admin/lang/zh-cn.php
[ info ] [ BEHAVIOR ] Run app\common\behavior\Common @module_init [ RunTime:0.000106s ]
[ info ] [ SESSION ] INIT array (
  'id' => '',
  'var_session_id' => '',
  'prefix' => 'think',
  'type' => '',
  'auto_start' => true,
)
[ info ] [ BEHAVIOR ] Run \addons\ldcms\Ldcms @config_init [ RunTime:0.000043s ]
[ info ] [ BEHAVIOR ] Run \addons\summernote\Summernote @config_init [ RunTime:0.000066s ]
[ info ] [ LANG ] /var/webstars/handmade/public/../application/admin/lang/zh-cn/ajax.php
[ info ] [ RUN ] app\admin\controller\Ajax->lang[ /var/webstars/handmade/application/admin/controller/Ajax.php ]
[ info ] [ LANG ] /var/webstars/handmade/public/../application/admin/lang/zh-cn/ldcms/category.php
[ info ] [ BEHAVIOR ] Run app\admin\behavior\AdminLog @app_end [ RunTime:0.000031s ]
[ info ] [ LOG ] INIT File
---------------------------------------------------------------
[ 2025-03-13T08:00:12+08:00 ] 10.211.55.2 GET dev.handmade.com/MTyvDCHVOo.php/ldcms/category/getModels
[运行时间：0.078744s] [吞吐率：12.70req/s] [内存消耗：669.59kb] [文件加载：98]
[ info ] [ BEHAVIOR ] Run Closure @app_init [ RunTime:0.000021s ]
[ info ] [ CACHE ] INIT File
[ info ] [ DB ] INIT mysql
[ info ] [ BEHAVIOR ] Run \addons\ldcms\Ldcms @app_init [ RunTime:0.031635s ]
[ info ] [ BEHAVIOR ] Run Closure @app_init [ RunTime:0.031672s ]
[ info ] [ BEHAVIOR ] Run app\common\behavior\Common @app_init [ RunTime:0.000077s ]
[ info ] [ LANG ] /var/webstars/handmade/thinkphp/lang/zh-cn.php
[ info ] [ BEHAVIOR ] Run app\common\behavior\Common @app_dispatch [ RunTime:0.000024s ]
[ info ] [ ROUTE ] array (
  'type' => 'module',
  'module' => 
  array (
    0 => 'admin',
    1 => 'ldcms.category',
    2 => 'getModels',
  ),
)
[ info ] [ HEADER ] array (
  'cookie' => 'thinkphp_show_page_trace=0|0; thinkphp_show_page_trace=0|0; fastadmin_sid=d6da3d0fd945; sidebar_collapse=0; frontend_language=zh-cn; PHPSESSID=suo51l24lkfa37o8t2ghmh3jft; thinkphp_show_page_trace=0|0; backend_language=zh-cn; keeplogin=1%7C86400%7C1741909127%7C1c649e0e0e7d9718fc5855794f92a92e',
  'accept-language' => 'zh-CN,zh;q=0.9,en;q=0.8',
  'accept-encoding' => 'gzip, deflate',
  'x-requested-with' => 'XMLHttpRequest',
  'accept' => '*/*',
  'user-agent' => 'Mozilla/5.0 (Macintosh; Intel Mac OS X 10_15_7) AppleWebKit/537.36 (KHTML, like Gecko) Chrome/133.0.0.0 Safari/537.36',
  'connection' => 'keep-alive',
  'host' => 'dev.handmade.com',
  'content-length' => '',
  'content-type' => '',
)
[ info ] [ PARAM ] array (
)
[ info ] [ LANG ] /var/webstars/handmade/public/../application/admin/lang/zh-cn.php
[ info ] [ BEHAVIOR ] Run app\common\behavior\Common @module_init [ RunTime:0.000229s ]
[ info ] [ SESSION ] INIT array (
  'id' => '',
  'var_session_id' => '',
  'prefix' => 'think',
  'type' => '',
  'auto_start' => true,
)
[ info ] [ BEHAVIOR ] Run \addons\ldcms\Ldcms @config_init [ RunTime:0.000042s ]
[ info ] [ BEHAVIOR ] Run \addons\summernote\Summernote @config_init [ RunTime:0.000068s ]
[ info ] [ LANG ] /var/webstars/handmade/public/../application/admin/lang/zh-cn/ldcms/category.php
[ info ] [ RUN ] app\admin\controller\ldcms\Category->getModels[ /var/webstars/handmade/application/admin/controller/ldcms/Category.php ]
[ info ] [ BEHAVIOR ] Run app\admin\behavior\AdminLog @app_end [ RunTime:0.000046s ]
[ info ] [ LOG ] INIT File
---------------------------------------------------------------
[ 2025-03-13T08:00:32+08:00 ] 10.211.55.2 GET dev.handmade.com/MTyvDCHVOo.php/ldcms/category/add/pid/164/ids/164?dialog=1
[运行时间：0.136533s] [吞吐率：7.32req/s] [内存消耗：946.27kb] [文件加载：104]
[ info ] [ BEHAVIOR ] Run Closure @app_init [ RunTime:0.000029s ]
[ info ] [ CACHE ] INIT File
[ info ] [ DB ] INIT mysql
[ info ] [ BEHAVIOR ] Run \addons\ldcms\Ldcms @app_init [ RunTime:0.038071s ]
[ info ] [ BEHAVIOR ] Run Closure @app_init [ RunTime:0.038170s ]
[ info ] [ BEHAVIOR ] Run app\common\behavior\Common @app_init [ RunTime:0.000159s ]
[ info ] [ LANG ] /var/webstars/handmade/thinkphp/lang/zh-cn.php
[ info ] [ BEHAVIOR ] Run app\common\behavior\Common @app_dispatch [ RunTime:0.000024s ]
[ info ] [ ROUTE ] array (
  'type' => 'module',
  'module' => 
  array (
    0 => 'admin',
    1 => 'ldcms.category',
    2 => 'add',
  ),
)
[ info ] [ HEADER ] array (
  'cookie' => 'thinkphp_show_page_trace=0|0; thinkphp_show_page_trace=0|0; fastadmin_sid=d6da3d0fd945; sidebar_collapse=0; frontend_language=zh-cn; PHPSESSID=suo51l24lkfa37o8t2ghmh3jft; thinkphp_show_page_trace=0|0; backend_language=zh-cn; keeplogin=1%7C86400%7C1741909127%7C1c649e0e0e7d9718fc5855794f92a92e',
  'accept-language' => 'zh-CN,zh;q=0.9,en;q=0.8',
  'accept-encoding' => 'gzip, deflate',
  'accept' => 'text/html,application/xhtml+xml,application/xml;q=0.9,image/avif,image/webp,image/apng,*/*;q=0.8,application/signed-exchange;v=b3;q=0.7',
  'user-agent' => 'Mozilla/5.0 (Macintosh; Intel Mac OS X 10_15_7) AppleWebKit/537.36 (KHTML, like Gecko) Chrome/133.0.0.0 Safari/537.36',
  'upgrade-insecure-requests' => '1',
  'connection' => 'keep-alive',
  'host' => 'dev.handmade.com',
  'content-length' => '',
  'content-type' => '',
)
[ info ] [ PARAM ] array (
  'dialog' => '1',
  'pid' => '164',
  'ids' => '164',
)
[ info ] [ LANG ] /var/webstars/handmade/public/../application/admin/lang/zh-cn.php
[ info ] [ BEHAVIOR ] Run app\common\behavior\Common @module_init [ RunTime:0.000205s ]
[ info ] [ SESSION ] INIT array (
  'id' => '',
  'var_session_id' => '',
  'prefix' => 'think',
  'type' => '',
  'auto_start' => true,
)
[ info ] [ BEHAVIOR ] Run \addons\ldcms\Ldcms @config_init [ RunTime:0.000090s ]
[ info ] [ BEHAVIOR ] Run \addons\summernote\Summernote @config_init [ RunTime:0.000218s ]
[ info ] [ LANG ] /var/webstars/handmade/public/../application/admin/lang/zh-cn/ldcms/category.php
[ info ] [ RUN ] app\admin\controller\ldcms\Category->add[ /var/webstars/handmade/application/admin/controller/ldcms/Category.php ]
[ info ] [ VIEW ] /var/webstars/handmade/public/../application/admin/view/../../../addons/ldcms/utils/builder/view/fields.html [ array (
  0 => 'breadcrumb',
  1 => 'site',
  2 => 'config',
  3 => 'auth',
  4 => 'admin',
  5 => 'addon_config',
  6 => 'categorys',
  7 => 'isForm',
  8 => 'fields',
  9 => 'tab_group',
  10 => 'item_group',
  11 => 'field_show',
) ]
[ info ] [ BEHAVIOR ] Run app\admin\behavior\AdminLog @app_end [ RunTime:0.000049s ]
[ info ] [ LOG ] INIT File
---------------------------------------------------------------
[ 2025-03-13T08:00:33+08:00 ] 10.211.55.2 GET dev.handmade.com/MTyvDCHVOo.php/ajax/lang?callback=define&controllername=ldcms.category&lang=zh-cn&v=1741824032
[运行时间：0.062052s] [吞吐率：16.12req/s] [内存消耗：414.33kb] [文件加载：93]
[ info ] [ BEHAVIOR ] Run Closure @app_init [ RunTime:0.000025s ]
[ info ] [ CACHE ] INIT File
[ info ] [ DB ] INIT mysql
[ info ] [ BEHAVIOR ] Run \addons\ldcms\Ldcms @app_init [ RunTime:0.044069s ]
[ info ] [ BEHAVIOR ] Run Closure @app_init [ RunTime:0.044240s ]
[ info ] [ BEHAVIOR ] Run app\common\behavior\Common @app_init [ RunTime:0.000087s ]
[ info ] [ LANG ] /var/webstars/handmade/thinkphp/lang/zh-cn.php
[ info ] [ BEHAVIOR ] Run app\common\behavior\Common @app_dispatch [ RunTime:0.000020s ]
[ info ] [ ROUTE ] array (
  'type' => 'module',
  'module' => 
  array (
    0 => 'admin',
    1 => 'ajax',
    2 => 'lang',
  ),
)
[ info ] [ HEADER ] array (
  'cookie' => 'thinkphp_show_page_trace=0|0; fastadmin_sid=d6da3d0fd945; sidebar_collapse=0; frontend_language=zh-cn; PHPSESSID=suo51l24lkfa37o8t2ghmh3jft; thinkphp_show_page_trace=0|0; backend_language=zh-cn; keeplogin=1%7C86400%7C1741909127%7C1c649e0e0e7d9718fc5855794f92a92e',
  'accept-language' => 'zh-CN,zh;q=0.9,en;q=0.8',
  'accept-encoding' => 'gzip, deflate',
  'accept' => '*/*',
  'user-agent' => 'Mozilla/5.0 (Macintosh; Intel Mac OS X 10_15_7) AppleWebKit/537.36 (KHTML, like Gecko) Chrome/133.0.0.0 Safari/537.36',
  'connection' => 'keep-alive',
  'host' => 'dev.handmade.com',
  'content-length' => '',
  'content-type' => '',
)
[ info ] [ PARAM ] array (
  'callback' => 'define',
  'controllername' => 'ldcms.category',
  'lang' => 'zh-cn',
  'v' => '1741824032',
)
[ info ] [ LANG ] /var/webstars/handmade/public/../application/admin/lang/zh-cn.php
[ info ] [ BEHAVIOR ] Run app\common\behavior\Common @module_init [ RunTime:0.000105s ]
[ info ] [ SESSION ] INIT array (
  'id' => '',
  'var_session_id' => '',
  'prefix' => 'think',
  'type' => '',
  'auto_start' => true,
)
[ info ] [ BEHAVIOR ] Run \addons\ldcms\Ldcms @config_init [ RunTime:0.000044s ]
[ info ] [ BEHAVIOR ] Run \addons\summernote\Summernote @config_init [ RunTime:0.000279s ]
[ info ] [ LANG ] /var/webstars/handmade/public/../application/admin/lang/zh-cn/ajax.php
[ info ] [ RUN ] app\admin\controller\Ajax->lang[ /var/webstars/handmade/application/admin/controller/Ajax.php ]
[ info ] [ LANG ] /var/webstars/handmade/public/../application/admin/lang/zh-cn/ldcms/category.php
[ info ] [ BEHAVIOR ] Run app\admin\behavior\AdminLog @app_end [ RunTime:0.000032s ]
[ info ] [ LOG ] INIT File
---------------------------------------------------------------
[ 2025-03-13T08:00:33+08:00 ] 10.211.55.2 GET dev.handmade.com/MTyvDCHVOo.php/ldcms/category/getModels
[运行时间：0.052348s] [吞吐率：19.10req/s] [内存消耗：669.59kb] [文件加载：98]
[ info ] [ BEHAVIOR ] Run Closure @app_init [ RunTime:0.000208s ]
[ info ] [ CACHE ] INIT File
[ info ] [ DB ] INIT mysql
[ info ] [ BEHAVIOR ] Run \addons\ldcms\Ldcms @app_init [ RunTime:0.020099s ]
[ info ] [ BEHAVIOR ] Run Closure @app_init [ RunTime:0.020126s ]
[ info ] [ BEHAVIOR ] Run app\common\behavior\Common @app_init [ RunTime:0.000061s ]
[ info ] [ LANG ] /var/webstars/handmade/thinkphp/lang/zh-cn.php
[ info ] [ BEHAVIOR ] Run app\common\behavior\Common @app_dispatch [ RunTime:0.000016s ]
[ info ] [ ROUTE ] array (
  'type' => 'module',
  'module' => 
  array (
    0 => 'admin',
    1 => 'ldcms.category',
    2 => 'getModels',
  ),
)
[ info ] [ HEADER ] array (
  'cookie' => 'thinkphp_show_page_trace=0|0; thinkphp_show_page_trace=0|0; fastadmin_sid=d6da3d0fd945; sidebar_collapse=0; frontend_language=zh-cn; PHPSESSID=suo51l24lkfa37o8t2ghmh3jft; thinkphp_show_page_trace=0|0; backend_language=zh-cn; keeplogin=1%7C86400%7C1741909127%7C1c649e0e0e7d9718fc5855794f92a92e',
  'accept-language' => 'zh-CN,zh;q=0.9,en;q=0.8',
  'accept-encoding' => 'gzip, deflate',
  'x-requested-with' => 'XMLHttpRequest',
  'accept' => '*/*',
  'user-agent' => 'Mozilla/5.0 (Macintosh; Intel Mac OS X 10_15_7) AppleWebKit/537.36 (KHTML, like Gecko) Chrome/133.0.0.0 Safari/537.36',
  'connection' => 'keep-alive',
  'host' => 'dev.handmade.com',
  'content-length' => '',
  'content-type' => '',
)
[ info ] [ PARAM ] array (
)
[ info ] [ LANG ] /var/webstars/handmade/public/../application/admin/lang/zh-cn.php
[ info ] [ BEHAVIOR ] Run app\common\behavior\Common @module_init [ RunTime:0.000130s ]
[ info ] [ SESSION ] INIT array (
  'id' => '',
  'var_session_id' => '',
  'prefix' => 'think',
  'type' => '',
  'auto_start' => true,
)
[ info ] [ BEHAVIOR ] Run \addons\ldcms\Ldcms @config_init [ RunTime:0.000034s ]
[ info ] [ BEHAVIOR ] Run \addons\summernote\Summernote @config_init [ RunTime:0.000051s ]
[ info ] [ LANG ] /var/webstars/handmade/public/../application/admin/lang/zh-cn/ldcms/category.php
[ info ] [ RUN ] app\admin\controller\ldcms\Category->getModels[ /var/webstars/handmade/application/admin/controller/ldcms/Category.php ]
[ info ] [ BEHAVIOR ] Run app\admin\behavior\AdminLog @app_end [ RunTime:0.000028s ]
[ info ] [ LOG ] INIT File
---------------------------------------------------------------
[ 2025-03-13T08:00:33+08:00 ] 10.211.55.2 POST dev.handmade.com/MTyvDCHVOo.php/ldcms/category/getCategoryInfo
[运行时间：0.197628s] [吞吐率：5.06req/s] [内存消耗：825.60kb] [文件加载：102]
[ info ] [ BEHAVIOR ] Run Closure @app_init [ RunTime:0.000022s ]
[ info ] [ CACHE ] INIT File
[ info ] [ DB ] INIT mysql
[ info ] [ BEHAVIOR ] Run \addons\ldcms\Ldcms @app_init [ RunTime:0.111491s ]
[ info ] [ BEHAVIOR ] Run Closure @app_init [ RunTime:0.111533s ]
[ info ] [ BEHAVIOR ] Run app\common\behavior\Common @app_init [ RunTime:0.000209s ]
[ info ] [ LANG ] /var/webstars/handmade/thinkphp/lang/zh-cn.php
[ info ] [ BEHAVIOR ] Run app\common\behavior\Common @app_dispatch [ RunTime:0.000029s ]
[ info ] [ ROUTE ] array (
  'type' => 'module',
  'module' => 
  array (
    0 => 'admin',
    1 => 'ldcms.category',
    2 => 'getCategoryInfo',
  ),
)
[ info ] [ HEADER ] array (
  'cookie' => 'thinkphp_show_page_trace=0|0; thinkphp_show_page_trace=0|0; fastadmin_sid=d6da3d0fd945; sidebar_collapse=0; frontend_language=zh-cn; PHPSESSID=suo51l24lkfa37o8t2ghmh3jft; thinkphp_show_page_trace=0|0; backend_language=zh-cn; keeplogin=1%7C86400%7C1741909127%7C1c649e0e0e7d9718fc5855794f92a92e',
  'accept-language' => 'zh-CN,zh;q=0.9,en;q=0.8',
  'accept-encoding' => 'gzip, deflate',
  'origin' => 'http://dev.handmade.com',
  'content-type' => 'application/x-www-form-urlencoded; charset=UTF-8',
  'accept' => 'application/json, text/javascript, */*; q=0.01',
  'user-agent' => 'Mozilla/5.0 (Macintosh; Intel Mac OS X 10_15_7) AppleWebKit/537.36 (KHTML, like Gecko) Chrome/133.0.0.0 Safari/537.36',
  'x-requested-with' => 'XMLHttpRequest',
  'content-length' => '6',
  'connection' => 'keep-alive',
  'host' => 'dev.handmade.com',
)
[ info ] [ PARAM ] array (
  'id' => '164',
)
[ info ] [ LANG ] /var/webstars/handmade/public/../application/admin/lang/zh-cn.php
[ info ] [ BEHAVIOR ] Run app\common\behavior\Common @module_init [ RunTime:0.000173s ]
[ info ] [ SESSION ] INIT array (
  'id' => '',
  'var_session_id' => '',
  'prefix' => 'think',
  'type' => '',
  'auto_start' => true,
)
[ info ] [ BEHAVIOR ] Run \addons\ldcms\Ldcms @config_init [ RunTime:0.000045s ]
[ info ] [ BEHAVIOR ] Run \addons\summernote\Summernote @config_init [ RunTime:0.002157s ]
[ info ] [ LANG ] /var/webstars/handmade/public/../application/admin/lang/zh-cn/ldcms/category.php
[ info ] [ RUN ] app\admin\controller\ldcms\Category->getCategoryInfo[ /var/webstars/handmade/application/admin/controller/ldcms/Category.php ]
[ info ] [ BEHAVIOR ] Run app\admin\behavior\AdminLog @app_end [ RunTime:0.023805s ]
[ info ] [ LOG ] INIT File
---------------------------------------------------------------
[ 2025-03-13T08:01:20+08:00 ] 10.211.55.2 POST dev.handmade.com/MTyvDCHVOo.php/ldcms/category/getTitlePinyin
[运行时间：0.284011s] [吞吐率：3.52req/s] [内存消耗：825.23kb] [文件加载：111]
[ info ] [ BEHAVIOR ] Run Closure @app_init [ RunTime:0.000026s ]
[ info ] [ CACHE ] INIT File
[ info ] [ DB ] INIT mysql
[ info ] [ BEHAVIOR ] Run \addons\ldcms\Ldcms @app_init [ RunTime:0.038014s ]
[ info ] [ BEHAVIOR ] Run Closure @app_init [ RunTime:0.038046s ]
[ info ] [ BEHAVIOR ] Run app\common\behavior\Common @app_init [ RunTime:0.002254s ]
[ info ] [ LANG ] /var/webstars/handmade/thinkphp/lang/zh-cn.php
[ info ] [ BEHAVIOR ] Run app\common\behavior\Common @app_dispatch [ RunTime:0.000111s ]
[ info ] [ ROUTE ] array (
  'type' => 'module',
  'module' => 
  array (
    0 => 'admin',
    1 => 'ldcms.category',
    2 => 'getTitlePinyin',
  ),
)
[ info ] [ HEADER ] array (
  'cookie' => 'thinkphp_show_page_trace=0|0; thinkphp_show_page_trace=0|0; fastadmin_sid=d6da3d0fd945; sidebar_collapse=0; frontend_language=zh-cn; PHPSESSID=suo51l24lkfa37o8t2ghmh3jft; thinkphp_show_page_trace=0|0; backend_language=zh-cn; keeplogin=1%7C86400%7C1741909127%7C1c649e0e0e7d9718fc5855794f92a92e',
  'accept-language' => 'zh-CN,zh;q=0.9,en;q=0.8',
  'accept-encoding' => 'gzip, deflate',
  'origin' => 'http://dev.handmade.com',
  'content-type' => 'application/x-www-form-urlencoded; charset=UTF-8',
  'accept' => 'application/json, text/javascript, */*; q=0.01',
  'user-agent' => 'Mozilla/5.0 (Macintosh; Intel Mac OS X 10_15_7) AppleWebKit/537.36 (KHTML, like Gecko) Chrome/133.0.0.0 Safari/537.36',
  'x-requested-with' => 'XMLHttpRequest',
  'content-length' => '10',
  'connection' => 'keep-alive',
  'host' => 'dev.handmade.com',
)
[ info ] [ PARAM ] array (
  'title' => 'yuaj',
)
[ info ] [ LANG ] /var/webstars/handmade/public/../application/admin/lang/zh-cn.php
[ info ] [ BEHAVIOR ] Run app\common\behavior\Common @module_init [ RunTime:0.002063s ]
[ info ] [ SESSION ] INIT array (
  'id' => '',
  'var_session_id' => '',
  'prefix' => 'think',
  'type' => '',
  'auto_start' => true,
)
[ info ] [ BEHAVIOR ] Run \addons\ldcms\Ldcms @config_init [ RunTime:0.000058s ]
[ info ] [ BEHAVIOR ] Run \addons\summernote\Summernote @config_init [ RunTime:0.000777s ]
[ info ] [ LANG ] /var/webstars/handmade/public/../application/admin/lang/zh-cn/ldcms/category.php
[ info ] [ RUN ] app\admin\controller\ldcms\Category->getTitlePinyin[ /var/webstars/handmade/application/admin/controller/ldcms/Category.php ]
[ info ] [ BEHAVIOR ] Run app\admin\behavior\AdminLog @app_end [ RunTime:0.021099s ]
[ info ] [ LOG ] INIT File
---------------------------------------------------------------
[ 2025-03-13T08:01:20+08:00 ] 10.211.55.2 POST dev.handmade.com/MTyvDCHVOo.php/ldcms/category/getTitlePinyin
[运行时间：0.183878s] [吞吐率：5.44req/s] [内存消耗：825.21kb] [文件加载：111]
[ info ] [ BEHAVIOR ] Run Closure @app_init [ RunTime:0.000031s ]
[ info ] [ CACHE ] INIT File
[ info ] [ DB ] INIT mysql
[ info ] [ BEHAVIOR ] Run \addons\ldcms\Ldcms @app_init [ RunTime:0.034415s ]
[ info ] [ BEHAVIOR ] Run Closure @app_init [ RunTime:0.034459s ]
[ info ] [ BEHAVIOR ] Run app\common\behavior\Common @app_init [ RunTime:0.000099s ]
[ info ] [ LANG ] /var/webstars/handmade/thinkphp/lang/zh-cn.php
[ info ] [ BEHAVIOR ] Run app\common\behavior\Common @app_dispatch [ RunTime:0.000026s ]
[ info ] [ ROUTE ] array (
  'type' => 'module',
  'module' => 
  array (
    0 => 'admin',
    1 => 'ldcms.category',
    2 => 'getTitlePinyin',
  ),
)
[ info ] [ HEADER ] array (
  'cookie' => 'thinkphp_show_page_trace=0|0; thinkphp_show_page_trace=0|0; fastadmin_sid=d6da3d0fd945; sidebar_collapse=0; frontend_language=zh-cn; PHPSESSID=suo51l24lkfa37o8t2ghmh3jft; thinkphp_show_page_trace=0|0; backend_language=zh-cn; keeplogin=1%7C86400%7C1741909127%7C1c649e0e0e7d9718fc5855794f92a92e',
  'accept-language' => 'zh-CN,zh;q=0.9,en;q=0.8',
  'accept-encoding' => 'gzip, deflate',
  'origin' => 'http://dev.handmade.com',
  'content-type' => 'application/x-www-form-urlencoded; charset=UTF-8',
  'accept' => 'application/json, text/javascript, */*; q=0.01',
  'user-agent' => 'Mozilla/5.0 (Macintosh; Intel Mac OS X 10_15_7) AppleWebKit/537.36 (KHTML, like Gecko) Chrome/133.0.0.0 Safari/537.36',
  'x-requested-with' => 'XMLHttpRequest',
  'content-length' => '7',
  'connection' => 'keep-alive',
  'host' => 'dev.handmade.com',
)
[ info ] [ PARAM ] array (
  'title' => 'y',
)
[ info ] [ LANG ] /var/webstars/handmade/public/../application/admin/lang/zh-cn.php
[ info ] [ BEHAVIOR ] Run app\common\behavior\Common @module_init [ RunTime:0.000112s ]
[ info ] [ SESSION ] INIT array (
  'id' => '',
  'var_session_id' => '',
  'prefix' => 'think',
  'type' => '',
  'auto_start' => true,
)
[ info ] [ BEHAVIOR ] Run \addons\ldcms\Ldcms @config_init [ RunTime:0.000049s ]
[ info ] [ BEHAVIOR ] Run \addons\summernote\Summernote @config_init [ RunTime:0.000060s ]
[ info ] [ LANG ] /var/webstars/handmade/public/../application/admin/lang/zh-cn/ldcms/category.php
[ info ] [ RUN ] app\admin\controller\ldcms\Category->getTitlePinyin[ /var/webstars/handmade/application/admin/controller/ldcms/Category.php ]
[ info ] [ BEHAVIOR ] Run app\admin\behavior\AdminLog @app_end [ RunTime:0.051077s ]
[ info ] [ LOG ] INIT File
---------------------------------------------------------------
[ 2025-03-13T08:01:21+08:00 ] 10.211.55.2 POST dev.handmade.com/MTyvDCHVOo.php/ldcms/category/getTitlePinyin
[运行时间：0.071381s] [吞吐率：14.01req/s] [内存消耗：825.22kb] [文件加载：111]
[ info ] [ BEHAVIOR ] Run Closure @app_init [ RunTime:0.000016s ]
[ info ] [ CACHE ] INIT File
[ info ] [ DB ] INIT mysql
[ info ] [ BEHAVIOR ] Run \addons\ldcms\Ldcms @app_init [ RunTime:0.024286s ]
[ info ] [ BEHAVIOR ] Run Closure @app_init [ RunTime:0.024311s ]
[ info ] [ BEHAVIOR ] Run app\common\behavior\Common @app_init [ RunTime:0.000057s ]
[ info ] [ LANG ] /var/webstars/handmade/thinkphp/lang/zh-cn.php
[ info ] [ BEHAVIOR ] Run app\common\behavior\Common @app_dispatch [ RunTime:0.000015s ]
[ info ] [ ROUTE ] array (
  'type' => 'module',
  'module' => 
  array (
    0 => 'admin',
    1 => 'ldcms.category',
    2 => 'getTitlePinyin',
  ),
)
[ info ] [ HEADER ] array (
  'cookie' => 'thinkphp_show_page_trace=0|0; thinkphp_show_page_trace=0|0; fastadmin_sid=d6da3d0fd945; sidebar_collapse=0; frontend_language=zh-cn; PHPSESSID=suo51l24lkfa37o8t2ghmh3jft; thinkphp_show_page_trace=0|0; backend_language=zh-cn; keeplogin=1%7C86400%7C1741909127%7C1c649e0e0e7d9718fc5855794f92a92e',
  'accept-language' => 'zh-CN,zh;q=0.9,en;q=0.8',
  'accept-encoding' => 'gzip, deflate',
  'origin' => 'http://dev.handmade.com',
  'content-type' => 'application/x-www-form-urlencoded; charset=UTF-8',
  'accept' => 'application/json, text/javascript, */*; q=0.01',
  'user-agent' => 'Mozilla/5.0 (Macintosh; Intel Mac OS X 10_15_7) AppleWebKit/537.36 (KHTML, like Gecko) Chrome/133.0.0.0 Safari/537.36',
  'x-requested-with' => 'XMLHttpRequest',
  'content-length' => '8',
  'connection' => 'keep-alive',
  'host' => 'dev.handmade.com',
)
[ info ] [ PARAM ] array (
  'title' => 'yu',
)
[ info ] [ LANG ] /var/webstars/handmade/public/../application/admin/lang/zh-cn.php
[ info ] [ BEHAVIOR ] Run app\common\behavior\Common @module_init [ RunTime:0.000071s ]
[ info ] [ SESSION ] INIT array (
  'id' => '',
  'var_session_id' => '',
  'prefix' => 'think',
  'type' => '',
  'auto_start' => true,
)
[ info ] [ BEHAVIOR ] Run \addons\ldcms\Ldcms @config_init [ RunTime:0.000033s ]
[ info ] [ BEHAVIOR ] Run \addons\summernote\Summernote @config_init [ RunTime:0.000052s ]
[ info ] [ LANG ] /var/webstars/handmade/public/../application/admin/lang/zh-cn/ldcms/category.php
[ info ] [ RUN ] app\admin\controller\ldcms\Category->getTitlePinyin[ /var/webstars/handmade/application/admin/controller/ldcms/Category.php ]
[ info ] [ BEHAVIOR ] Run app\admin\behavior\AdminLog @app_end [ RunTime:0.017437s ]
[ info ] [ LOG ] INIT File
---------------------------------------------------------------
[ 2025-03-13T08:01:21+08:00 ] 10.211.55.2 POST dev.handmade.com/MTyvDCHVOo.php/ldcms/category/getTitlePinyin
[运行时间：0.159815s] [吞吐率：6.26req/s] [内存消耗：825.23kb] [文件加载：111]
[ info ] [ BEHAVIOR ] Run Closure @app_init [ RunTime:0.000029s ]
[ info ] [ CACHE ] INIT File
[ info ] [ DB ] INIT mysql
[ info ] [ BEHAVIOR ] Run \addons\ldcms\Ldcms @app_init [ RunTime:0.038507s ]
[ info ] [ BEHAVIOR ] Run Closure @app_init [ RunTime:0.038537s ]
[ info ] [ BEHAVIOR ] Run app\common\behavior\Common @app_init [ RunTime:0.001092s ]
[ info ] [ LANG ] /var/webstars/handmade/thinkphp/lang/zh-cn.php
[ info ] [ BEHAVIOR ] Run app\common\behavior\Common @app_dispatch [ RunTime:0.000021s ]
[ info ] [ ROUTE ] array (
  'type' => 'module',
  'module' => 
  array (
    0 => 'admin',
    1 => 'ldcms.category',
    2 => 'getTitlePinyin',
  ),
)
[ info ] [ HEADER ] array (
  'cookie' => 'thinkphp_show_page_trace=0|0; thinkphp_show_page_trace=0|0; fastadmin_sid=d6da3d0fd945; sidebar_collapse=0; frontend_language=zh-cn; PHPSESSID=suo51l24lkfa37o8t2ghmh3jft; thinkphp_show_page_trace=0|0; backend_language=zh-cn; keeplogin=1%7C86400%7C1741909127%7C1c649e0e0e7d9718fc5855794f92a92e',
  'accept-language' => 'zh-CN,zh;q=0.9,en;q=0.8',
  'accept-encoding' => 'gzip, deflate',
  'origin' => 'http://dev.handmade.com',
  'content-type' => 'application/x-www-form-urlencoded; charset=UTF-8',
  'accept' => 'application/json, text/javascript, */*; q=0.01',
  'user-agent' => 'Mozilla/5.0 (Macintosh; Intel Mac OS X 10_15_7) AppleWebKit/537.36 (KHTML, like Gecko) Chrome/133.0.0.0 Safari/537.36',
  'x-requested-with' => 'XMLHttpRequest',
  'content-length' => '10',
  'connection' => 'keep-alive',
  'host' => 'dev.handmade.com',
)
[ info ] [ PARAM ] array (
  'title' => 'yuan',
)
[ info ] [ LANG ] /var/webstars/handmade/public/../application/admin/lang/zh-cn.php
[ info ] [ BEHAVIOR ] Run app\common\behavior\Common @module_init [ RunTime:0.000132s ]
[ info ] [ SESSION ] INIT array (
  'id' => '',
  'var_session_id' => '',
  'prefix' => 'think',
  'type' => '',
  'auto_start' => true,
)
[ info ] [ BEHAVIOR ] Run \addons\ldcms\Ldcms @config_init [ RunTime:0.000035s ]
[ info ] [ BEHAVIOR ] Run \addons\summernote\Summernote @config_init [ RunTime:0.000135s ]
[ info ] [ LANG ] /var/webstars/handmade/public/../application/admin/lang/zh-cn/ldcms/category.php
[ info ] [ RUN ] app\admin\controller\ldcms\Category->getTitlePinyin[ /var/webstars/handmade/application/admin/controller/ldcms/Category.php ]
[ info ] [ BEHAVIOR ] Run app\admin\behavior\AdminLog @app_end [ RunTime:0.033410s ]
[ info ] [ LOG ] INIT File
---------------------------------------------------------------
[ 2025-03-13T08:01:22+08:00 ] 10.211.55.2 POST dev.handmade.com/MTyvDCHVOo.php/ldcms/category/getTitlePinyin
[运行时间：0.056285s] [吞吐率：17.77req/s] [内存消耗：825.25kb] [文件加载：111]
[ info ] [ BEHAVIOR ] Run Closure @app_init [ RunTime:0.000014s ]
[ info ] [ CACHE ] INIT File
[ info ] [ DB ] INIT mysql
[ info ] [ BEHAVIOR ] Run \addons\ldcms\Ldcms @app_init [ RunTime:0.016836s ]
[ info ] [ BEHAVIOR ] Run Closure @app_init [ RunTime:0.016860s ]
[ info ] [ BEHAVIOR ] Run app\common\behavior\Common @app_init [ RunTime:0.000091s ]
[ info ] [ LANG ] /var/webstars/handmade/thinkphp/lang/zh-cn.php
[ info ] [ BEHAVIOR ] Run app\common\behavior\Common @app_dispatch [ RunTime:0.000013s ]
[ info ] [ ROUTE ] array (
  'type' => 'module',
  'module' => 
  array (
    0 => 'admin',
    1 => 'ldcms.category',
    2 => 'getTitlePinyin',
  ),
)
[ info ] [ HEADER ] array (
  'cookie' => 'thinkphp_show_page_trace=0|0; thinkphp_show_page_trace=0|0; fastadmin_sid=d6da3d0fd945; sidebar_collapse=0; frontend_language=zh-cn; PHPSESSID=suo51l24lkfa37o8t2ghmh3jft; thinkphp_show_page_trace=0|0; backend_language=zh-cn; keeplogin=1%7C86400%7C1741909127%7C1c649e0e0e7d9718fc5855794f92a92e',
  'accept-language' => 'zh-CN,zh;q=0.9,en;q=0.8',
  'accept-encoding' => 'gzip, deflate',
  'origin' => 'http://dev.handmade.com',
  'content-type' => 'application/x-www-form-urlencoded; charset=UTF-8',
  'accept' => 'application/json, text/javascript, */*; q=0.01',
  'user-agent' => 'Mozilla/5.0 (Macintosh; Intel Mac OS X 10_15_7) AppleWebKit/537.36 (KHTML, like Gecko) Chrome/133.0.0.0 Safari/537.36',
  'x-requested-with' => 'XMLHttpRequest',
  'content-length' => '24',
  'connection' => 'keep-alive',
  'host' => 'dev.handmade.com',
)
[ info ] [ PARAM ] array (
  'title' => '员工',
)
[ info ] [ LANG ] /var/webstars/handmade/public/../application/admin/lang/zh-cn.php
[ info ] [ BEHAVIOR ] Run app\common\behavior\Common @module_init [ RunTime:0.000075s ]
[ info ] [ SESSION ] INIT array (
  'id' => '',
  'var_session_id' => '',
  'prefix' => 'think',
  'type' => '',
  'auto_start' => true,
)
[ info ] [ BEHAVIOR ] Run \addons\ldcms\Ldcms @config_init [ RunTime:0.000024s ]
[ info ] [ BEHAVIOR ] Run \addons\summernote\Summernote @config_init [ RunTime:0.000050s ]
[ info ] [ LANG ] /var/webstars/handmade/public/../application/admin/lang/zh-cn/ldcms/category.php
[ info ] [ RUN ] app\admin\controller\ldcms\Category->getTitlePinyin[ /var/webstars/handmade/application/admin/controller/ldcms/Category.php ]
[ info ] [ BEHAVIOR ] Run app\admin\behavior\AdminLog @app_end [ RunTime:0.014272s ]
[ info ] [ LOG ] INIT File
---------------------------------------------------------------
[ 2025-03-13T08:01:22+08:00 ] 10.211.55.2 POST dev.handmade.com/MTyvDCHVOo.php/ldcms/category/getTitlePinyin
[运行时间：0.094410s] [吞吐率：10.59req/s] [内存消耗：825.25kb] [文件加载：111]
[ info ] [ BEHAVIOR ] Run Closure @app_init [ RunTime:0.000280s ]
[ info ] [ CACHE ] INIT File
[ info ] [ DB ] INIT mysql
[ info ] [ BEHAVIOR ] Run \addons\ldcms\Ldcms @app_init [ RunTime:0.023238s ]
[ info ] [ BEHAVIOR ] Run Closure @app_init [ RunTime:0.023269s ]
[ info ] [ BEHAVIOR ] Run app\common\behavior\Common @app_init [ RunTime:0.000070s ]
[ info ] [ LANG ] /var/webstars/handmade/thinkphp/lang/zh-cn.php
[ info ] [ BEHAVIOR ] Run app\common\behavior\Common @app_dispatch [ RunTime:0.000017s ]
[ info ] [ ROUTE ] array (
  'type' => 'module',
  'module' => 
  array (
    0 => 'admin',
    1 => 'ldcms.category',
    2 => 'getTitlePinyin',
  ),
)
[ info ] [ HEADER ] array (
  'cookie' => 'thinkphp_show_page_trace=0|0; thinkphp_show_page_trace=0|0; fastadmin_sid=d6da3d0fd945; sidebar_collapse=0; frontend_language=zh-cn; PHPSESSID=suo51l24lkfa37o8t2ghmh3jft; thinkphp_show_page_trace=0|0; backend_language=zh-cn; keeplogin=1%7C86400%7C1741909127%7C1c649e0e0e7d9718fc5855794f92a92e',
  'accept-language' => 'zh-CN,zh;q=0.9,en;q=0.8',
  'accept-encoding' => 'gzip, deflate',
  'origin' => 'http://dev.handmade.com',
  'content-type' => 'application/x-www-form-urlencoded; charset=UTF-8',
  'accept' => 'application/json, text/javascript, */*; q=0.01',
  'user-agent' => 'Mozilla/5.0 (Macintosh; Intel Mac OS X 10_15_7) AppleWebKit/537.36 (KHTML, like Gecko) Chrome/133.0.0.0 Safari/537.36',
  'x-requested-with' => 'XMLHttpRequest',
  'content-length' => '28',
  'connection' => 'keep-alive',
  'host' => 'dev.handmade.com',
)
[ info ] [ PARAM ] array (
  'title' => '员工feng',
)
[ info ] [ LANG ] /var/webstars/handmade/public/../application/admin/lang/zh-cn.php
[ info ] [ BEHAVIOR ] Run app\common\behavior\Common @module_init [ RunTime:0.000207s ]
[ info ] [ SESSION ] INIT array (
  'id' => '',
  'var_session_id' => '',
  'prefix' => 'think',
  'type' => '',
  'auto_start' => true,
)
[ info ] [ BEHAVIOR ] Run \addons\ldcms\Ldcms @config_init [ RunTime:0.000033s ]
[ info ] [ BEHAVIOR ] Run \addons\summernote\Summernote @config_init [ RunTime:0.000053s ]
[ info ] [ LANG ] /var/webstars/handmade/public/../application/admin/lang/zh-cn/ldcms/category.php
[ info ] [ RUN ] app\admin\controller\ldcms\Category->getTitlePinyin[ /var/webstars/handmade/application/admin/controller/ldcms/Category.php ]
[ info ] [ BEHAVIOR ] Run app\admin\behavior\AdminLog @app_end [ RunTime:0.032634s ]
[ info ] [ LOG ] INIT File
---------------------------------------------------------------
[ 2025-03-13T08:01:23+08:00 ] 10.211.55.2 POST dev.handmade.com/MTyvDCHVOo.php/ldcms/category/getTitlePinyin
[运行时间：0.146909s] [吞吐率：6.81req/s] [内存消耗：825.27kb] [文件加载：111]
[ info ] [ BEHAVIOR ] Run Closure @app_init [ RunTime:0.000030s ]
[ info ] [ CACHE ] INIT File
[ info ] [ DB ] INIT mysql
[ info ] [ BEHAVIOR ] Run \addons\ldcms\Ldcms @app_init [ RunTime:0.049218s ]
[ info ] [ BEHAVIOR ] Run Closure @app_init [ RunTime:0.049273s ]
[ info ] [ BEHAVIOR ] Run app\common\behavior\Common @app_init [ RunTime:0.000095s ]
[ info ] [ LANG ] /var/webstars/handmade/thinkphp/lang/zh-cn.php
[ info ] [ BEHAVIOR ] Run app\common\behavior\Common @app_dispatch [ RunTime:0.000026s ]
[ info ] [ ROUTE ] array (
  'type' => 'module',
  'module' => 
  array (
    0 => 'admin',
    1 => 'ldcms.category',
    2 => 'getTitlePinyin',
  ),
)
[ info ] [ HEADER ] array (
  'cookie' => 'thinkphp_show_page_trace=0|0; thinkphp_show_page_trace=0|0; fastadmin_sid=d6da3d0fd945; sidebar_collapse=0; frontend_language=zh-cn; PHPSESSID=suo51l24lkfa37o8t2ghmh3jft; thinkphp_show_page_trace=0|0; backend_language=zh-cn; keeplogin=1%7C86400%7C1741909127%7C1c649e0e0e7d9718fc5855794f92a92e',
  'accept-language' => 'zh-CN,zh;q=0.9,en;q=0.8',
  'accept-encoding' => 'gzip, deflate',
  'origin' => 'http://dev.handmade.com',
  'content-type' => 'application/x-www-form-urlencoded; charset=UTF-8',
  'accept' => 'application/json, text/javascript, */*; q=0.01',
  'user-agent' => 'Mozilla/5.0 (Macintosh; Intel Mac OS X 10_15_7) AppleWebKit/537.36 (KHTML, like Gecko) Chrome/133.0.0.0 Safari/537.36',
  'x-requested-with' => 'XMLHttpRequest',
  'content-length' => '30',
  'connection' => 'keep-alive',
  'host' => 'dev.handmade.com',
)
[ info ] [ PARAM ] array (
  'title' => '员工feng\'c',
)
[ info ] [ LANG ] /var/webstars/handmade/public/../application/admin/lang/zh-cn.php
[ info ] [ BEHAVIOR ] Run app\common\behavior\Common @module_init [ RunTime:0.000114s ]
[ info ] [ SESSION ] INIT array (
  'id' => '',
  'var_session_id' => '',
  'prefix' => 'think',
  'type' => '',
  'auto_start' => true,
)
[ info ] [ BEHAVIOR ] Run \addons\ldcms\Ldcms @config_init [ RunTime:0.000077s ]
[ info ] [ BEHAVIOR ] Run \addons\summernote\Summernote @config_init [ RunTime:0.000085s ]
[ info ] [ LANG ] /var/webstars/handmade/public/../application/admin/lang/zh-cn/ldcms/category.php
[ info ] [ RUN ] app\admin\controller\ldcms\Category->getTitlePinyin[ /var/webstars/handmade/application/admin/controller/ldcms/Category.php ]
[ info ] [ BEHAVIOR ] Run app\admin\behavior\AdminLog @app_end [ RunTime:0.043091s ]
[ info ] [ LOG ] INIT File
---------------------------------------------------------------
[ 2025-03-13T08:01:23+08:00 ] 10.211.55.2 POST dev.handmade.com/MTyvDCHVOo.php/ldcms/category/getTitlePinyin
[运行时间：0.069594s] [吞吐率：14.37req/s] [内存消耗：825.29kb] [文件加载：111]
[ info ] [ BEHAVIOR ] Run Closure @app_init [ RunTime:0.000020s ]
[ info ] [ CACHE ] INIT File
[ info ] [ DB ] INIT mysql
[ info ] [ BEHAVIOR ] Run \addons\ldcms\Ldcms @app_init [ RunTime:0.021213s ]
[ info ] [ BEHAVIOR ] Run Closure @app_init [ RunTime:0.021238s ]
[ info ] [ BEHAVIOR ] Run app\common\behavior\Common @app_init [ RunTime:0.000056s ]
[ info ] [ LANG ] /var/webstars/handmade/thinkphp/lang/zh-cn.php
[ info ] [ BEHAVIOR ] Run app\common\behavior\Common @app_dispatch [ RunTime:0.000015s ]
[ info ] [ ROUTE ] array (
  'type' => 'module',
  'module' => 
  array (
    0 => 'admin',
    1 => 'ldcms.category',
    2 => 'getTitlePinyin',
  ),
)
[ info ] [ HEADER ] array (
  'cookie' => 'thinkphp_show_page_trace=0|0; thinkphp_show_page_trace=0|0; fastadmin_sid=d6da3d0fd945; sidebar_collapse=0; frontend_language=zh-cn; PHPSESSID=suo51l24lkfa37o8t2ghmh3jft; thinkphp_show_page_trace=0|0; backend_language=zh-cn; keeplogin=1%7C86400%7C1741909127%7C1c649e0e0e7d9718fc5855794f92a92e',
  'accept-language' => 'zh-CN,zh;q=0.9,en;q=0.8',
  'accept-encoding' => 'gzip, deflate',
  'origin' => 'http://dev.handmade.com',
  'content-type' => 'application/x-www-form-urlencoded; charset=UTF-8',
  'accept' => 'application/json, text/javascript, */*; q=0.01',
  'user-agent' => 'Mozilla/5.0 (Macintosh; Intel Mac OS X 10_15_7) AppleWebKit/537.36 (KHTML, like Gecko) Chrome/133.0.0.0 Safari/537.36',
  'x-requested-with' => 'XMLHttpRequest',
  'content-length' => '42',
  'connection' => 'keep-alive',
  'host' => 'dev.handmade.com',
)
[ info ] [ PARAM ] array (
  'title' => '员工风采',
)
[ info ] [ LANG ] /var/webstars/handmade/public/../application/admin/lang/zh-cn.php
[ info ] [ BEHAVIOR ] Run app\common\behavior\Common @module_init [ RunTime:0.000088s ]
[ info ] [ SESSION ] INIT array (
  'id' => '',
  'var_session_id' => '',
  'prefix' => 'think',
  'type' => '',
  'auto_start' => true,
)
[ info ] [ BEHAVIOR ] Run \addons\ldcms\Ldcms @config_init [ RunTime:0.000030s ]
[ info ] [ BEHAVIOR ] Run \addons\summernote\Summernote @config_init [ RunTime:0.000050s ]
[ info ] [ LANG ] /var/webstars/handmade/public/../application/admin/lang/zh-cn/ldcms/category.php
[ info ] [ RUN ] app\admin\controller\ldcms\Category->getTitlePinyin[ /var/webstars/handmade/application/admin/controller/ldcms/Category.php ]
[ info ] [ BEHAVIOR ] Run app\admin\behavior\AdminLog @app_end [ RunTime:0.015944s ]
[ info ] [ LOG ] INIT File
---------------------------------------------------------------
[ 2025-03-13T08:02:32+08:00 ] 10.211.55.2 POST dev.handmade.com/MTyvDCHVOo.php/ldcms/category/getuserlevels
[运行时间：0.458361s] [吞吐率：2.18req/s] [内存消耗：833.21kb] [文件加载：101]
[ info ] [ BEHAVIOR ] Run Closure @app_init [ RunTime:0.000040s ]
[ info ] [ CACHE ] INIT File
[ info ] [ DB ] INIT mysql
[ info ] [ BEHAVIOR ] Run \addons\ldcms\Ldcms @app_init [ RunTime:0.143910s ]
[ info ] [ BEHAVIOR ] Run Closure @app_init [ RunTime:0.144000s ]
[ info ] [ BEHAVIOR ] Run app\common\behavior\Common @app_init [ RunTime:0.009302s ]
[ info ] [ LANG ] /var/webstars/handmade/thinkphp/lang/zh-cn.php
[ info ] [ BEHAVIOR ] Run app\common\behavior\Common @app_dispatch [ RunTime:0.000040s ]
[ info ] [ ROUTE ] array (
  'type' => 'module',
  'module' => 
  array (
    0 => 'admin',
    1 => 'ldcms.category',
    2 => 'getuserlevels',
  ),
)
[ info ] [ HEADER ] array (
  'cookie' => 'thinkphp_show_page_trace=0|0; thinkphp_show_page_trace=0|0; fastadmin_sid=d6da3d0fd945; sidebar_collapse=0; frontend_language=zh-cn; PHPSESSID=suo51l24lkfa37o8t2ghmh3jft; thinkphp_show_page_trace=0|0; backend_language=zh-cn; keeplogin=1%7C86400%7C1741909127%7C1c649e0e0e7d9718fc5855794f92a92e',
  'accept-language' => 'zh-CN,zh;q=0.9,en;q=0.8',
  'accept-encoding' => 'gzip, deflate',
  'origin' => 'http://dev.handmade.com',
  'content-type' => 'application/x-www-form-urlencoded; charset=UTF-8',
  'accept' => 'application/json, text/javascript, */*; q=0.01',
  'user-agent' => 'Mozilla/5.0 (Macintosh; Intel Mac OS X 10_15_7) AppleWebKit/537.36 (KHTML, like Gecko) Chrome/133.0.0.0 Safari/537.36',
  'x-requested-with' => 'XMLHttpRequest',
  'content-length' => '174',
  'connection' => 'keep-alive',
  'host' => 'dev.handmade.com',
)
[ info ] [ PARAM ] array (
  'q_word' => 
  array (
    0 => '',
  ),
  'pageNumber' => '1',
  'pageSize' => '10',
  'andOr' => 'OR ',
  'orderBy' => 
  array (
    0 => 
    array (
      0 => 'title',
      1 => 'ASC',
    ),
  ),
  'searchTable' => 'tbl',
  'showField' => 'title',
  'keyField' => 'id',
  'searchField' => 
  array (
    0 => 'title',
  ),
  'title' => '',
)
[ info ] [ LANG ] /var/webstars/handmade/public/../application/admin/lang/zh-cn.php
[ info ] [ BEHAVIOR ] Run app\common\behavior\Common @module_init [ RunTime:0.003206s ]
[ info ] [ SESSION ] INIT array (
  'id' => '',
  'var_session_id' => '',
  'prefix' => 'think',
  'type' => '',
  'auto_start' => true,
)
[ info ] [ BEHAVIOR ] Run \addons\ldcms\Ldcms @config_init [ RunTime:0.000067s ]
[ info ] [ BEHAVIOR ] Run \addons\summernote\Summernote @config_init [ RunTime:0.000982s ]
[ info ] [ LANG ] /var/webstars/handmade/public/../application/admin/lang/zh-cn/ldcms/category.php
[ info ] [ RUN ] app\admin\controller\ldcms\Category->getUserLevels[ /var/webstars/handmade/application/admin/controller/ldcms/Category.php ]
[ info ] [ BEHAVIOR ] Run app\admin\behavior\AdminLog @app_end [ RunTime:0.037206s ]
[ info ] [ LOG ] INIT File
---------------------------------------------------------------
[ 2025-03-13T08:02:33+08:00 ] 10.211.55.2 POST dev.handmade.com/MTyvDCHVOo.php/ldcms/category/add/pid/164/ids/164?dialog=1
[运行时间：0.189944s] [吞吐率：5.26req/s] [内存消耗：885.45kb] [文件加载：108]
[ info ] [ BEHAVIOR ] Run Closure @app_init [ RunTime:0.000042s ]
[ info ] [ CACHE ] INIT File
[ info ] [ DB ] INIT mysql
[ info ] [ BEHAVIOR ] Run \addons\ldcms\Ldcms @app_init [ RunTime:0.043796s ]
[ info ] [ BEHAVIOR ] Run Closure @app_init [ RunTime:0.043827s ]
[ info ] [ BEHAVIOR ] Run app\common\behavior\Common @app_init [ RunTime:0.000066s ]
[ info ] [ LANG ] /var/webstars/handmade/thinkphp/lang/zh-cn.php
[ info ] [ BEHAVIOR ] Run app\common\behavior\Common @app_dispatch [ RunTime:0.000016s ]
[ info ] [ ROUTE ] array (
  'type' => 'module',
  'module' => 
  array (
    0 => 'admin',
    1 => 'ldcms.category',
    2 => 'add',
  ),
)
[ info ] [ HEADER ] array (
  'cookie' => 'thinkphp_show_page_trace=0|0; thinkphp_show_page_trace=0|0; thinkphp_show_page_trace=0|0; fastadmin_sid=d6da3d0fd945; sidebar_collapse=0; frontend_language=zh-cn; PHPSESSID=suo51l24lkfa37o8t2ghmh3jft; thinkphp_show_page_trace=0|0; backend_language=zh-cn; keeplogin=1%7C86400%7C1741909127%7C1c649e0e0e7d9718fc5855794f92a92e',
  'accept-language' => 'zh-CN,zh;q=0.9,en;q=0.8',
  'accept-encoding' => 'gzip, deflate',
  'origin' => 'http://dev.handmade.com',
  'content-type' => 'application/x-www-form-urlencoded; charset=UTF-8',
  'accept' => 'application/json, text/javascript, */*; q=0.01',
  'user-agent' => 'Mozilla/5.0 (Macintosh; Intel Mac OS X 10_15_7) AppleWebKit/537.36 (KHTML, like Gecko) Chrome/133.0.0.0 Safari/537.36',
  'x-requested-with' => 'XMLHttpRequest',
  'content-length' => '590',
  'connection' => 'keep-alive',
  'host' => 'dev.handmade.com',
)
[ info ] [ PARAM ] array (
  'dialog' => '1',
  'row' => 
  array (
    'type' => '0',
    'pid' => '164',
    'name' => '员工风采',
    'subname' => '',
    'ename' => 'ygfc',
    'mid' => '1',
    'urlname' => 'yuangongfengcai',
    'template_list' => 'list_culture.html',
    'template_detail' => 'detail_about.html',
    'outlink' => '',
    'is_target' => '0',
    'gid' => '',
    'status' => '1',
    'des2' => '',
    'des1' => '',
    'image' => '',
    'big_image' => '',
    'seo_title' => '',
    'seo_keywords' => '',
    'seo_description' => '',
    'is_nav' => '1',
  ),
  'pid' => '164',
  'ids' => '164',
)
[ info ] [ LANG ] /var/webstars/handmade/public/../application/admin/lang/zh-cn.php
[ info ] [ BEHAVIOR ] Run app\common\behavior\Common @module_init [ RunTime:0.000082s ]
[ info ] [ SESSION ] INIT array (
  'id' => '',
  'var_session_id' => '',
  'prefix' => 'think',
  'type' => '',
  'auto_start' => true,
)
[ info ] [ BEHAVIOR ] Run \addons\ldcms\Ldcms @config_init [ RunTime:0.000045s ]
[ info ] [ BEHAVIOR ] Run \addons\summernote\Summernote @config_init [ RunTime:0.000068s ]
[ info ] [ LANG ] /var/webstars/handmade/public/../application/admin/lang/zh-cn/ldcms/category.php
[ info ] [ RUN ] app\admin\controller\ldcms\Category->add[ /var/webstars/handmade/application/admin/controller/ldcms/Category.php ]
[ info ] [ BEHAVIOR ] Run app\admin\behavior\AdminLog @app_end [ RunTime:0.018650s ]
[ info ] [ LOG ] INIT File
[ error ] [2]Undefined variable $postData[/var/webstars/handmade/application/admin/controller/ldcms/Category.php:349]
[ error ] [2]Trying to access array offset on value of type null[/var/webstars/handmade/application/admin/controller/ldcms/Category.php:349]
---------------------------------------------------------------
[ 2025-03-13T08:02:34+08:00 ] 10.211.55.2 GET dev.handmade.com/MTyvDCHVOo.php/ldcms/category/index?addtabs=1&sort=id&order=desc&_=1741823979094
[运行时间：0.118477s] [吞吐率：8.44req/s] [内存消耗：838.09kb] [文件加载：99]
[ info ] [ BEHAVIOR ] Run Closure @app_init [ RunTime:0.000019s ]
[ info ] [ CACHE ] INIT File
[ info ] [ DB ] INIT mysql
[ info ] [ BEHAVIOR ] Run \addons\ldcms\Ldcms @app_init [ RunTime:0.054367s ]
[ info ] [ BEHAVIOR ] Run Closure @app_init [ RunTime:0.054399s ]
[ info ] [ BEHAVIOR ] Run app\common\behavior\Common @app_init [ RunTime:0.000163s ]
[ info ] [ LANG ] /var/webstars/handmade/thinkphp/lang/zh-cn.php
[ info ] [ BEHAVIOR ] Run app\common\behavior\Common @app_dispatch [ RunTime:0.000387s ]
[ info ] [ ROUTE ] array (
  'type' => 'module',
  'module' => 
  array (
    0 => 'admin',
    1 => 'ldcms.category',
    2 => 'index',
  ),
)
[ info ] [ HEADER ] array (
  'cookie' => 'thinkphp_show_page_trace=0|0; thinkphp_show_page_trace=0|0; fastadmin_sid=d6da3d0fd945; sidebar_collapse=0; frontend_language=zh-cn; PHPSESSID=suo51l24lkfa37o8t2ghmh3jft; thinkphp_show_page_trace=0|0; backend_language=zh-cn; keeplogin=1%7C86400%7C1741909127%7C1c649e0e0e7d9718fc5855794f92a92e',
  'accept-language' => 'zh-CN,zh;q=0.9,en;q=0.8',
  'accept-encoding' => 'gzip, deflate',
  'content-type' => 'application/json',
  'accept' => 'application/json, text/javascript, */*; q=0.01',
  'user-agent' => 'Mozilla/5.0 (Macintosh; Intel Mac OS X 10_15_7) AppleWebKit/537.36 (KHTML, like Gecko) Chrome/133.0.0.0 Safari/537.36',
  'x-requested-with' => 'XMLHttpRequest',
  'connection' => 'keep-alive',
  'host' => 'dev.handmade.com',
  'content-length' => '',
)
[ info ] [ PARAM ] array (
  'addtabs' => '1',
  'sort' => 'id',
  'order' => 'desc',
  '_' => '1741823979094',
)
[ info ] [ LANG ] /var/webstars/handmade/public/../application/admin/lang/zh-cn.php
[ info ] [ BEHAVIOR ] Run app\common\behavior\Common @module_init [ RunTime:0.000091s ]
[ info ] [ SESSION ] INIT array (
  'id' => '',
  'var_session_id' => '',
  'prefix' => 'think',
  'type' => '',
  'auto_start' => true,
)
[ info ] [ BEHAVIOR ] Run \addons\ldcms\Ldcms @config_init [ RunTime:0.000038s ]
[ info ] [ BEHAVIOR ] Run \addons\summernote\Summernote @config_init [ RunTime:0.000081s ]
[ info ] [ LANG ] /var/webstars/handmade/public/../application/admin/lang/zh-cn/ldcms/category.php
[ info ] [ RUN ] app\admin\controller\ldcms\Category->index[ /var/webstars/handmade/application/admin/controller/ldcms/Category.php ]
[ info ] [ BEHAVIOR ] Run app\admin\behavior\AdminLog @app_end [ RunTime:0.000040s ]
[ info ] [ LOG ] INIT File
---------------------------------------------------------------
[ 2025-03-13T08:02:38+08:00 ] 10.211.55.2 GET dev.handmade.com/yuangongfengcai
[运行时间：0.357597s] [吞吐率：2.80req/s] [内存消耗：823.38kb] [文件加载：179]
[ info ] [ BEHAVIOR ] Run Closure @app_init [ RunTime:0.000022s ]
[ info ] [ CACHE ] INIT File
[ info ] [ DB ] INIT mysql
[ info ] [ BEHAVIOR ] Run \addons\ldcms\Ldcms @app_init [ RunTime:0.061093s ]
[ info ] [ BEHAVIOR ] Run Closure @app_init [ RunTime:0.061125s ]
[ info ] [ BEHAVIOR ] Run app\common\behavior\Common @app_init [ RunTime:0.000123s ]
[ info ] [ LANG ] /var/webstars/handmade/thinkphp/lang/zh-cn.php
[ info ] [ BEHAVIOR ] Run app\common\behavior\Common @app_dispatch [ RunTime:0.000027s ]
[ info ] [ ROUTE ] array (
  'type' => 'method',
  'method' => 
  array (
    0 => '\\think\\addons\\Route',
    1 => 'execute',
  ),
  'var' => 
  array (
    'addon' => 'ldcms',
    'controller' => 'lists',
    'action' => 'index',
  ),
)
[ info ] [ HEADER ] array (
  'cookie' => 'frontend_language=zh-cn; PHPSESSID=suo51l24lkfa37o8t2ghmh3jft; thinkphp_show_page_trace=0|0; backend_language=zh-cn; keeplogin=1%7C86400%7C1741909127%7C1c649e0e0e7d9718fc5855794f92a92e',
  'accept-language' => 'zh-CN,zh;q=0.9,en;q=0.8',
  'accept-encoding' => 'gzip, deflate',
  'accept' => 'text/html,application/xhtml+xml,application/xml;q=0.9,image/avif,image/webp,image/apng,*/*;q=0.8,application/signed-exchange;v=b3;q=0.7',
  'user-agent' => 'Mozilla/5.0 (Macintosh; Intel Mac OS X 10_15_7) AppleWebKit/537.36 (KHTML, like Gecko) Chrome/133.0.0.0 Safari/537.36',
  'upgrade-insecure-requests' => '1',
  'connection' => 'keep-alive',
  'host' => 'dev.handmade.com',
  'content-length' => '',
  'content-type' => '',
)
[ info ] [ PARAM ] array (
  'category' => 'yuangongfengcai',
)
[ info ] [ RUN ] think\addons\Route->execute[ /var/webstars/handmade/vendor/karsonzhang/fastadmin-addons/src/addons/Route.php ]
[ info ] [ LANG ] /var/webstars/handmade/public/../application/common/lang/zh-cn/addon.php
[ info ] [ BEHAVIOR ] Run app\common\behavior\Common @addon_begin [ RunTime:0.002346s ]
[ info ] [ BEHAVIOR ] Run \addons\ldcms\Ldcms @config_init [ RunTime:0.000051s ]
[ info ] [ BEHAVIOR ] Run \addons\summernote\Summernote @config_init [ RunTime:0.000152s ]
[ info ] [ LANG ] /var/webstars/handmade/addons/ldcms/lang/zh-cn.php
[ info ] [ VIEW ] /var/webstars/handmade/addons/ldcms/view/ldcms2024/list_culture.html [ array (
  0 => 'user',
  1 => 'site',
  2 => 'config',
  3 => 'category',
  4 => 'parentsid',
  5 => 'childids',
  6 => 'content',
  7 => 'ld',
  8 => 'topid',
) ]
[ info ] [ LOG ] INIT File
---------------------------------------------------------------
[ 2025-03-13T08:02:38+08:00 ] 10.211.55.2 GET dev.handmade.com/assets/addons/ldcms/css/bootstrap.min.css
[运行时间：0.023725s] [吞吐率：42.15req/s] [内存消耗：82.49kb] [文件加载：59]
[ info ] [ BEHAVIOR ] Run Closure @app_init [ RunTime:0.000019s ]
[ info ] [ CACHE ] INIT File
[ info ] [ LOG ] INIT File
[ error ] [2]mkdir(): File exists[/var/webstars/handmade/thinkphp/library/think/cache/driver/File.php:84]
---------------------------------------------------------------
[ 2025-03-13T08:02:39+08:00 ] 10.211.55.2 GET dev.handmade.com/assets/addons/ldcms/css/iconfont.css
[运行时间：0.150757s] [吞吐率：6.63req/s] [内存消耗：258.49kb] [文件加载：80]
[ info ] [ BEHAVIOR ] Run Closure @app_init [ RunTime:0.000019s ]
[ info ] [ CACHE ] INIT File
[ info ] [ DB ] INIT mysql
[ info ] [ BEHAVIOR ] Run \addons\ldcms\Ldcms @app_init [ RunTime:0.126478s ]
[ info ] [ BEHAVIOR ] Run Closure @app_init [ RunTime:0.126507s ]
[ info ] [ BEHAVIOR ] Run app\common\behavior\Common @app_init [ RunTime:0.000169s ]
[ info ] [ LANG ] /var/webstars/handmade/thinkphp/lang/zh-cn.php
[ info ] [ BEHAVIOR ] Run app\common\behavior\Common @app_dispatch [ RunTime:0.000020s ]
[ info ] [ ROUTE ] array (
  'type' => 'module',
  'module' => 
  array (
    0 => 'assets',
    1 => 'addons',
    2 => 'ldcms',
  ),
)
[ info ] [ HEADER ] array (
  'cookie' => 'frontend_language=zh-cn; PHPSESSID=suo51l24lkfa37o8t2ghmh3jft; thinkphp_show_page_trace=0|0; backend_language=zh-cn; keeplogin=1%7C86400%7C1741909127%7C1c649e0e0e7d9718fc5855794f92a92e',
  'accept-language' => 'zh-CN,zh;q=0.9,en;q=0.8',
  'accept-encoding' => 'gzip, deflate',
  'referer' => 'http://dev.handmade.com/yuangongfengcai',
  'accept' => 'text/css,*/*;q=0.1',
  'user-agent' => 'Mozilla/5.0 (Macintosh; Intel Mac OS X 10_15_7) AppleWebKit/537.36 (KHTML, like Gecko) Chrome/133.0.0.0 Safari/537.36',
  'connection' => 'keep-alive',
  'host' => 'dev.handmade.com',
  'content-length' => '',
  'content-type' => '',
)
[ info ] [ PARAM ] array (
  'css' => 'iconfont.css',
)
[ info ] [ LOG ] INIT File
[ error ] [2]rmdir(/var/webstars/handmade/runtime/cache/91): No such file or directory[/var/webstars/handmade/thinkphp/library/think/cache/driver/File.php:248]
[ error ] [2]unlink(/var/webstars/handmade/runtime/cache/b9/ccfd7d6efce5712683eaa0a4edba12.php): No such file or directory[/var/webstars/handmade/thinkphp/library/think/cache/driver/File.php:246]
[ error ] [2]rmdir(/var/webstars/handmade/runtime/cache/b9): No such file or directory[/var/webstars/handmade/thinkphp/library/think/cache/driver/File.php:248]
---------------------------------------------------------------
[ 2025-03-13T08:02:39+08:00 ] 10.211.55.2 GET dev.handmade.com/assets/addons/ldcms/css/animate.min.css
[运行时间：0.147998s] [吞吐率：6.76req/s] [内存消耗：261.38kb] [文件加载：80]
[ info ] [ BEHAVIOR ] Run Closure @app_init [ RunTime:0.000016s ]
[ info ] [ CACHE ] INIT File
[ info ] [ DB ] INIT mysql
[ info ] [ BEHAVIOR ] Run \addons\ldcms\Ldcms @app_init [ RunTime:0.123807s ]
[ info ] [ BEHAVIOR ] Run Closure @app_init [ RunTime:0.123827s ]
[ info ] [ BEHAVIOR ] Run app\common\behavior\Common @app_init [ RunTime:0.000044s ]
[ info ] [ LANG ] /var/webstars/handmade/thinkphp/lang/zh-cn.php
[ info ] [ BEHAVIOR ] Run app\common\behavior\Common @app_dispatch [ RunTime:0.000021s ]
[ info ] [ ROUTE ] array (
  'type' => 'module',
  'module' => 
  array (
    0 => 'assets',
    1 => 'addons',
    2 => 'ldcms',
  ),
)
[ info ] [ HEADER ] array (
  'cookie' => 'frontend_language=zh-cn; PHPSESSID=suo51l24lkfa37o8t2ghmh3jft; thinkphp_show_page_trace=0|0; backend_language=zh-cn; keeplogin=1%7C86400%7C1741909127%7C1c649e0e0e7d9718fc5855794f92a92e',
  'accept-language' => 'zh-CN,zh;q=0.9,en;q=0.8',
  'accept-encoding' => 'gzip, deflate',
  'referer' => 'http://dev.handmade.com/yuangongfengcai',
  'accept' => 'text/css,*/*;q=0.1',
  'user-agent' => 'Mozilla/5.0 (Macintosh; Intel Mac OS X 10_15_7) AppleWebKit/537.36 (KHTML, like Gecko) Chrome/133.0.0.0 Safari/537.36',
  'connection' => 'keep-alive',
  'host' => 'dev.handmade.com',
  'content-length' => '',
  'content-type' => '',
)
[ info ] [ PARAM ] array (
  'css' => 'animate.min.css',
)
[ info ] [ LOG ] INIT File
[ error ] [2]rmdir(/var/webstars/handmade/runtime/cache/19): No such file or directory[/var/webstars/handmade/thinkphp/library/think/cache/driver/File.php:248]
[ error ] [2]unlink(/var/webstars/handmade/runtime/cache/4e/819c837d54a6ed09abc77a8560a66f.php): No such file or directory[/var/webstars/handmade/thinkphp/library/think/cache/driver/File.php:246]
[ error ] [2]rmdir(/var/webstars/handmade/runtime/cache/4e): No such file or directory[/var/webstars/handmade/thinkphp/library/think/cache/driver/File.php:248]
[ error ] [2]rmdir(/var/webstars/handmade/runtime/cache/67): No such file or directory[/var/webstars/handmade/thinkphp/library/think/cache/driver/File.php:248]
[ error ] [2]unlink(/var/webstars/handmade/runtime/cache/91/a7add9f25cf1b724cb4bda50eacd23.php): No such file or directory[/var/webstars/handmade/thinkphp/library/think/cache/driver/File.php:246]
[ error ] [2]unlink(/var/webstars/handmade/runtime/cache/bb/4d2c7c184a0a1ab2d29f7029af4079.php): No such file or directory[/var/webstars/handmade/thinkphp/library/think/cache/driver/File.php:246]
[ error ] [2]rmdir(/var/webstars/handmade/runtime/cache/bb): No such file or directory[/var/webstars/handmade/thinkphp/library/think/cache/driver/File.php:248]
[ error ] [2]rmdir(/var/webstars/handmade/runtime/cache/da): No such file or directory[/var/webstars/handmade/thinkphp/library/think/cache/driver/File.php:248]
---------------------------------------------------------------
[ 2025-03-13T08:02:39+08:00 ] 10.211.55.2 GET dev.handmade.com/assets/addons/ldcms/css/swiper.min.css
[运行时间：0.127506s] [吞吐率：7.84req/s] [内存消耗：341.09kb] [文件加载：78]
[ info ] [ BEHAVIOR ] Run Closure @app_init [ RunTime:0.000021s ]
[ info ] [ CACHE ] INIT File
[ info ] [ DB ] INIT mysql
[ info ] [ BEHAVIOR ] Run \addons\ldcms\Ldcms @app_init [ RunTime:0.106555s ]
[ info ] [ BEHAVIOR ] Run Closure @app_init [ RunTime:0.106577s ]
[ info ] [ BEHAVIOR ] Run app\common\behavior\Common @app_init [ RunTime:0.000055s ]
[ info ] [ LANG ] /var/webstars/handmade/thinkphp/lang/zh-cn.php
[ info ] [ BEHAVIOR ] Run app\common\behavior\Common @app_dispatch [ RunTime:0.000015s ]
[ info ] [ ROUTE ] array (
  'type' => 'module',
  'module' => 
  array (
    0 => 'assets',
    1 => 'addons',
    2 => 'ldcms',
  ),
)
[ info ] [ HEADER ] array (
  'cookie' => 'frontend_language=zh-cn; PHPSESSID=suo51l24lkfa37o8t2ghmh3jft; thinkphp_show_page_trace=0|0; backend_language=zh-cn; keeplogin=1%7C86400%7C1741909127%7C1c649e0e0e7d9718fc5855794f92a92e',
  'accept-language' => 'zh-CN,zh;q=0.9,en;q=0.8',
  'accept-encoding' => 'gzip, deflate',
  'referer' => 'http://dev.handmade.com/yuangongfengcai',
  'accept' => 'text/css,*/*;q=0.1',
  'user-agent' => 'Mozilla/5.0 (Macintosh; Intel Mac OS X 10_15_7) AppleWebKit/537.36 (KHTML, like Gecko) Chrome/133.0.0.0 Safari/537.36',
  'connection' => 'keep-alive',
  'host' => 'dev.handmade.com',
  'content-length' => '',
  'content-type' => '',
)
[ info ] [ PARAM ] array (
  'css' => 'swiper.min.css',
)
[ info ] [ LOG ] INIT File
---------------------------------------------------------------
[ 2025-03-13T08:02:39+08:00 ] 10.211.55.2 GET dev.handmade.com/assets/addons/ldcms/css/styles.css
[运行时间：0.059508s] [吞吐率：16.80req/s] [内存消耗：345.55kb] [文件加载：80]
[ info ] [ BEHAVIOR ] Run Closure @app_init [ RunTime:0.000016s ]
[ info ] [ CACHE ] INIT File
[ info ] [ DB ] INIT mysql
[ info ] [ BEHAVIOR ] Run \addons\ldcms\Ldcms @app_init [ RunTime:0.045705s ]
[ info ] [ BEHAVIOR ] Run Closure @app_init [ RunTime:0.045731s ]
[ info ] [ BEHAVIOR ] Run app\common\behavior\Common @app_init [ RunTime:0.000050s ]
[ info ] [ LANG ] /var/webstars/handmade/thinkphp/lang/zh-cn.php
[ info ] [ BEHAVIOR ] Run app\common\behavior\Common @app_dispatch [ RunTime:0.000022s ]
[ info ] [ ROUTE ] array (
  'type' => 'module',
  'module' => 
  array (
    0 => 'assets',
    1 => 'addons',
    2 => 'ldcms',
  ),
)
[ info ] [ HEADER ] array (
  'cookie' => 'frontend_language=zh-cn; PHPSESSID=suo51l24lkfa37o8t2ghmh3jft; thinkphp_show_page_trace=0|0; backend_language=zh-cn; keeplogin=1%7C86400%7C1741909127%7C1c649e0e0e7d9718fc5855794f92a92e',
  'accept-language' => 'zh-CN,zh;q=0.9,en;q=0.8',
  'accept-encoding' => 'gzip, deflate',
  'referer' => 'http://dev.handmade.com/yuangongfengcai',
  'accept' => 'text/css,*/*;q=0.1',
  'user-agent' => 'Mozilla/5.0 (Macintosh; Intel Mac OS X 10_15_7) AppleWebKit/537.36 (KHTML, like Gecko) Chrome/133.0.0.0 Safari/537.36',
  'connection' => 'keep-alive',
  'host' => 'dev.handmade.com',
  'content-length' => '',
  'content-type' => '',
)
[ info ] [ PARAM ] array (
  'css' => 'styles.css',
)
[ info ] [ LOG ] INIT File
[ error ] [2]rmdir(/var/webstars/handmade/runtime/cache/4e): No such file or directory[/var/webstars/handmade/thinkphp/library/think/cache/driver/File.php:248]
[ error ] [2]unlink(/var/webstars/handmade/runtime/cache/91/a7add9f25cf1b724cb4bda50eacd23.php): No such file or directory[/var/webstars/handmade/thinkphp/library/think/cache/driver/File.php:246]
---------------------------------------------------------------
[ 2025-03-13T08:02:39+08:00 ] 10.211.55.2 GET dev.handmade.com/assets/addons/ldcms/css/media.css
[运行时间：0.061565s] [吞吐率：16.24req/s] [内存消耗：344.68kb] [文件加载：80]
[ info ] [ BEHAVIOR ] Run Closure @app_init [ RunTime:0.000020s ]
[ info ] [ CACHE ] INIT File
[ info ] [ DB ] INIT mysql
[ info ] [ BEHAVIOR ] Run \addons\ldcms\Ldcms @app_init [ RunTime:0.028723s ]
[ info ] [ BEHAVIOR ] Run Closure @app_init [ RunTime:0.028745s ]
[ info ] [ BEHAVIOR ] Run app\common\behavior\Common @app_init [ RunTime:0.000029s ]
[ info ] [ LANG ] /var/webstars/handmade/thinkphp/lang/zh-cn.php
[ info ] [ BEHAVIOR ] Run app\common\behavior\Common @app_dispatch [ RunTime:0.000014s ]
[ info ] [ ROUTE ] array (
  'type' => 'module',
  'module' => 
  array (
    0 => 'assets',
    1 => 'addons',
    2 => 'ldcms',
  ),
)
[ info ] [ HEADER ] array (
  'cookie' => 'frontend_language=zh-cn; PHPSESSID=suo51l24lkfa37o8t2ghmh3jft; thinkphp_show_page_trace=0|0; backend_language=zh-cn; keeplogin=1%7C86400%7C1741909127%7C1c649e0e0e7d9718fc5855794f92a92e',
  'accept-language' => 'zh-CN,zh;q=0.9,en;q=0.8',
  'accept-encoding' => 'gzip, deflate',
  'referer' => 'http://dev.handmade.com/yuangongfengcai',
  'accept' => 'text/css,*/*;q=0.1',
  'user-agent' => 'Mozilla/5.0 (Macintosh; Intel Mac OS X 10_15_7) AppleWebKit/537.36 (KHTML, like Gecko) Chrome/133.0.0.0 Safari/537.36',
  'connection' => 'keep-alive',
  'host' => 'dev.handmade.com',
  'content-length' => '',
  'content-type' => '',
)
[ info ] [ PARAM ] array (
  'css' => 'media.css',
)
[ info ] [ LOG ] INIT File
[ error ] [2]rmdir(/var/webstars/handmade/runtime/cache/91): No such file or directory[/var/webstars/handmade/thinkphp/library/think/cache/driver/File.php:248]
---------------------------------------------------------------
[ 2025-03-13T08:02:39+08:00 ] 10.211.55.2 GET dev.handmade.com/assets/addons/ldcms/css/public.css
[运行时间：0.076223s] [吞吐率：13.12req/s] [内存消耗：346.12kb] [文件加载：80]
[ info ] [ BEHAVIOR ] Run Closure @app_init [ RunTime:0.000016s ]
[ info ] [ CACHE ] INIT File
[ info ] [ DB ] INIT mysql
[ info ] [ BEHAVIOR ] Run \addons\ldcms\Ldcms @app_init [ RunTime:0.040147s ]
[ info ] [ BEHAVIOR ] Run Closure @app_init [ RunTime:0.040162s ]
[ info ] [ BEHAVIOR ] Run app\common\behavior\Common @app_init [ RunTime:0.000025s ]
[ info ] [ LANG ] /var/webstars/handmade/thinkphp/lang/zh-cn.php
[ info ] [ BEHAVIOR ] Run app\common\behavior\Common @app_dispatch [ RunTime:0.000022s ]
[ info ] [ ROUTE ] array (
  'type' => 'module',
  'module' => 
  array (
    0 => 'assets',
    1 => 'addons',
    2 => 'ldcms',
  ),
)
[ info ] [ HEADER ] array (
  'cookie' => 'frontend_language=zh-cn; PHPSESSID=suo51l24lkfa37o8t2ghmh3jft; thinkphp_show_page_trace=0|0; backend_language=zh-cn; keeplogin=1%7C86400%7C1741909127%7C1c649e0e0e7d9718fc5855794f92a92e',
  'accept-language' => 'zh-CN,zh;q=0.9,en;q=0.8',
  'accept-encoding' => 'gzip, deflate',
  'referer' => 'http://dev.handmade.com/yuangongfengcai',
  'accept' => 'text/css,*/*;q=0.1',
  'user-agent' => 'Mozilla/5.0 (Macintosh; Intel Mac OS X 10_15_7) AppleWebKit/537.36 (KHTML, like Gecko) Chrome/133.0.0.0 Safari/537.36',
  'connection' => 'keep-alive',
  'host' => 'dev.handmade.com',
  'content-length' => '',
  'content-type' => '',
)
[ info ] [ PARAM ] array (
  'css' => 'public.css',
)
[ info ] [ LOG ] INIT File
[ error ] [2]unlink(/var/webstars/handmade/runtime/cache/67/8ad6fa6bc105f817aa918afec0cfe1.php): No such file or directory[/var/webstars/handmade/thinkphp/library/think/cache/driver/File.php:246]
[ error ] [2]rmdir(/var/webstars/handmade/runtime/cache/67): No such file or directory[/var/webstars/handmade/thinkphp/library/think/cache/driver/File.php:248]
[ error ] [2]rmdir(/var/webstars/handmade/runtime/cache/91): No such file or directory[/var/webstars/handmade/thinkphp/library/think/cache/driver/File.php:248]
---------------------------------------------------------------
[ 2025-03-13T08:02:39+08:00 ] 10.211.55.2 GET dev.handmade.com/assets/addons/ldcms/js/jquery.SuperSlide.2.1.1.js
[运行时间：0.055731s] [吞吐率：17.94req/s] [内存消耗：344.73kb] [文件加载：80]
[ info ] [ BEHAVIOR ] Run Closure @app_init [ RunTime:0.000018s ]
[ info ] [ CACHE ] INIT File
[ info ] [ DB ] INIT mysql
[ info ] [ BEHAVIOR ] Run \addons\ldcms\Ldcms @app_init [ RunTime:0.029067s ]
[ info ] [ BEHAVIOR ] Run Closure @app_init [ RunTime:0.029105s ]
[ info ] [ BEHAVIOR ] Run app\common\behavior\Common @app_init [ RunTime:0.000062s ]
[ info ] [ LANG ] /var/webstars/handmade/thinkphp/lang/zh-cn.php
[ info ] [ BEHAVIOR ] Run app\common\behavior\Common @app_dispatch [ RunTime:0.000025s ]
[ info ] [ ROUTE ] array (
  'type' => 'module',
  'module' => 
  array (
    0 => 'assets',
    1 => 'addons',
    2 => 'ldcms',
  ),
)
[ info ] [ HEADER ] array (
  'cookie' => 'frontend_language=zh-cn; PHPSESSID=suo51l24lkfa37o8t2ghmh3jft; thinkphp_show_page_trace=0|0; backend_language=zh-cn; keeplogin=1%7C86400%7C1741909127%7C1c649e0e0e7d9718fc5855794f92a92e',
  'accept-language' => 'zh-CN,zh;q=0.9,en;q=0.8',
  'accept-encoding' => 'gzip, deflate',
  'referer' => 'http://dev.handmade.com/yuangongfengcai',
  'accept' => '*/*',
  'user-agent' => 'Mozilla/5.0 (Macintosh; Intel Mac OS X 10_15_7) AppleWebKit/537.36 (KHTML, like Gecko) Chrome/133.0.0.0 Safari/537.36',
  'connection' => 'keep-alive',
  'host' => 'dev.handmade.com',
  'content-length' => '',
  'content-type' => '',
)
[ info ] [ PARAM ] array (
  'js' => 'jquery.SuperSlide.2.1.1.js',
)
[ info ] [ LOG ] INIT File
[ error ] [2]rmdir(/var/webstars/handmade/runtime/cache/67): Directory not empty[/var/webstars/handmade/thinkphp/library/think/cache/driver/File.php:248]
---------------------------------------------------------------
[ 2025-03-13T08:02:39+08:00 ] 10.211.55.2 GET dev.handmade.com/assets/addons/ldcms/layer/layer.js
[运行时间：0.064502s] [吞吐率：15.50req/s] [内存消耗：345.44kb] [文件加载：80]
[ info ] [ BEHAVIOR ] Run Closure @app_init [ RunTime:0.000014s ]
[ info ] [ CACHE ] INIT File
[ info ] [ DB ] INIT mysql
[ info ] [ BEHAVIOR ] Run \addons\ldcms\Ldcms @app_init [ RunTime:0.040804s ]
[ info ] [ BEHAVIOR ] Run Closure @app_init [ RunTime:0.041032s ]
[ info ] [ BEHAVIOR ] Run app\common\behavior\Common @app_init [ RunTime:0.000060s ]
[ info ] [ LANG ] /var/webstars/handmade/thinkphp/lang/zh-cn.php
[ info ] [ BEHAVIOR ] Run app\common\behavior\Common @app_dispatch [ RunTime:0.000083s ]
[ info ] [ ROUTE ] array (
  'type' => 'module',
  'module' => 
  array (
    0 => 'assets',
    1 => 'addons',
    2 => 'ldcms',
  ),
)
[ info ] [ HEADER ] array (
  'cookie' => 'frontend_language=zh-cn; PHPSESSID=suo51l24lkfa37o8t2ghmh3jft; thinkphp_show_page_trace=0|0; backend_language=zh-cn; keeplogin=1%7C86400%7C1741909127%7C1c649e0e0e7d9718fc5855794f92a92e',
  'accept-language' => 'zh-CN,zh;q=0.9,en;q=0.8',
  'accept-encoding' => 'gzip, deflate',
  'referer' => 'http://dev.handmade.com/yuangongfengcai',
  'accept' => '*/*',
  'user-agent' => 'Mozilla/5.0 (Macintosh; Intel Mac OS X 10_15_7) AppleWebKit/537.36 (KHTML, like Gecko) Chrome/133.0.0.0 Safari/537.36',
  'connection' => 'keep-alive',
  'host' => 'dev.handmade.com',
  'content-length' => '',
  'content-type' => '',
)
[ info ] [ PARAM ] array (
  'layer' => 'layer.js',
)
[ info ] [ LOG ] INIT File
[ error ] [2]file_get_contents(/var/webstars/handmade/runtime/cache/67/8ad6fa6bc105f817aa918afec0cfe1.php): Failed to open stream: No such file or directory[/var/webstars/handmade/thinkphp/library/think/cache/driver/File.php:113]
[ error ] [2]rmdir(/var/webstars/handmade/runtime/cache/91): No such file or directory[/var/webstars/handmade/thinkphp/library/think/cache/driver/File.php:248]
---------------------------------------------------------------
[ 2025-03-13T08:02:39+08:00 ] 10.211.55.2 GET dev.handmade.com/assets/addons/ldcms/js/jquery-1.11.2.min.js
[运行时间：0.079446s] [吞吐率：12.59req/s] [内存消耗：340.99kb] [文件加载：78]
[ info ] [ BEHAVIOR ] Run Closure @app_init [ RunTime:0.000017s ]
[ info ] [ CACHE ] INIT File
[ info ] [ DB ] INIT mysql
[ info ] [ BEHAVIOR ] Run \addons\ldcms\Ldcms @app_init [ RunTime:0.046150s ]
[ info ] [ BEHAVIOR ] Run Closure @app_init [ RunTime:0.046187s ]
[ info ] [ BEHAVIOR ] Run app\common\behavior\Common @app_init [ RunTime:0.000136s ]
[ info ] [ LANG ] /var/webstars/handmade/thinkphp/lang/zh-cn.php
[ info ] [ BEHAVIOR ] Run app\common\behavior\Common @app_dispatch [ RunTime:0.000030s ]
[ info ] [ ROUTE ] array (
  'type' => 'module',
  'module' => 
  array (
    0 => 'assets',
    1 => 'addons',
    2 => 'ldcms',
  ),
)
[ info ] [ HEADER ] array (
  'cookie' => 'frontend_language=zh-cn; PHPSESSID=suo51l24lkfa37o8t2ghmh3jft; thinkphp_show_page_trace=0|0; backend_language=zh-cn; keeplogin=1%7C86400%7C1741909127%7C1c649e0e0e7d9718fc5855794f92a92e',
  'accept-language' => 'zh-CN,zh;q=0.9,en;q=0.8',
  'accept-encoding' => 'gzip, deflate',
  'referer' => 'http://dev.handmade.com/yuangongfengcai',
  'accept' => '*/*',
  'user-agent' => 'Mozilla/5.0 (Macintosh; Intel Mac OS X 10_15_7) AppleWebKit/537.36 (KHTML, like Gecko) Chrome/133.0.0.0 Safari/537.36',
  'connection' => 'keep-alive',
  'host' => 'dev.handmade.com',
  'content-length' => '',
  'content-type' => '',
)
[ info ] [ PARAM ] array (
  'js' => 'jquery-1.11.2.min.js',
)
[ info ] [ LOG ] INIT File
---------------------------------------------------------------
[ 2025-03-13T08:02:39+08:00 ] 10.211.55.2 GET dev.handmade.com/assets/addons/ldcms/js/swiper.min.js
[运行时间：0.076997s] [吞吐率：12.99req/s] [内存消耗：341.05kb] [文件加载：78]
[ info ] [ BEHAVIOR ] Run Closure @app_init [ RunTime:0.000017s ]
[ info ] [ CACHE ] INIT File
[ info ] [ DB ] INIT mysql
[ info ] [ BEHAVIOR ] Run \addons\ldcms\Ldcms @app_init [ RunTime:0.059758s ]
[ info ] [ BEHAVIOR ] Run Closure @app_init [ RunTime:0.059791s ]
[ info ] [ BEHAVIOR ] Run app\common\behavior\Common @app_init [ RunTime:0.000271s ]
[ info ] [ LANG ] /var/webstars/handmade/thinkphp/lang/zh-cn.php
[ info ] [ BEHAVIOR ] Run app\common\behavior\Common @app_dispatch [ RunTime:0.000034s ]
[ info ] [ ROUTE ] array (
  'type' => 'module',
  'module' => 
  array (
    0 => 'assets',
    1 => 'addons',
    2 => 'ldcms',
  ),
)
[ info ] [ HEADER ] array (
  'cookie' => 'frontend_language=zh-cn; PHPSESSID=suo51l24lkfa37o8t2ghmh3jft; thinkphp_show_page_trace=0|0; backend_language=zh-cn; keeplogin=1%7C86400%7C1741909127%7C1c649e0e0e7d9718fc5855794f92a92e',
  'accept-language' => 'zh-CN,zh;q=0.9,en;q=0.8',
  'accept-encoding' => 'gzip, deflate',
  'referer' => 'http://dev.handmade.com/yuangongfengcai',
  'accept' => '*/*',
  'user-agent' => 'Mozilla/5.0 (Macintosh; Intel Mac OS X 10_15_7) AppleWebKit/537.36 (KHTML, like Gecko) Chrome/133.0.0.0 Safari/537.36',
  'connection' => 'keep-alive',
  'host' => 'dev.handmade.com',
  'content-length' => '',
  'content-type' => '',
)
[ info ] [ PARAM ] array (
  'js' => 'swiper.min.js',
)
[ info ] [ LOG ] INIT File
---------------------------------------------------------------
[ 2025-03-13T08:02:39+08:00 ] 10.211.55.2 GET dev.handmade.com/assets/addons/ldcms/js/jquery.stellar.min.js
[运行时间：0.075909s] [吞吐率：13.17req/s] [内存消耗：345.48kb] [文件加载：80]
[ info ] [ BEHAVIOR ] Run Closure @app_init [ RunTime:0.000021s ]
[ info ] [ CACHE ] INIT File
[ info ] [ DB ] INIT mysql
[ info ] [ BEHAVIOR ] Run \addons\ldcms\Ldcms @app_init [ RunTime:0.064429s ]
[ info ] [ BEHAVIOR ] Run Closure @app_init [ RunTime:0.064450s ]
[ info ] [ BEHAVIOR ] Run app\common\behavior\Common @app_init [ RunTime:0.000042s ]
[ info ] [ LANG ] /var/webstars/handmade/thinkphp/lang/zh-cn.php
[ info ] [ BEHAVIOR ] Run app\common\behavior\Common @app_dispatch [ RunTime:0.000017s ]
[ info ] [ ROUTE ] array (
  'type' => 'module',
  'module' => 
  array (
    0 => 'assets',
    1 => 'addons',
    2 => 'ldcms',
  ),
)
[ info ] [ HEADER ] array (
  'cookie' => 'frontend_language=zh-cn; PHPSESSID=suo51l24lkfa37o8t2ghmh3jft; thinkphp_show_page_trace=0|0; backend_language=zh-cn; keeplogin=1%7C86400%7C1741909127%7C1c649e0e0e7d9718fc5855794f92a92e',
  'accept-language' => 'zh-CN,zh;q=0.9,en;q=0.8',
  'accept-encoding' => 'gzip, deflate',
  'referer' => 'http://dev.handmade.com/yuangongfengcai',
  'accept' => '*/*',
  'user-agent' => 'Mozilla/5.0 (Macintosh; Intel Mac OS X 10_15_7) AppleWebKit/537.36 (KHTML, like Gecko) Chrome/133.0.0.0 Safari/537.36',
  'connection' => 'keep-alive',
  'host' => 'dev.handmade.com',
  'content-length' => '',
  'content-type' => '',
)
[ info ] [ PARAM ] array (
  'js' => 'jquery.stellar.min.js',
)
[ info ] [ LOG ] INIT File
[ error ] [2]file_put_contents(/var/webstars/handmade/runtime/cache/67/8ad6fa6bc105f817aa918afec0cfe1.php): Failed to open stream: No such file or directory[/var/webstars/handmade/thinkphp/library/think/cache/driver/File.php:159]
[ error ] [2]rmdir(/var/webstars/handmade/runtime/cache/91): Directory not empty[/var/webstars/handmade/thinkphp/library/think/cache/driver/File.php:248]
---------------------------------------------------------------
[ 2025-03-13T08:02:39+08:00 ] 10.211.55.2 GET dev.handmade.com/assets/addons/ldcms/images/banner.jpg
[运行时间：0.023046s] [吞吐率：43.39req/s] [内存消耗：257.12kb] [文件加载：80]
[ info ] [ BEHAVIOR ] Run Closure @app_init [ RunTime:0.000165s ]
[ info ] [ CACHE ] INIT File
[ info ] [ DB ] INIT mysql
[ info ] [ BEHAVIOR ] Run \addons\ldcms\Ldcms @app_init [ RunTime:0.011982s ]
[ info ] [ BEHAVIOR ] Run Closure @app_init [ RunTime:0.011999s ]
[ info ] [ BEHAVIOR ] Run app\common\behavior\Common @app_init [ RunTime:0.000023s ]
[ info ] [ LANG ] /var/webstars/handmade/thinkphp/lang/zh-cn.php
[ info ] [ BEHAVIOR ] Run app\common\behavior\Common @app_dispatch [ RunTime:0.000012s ]
[ info ] [ ROUTE ] array (
  'type' => 'module',
  'module' => 
  array (
    0 => 'assets',
    1 => 'addons',
    2 => 'ldcms',
  ),
)
[ info ] [ HEADER ] array (
  'cookie' => 'frontend_language=zh-cn; PHPSESSID=suo51l24lkfa37o8t2ghmh3jft; thinkphp_show_page_trace=0|0; backend_language=zh-cn; keeplogin=1%7C86400%7C1741909127%7C1c649e0e0e7d9718fc5855794f92a92e',
  'accept-language' => 'zh-CN,zh;q=0.9,en;q=0.8',
  'accept-encoding' => 'gzip, deflate',
  'referer' => 'http://dev.handmade.com/yuangongfengcai',
  'accept' => 'image/avif,image/webp,image/apng,image/svg+xml,image/*,*/*;q=0.8',
  'user-agent' => 'Mozilla/5.0 (Macintosh; Intel Mac OS X 10_15_7) AppleWebKit/537.36 (KHTML, like Gecko) Chrome/133.0.0.0 Safari/537.36',
  'connection' => 'keep-alive',
  'host' => 'dev.handmade.com',
  'content-length' => '',
  'content-type' => '',
)
[ info ] [ PARAM ] array (
  'images' => 'banner.jpg',
)
[ info ] [ LOG ] INIT File
[ error ] [2]rmdir(/var/webstars/handmade/runtime/cache/91): No such file or directory[/var/webstars/handmade/thinkphp/library/think/cache/driver/File.php:248]
---------------------------------------------------------------
[ 2025-03-13T08:02:39+08:00 ] 10.211.55.2 GET dev.handmade.com/assets/addons/ldcms/js/scrolla.jquery.js
[运行时间：0.105612s] [吞吐率：9.47req/s] [内存消耗：340.93kb] [文件加载：78]
[ info ] [ BEHAVIOR ] Run Closure @app_init [ RunTime:0.000018s ]
[ info ] [ CACHE ] INIT File
[ info ] [ DB ] INIT mysql
[ info ] [ BEHAVIOR ] Run \addons\ldcms\Ldcms @app_init [ RunTime:0.088807s ]
[ info ] [ BEHAVIOR ] Run Closure @app_init [ RunTime:0.088828s ]
[ info ] [ BEHAVIOR ] Run app\common\behavior\Common @app_init [ RunTime:0.000049s ]
[ info ] [ LANG ] /var/webstars/handmade/thinkphp/lang/zh-cn.php
[ info ] [ BEHAVIOR ] Run app\common\behavior\Common @app_dispatch [ RunTime:0.000015s ]
[ info ] [ ROUTE ] array (
  'type' => 'module',
  'module' => 
  array (
    0 => 'assets',
    1 => 'addons',
    2 => 'ldcms',
  ),
)
[ info ] [ HEADER ] array (
  'cookie' => 'frontend_language=zh-cn; PHPSESSID=suo51l24lkfa37o8t2ghmh3jft; thinkphp_show_page_trace=0|0; backend_language=zh-cn; keeplogin=1%7C86400%7C1741909127%7C1c649e0e0e7d9718fc5855794f92a92e',
  'accept-language' => 'zh-CN,zh;q=0.9,en;q=0.8',
  'accept-encoding' => 'gzip, deflate',
  'referer' => 'http://dev.handmade.com/yuangongfengcai',
  'accept' => '*/*',
  'user-agent' => 'Mozilla/5.0 (Macintosh; Intel Mac OS X 10_15_7) AppleWebKit/537.36 (KHTML, like Gecko) Chrome/133.0.0.0 Safari/537.36',
  'connection' => 'keep-alive',
  'host' => 'dev.handmade.com',
  'content-length' => '',
  'content-type' => '',
)
[ info ] [ PARAM ] array (
  'js' => 'scrolla.jquery.js',
)
[ info ] [ LOG ] INIT File
---------------------------------------------------------------
[ 2025-03-13T08:02:39+08:00 ] 10.211.55.2 GET dev.handmade.com/assets/addons/ldcms/images/logo.png
[运行时间：0.039113s] [吞吐率：25.57req/s] [内存消耗：258.54kb] [文件加载：80]
[ info ] [ BEHAVIOR ] Run Closure @app_init [ RunTime:0.000015s ]
[ info ] [ CACHE ] INIT File
[ info ] [ DB ] INIT mysql
[ info ] [ BEHAVIOR ] Run \addons\ldcms\Ldcms @app_init [ RunTime:0.016591s ]
[ info ] [ BEHAVIOR ] Run Closure @app_init [ RunTime:0.016606s ]
[ info ] [ BEHAVIOR ] Run app\common\behavior\Common @app_init [ RunTime:0.000026s ]
[ info ] [ LANG ] /var/webstars/handmade/thinkphp/lang/zh-cn.php
[ info ] [ BEHAVIOR ] Run app\common\behavior\Common @app_dispatch [ RunTime:0.000015s ]
[ info ] [ ROUTE ] array (
  'type' => 'module',
  'module' => 
  array (
    0 => 'assets',
    1 => 'addons',
    2 => 'ldcms',
  ),
)
[ info ] [ HEADER ] array (
  'cookie' => 'frontend_language=zh-cn; PHPSESSID=suo51l24lkfa37o8t2ghmh3jft; thinkphp_show_page_trace=0|0; backend_language=zh-cn; keeplogin=1%7C86400%7C1741909127%7C1c649e0e0e7d9718fc5855794f92a92e',
  'accept-language' => 'zh-CN,zh;q=0.9,en;q=0.8',
  'accept-encoding' => 'gzip, deflate',
  'referer' => 'http://dev.handmade.com/yuangongfengcai',
  'accept' => 'image/avif,image/webp,image/apng,image/svg+xml,image/*,*/*;q=0.8',
  'user-agent' => 'Mozilla/5.0 (Macintosh; Intel Mac OS X 10_15_7) AppleWebKit/537.36 (KHTML, like Gecko) Chrome/133.0.0.0 Safari/537.36',
  'connection' => 'keep-alive',
  'host' => 'dev.handmade.com',
  'content-length' => '',
  'content-type' => '',
)
[ info ] [ PARAM ] array (
  'images' => 'logo.png',
)
[ info ] [ LOG ] INIT File
[ error ] [2]rmdir(/var/webstars/handmade/runtime/cache/67): No such file or directory[/var/webstars/handmade/thinkphp/library/think/cache/driver/File.php:248]
[ error ] [2]unlink(/var/webstars/handmade/runtime/cache/91/a7add9f25cf1b724cb4bda50eacd23.php): No such file or directory[/var/webstars/handmade/thinkphp/library/think/cache/driver/File.php:246]
[ error ] [2]rmdir(/var/webstars/handmade/runtime/cache/91): No such file or directory[/var/webstars/handmade/thinkphp/library/think/cache/driver/File.php:248]
---------------------------------------------------------------
[ 2025-03-13T08:02:39+08:00 ] 10.211.55.2 GET dev.handmade.com/assets/addons/ldcms/images/langico.png
[运行时间：0.044986s] [吞吐率：22.23req/s] [内存消耗：346.74kb] [文件加载：80]
[ info ] [ BEHAVIOR ] Run Closure @app_init [ RunTime:0.000024s ]
[ info ] [ CACHE ] INIT File
[ info ] [ DB ] INIT mysql
[ info ] [ BEHAVIOR ] Run \addons\ldcms\Ldcms @app_init [ RunTime:0.032087s ]
[ info ] [ BEHAVIOR ] Run Closure @app_init [ RunTime:0.032106s ]
[ info ] [ BEHAVIOR ] Run app\common\behavior\Common @app_init [ RunTime:0.000032s ]
[ info ] [ LANG ] /var/webstars/handmade/thinkphp/lang/zh-cn.php
[ info ] [ BEHAVIOR ] Run app\common\behavior\Common @app_dispatch [ RunTime:0.000024s ]
[ info ] [ ROUTE ] array (
  'type' => 'module',
  'module' => 
  array (
    0 => 'assets',
    1 => 'addons',
    2 => 'ldcms',
  ),
)
[ info ] [ HEADER ] array (
  'cookie' => 'frontend_language=zh-cn; PHPSESSID=suo51l24lkfa37o8t2ghmh3jft; thinkphp_show_page_trace=0|0; backend_language=zh-cn; keeplogin=1%7C86400%7C1741909127%7C1c649e0e0e7d9718fc5855794f92a92e',
  'accept-language' => 'zh-CN,zh;q=0.9,en;q=0.8',
  'accept-encoding' => 'gzip, deflate',
  'referer' => 'http://dev.handmade.com/yuangongfengcai',
  'accept' => 'image/avif,image/webp,image/apng,image/svg+xml,image/*,*/*;q=0.8',
  'user-agent' => 'Mozilla/5.0 (Macintosh; Intel Mac OS X 10_15_7) AppleWebKit/537.36 (KHTML, like Gecko) Chrome/133.0.0.0 Safari/537.36',
  'connection' => 'keep-alive',
  'host' => 'dev.handmade.com',
  'content-length' => '',
  'content-type' => '',
)
[ info ] [ PARAM ] array (
  'images' => 'langico.png',
)
[ info ] [ LOG ] INIT File
[ error ] [2]unlink(/var/webstars/handmade/runtime/cache/4e/819c837d54a6ed09abc77a8560a66f.php): No such file or directory[/var/webstars/handmade/thinkphp/library/think/cache/driver/File.php:246]
[ error ] [2]rmdir(/var/webstars/handmade/runtime/cache/4e): No such file or directory[/var/webstars/handmade/thinkphp/library/think/cache/driver/File.php:248]
[ error ] [2]unlink(/var/webstars/handmade/runtime/cache/91/a7add9f25cf1b724cb4bda50eacd23.php): No such file or directory[/var/webstars/handmade/thinkphp/library/think/cache/driver/File.php:246]
[ error ] [2]rmdir(/var/webstars/handmade/runtime/cache/91): No such file or directory[/var/webstars/handmade/thinkphp/library/think/cache/driver/File.php:248]
---------------------------------------------------------------
[ 2025-03-13T08:02:39+08:00 ] 10.211.55.2 GET dev.handmade.com/assets/addons/ldcms/images/searico.png
[运行时间：0.049157s] [吞吐率：20.34req/s] [内存消耗：345.62kb] [文件加载：80]
[ info ] [ BEHAVIOR ] Run Closure @app_init [ RunTime:0.000019s ]
[ info ] [ CACHE ] INIT File
[ info ] [ DB ] INIT mysql
[ info ] [ BEHAVIOR ] Run \addons\ldcms\Ldcms @app_init [ RunTime:0.027628s ]
[ info ] [ BEHAVIOR ] Run Closure @app_init [ RunTime:0.027654s ]
[ info ] [ BEHAVIOR ] Run app\common\behavior\Common @app_init [ RunTime:0.000051s ]
[ info ] [ LANG ] /var/webstars/handmade/thinkphp/lang/zh-cn.php
[ info ] [ BEHAVIOR ] Run app\common\behavior\Common @app_dispatch [ RunTime:0.000025s ]
[ info ] [ ROUTE ] array (
  'type' => 'module',
  'module' => 
  array (
    0 => 'assets',
    1 => 'addons',
    2 => 'ldcms',
  ),
)
[ info ] [ HEADER ] array (
  'cookie' => 'frontend_language=zh-cn; PHPSESSID=suo51l24lkfa37o8t2ghmh3jft; thinkphp_show_page_trace=0|0; backend_language=zh-cn; keeplogin=1%7C86400%7C1741909127%7C1c649e0e0e7d9718fc5855794f92a92e',
  'accept-language' => 'zh-CN,zh;q=0.9,en;q=0.8',
  'accept-encoding' => 'gzip, deflate',
  'referer' => 'http://dev.handmade.com/yuangongfengcai',
  'accept' => 'image/avif,image/webp,image/apng,image/svg+xml,image/*,*/*;q=0.8',
  'user-agent' => 'Mozilla/5.0 (Macintosh; Intel Mac OS X 10_15_7) AppleWebKit/537.36 (KHTML, like Gecko) Chrome/133.0.0.0 Safari/537.36',
  'connection' => 'keep-alive',
  'host' => 'dev.handmade.com',
  'content-length' => '',
  'content-type' => '',
)
[ info ] [ PARAM ] array (
  'images' => 'searico.png',
)
[ info ] [ LOG ] INIT File
[ error ] [2]unlink(/var/webstars/handmade/runtime/cache/67/8ad6fa6bc105f817aa918afec0cfe1.php): No such file or directory[/var/webstars/handmade/thinkphp/library/think/cache/driver/File.php:246]
[ error ] [2]rmdir(/var/webstars/handmade/runtime/cache/67): No such file or directory[/var/webstars/handmade/thinkphp/library/think/cache/driver/File.php:248]
---------------------------------------------------------------
[ 2025-03-13T08:02:39+08:00 ] 10.211.55.2 GET dev.handmade.com/assets/addons/ldcms/images/search_close.png
[运行时间：0.091246s] [吞吐率：10.96req/s] [内存消耗：346.77kb] [文件加载：80]
[ info ] [ BEHAVIOR ] Run Closure @app_init [ RunTime:0.000022s ]
[ info ] [ CACHE ] INIT File
[ info ] [ DB ] INIT mysql
[ info ] [ BEHAVIOR ] Run \addons\ldcms\Ldcms @app_init [ RunTime:0.066975s ]
[ info ] [ BEHAVIOR ] Run Closure @app_init [ RunTime:0.067008s ]
[ info ] [ BEHAVIOR ] Run app\common\behavior\Common @app_init [ RunTime:0.000053s ]
[ info ] [ LANG ] /var/webstars/handmade/thinkphp/lang/zh-cn.php
[ info ] [ BEHAVIOR ] Run app\common\behavior\Common @app_dispatch [ RunTime:0.000568s ]
[ info ] [ ROUTE ] array (
  'type' => 'module',
  'module' => 
  array (
    0 => 'assets',
    1 => 'addons',
    2 => 'ldcms',
  ),
)
[ info ] [ HEADER ] array (
  'cookie' => 'frontend_language=zh-cn; PHPSESSID=suo51l24lkfa37o8t2ghmh3jft; thinkphp_show_page_trace=0|0; backend_language=zh-cn; keeplogin=1%7C86400%7C1741909127%7C1c649e0e0e7d9718fc5855794f92a92e',
  'accept-language' => 'zh-CN,zh;q=0.9,en;q=0.8',
  'accept-encoding' => 'gzip, deflate',
  'referer' => 'http://dev.handmade.com/yuangongfengcai',
  'accept' => 'image/avif,image/webp,image/apng,image/svg+xml,image/*,*/*;q=0.8',
  'user-agent' => 'Mozilla/5.0 (Macintosh; Intel Mac OS X 10_15_7) AppleWebKit/537.36 (KHTML, like Gecko) Chrome/133.0.0.0 Safari/537.36',
  'connection' => 'keep-alive',
  'host' => 'dev.handmade.com',
  'content-length' => '',
  'content-type' => '',
)
[ info ] [ PARAM ] array (
  'images' => 'search_close.png',
)
[ info ] [ LOG ] INIT File
[ error ] [2]unlink(/var/webstars/handmade/runtime/cache/4e/819c837d54a6ed09abc77a8560a66f.php): No such file or directory[/var/webstars/handmade/thinkphp/library/think/cache/driver/File.php:246]
[ error ] [2]rmdir(/var/webstars/handmade/runtime/cache/4e): No such file or directory[/var/webstars/handmade/thinkphp/library/think/cache/driver/File.php:248]
[ error ] [2]unlink(/var/webstars/handmade/runtime/cache/67/8ad6fa6bc105f817aa918afec0cfe1.php): No such file or directory[/var/webstars/handmade/thinkphp/library/think/cache/driver/File.php:246]
[ error ] [2]rmdir(/var/webstars/handmade/runtime/cache/67): No such file or directory[/var/webstars/handmade/thinkphp/library/think/cache/driver/File.php:248]
---------------------------------------------------------------
[ 2025-03-13T08:02:39+08:00 ] 10.211.55.2 GET dev.handmade.com/assets/addons/ldcms/images/wapnavico.png
[运行时间：0.077757s] [吞吐率：12.86req/s] [内存消耗：258.01kb] [文件加载：80]
[ info ] [ BEHAVIOR ] Run Closure @app_init [ RunTime:0.000021s ]
[ info ] [ CACHE ] INIT File
[ info ] [ DB ] INIT mysql
[ info ] [ BEHAVIOR ] Run \addons\ldcms\Ldcms @app_init [ RunTime:0.043764s ]
[ info ] [ BEHAVIOR ] Run Closure @app_init [ RunTime:0.043784s ]
[ info ] [ BEHAVIOR ] Run app\common\behavior\Common @app_init [ RunTime:0.000037s ]
[ info ] [ LANG ] /var/webstars/handmade/thinkphp/lang/zh-cn.php
[ info ] [ BEHAVIOR ] Run app\common\behavior\Common @app_dispatch [ RunTime:0.000018s ]
[ info ] [ ROUTE ] array (
  'type' => 'module',
  'module' => 
  array (
    0 => 'assets',
    1 => 'addons',
    2 => 'ldcms',
  ),
)
[ info ] [ HEADER ] array (
  'cookie' => 'frontend_language=zh-cn; PHPSESSID=suo51l24lkfa37o8t2ghmh3jft; thinkphp_show_page_trace=0|0; backend_language=zh-cn; keeplogin=1%7C86400%7C1741909127%7C1c649e0e0e7d9718fc5855794f92a92e',
  'accept-language' => 'zh-CN,zh;q=0.9,en;q=0.8',
  'accept-encoding' => 'gzip, deflate',
  'referer' => 'http://dev.handmade.com/yuangongfengcai',
  'accept' => 'image/avif,image/webp,image/apng,image/svg+xml,image/*,*/*;q=0.8',
  'user-agent' => 'Mozilla/5.0 (Macintosh; Intel Mac OS X 10_15_7) AppleWebKit/537.36 (KHTML, like Gecko) Chrome/133.0.0.0 Safari/537.36',
  'connection' => 'keep-alive',
  'host' => 'dev.handmade.com',
  'content-length' => '',
  'content-type' => '',
)
[ info ] [ PARAM ] array (
  'images' => 'wapnavico.png',
)
[ info ] [ LOG ] INIT File
[ error ] [2]unlink(/var/webstars/handmade/runtime/cache/91/a7add9f25cf1b724cb4bda50eacd23.php): No such file or directory[/var/webstars/handmade/thinkphp/library/think/cache/driver/File.php:246]
[ error ] [2]rmdir(/var/webstars/handmade/runtime/cache/91): No such file or directory[/var/webstars/handmade/thinkphp/library/think/cache/driver/File.php:248]
---------------------------------------------------------------
[ 2025-03-13T08:02:39+08:00 ] 10.211.55.2 GET dev.handmade.com/assets/addons/ldcms/images/searchico.png
[运行时间：0.086569s] [吞吐率：11.55req/s] [内存消耗：346.20kb] [文件加载：80]
[ info ] [ BEHAVIOR ] Run Closure @app_init [ RunTime:0.000021s ]
[ info ] [ CACHE ] INIT File
[ info ] [ DB ] INIT mysql
[ info ] [ BEHAVIOR ] Run \addons\ldcms\Ldcms @app_init [ RunTime:0.059309s ]
[ info ] [ BEHAVIOR ] Run Closure @app_init [ RunTime:0.059329s ]
[ info ] [ BEHAVIOR ] Run app\common\behavior\Common @app_init [ RunTime:0.000037s ]
[ info ] [ LANG ] /var/webstars/handmade/thinkphp/lang/zh-cn.php
[ info ] [ BEHAVIOR ] Run app\common\behavior\Common @app_dispatch [ RunTime:0.000018s ]
[ info ] [ ROUTE ] array (
  'type' => 'module',
  'module' => 
  array (
    0 => 'assets',
    1 => 'addons',
    2 => 'ldcms',
  ),
)
[ info ] [ HEADER ] array (
  'cookie' => 'frontend_language=zh-cn; PHPSESSID=suo51l24lkfa37o8t2ghmh3jft; thinkphp_show_page_trace=0|0; backend_language=zh-cn; keeplogin=1%7C86400%7C1741909127%7C1c649e0e0e7d9718fc5855794f92a92e',
  'accept-language' => 'zh-CN,zh;q=0.9,en;q=0.8',
  'accept-encoding' => 'gzip, deflate',
  'referer' => 'http://dev.handmade.com/yuangongfengcai',
  'accept' => 'image/avif,image/webp,image/apng,image/svg+xml,image/*,*/*;q=0.8',
  'user-agent' => 'Mozilla/5.0 (Macintosh; Intel Mac OS X 10_15_7) AppleWebKit/537.36 (KHTML, like Gecko) Chrome/133.0.0.0 Safari/537.36',
  'connection' => 'keep-alive',
  'host' => 'dev.handmade.com',
  'content-length' => '',
  'content-type' => '',
)
[ info ] [ PARAM ] array (
  'images' => 'searchico.png',
)
[ info ] [ LOG ] INIT File
[ error ] [2]rmdir(/var/webstars/handmade/runtime/cache/67): No such file or directory[/var/webstars/handmade/thinkphp/library/think/cache/driver/File.php:248]
[ error ] [2]unlink(/var/webstars/handmade/runtime/cache/91/a7add9f25cf1b724cb4bda50eacd23.php): No such file or directory[/var/webstars/handmade/thinkphp/library/think/cache/driver/File.php:246]
[ error ] [2]rmdir(/var/webstars/handmade/runtime/cache/91): No such file or directory[/var/webstars/handmade/thinkphp/library/think/cache/driver/File.php:248]
---------------------------------------------------------------
[ 2025-03-13T08:02:39+08:00 ] 10.211.55.2 GET dev.handmade.com/assets/addons/ldcms/images/jiantblue.png
[运行时间：0.071496s] [吞吐率：13.99req/s] [内存消耗：345.47kb] [文件加载：80]
[ info ] [ BEHAVIOR ] Run Closure @app_init [ RunTime:0.000015s ]
[ info ] [ CACHE ] INIT File
[ info ] [ DB ] INIT mysql
[ info ] [ BEHAVIOR ] Run \addons\ldcms\Ldcms @app_init [ RunTime:0.058225s ]
[ info ] [ BEHAVIOR ] Run Closure @app_init [ RunTime:0.058240s ]
[ info ] [ BEHAVIOR ] Run app\common\behavior\Common @app_init [ RunTime:0.000033s ]
[ info ] [ LANG ] /var/webstars/handmade/thinkphp/lang/zh-cn.php
[ info ] [ BEHAVIOR ] Run app\common\behavior\Common @app_dispatch [ RunTime:0.000017s ]
[ info ] [ ROUTE ] array (
  'type' => 'module',
  'module' => 
  array (
    0 => 'assets',
    1 => 'addons',
    2 => 'ldcms',
  ),
)
[ info ] [ HEADER ] array (
  'cookie' => 'frontend_language=zh-cn; PHPSESSID=suo51l24lkfa37o8t2ghmh3jft; thinkphp_show_page_trace=0|0; backend_language=zh-cn; keeplogin=1%7C86400%7C1741909127%7C1c649e0e0e7d9718fc5855794f92a92e',
  'accept-language' => 'zh-CN,zh;q=0.9,en;q=0.8',
  'accept-encoding' => 'gzip, deflate',
  'referer' => 'http://dev.handmade.com/yuangongfengcai',
  'accept' => 'image/avif,image/webp,image/apng,image/svg+xml,image/*,*/*;q=0.8',
  'user-agent' => 'Mozilla/5.0 (Macintosh; Intel Mac OS X 10_15_7) AppleWebKit/537.36 (KHTML, like Gecko) Chrome/133.0.0.0 Safari/537.36',
  'connection' => 'keep-alive',
  'host' => 'dev.handmade.com',
  'content-length' => '',
  'content-type' => '',
)
[ info ] [ PARAM ] array (
  'images' => 'jiantblue.png',
)
[ info ] [ LOG ] INIT File
[ error ] [2]unlink(/var/webstars/handmade/runtime/cache/91/a7add9f25cf1b724cb4bda50eacd23.php): No such file or directory[/var/webstars/handmade/thinkphp/library/think/cache/driver/File.php:246]
[ error ] [2]rmdir(/var/webstars/handmade/runtime/cache/91): No such file or directory[/var/webstars/handmade/thinkphp/library/think/cache/driver/File.php:248]
---------------------------------------------------------------
[ 2025-03-13T08:02:39+08:00 ] 10.211.55.2 GET dev.handmade.com/assets/addons/ldcms/images/culture1.png
[运行时间：0.070391s] [吞吐率：14.21req/s] [内存消耗：347.20kb] [文件加载：80]
[ info ] [ BEHAVIOR ] Run Closure @app_init [ RunTime:0.000016s ]
[ info ] [ CACHE ] INIT File
[ info ] [ DB ] INIT mysql
[ info ] [ BEHAVIOR ] Run \addons\ldcms\Ldcms @app_init [ RunTime:0.060293s ]
[ info ] [ BEHAVIOR ] Run Closure @app_init [ RunTime:0.060315s ]
[ info ] [ BEHAVIOR ] Run app\common\behavior\Common @app_init [ RunTime:0.000040s ]
[ info ] [ LANG ] /var/webstars/handmade/thinkphp/lang/zh-cn.php
[ info ] [ BEHAVIOR ] Run app\common\behavior\Common @app_dispatch [ RunTime:0.000017s ]
[ info ] [ ROUTE ] array (
  'type' => 'module',
  'module' => 
  array (
    0 => 'assets',
    1 => 'addons',
    2 => 'ldcms',
  ),
)
[ info ] [ HEADER ] array (
  'cookie' => 'frontend_language=zh-cn; PHPSESSID=suo51l24lkfa37o8t2ghmh3jft; thinkphp_show_page_trace=0|0; backend_language=zh-cn; keeplogin=1%7C86400%7C1741909127%7C1c649e0e0e7d9718fc5855794f92a92e',
  'accept-language' => 'zh-CN,zh;q=0.9,en;q=0.8',
  'accept-encoding' => 'gzip, deflate',
  'referer' => 'http://dev.handmade.com/yuangongfengcai',
  'accept' => 'image/avif,image/webp,image/apng,image/svg+xml,image/*,*/*;q=0.8',
  'user-agent' => 'Mozilla/5.0 (Macintosh; Intel Mac OS X 10_15_7) AppleWebKit/537.36 (KHTML, like Gecko) Chrome/133.0.0.0 Safari/537.36',
  'connection' => 'keep-alive',
  'host' => 'dev.handmade.com',
  'content-length' => '',
  'content-type' => '',
)
[ info ] [ PARAM ] array (
  'images' => 'culture1.png',
)
[ info ] [ LOG ] INIT File
[ error ] [2]unlink(/var/webstars/handmade/runtime/cache/4e/819c837d54a6ed09abc77a8560a66f.php): No such file or directory[/var/webstars/handmade/thinkphp/library/think/cache/driver/File.php:246]
[ error ] [2]rmdir(/var/webstars/handmade/runtime/cache/4e): No such file or directory[/var/webstars/handmade/thinkphp/library/think/cache/driver/File.php:248]
[ error ] [2]rmdir(/var/webstars/handmade/runtime/cache/67): No such file or directory[/var/webstars/handmade/thinkphp/library/think/cache/driver/File.php:248]
[ error ] [2]unlink(/var/webstars/handmade/runtime/cache/91/a7add9f25cf1b724cb4bda50eacd23.php): No such file or directory[/var/webstars/handmade/thinkphp/library/think/cache/driver/File.php:246]
[ error ] [2]rmdir(/var/webstars/handmade/runtime/cache/91): No such file or directory[/var/webstars/handmade/thinkphp/library/think/cache/driver/File.php:248]
---------------------------------------------------------------
[ 2025-03-13T08:02:39+08:00 ] 10.211.55.2 GET dev.handmade.com/assets/addons/ldcms/images/culture2.png
[运行时间：0.082385s] [吞吐率：12.14req/s] [内存消耗：345.52kb] [文件加载：80]
[ info ] [ BEHAVIOR ] Run Closure @app_init [ RunTime:0.000239s ]
[ info ] [ CACHE ] INIT File
[ info ] [ DB ] INIT mysql
[ info ] [ BEHAVIOR ] Run \addons\ldcms\Ldcms @app_init [ RunTime:0.050574s ]
[ info ] [ BEHAVIOR ] Run Closure @app_init [ RunTime:0.050599s ]
[ info ] [ BEHAVIOR ] Run app\common\behavior\Common @app_init [ RunTime:0.000637s ]
[ info ] [ LANG ] /var/webstars/handmade/thinkphp/lang/zh-cn.php
[ info ] [ BEHAVIOR ] Run app\common\behavior\Common @app_dispatch [ RunTime:0.000108s ]
[ info ] [ ROUTE ] array (
  'type' => 'module',
  'module' => 
  array (
    0 => 'assets',
    1 => 'addons',
    2 => 'ldcms',
  ),
)
[ info ] [ HEADER ] array (
  'cookie' => 'frontend_language=zh-cn; PHPSESSID=suo51l24lkfa37o8t2ghmh3jft; thinkphp_show_page_trace=0|0; backend_language=zh-cn; keeplogin=1%7C86400%7C1741909127%7C1c649e0e0e7d9718fc5855794f92a92e',
  'accept-language' => 'zh-CN,zh;q=0.9,en;q=0.8',
  'accept-encoding' => 'gzip, deflate',
  'referer' => 'http://dev.handmade.com/yuangongfengcai',
  'accept' => 'image/avif,image/webp,image/apng,image/svg+xml,image/*,*/*;q=0.8',
  'user-agent' => 'Mozilla/5.0 (Macintosh; Intel Mac OS X 10_15_7) AppleWebKit/537.36 (KHTML, like Gecko) Chrome/133.0.0.0 Safari/537.36',
  'connection' => 'keep-alive',
  'host' => 'dev.handmade.com',
  'content-length' => '',
  'content-type' => '',
)
[ info ] [ PARAM ] array (
  'images' => 'culture2.png',
)
[ info ] [ LOG ] INIT File
[ error ] [2]unlink(/var/webstars/handmade/runtime/cache/67/8ad6fa6bc105f817aa918afec0cfe1.php): No such file or directory[/var/webstars/handmade/thinkphp/library/think/cache/driver/File.php:246]
[ error ] [2]rmdir(/var/webstars/handmade/runtime/cache/67): No such file or directory[/var/webstars/handmade/thinkphp/library/think/cache/driver/File.php:248]
---------------------------------------------------------------
[ 2025-03-13T08:02:39+08:00 ] 10.211.55.2 GET dev.handmade.com/assets/addons/ldcms/images/qyjs1.png
[运行时间：0.074097s] [吞吐率：13.50req/s] [内存消耗：257.85kb] [文件加载：80]
[ info ] [ BEHAVIOR ] Run Closure @app_init [ RunTime:0.000185s ]
[ info ] [ CACHE ] INIT File
[ info ] [ DB ] INIT mysql
[ info ] [ BEHAVIOR ] Run \addons\ldcms\Ldcms @app_init [ RunTime:0.014689s ]
[ info ] [ BEHAVIOR ] Run Closure @app_init [ RunTime:0.014709s ]
[ info ] [ BEHAVIOR ] Run app\common\behavior\Common @app_init [ RunTime:0.000220s ]
[ info ] [ LANG ] /var/webstars/handmade/thinkphp/lang/zh-cn.php
[ info ] [ BEHAVIOR ] Run app\common\behavior\Common @app_dispatch [ RunTime:0.000028s ]
[ info ] [ ROUTE ] array (
  'type' => 'module',
  'module' => 
  array (
    0 => 'assets',
    1 => 'addons',
    2 => 'ldcms',
  ),
)
[ info ] [ HEADER ] array (
  'cookie' => 'frontend_language=zh-cn; PHPSESSID=suo51l24lkfa37o8t2ghmh3jft; thinkphp_show_page_trace=0|0; backend_language=zh-cn; keeplogin=1%7C86400%7C1741909127%7C1c649e0e0e7d9718fc5855794f92a92e',
  'accept-language' => 'zh-CN,zh;q=0.9,en;q=0.8',
  'accept-encoding' => 'gzip, deflate',
  'referer' => 'http://dev.handmade.com/yuangongfengcai',
  'accept' => 'image/avif,image/webp,image/apng,image/svg+xml,image/*,*/*;q=0.8',
  'user-agent' => 'Mozilla/5.0 (Macintosh; Intel Mac OS X 10_15_7) AppleWebKit/537.36 (KHTML, like Gecko) Chrome/133.0.0.0 Safari/537.36',
  'connection' => 'keep-alive',
  'host' => 'dev.handmade.com',
  'content-length' => '',
  'content-type' => '',
)
[ info ] [ PARAM ] array (
  'images' => 'qyjs1.png',
)
[ info ] [ LOG ] INIT File
[ error ] [2]rmdir(/var/webstars/handmade/runtime/cache/4e): Directory not empty[/var/webstars/handmade/thinkphp/library/think/cache/driver/File.php:248]
[ error ] [2]rmdir(/var/webstars/handmade/runtime/cache/91): Directory not empty[/var/webstars/handmade/thinkphp/library/think/cache/driver/File.php:248]
---------------------------------------------------------------
[ 2025-03-13T08:02:40+08:00 ] 10.211.55.2 GET dev.handmade.com/assets/addons/ldcms/images/footico1.png
[运行时间：0.090536s] [吞吐率：11.05req/s] [内存消耗：345.52kb] [文件加载：80]
[ info ] [ BEHAVIOR ] Run Closure @app_init [ RunTime:0.000012s ]
[ info ] [ CACHE ] INIT File
[ info ] [ DB ] INIT mysql
[ info ] [ BEHAVIOR ] Run \addons\ldcms\Ldcms @app_init [ RunTime:0.035080s ]
[ info ] [ BEHAVIOR ] Run Closure @app_init [ RunTime:0.035096s ]
[ info ] [ BEHAVIOR ] Run app\common\behavior\Common @app_init [ RunTime:0.000033s ]
[ info ] [ LANG ] /var/webstars/handmade/thinkphp/lang/zh-cn.php
[ info ] [ BEHAVIOR ] Run app\common\behavior\Common @app_dispatch [ RunTime:0.000052s ]
[ info ] [ ROUTE ] array (
  'type' => 'module',
  'module' => 
  array (
    0 => 'assets',
    1 => 'addons',
    2 => 'ldcms',
  ),
)
[ info ] [ HEADER ] array (
  'cookie' => 'frontend_language=zh-cn; PHPSESSID=suo51l24lkfa37o8t2ghmh3jft; thinkphp_show_page_trace=0|0; backend_language=zh-cn; keeplogin=1%7C86400%7C1741909127%7C1c649e0e0e7d9718fc5855794f92a92e',
  'accept-language' => 'zh-CN,zh;q=0.9,en;q=0.8',
  'accept-encoding' => 'gzip, deflate',
  'referer' => 'http://dev.handmade.com/yuangongfengcai',
  'accept' => 'image/avif,image/webp,image/apng,image/svg+xml,image/*,*/*;q=0.8',
  'user-agent' => 'Mozilla/5.0 (Macintosh; Intel Mac OS X 10_15_7) AppleWebKit/537.36 (KHTML, like Gecko) Chrome/133.0.0.0 Safari/537.36',
  'connection' => 'keep-alive',
  'host' => 'dev.handmade.com',
  'content-length' => '',
  'content-type' => '',
)
[ info ] [ PARAM ] array (
  'images' => 'footico1.png',
)
[ info ] [ LOG ] INIT File
[ error ] [2]unlink(/var/webstars/handmade/runtime/cache/67/8ad6fa6bc105f817aa918afec0cfe1.php): No such file or directory[/var/webstars/handmade/thinkphp/library/think/cache/driver/File.php:246]
[ error ] [2]rmdir(/var/webstars/handmade/runtime/cache/91): No such file or directory[/var/webstars/handmade/thinkphp/library/think/cache/driver/File.php:248]
---------------------------------------------------------------
[ 2025-03-13T08:02:40+08:00 ] 10.211.55.2 GET dev.handmade.com/assets/addons/ldcms/images/banner.jpg
[运行时间：0.195972s] [吞吐率：5.10req/s] [内存消耗：345.33kb] [文件加载：80]
[ info ] [ BEHAVIOR ] Run Closure @app_init [ RunTime:0.000020s ]
[ info ] [ CACHE ] INIT File
[ info ] [ DB ] INIT mysql
[ info ] [ BEHAVIOR ] Run \addons\ldcms\Ldcms @app_init [ RunTime:0.125963s ]
[ info ] [ BEHAVIOR ] Run Closure @app_init [ RunTime:0.125984s ]
[ info ] [ BEHAVIOR ] Run app\common\behavior\Common @app_init [ RunTime:0.000038s ]
[ info ] [ LANG ] /var/webstars/handmade/thinkphp/lang/zh-cn.php
[ info ] [ BEHAVIOR ] Run app\common\behavior\Common @app_dispatch [ RunTime:0.000015s ]
[ info ] [ ROUTE ] array (
  'type' => 'module',
  'module' => 
  array (
    0 => 'assets',
    1 => 'addons',
    2 => 'ldcms',
  ),
)
[ info ] [ HEADER ] array (
  'cookie' => 'frontend_language=zh-cn; PHPSESSID=suo51l24lkfa37o8t2ghmh3jft; thinkphp_show_page_trace=0|0; backend_language=zh-cn; keeplogin=1%7C86400%7C1741909127%7C1c649e0e0e7d9718fc5855794f92a92e',
  'accept-language' => 'zh-CN,zh;q=0.9,en;q=0.8',
  'accept-encoding' => 'gzip, deflate',
  'referer' => 'http://dev.handmade.com/yuangongfengcai',
  'accept' => 'image/avif,image/webp,image/apng,image/svg+xml,image/*,*/*;q=0.8',
  'user-agent' => 'Mozilla/5.0 (Macintosh; Intel Mac OS X 10_15_7) AppleWebKit/537.36 (KHTML, like Gecko) Chrome/133.0.0.0 Safari/537.36',
  'connection' => 'keep-alive',
  'host' => 'dev.handmade.com',
  'content-length' => '',
  'content-type' => '',
)
[ info ] [ PARAM ] array (
  'images' => 'banner.jpg',
)
[ info ] [ LOG ] INIT File
[ error ] [2]rmdir(/var/webstars/handmade/runtime/cache/4e): No such file or directory[/var/webstars/handmade/thinkphp/library/think/cache/driver/File.php:248]
[ error ] [2]rmdir(/var/webstars/handmade/runtime/cache/67): Directory not empty[/var/webstars/handmade/thinkphp/library/think/cache/driver/File.php:248]
---------------------------------------------------------------
[ 2025-03-13T08:02:40+08:00 ] 10.211.55.2 GET dev.handmade.com/assets/addons/ldcms/images/qyjs2.png
[运行时间：0.192665s] [吞吐率：5.19req/s] [内存消耗：346.00kb] [文件加载：80]
[ info ] [ BEHAVIOR ] Run Closure @app_init [ RunTime:0.000022s ]
[ info ] [ CACHE ] INIT File
[ info ] [ DB ] INIT mysql
[ info ] [ BEHAVIOR ] Run \addons\ldcms\Ldcms @app_init [ RunTime:0.075636s ]
[ info ] [ BEHAVIOR ] Run Closure @app_init [ RunTime:0.075685s ]
[ info ] [ BEHAVIOR ] Run app\common\behavior\Common @app_init [ RunTime:0.000068s ]
[ info ] [ LANG ] /var/webstars/handmade/thinkphp/lang/zh-cn.php
[ info ] [ BEHAVIOR ] Run app\common\behavior\Common @app_dispatch [ RunTime:0.000102s ]
[ info ] [ ROUTE ] array (
  'type' => 'module',
  'module' => 
  array (
    0 => 'assets',
    1 => 'addons',
    2 => 'ldcms',
  ),
)
[ info ] [ HEADER ] array (
  'cookie' => 'frontend_language=zh-cn; PHPSESSID=suo51l24lkfa37o8t2ghmh3jft; thinkphp_show_page_trace=0|0; backend_language=zh-cn; keeplogin=1%7C86400%7C1741909127%7C1c649e0e0e7d9718fc5855794f92a92e',
  'accept-language' => 'zh-CN,zh;q=0.9,en;q=0.8',
  'accept-encoding' => 'gzip, deflate',
  'referer' => 'http://dev.handmade.com/yuangongfengcai',
  'accept' => 'image/avif,image/webp,image/apng,image/svg+xml,image/*,*/*;q=0.8',
  'user-agent' => 'Mozilla/5.0 (Macintosh; Intel Mac OS X 10_15_7) AppleWebKit/537.36 (KHTML, like Gecko) Chrome/133.0.0.0 Safari/537.36',
  'connection' => 'keep-alive',
  'host' => 'dev.handmade.com',
  'content-length' => '',
  'content-type' => '',
)
[ info ] [ PARAM ] array (
  'images' => 'qyjs2.png',
)
[ info ] [ LOG ] INIT File
[ error ] [2]unlink(/var/webstars/handmade/runtime/cache/67/8ad6fa6bc105f817aa918afec0cfe1.php): No such file or directory[/var/webstars/handmade/thinkphp/library/think/cache/driver/File.php:246]
[ error ] [2]rmdir(/var/webstars/handmade/runtime/cache/67): No such file or directory[/var/webstars/handmade/thinkphp/library/think/cache/driver/File.php:248]
[ error ] [2]rmdir(/var/webstars/handmade/runtime/cache/91): No such file or directory[/var/webstars/handmade/thinkphp/library/think/cache/driver/File.php:248]
---------------------------------------------------------------
[ 2025-03-13T08:02:40+08:00 ] 10.211.55.2 GET dev.handmade.com/assets/addons/ldcms/images/footico3.png
[运行时间：0.076300s] [吞吐率：13.11req/s] [内存消耗：257.87kb] [文件加载：80]
[ info ] [ BEHAVIOR ] Run Closure @app_init [ RunTime:0.000051s ]
[ info ] [ CACHE ] INIT File
[ info ] [ DB ] INIT mysql
[ info ] [ BEHAVIOR ] Run \addons\ldcms\Ldcms @app_init [ RunTime:0.015640s ]
[ info ] [ BEHAVIOR ] Run Closure @app_init [ RunTime:0.015653s ]
[ info ] [ BEHAVIOR ] Run app\common\behavior\Common @app_init [ RunTime:0.000017s ]
[ info ] [ LANG ] /var/webstars/handmade/thinkphp/lang/zh-cn.php
[ info ] [ BEHAVIOR ] Run app\common\behavior\Common @app_dispatch [ RunTime:0.000016s ]
[ info ] [ ROUTE ] array (
  'type' => 'module',
  'module' => 
  array (
    0 => 'assets',
    1 => 'addons',
    2 => 'ldcms',
  ),
)
[ info ] [ HEADER ] array (
  'cookie' => 'frontend_language=zh-cn; PHPSESSID=suo51l24lkfa37o8t2ghmh3jft; thinkphp_show_page_trace=0|0; backend_language=zh-cn; keeplogin=1%7C86400%7C1741909127%7C1c649e0e0e7d9718fc5855794f92a92e',
  'accept-language' => 'zh-CN,zh;q=0.9,en;q=0.8',
  'accept-encoding' => 'gzip, deflate',
  'referer' => 'http://dev.handmade.com/yuangongfengcai',
  'accept' => 'image/avif,image/webp,image/apng,image/svg+xml,image/*,*/*;q=0.8',
  'user-agent' => 'Mozilla/5.0 (Macintosh; Intel Mac OS X 10_15_7) AppleWebKit/537.36 (KHTML, like Gecko) Chrome/133.0.0.0 Safari/537.36',
  'connection' => 'keep-alive',
  'host' => 'dev.handmade.com',
  'content-length' => '',
  'content-type' => '',
)
[ info ] [ PARAM ] array (
  'images' => 'footico3.png',
)
[ info ] [ LOG ] INIT File
[ error ] [2]rmdir(/var/webstars/handmade/runtime/cache/67): No such file or directory[/var/webstars/handmade/thinkphp/library/think/cache/driver/File.php:248]
[ error ] [2]unlink(/var/webstars/handmade/runtime/cache/91): No such file or directory[/var/webstars/handmade/thinkphp/library/think/cache/driver/File.php:250]
---------------------------------------------------------------
[ 2025-03-13T08:02:40+08:00 ] 10.211.55.2 GET dev.handmade.com/assets/addons/ldcms/images/footico4.png
[运行时间：0.051826s] [吞吐率：19.30req/s] [内存消耗：257.12kb] [文件加载：80]
[ info ] [ BEHAVIOR ] Run Closure @app_init [ RunTime:0.000035s ]
[ info ] [ CACHE ] INIT File
[ info ] [ DB ] INIT mysql
[ info ] [ BEHAVIOR ] Run \addons\ldcms\Ldcms @app_init [ RunTime:0.013672s ]
[ info ] [ BEHAVIOR ] Run Closure @app_init [ RunTime:0.013685s ]
[ info ] [ BEHAVIOR ] Run app\common\behavior\Common @app_init [ RunTime:0.000016s ]
[ info ] [ LANG ] /var/webstars/handmade/thinkphp/lang/zh-cn.php
[ info ] [ BEHAVIOR ] Run app\common\behavior\Common @app_dispatch [ RunTime:0.000011s ]
[ info ] [ ROUTE ] array (
  'type' => 'module',
  'module' => 
  array (
    0 => 'assets',
    1 => 'addons',
    2 => 'ldcms',
  ),
)
[ info ] [ HEADER ] array (
  'cookie' => 'frontend_language=zh-cn; PHPSESSID=suo51l24lkfa37o8t2ghmh3jft; thinkphp_show_page_trace=0|0; backend_language=zh-cn; keeplogin=1%7C86400%7C1741909127%7C1c649e0e0e7d9718fc5855794f92a92e',
  'accept-language' => 'zh-CN,zh;q=0.9,en;q=0.8',
  'accept-encoding' => 'gzip, deflate',
  'referer' => 'http://dev.handmade.com/yuangongfengcai',
  'accept' => 'image/avif,image/webp,image/apng,image/svg+xml,image/*,*/*;q=0.8',
  'user-agent' => 'Mozilla/5.0 (Macintosh; Intel Mac OS X 10_15_7) AppleWebKit/537.36 (KHTML, like Gecko) Chrome/133.0.0.0 Safari/537.36',
  'connection' => 'keep-alive',
  'host' => 'dev.handmade.com',
  'content-length' => '',
  'content-type' => '',
)
[ info ] [ PARAM ] array (
  'images' => 'footico4.png',
)
[ info ] [ LOG ] INIT File
[ error ] [2]rmdir(/var/webstars/handmade/runtime/cache/91): No such file or directory[/var/webstars/handmade/thinkphp/library/think/cache/driver/File.php:248]
---------------------------------------------------------------
[ 2025-03-13T08:02:40+08:00 ] 10.211.55.2 GET dev.handmade.com/assets/addons/ldcms/images/footico2.png
[运行时间：0.114217s] [吞吐率：8.76req/s] [内存消耗：257.12kb] [文件加载：80]
[ info ] [ BEHAVIOR ] Run Closure @app_init [ RunTime:0.000022s ]
[ info ] [ CACHE ] INIT File
[ info ] [ DB ] INIT mysql
[ info ] [ BEHAVIOR ] Run \addons\ldcms\Ldcms @app_init [ RunTime:0.018388s ]
[ info ] [ BEHAVIOR ] Run Closure @app_init [ RunTime:0.018423s ]
[ info ] [ BEHAVIOR ] Run app\common\behavior\Common @app_init [ RunTime:0.000186s ]
[ info ] [ LANG ] /var/webstars/handmade/thinkphp/lang/zh-cn.php
[ info ] [ BEHAVIOR ] Run app\common\behavior\Common @app_dispatch [ RunTime:0.000022s ]
[ info ] [ ROUTE ] array (
  'type' => 'module',
  'module' => 
  array (
    0 => 'assets',
    1 => 'addons',
    2 => 'ldcms',
  ),
)
[ info ] [ HEADER ] array (
  'cookie' => 'frontend_language=zh-cn; PHPSESSID=suo51l24lkfa37o8t2ghmh3jft; thinkphp_show_page_trace=0|0; backend_language=zh-cn; keeplogin=1%7C86400%7C1741909127%7C1c649e0e0e7d9718fc5855794f92a92e',
  'accept-language' => 'zh-CN,zh;q=0.9,en;q=0.8',
  'accept-encoding' => 'gzip, deflate',
  'referer' => 'http://dev.handmade.com/yuangongfengcai',
  'accept' => 'image/avif,image/webp,image/apng,image/svg+xml,image/*,*/*;q=0.8',
  'user-agent' => 'Mozilla/5.0 (Macintosh; Intel Mac OS X 10_15_7) AppleWebKit/537.36 (KHTML, like Gecko) Chrome/133.0.0.0 Safari/537.36',
  'connection' => 'keep-alive',
  'host' => 'dev.handmade.com',
  'content-length' => '',
  'content-type' => '',
)
[ info ] [ PARAM ] array (
  'images' => 'footico2.png',
)
[ info ] [ LOG ] INIT File
[ error ] [2]rmdir(/var/webstars/handmade/runtime/cache/4e): No such file or directory[/var/webstars/handmade/thinkphp/library/think/cache/driver/File.php:248]
---------------------------------------------------------------
[ 2025-03-13T08:02:40+08:00 ] 10.211.55.2 GET dev.handmade.com/assets/addons/ldcms/images/qyjs3.png
[运行时间：0.237200s] [吞吐率：4.22req/s] [内存消耗：346.06kb] [文件加载：80]
[ info ] [ BEHAVIOR ] Run Closure @app_init [ RunTime:0.001043s ]
[ info ] [ CACHE ] INIT File
[ info ] [ DB ] INIT mysql
[ info ] [ BEHAVIOR ] Run \addons\ldcms\Ldcms @app_init [ RunTime:0.144729s ]
[ info ] [ BEHAVIOR ] Run Closure @app_init [ RunTime:0.144749s ]
[ info ] [ BEHAVIOR ] Run app\common\behavior\Common @app_init [ RunTime:0.002505s ]
[ info ] [ LANG ] /var/webstars/handmade/thinkphp/lang/zh-cn.php
[ info ] [ BEHAVIOR ] Run app\common\behavior\Common @app_dispatch [ RunTime:0.000035s ]
[ info ] [ ROUTE ] array (
  'type' => 'module',
  'module' => 
  array (
    0 => 'assets',
    1 => 'addons',
    2 => 'ldcms',
  ),
)
[ info ] [ HEADER ] array (
  'cookie' => 'frontend_language=zh-cn; PHPSESSID=suo51l24lkfa37o8t2ghmh3jft; thinkphp_show_page_trace=0|0; backend_language=zh-cn; keeplogin=1%7C86400%7C1741909127%7C1c649e0e0e7d9718fc5855794f92a92e',
  'accept-language' => 'zh-CN,zh;q=0.9,en;q=0.8',
  'accept-encoding' => 'gzip, deflate',
  'referer' => 'http://dev.handmade.com/yuangongfengcai',
  'accept' => 'image/avif,image/webp,image/apng,image/svg+xml,image/*,*/*;q=0.8',
  'user-agent' => 'Mozilla/5.0 (Macintosh; Intel Mac OS X 10_15_7) AppleWebKit/537.36 (KHTML, like Gecko) Chrome/133.0.0.0 Safari/537.36',
  'connection' => 'keep-alive',
  'host' => 'dev.handmade.com',
  'content-length' => '',
  'content-type' => '',
)
[ info ] [ PARAM ] array (
  'images' => 'qyjs3.png',
)
[ info ] [ LOG ] INIT File
[ error ] [2]file_get_contents(/var/webstars/handmade/runtime/cache/67/8ad6fa6bc105f817aa918afec0cfe1.php): Failed to open stream: No such file or directory[/var/webstars/handmade/thinkphp/library/think/cache/driver/File.php:113]
[ error ] [2]rmdir(/var/webstars/handmade/runtime/cache/67): No such file or directory[/var/webstars/handmade/thinkphp/library/think/cache/driver/File.php:248]
[ error ] [2]rmdir(/var/webstars/handmade/runtime/cache/91): No such file or directory[/var/webstars/handmade/thinkphp/library/think/cache/driver/File.php:248]
---------------------------------------------------------------
[ 2025-03-13T08:02:40+08:00 ] 10.211.55.2 GET dev.handmade.com/assets/addons/ldcms/images/logo.png
[运行时间：0.077644s] [吞吐率：12.88req/s] [内存消耗：341.12kb] [文件加载：78]
[ info ] [ BEHAVIOR ] Run Closure @app_init [ RunTime:0.000032s ]
[ info ] [ CACHE ] INIT File
[ info ] [ DB ] INIT mysql
[ info ] [ BEHAVIOR ] Run \addons\ldcms\Ldcms @app_init [ RunTime:0.039181s ]
[ info ] [ BEHAVIOR ] Run Closure @app_init [ RunTime:0.039219s ]
[ info ] [ BEHAVIOR ] Run app\common\behavior\Common @app_init [ RunTime:0.000276s ]
[ info ] [ LANG ] /var/webstars/handmade/thinkphp/lang/zh-cn.php
[ info ] [ BEHAVIOR ] Run app\common\behavior\Common @app_dispatch [ RunTime:0.000092s ]
[ info ] [ ROUTE ] array (
  'type' => 'module',
  'module' => 
  array (
    0 => 'assets',
    1 => 'addons',
    2 => 'ldcms',
  ),
)
[ info ] [ HEADER ] array (
  'cookie' => 'frontend_language=zh-cn; PHPSESSID=suo51l24lkfa37o8t2ghmh3jft; thinkphp_show_page_trace=0|0; backend_language=zh-cn; keeplogin=1%7C86400%7C1741909127%7C1c649e0e0e7d9718fc5855794f92a92e',
  'accept-language' => 'zh-CN,zh;q=0.9,en;q=0.8',
  'accept-encoding' => 'gzip, deflate',
  'referer' => 'http://dev.handmade.com/yuangongfengcai',
  'accept' => 'image/avif,image/webp,image/apng,image/svg+xml,image/*,*/*;q=0.8',
  'user-agent' => 'Mozilla/5.0 (Macintosh; Intel Mac OS X 10_15_7) AppleWebKit/537.36 (KHTML, like Gecko) Chrome/133.0.0.0 Safari/537.36',
  'connection' => 'keep-alive',
  'host' => 'dev.handmade.com',
  'content-length' => '',
  'content-type' => '',
)
[ info ] [ PARAM ] array (
  'images' => 'logo.png',
)
[ info ] [ LOG ] INIT File
---------------------------------------------------------------
[ 2025-03-13T08:03:06+08:00 ] 10.211.55.2 GET dev.handmade.com/gongsijianjie
[运行时间：0.607242s] [吞吐率：1.65req/s] [内存消耗：848.41kb] [文件加载：188]
[ info ] [ BEHAVIOR ] Run Closure @app_init [ RunTime:0.000025s ]
[ info ] [ CACHE ] INIT File
[ info ] [ DB ] INIT mysql
[ info ] [ BEHAVIOR ] Run \addons\ldcms\Ldcms @app_init [ RunTime:0.122780s ]
[ info ] [ BEHAVIOR ] Run Closure @app_init [ RunTime:0.122815s ]
[ info ] [ BEHAVIOR ] Run app\common\behavior\Common @app_init [ RunTime:0.000136s ]
[ info ] [ LANG ] /var/webstars/handmade/thinkphp/lang/zh-cn.php
[ info ] [ BEHAVIOR ] Run app\common\behavior\Common @app_dispatch [ RunTime:0.000025s ]
[ info ] [ ROUTE ] array (
  'type' => 'method',
  'method' => 
  array (
    0 => '\\think\\addons\\Route',
    1 => 'execute',
  ),
  'var' => 
  array (
    'addon' => 'ldcms',
    'controller' => 'lists',
    'action' => 'index',
  ),
)
[ info ] [ HEADER ] array (
  'cookie' => 'thinkphp_show_page_trace=0|0; frontend_language=zh-cn; PHPSESSID=suo51l24lkfa37o8t2ghmh3jft; thinkphp_show_page_trace=0|0; backend_language=zh-cn; keeplogin=1%7C86400%7C1741909127%7C1c649e0e0e7d9718fc5855794f92a92e',
  'accept-language' => 'zh-CN,zh;q=0.9,en;q=0.8',
  'accept-encoding' => 'gzip, deflate',
  'accept' => 'text/html,application/xhtml+xml,application/xml;q=0.9,image/avif,image/webp,image/apng,*/*;q=0.8,application/signed-exchange;v=b3;q=0.7',
  'user-agent' => 'Mozilla/5.0 (Macintosh; Intel Mac OS X 10_15_7) AppleWebKit/537.36 (KHTML, like Gecko) Chrome/133.0.0.0 Safari/537.36',
  'upgrade-insecure-requests' => '1',
  'connection' => 'keep-alive',
  'host' => 'dev.handmade.com',
  'content-length' => '',
  'content-type' => '',
)
[ info ] [ PARAM ] array (
  'category' => 'gongsijianjie',
)
[ info ] [ RUN ] think\addons\Route->execute[ /var/webstars/handmade/vendor/karsonzhang/fastadmin-addons/src/addons/Route.php ]
[ info ] [ LANG ] /var/webstars/handmade/public/../application/common/lang/zh-cn/addon.php
[ info ] [ BEHAVIOR ] Run app\common\behavior\Common @addon_begin [ RunTime:0.002636s ]
[ info ] [ BEHAVIOR ] Run \addons\ldcms\Ldcms @config_init [ RunTime:0.000041s ]
[ info ] [ BEHAVIOR ] Run \addons\summernote\Summernote @config_init [ RunTime:0.000080s ]
[ info ] [ LANG ] /var/webstars/handmade/addons/ldcms/lang/zh-cn.php
[ info ] [ VIEW ] /var/webstars/handmade/addons/ldcms/view/ldcms2024/detail_about.html [ array (
  0 => 'user',
  1 => 'site',
  2 => 'config',
  3 => 'category',
  4 => 'parentsid',
  5 => 'childids',
  6 => 'content',
  7 => 'ld',
  8 => 'topid',
) ]
[ info ] [ SESSION ] INIT array (
  'id' => '',
  'var_session_id' => '',
  'prefix' => 'think',
  'type' => '',
  'auto_start' => true,
)
[ info ] [ LOG ] INIT File
[ error ] [2]Undefined variable $item[/var/webstars/handmade/runtime/temp/31d51754516c8f405439a9cb41a33a94.php:52]
[ error ] [2]Trying to access array offset on value of type null[/var/webstars/handmade/runtime/temp/31d51754516c8f405439a9cb41a33a94.php:52]
---------------------------------------------------------------
[ 2025-03-13T08:03:17+08:00 ] 10.211.55.2 GET dev.handmade.com/yuangongfengcai
[运行时间：0.328126s] [吞吐率：3.05req/s] [内存消耗：769.72kb] [文件加载：176]
[ info ] [ BEHAVIOR ] Run Closure @app_init [ RunTime:0.000020s ]
[ info ] [ CACHE ] INIT File
[ info ] [ DB ] INIT mysql
[ info ] [ BEHAVIOR ] Run \addons\ldcms\Ldcms @app_init [ RunTime:0.054945s ]
[ info ] [ BEHAVIOR ] Run Closure @app_init [ RunTime:0.054988s ]
[ info ] [ BEHAVIOR ] Run app\common\behavior\Common @app_init [ RunTime:0.000156s ]
[ info ] [ LANG ] /var/webstars/handmade/thinkphp/lang/zh-cn.php
[ info ] [ BEHAVIOR ] Run app\common\behavior\Common @app_dispatch [ RunTime:0.000026s ]
[ info ] [ ROUTE ] array (
  'type' => 'method',
  'method' => 
  array (
    0 => '\\think\\addons\\Route',
    1 => 'execute',
  ),
  'var' => 
  array (
    'addon' => 'ldcms',
    'controller' => 'lists',
    'action' => 'index',
  ),
)
[ info ] [ HEADER ] array (
  'cookie' => 'frontend_language=zh-cn; PHPSESSID=suo51l24lkfa37o8t2ghmh3jft; thinkphp_show_page_trace=0|0; backend_language=zh-cn; keeplogin=1%7C86400%7C1741909127%7C1c649e0e0e7d9718fc5855794f92a92e',
  'accept-language' => 'zh-CN,zh;q=0.9,en;q=0.8',
  'accept-encoding' => 'gzip, deflate',
  'accept' => 'text/html,application/xhtml+xml,application/xml;q=0.9,image/avif,image/webp,image/apng,*/*;q=0.8,application/signed-exchange;v=b3;q=0.7',
  'user-agent' => 'Mozilla/5.0 (Macintosh; Intel Mac OS X 10_15_7) AppleWebKit/537.36 (KHTML, like Gecko) Chrome/133.0.0.0 Safari/537.36',
  'upgrade-insecure-requests' => '1',
  'connection' => 'keep-alive',
  'host' => 'dev.handmade.com',
  'content-length' => '',
  'content-type' => '',
)
[ info ] [ PARAM ] array (
  'category' => 'yuangongfengcai',
)
[ info ] [ RUN ] think\addons\Route->execute[ /var/webstars/handmade/vendor/karsonzhang/fastadmin-addons/src/addons/Route.php ]
[ info ] [ LANG ] /var/webstars/handmade/public/../application/common/lang/zh-cn/addon.php
[ info ] [ BEHAVIOR ] Run app\common\behavior\Common @addon_begin [ RunTime:0.000316s ]
[ info ] [ BEHAVIOR ] Run \addons\ldcms\Ldcms @config_init [ RunTime:0.000041s ]
[ info ] [ BEHAVIOR ] Run \addons\summernote\Summernote @config_init [ RunTime:0.000080s ]
[ info ] [ LANG ] /var/webstars/handmade/addons/ldcms/lang/zh-cn.php
[ info ] [ VIEW ] /var/webstars/handmade/addons/ldcms/view/ldcms2024/list_culture.html [ array (
  0 => 'user',
  1 => 'site',
  2 => 'config',
  3 => 'category',
  4 => 'parentsid',
  5 => 'childids',
  6 => 'content',
  7 => 'ld',
  8 => 'topid',
) ]
[ info ] [ LOG ] INIT File
---------------------------------------------------------------
[ 2025-03-13T08:03:17+08:00 ] 10.211.55.2 GET dev.handmade.com/assets/addons/ldcms/css/bootstrap.min.css
[运行时间：0.040070s] [吞吐率：24.96req/s] [内存消耗：253.48kb] [文件加载：78]
[ info ] [ BEHAVIOR ] Run Closure @app_init [ RunTime:0.000017s ]
[ info ] [ CACHE ] INIT File
[ info ] [ DB ] INIT mysql
[ info ] [ BEHAVIOR ] Run \addons\ldcms\Ldcms @app_init [ RunTime:0.023231s ]
[ info ] [ BEHAVIOR ] Run Closure @app_init [ RunTime:0.023268s ]
[ info ] [ BEHAVIOR ] Run app\common\behavior\Common @app_init [ RunTime:0.000079s ]
[ info ] [ LANG ] /var/webstars/handmade/thinkphp/lang/zh-cn.php
[ info ] [ BEHAVIOR ] Run app\common\behavior\Common @app_dispatch [ RunTime:0.000026s ]
[ info ] [ ROUTE ] array (
  'type' => 'module',
  'module' => 
  array (
    0 => 'assets',
    1 => 'addons',
    2 => 'ldcms',
  ),
)
[ info ] [ HEADER ] array (
  'cookie' => 'frontend_language=zh-cn; PHPSESSID=suo51l24lkfa37o8t2ghmh3jft; thinkphp_show_page_trace=0|0; backend_language=zh-cn; keeplogin=1%7C86400%7C1741909127%7C1c649e0e0e7d9718fc5855794f92a92e',
  'accept-language' => 'zh-CN,zh;q=0.9,en;q=0.8',
  'accept-encoding' => 'gzip, deflate',
  'referer' => 'http://dev.handmade.com/yuangongfengcai',
  'accept' => 'text/css,*/*;q=0.1',
  'user-agent' => 'Mozilla/5.0 (Macintosh; Intel Mac OS X 10_15_7) AppleWebKit/537.36 (KHTML, like Gecko) Chrome/133.0.0.0 Safari/537.36',
  'connection' => 'keep-alive',
  'host' => 'dev.handmade.com',
  'content-length' => '',
  'content-type' => '',
)
[ info ] [ PARAM ] array (
  'css' => 'bootstrap.min.css',
)
[ info ] [ LOG ] INIT File
---------------------------------------------------------------
[ 2025-03-13T08:03:17+08:00 ] 10.211.55.2 GET dev.handmade.com/assets/addons/ldcms/css/animate.min.css
[运行时间：0.042562s] [吞吐率：23.50req/s] [内存消耗：82.49kb] [文件加载：59]
[ info ] [ BEHAVIOR ] Run Closure @app_init [ RunTime:0.000020s ]
[ info ] [ CACHE ] INIT File
[ info ] [ LOG ] INIT File
[ error ] [2]mkdir(): File exists[/var/webstars/handmade/thinkphp/library/think/cache/driver/File.php:84]
---------------------------------------------------------------
[ 2025-03-13T08:03:17+08:00 ] 10.211.55.2 GET dev.handmade.com/assets/addons/ldcms/css/swiper.min.css
[运行时间：0.043029s] [吞吐率：23.24req/s] [内存消耗：82.49kb] [文件加载：59]
[ info ] [ BEHAVIOR ] Run Closure @app_init [ RunTime:0.000022s ]
[ info ] [ CACHE ] INIT File
[ info ] [ LOG ] INIT File
[ error ] [2]mkdir(): File exists[/var/webstars/handmade/thinkphp/library/think/cache/driver/File.php:84]
---------------------------------------------------------------
[ 2025-03-13T08:03:17+08:00 ] 10.211.55.2 GET dev.handmade.com/assets/addons/ldcms/css/styles.css
[运行时间：0.098913s] [吞吐率：10.11req/s] [内存消耗：257.05kb] [文件加载：80]
[ info ] [ BEHAVIOR ] Run Closure @app_init [ RunTime:0.000017s ]
[ info ] [ CACHE ] INIT File
[ info ] [ DB ] INIT mysql
[ info ] [ BEHAVIOR ] Run \addons\ldcms\Ldcms @app_init [ RunTime:0.077607s ]
[ info ] [ BEHAVIOR ] Run Closure @app_init [ RunTime:0.077650s ]
[ info ] [ BEHAVIOR ] Run app\common\behavior\Common @app_init [ RunTime:0.000067s ]
[ info ] [ LANG ] /var/webstars/handmade/thinkphp/lang/zh-cn.php
[ info ] [ BEHAVIOR ] Run app\common\behavior\Common @app_dispatch [ RunTime:0.000029s ]
[ info ] [ ROUTE ] array (
  'type' => 'module',
  'module' => 
  array (
    0 => 'assets',
    1 => 'addons',
    2 => 'ldcms',
  ),
)
[ info ] [ HEADER ] array (
  'cookie' => 'frontend_language=zh-cn; PHPSESSID=suo51l24lkfa37o8t2ghmh3jft; thinkphp_show_page_trace=0|0; backend_language=zh-cn; keeplogin=1%7C86400%7C1741909127%7C1c649e0e0e7d9718fc5855794f92a92e',
  'accept-language' => 'zh-CN,zh;q=0.9,en;q=0.8',
  'accept-encoding' => 'gzip, deflate',
  'referer' => 'http://dev.handmade.com/yuangongfengcai',
  'accept' => 'text/css,*/*;q=0.1',
  'user-agent' => 'Mozilla/5.0 (Macintosh; Intel Mac OS X 10_15_7) AppleWebKit/537.36 (KHTML, like Gecko) Chrome/133.0.0.0 Safari/537.36',
  'connection' => 'keep-alive',
  'host' => 'dev.handmade.com',
  'content-length' => '',
  'content-type' => '',
)
[ info ] [ PARAM ] array (
  'css' => 'styles.css',
)
[ info ] [ LOG ] INIT File
[ error ] [2]rmdir(/var/webstars/handmade/runtime/cache/67): No such file or directory[/var/webstars/handmade/thinkphp/library/think/cache/driver/File.php:248]
---------------------------------------------------------------
[ 2025-03-13T08:03:17+08:00 ] 10.211.55.2 GET dev.handmade.com/assets/addons/ldcms/css/public.css
[运行时间：0.140493s] [吞吐率：7.12req/s] [内存消耗：257.93kb] [文件加载：80]
[ info ] [ BEHAVIOR ] Run Closure @app_init [ RunTime:0.000017s ]
[ info ] [ CACHE ] INIT File
[ info ] [ DB ] INIT mysql
[ info ] [ BEHAVIOR ] Run \addons\ldcms\Ldcms @app_init [ RunTime:0.089749s ]
[ info ] [ BEHAVIOR ] Run Closure @app_init [ RunTime:0.089785s ]
[ info ] [ BEHAVIOR ] Run app\common\behavior\Common @app_init [ RunTime:0.000066s ]
[ info ] [ LANG ] /var/webstars/handmade/thinkphp/lang/zh-cn.php
[ info ] [ BEHAVIOR ] Run app\common\behavior\Common @app_dispatch [ RunTime:0.000026s ]
[ info ] [ ROUTE ] array (
  'type' => 'module',
  'module' => 
  array (
    0 => 'assets',
    1 => 'addons',
    2 => 'ldcms',
  ),
)
[ info ] [ HEADER ] array (
  'cookie' => 'frontend_language=zh-cn; PHPSESSID=suo51l24lkfa37o8t2ghmh3jft; thinkphp_show_page_trace=0|0; backend_language=zh-cn; keeplogin=1%7C86400%7C1741909127%7C1c649e0e0e7d9718fc5855794f92a92e',
  'accept-language' => 'zh-CN,zh;q=0.9,en;q=0.8',
  'accept-encoding' => 'gzip, deflate',
  'referer' => 'http://dev.handmade.com/yuangongfengcai',
  'accept' => 'text/css,*/*;q=0.1',
  'user-agent' => 'Mozilla/5.0 (Macintosh; Intel Mac OS X 10_15_7) AppleWebKit/537.36 (KHTML, like Gecko) Chrome/133.0.0.0 Safari/537.36',
  'connection' => 'keep-alive',
  'host' => 'dev.handmade.com',
  'content-length' => '',
  'content-type' => '',
)
[ info ] [ PARAM ] array (
  'css' => 'public.css',
)
[ info ] [ LOG ] INIT File
[ error ] [2]unlink(/var/webstars/handmade/runtime/cache/91/a7add9f25cf1b724cb4bda50eacd23.php): No such file or directory[/var/webstars/handmade/thinkphp/library/think/cache/driver/File.php:246]
[ error ] [2]rmdir(/var/webstars/handmade/runtime/cache/91): No such file or directory[/var/webstars/handmade/thinkphp/library/think/cache/driver/File.php:248]
---------------------------------------------------------------
[ 2025-03-13T08:03:17+08:00 ] 10.211.55.2 GET dev.handmade.com/assets/addons/ldcms/js/jquery.SuperSlide.2.1.1.js
[运行时间：0.098280s] [吞吐率：10.18req/s] [内存消耗：257.98kb] [文件加载：80]
[ info ] [ BEHAVIOR ] Run Closure @app_init [ RunTime:0.000023s ]
[ info ] [ CACHE ] INIT File
[ info ] [ DB ] INIT mysql
[ info ] [ BEHAVIOR ] Run \addons\ldcms\Ldcms @app_init [ RunTime:0.071130s ]
[ info ] [ BEHAVIOR ] Run Closure @app_init [ RunTime:0.071153s ]
[ info ] [ BEHAVIOR ] Run app\common\behavior\Common @app_init [ RunTime:0.000040s ]
[ info ] [ LANG ] /var/webstars/handmade/thinkphp/lang/zh-cn.php
[ info ] [ BEHAVIOR ] Run app\common\behavior\Common @app_dispatch [ RunTime:0.000022s ]
[ info ] [ ROUTE ] array (
  'type' => 'module',
  'module' => 
  array (
    0 => 'assets',
    1 => 'addons',
    2 => 'ldcms',
  ),
)
[ info ] [ HEADER ] array (
  'cookie' => 'frontend_language=zh-cn; PHPSESSID=suo51l24lkfa37o8t2ghmh3jft; thinkphp_show_page_trace=0|0; backend_language=zh-cn; keeplogin=1%7C86400%7C1741909127%7C1c649e0e0e7d9718fc5855794f92a92e',
  'accept-language' => 'zh-CN,zh;q=0.9,en;q=0.8',
  'accept-encoding' => 'gzip, deflate',
  'referer' => 'http://dev.handmade.com/yuangongfengcai',
  'accept' => '*/*',
  'user-agent' => 'Mozilla/5.0 (Macintosh; Intel Mac OS X 10_15_7) AppleWebKit/537.36 (KHTML, like Gecko) Chrome/133.0.0.0 Safari/537.36',
  'connection' => 'keep-alive',
  'host' => 'dev.handmade.com',
  'content-length' => '',
  'content-type' => '',
)
[ info ] [ PARAM ] array (
  'js' => 'jquery.SuperSlide.2.1.1.js',
)
[ info ] [ LOG ] INIT File
[ error ] [2]unlink(/var/webstars/handmade/runtime/cache/91/a7add9f25cf1b724cb4bda50eacd23.php): No such file or directory[/var/webstars/handmade/thinkphp/library/think/cache/driver/File.php:246]
[ error ] [2]rmdir(/var/webstars/handmade/runtime/cache/91): No such file or directory[/var/webstars/handmade/thinkphp/library/think/cache/driver/File.php:248]
---------------------------------------------------------------
[ 2025-03-13T08:03:17+08:00 ] 10.211.55.2 GET dev.handmade.com/assets/addons/ldcms/css/iconfont.css
[运行时间：0.316849s] [吞吐率：3.16req/s] [内存消耗：345.45kb] [文件加载：80]
[ info ] [ BEHAVIOR ] Run Closure @app_init [ RunTime:0.000022s ]
[ info ] [ CACHE ] INIT File
[ info ] [ DB ] INIT mysql
[ info ] [ BEHAVIOR ] Run \addons\ldcms\Ldcms @app_init [ RunTime:0.255470s ]
[ info ] [ BEHAVIOR ] Run Closure @app_init [ RunTime:0.255515s ]
[ info ] [ BEHAVIOR ] Run app\common\behavior\Common @app_init [ RunTime:0.000074s ]
[ info ] [ LANG ] /var/webstars/handmade/thinkphp/lang/zh-cn.php
[ info ] [ BEHAVIOR ] Run app\common\behavior\Common @app_dispatch [ RunTime:0.000034s ]
[ info ] [ ROUTE ] array (
  'type' => 'module',
  'module' => 
  array (
    0 => 'assets',
    1 => 'addons',
    2 => 'ldcms',
  ),
)
[ info ] [ HEADER ] array (
  'cookie' => 'frontend_language=zh-cn; PHPSESSID=suo51l24lkfa37o8t2ghmh3jft; thinkphp_show_page_trace=0|0; backend_language=zh-cn; keeplogin=1%7C86400%7C1741909127%7C1c649e0e0e7d9718fc5855794f92a92e',
  'accept-language' => 'zh-CN,zh;q=0.9,en;q=0.8',
  'accept-encoding' => 'gzip, deflate',
  'referer' => 'http://dev.handmade.com/yuangongfengcai',
  'accept' => 'text/css,*/*;q=0.1',
  'user-agent' => 'Mozilla/5.0 (Macintosh; Intel Mac OS X 10_15_7) AppleWebKit/537.36 (KHTML, like Gecko) Chrome/133.0.0.0 Safari/537.36',
  'connection' => 'keep-alive',
  'host' => 'dev.handmade.com',
  'content-length' => '',
  'content-type' => '',
)
[ info ] [ PARAM ] array (
  'css' => 'iconfont.css',
)
[ info ] [ LOG ] INIT File
[ error ] [2]unlink(/var/webstars/handmade/runtime/cache/67/8ad6fa6bc105f817aa918afec0cfe1.php): No such file or directory[/var/webstars/handmade/thinkphp/library/think/cache/driver/File.php:246]
[ error ] [2]rmdir(/var/webstars/handmade/runtime/cache/67): No such file or directory[/var/webstars/handmade/thinkphp/library/think/cache/driver/File.php:248]
---------------------------------------------------------------
[ 2025-03-13T08:03:18+08:00 ] 10.211.55.2 GET dev.handmade.com/assets/addons/ldcms/css/media.css
[运行时间：0.243112s] [吞吐率：4.11req/s] [内存消耗：257.80kb] [文件加载：80]
[ info ] [ BEHAVIOR ] Run Closure @app_init [ RunTime:0.000114s ]
[ info ] [ CACHE ] INIT File
[ info ] [ DB ] INIT mysql
[ info ] [ BEHAVIOR ] Run \addons\ldcms\Ldcms @app_init [ RunTime:0.058708s ]
[ info ] [ BEHAVIOR ] Run Closure @app_init [ RunTime:0.058725s ]
[ info ] [ BEHAVIOR ] Run app\common\behavior\Common @app_init [ RunTime:0.000037s ]
[ info ] [ LANG ] /var/webstars/handmade/thinkphp/lang/zh-cn.php
[ info ] [ BEHAVIOR ] Run app\common\behavior\Common @app_dispatch [ RunTime:0.000028s ]
[ info ] [ ROUTE ] array (
  'type' => 'module',
  'module' => 
  array (
    0 => 'assets',
    1 => 'addons',
    2 => 'ldcms',
  ),
)
[ info ] [ HEADER ] array (
  'cookie' => 'frontend_language=zh-cn; PHPSESSID=suo51l24lkfa37o8t2ghmh3jft; thinkphp_show_page_trace=0|0; backend_language=zh-cn; keeplogin=1%7C86400%7C1741909127%7C1c649e0e0e7d9718fc5855794f92a92e',
  'accept-language' => 'zh-CN,zh;q=0.9,en;q=0.8',
  'accept-encoding' => 'gzip, deflate',
  'referer' => 'http://dev.handmade.com/yuangongfengcai',
  'accept' => 'text/css,*/*;q=0.1',
  'user-agent' => 'Mozilla/5.0 (Macintosh; Intel Mac OS X 10_15_7) AppleWebKit/537.36 (KHTML, like Gecko) Chrome/133.0.0.0 Safari/537.36',
  'connection' => 'keep-alive',
  'host' => 'dev.handmade.com',
  'content-length' => '',
  'content-type' => '',
)
[ info ] [ PARAM ] array (
  'css' => 'media.css',
)
[ info ] [ LOG ] INIT File
[ error ] [2]rmdir(/var/webstars/handmade/runtime/cache/67): No such file or directory[/var/webstars/handmade/thinkphp/library/think/cache/driver/File.php:248]
[ error ] [2]rmdir(/var/webstars/handmade/runtime/cache/91): No such file or directory[/var/webstars/handmade/thinkphp/library/think/cache/driver/File.php:248]
---------------------------------------------------------------
[ 2025-03-13T08:03:18+08:00 ] 10.211.55.2 GET dev.handmade.com/assets/addons/ldcms/js/jquery.stellar.min.js
[运行时间：0.023819s] [吞吐率：41.98req/s] [内存消耗：82.48kb] [文件加载：59]
[ info ] [ BEHAVIOR ] Run Closure @app_init [ RunTime:0.000019s ]
[ info ] [ CACHE ] INIT File
[ info ] [ LOG ] INIT File
[ error ] [2]mkdir(): File exists[/var/webstars/handmade/thinkphp/library/think/cache/driver/File.php:84]
---------------------------------------------------------------
[ 2025-03-13T08:03:18+08:00 ] 10.211.55.2 GET dev.handmade.com/assets/addons/ldcms/layer/layer.js
[运行时间：0.224634s] [吞吐率：4.45req/s] [内存消耗：259.66kb] [文件加载：80]
[ info ] [ BEHAVIOR ] Run Closure @app_init [ RunTime:0.000558s ]
[ info ] [ CACHE ] INIT File
[ info ] [ DB ] INIT mysql
[ info ] [ BEHAVIOR ] Run \addons\ldcms\Ldcms @app_init [ RunTime:0.159369s ]
[ info ] [ BEHAVIOR ] Run Closure @app_init [ RunTime:0.159399s ]
[ info ] [ BEHAVIOR ] Run app\common\behavior\Common @app_init [ RunTime:0.000051s ]
[ info ] [ LANG ] /var/webstars/handmade/thinkphp/lang/zh-cn.php
[ info ] [ BEHAVIOR ] Run app\common\behavior\Common @app_dispatch [ RunTime:0.000030s ]
[ info ] [ ROUTE ] array (
  'type' => 'module',
  'module' => 
  array (
    0 => 'assets',
    1 => 'addons',
    2 => 'ldcms',
  ),
)
[ info ] [ HEADER ] array (
  'cookie' => 'frontend_language=zh-cn; PHPSESSID=suo51l24lkfa37o8t2ghmh3jft; thinkphp_show_page_trace=0|0; backend_language=zh-cn; keeplogin=1%7C86400%7C1741909127%7C1c649e0e0e7d9718fc5855794f92a92e',
  'accept-language' => 'zh-CN,zh;q=0.9,en;q=0.8',
  'accept-encoding' => 'gzip, deflate',
  'referer' => 'http://dev.handmade.com/yuangongfengcai',
  'accept' => '*/*',
  'user-agent' => 'Mozilla/5.0 (Macintosh; Intel Mac OS X 10_15_7) AppleWebKit/537.36 (KHTML, like Gecko) Chrome/133.0.0.0 Safari/537.36',
  'connection' => 'keep-alive',
  'host' => 'dev.handmade.com',
  'content-length' => '',
  'content-type' => '',
)
[ info ] [ PARAM ] array (
  'layer' => 'layer.js',
)
[ info ] [ LOG ] INIT File
[ error ] [2]unlink(/var/webstars/handmade/runtime/cache/4e/819c837d54a6ed09abc77a8560a66f.php): No such file or directory[/var/webstars/handmade/thinkphp/library/think/cache/driver/File.php:246]
[ error ] [2]rmdir(/var/webstars/handmade/runtime/cache/4e): No such file or directory[/var/webstars/handmade/thinkphp/library/think/cache/driver/File.php:248]
[ error ] [2]rmdir(/var/webstars/handmade/runtime/cache/67): No such file or directory[/var/webstars/handmade/thinkphp/library/think/cache/driver/File.php:248]
[ error ] [2]unlink(/var/webstars/handmade/runtime/cache/91/a7add9f25cf1b724cb4bda50eacd23.php): No such file or directory[/var/webstars/handmade/thinkphp/library/think/cache/driver/File.php:246]
[ error ] [2]rmdir(/var/webstars/handmade/runtime/cache/91): No such file or directory[/var/webstars/handmade/thinkphp/library/think/cache/driver/File.php:248]
---------------------------------------------------------------
[ 2025-03-13T08:03:18+08:00 ] 10.211.55.2 GET dev.handmade.com/assets/addons/ldcms/js/scrolla.jquery.js
[运行时间：0.199418s] [吞吐率：5.01req/s] [内存消耗：258.52kb] [文件加载：80]
[ info ] [ BEHAVIOR ] Run Closure @app_init [ RunTime:0.000023s ]
[ info ] [ CACHE ] INIT File
[ info ] [ DB ] INIT mysql
[ info ] [ BEHAVIOR ] Run \addons\ldcms\Ldcms @app_init [ RunTime:0.143191s ]
[ info ] [ BEHAVIOR ] Run Closure @app_init [ RunTime:0.143266s ]
[ info ] [ BEHAVIOR ] Run app\common\behavior\Common @app_init [ RunTime:0.002283s ]
[ info ] [ LANG ] /var/webstars/handmade/thinkphp/lang/zh-cn.php
[ info ] [ BEHAVIOR ] Run app\common\behavior\Common @app_dispatch [ RunTime:0.001504s ]
[ info ] [ ROUTE ] array (
  'type' => 'module',
  'module' => 
  array (
    0 => 'assets',
    1 => 'addons',
    2 => 'ldcms',
  ),
)
[ info ] [ HEADER ] array (
  'cookie' => 'frontend_language=zh-cn; PHPSESSID=suo51l24lkfa37o8t2ghmh3jft; thinkphp_show_page_trace=0|0; backend_language=zh-cn; keeplogin=1%7C86400%7C1741909127%7C1c649e0e0e7d9718fc5855794f92a92e',
  'accept-language' => 'zh-CN,zh;q=0.9,en;q=0.8',
  'accept-encoding' => 'gzip, deflate',
  'referer' => 'http://dev.handmade.com/yuangongfengcai',
  'accept' => '*/*',
  'user-agent' => 'Mozilla/5.0 (Macintosh; Intel Mac OS X 10_15_7) AppleWebKit/537.36 (KHTML, like Gecko) Chrome/133.0.0.0 Safari/537.36',
  'connection' => 'keep-alive',
  'host' => 'dev.handmade.com',
  'content-length' => '',
  'content-type' => '',
)
[ info ] [ PARAM ] array (
  'js' => 'scrolla.jquery.js',
)
[ info ] [ LOG ] INIT File
[ error ] [2]unlink(/var/webstars/handmade/runtime/cache/4e/819c837d54a6ed09abc77a8560a66f.php): No such file or directory[/var/webstars/handmade/thinkphp/library/think/cache/driver/File.php:246]
[ error ] [2]rmdir(/var/webstars/handmade/runtime/cache/4e): No such file or directory[/var/webstars/handmade/thinkphp/library/think/cache/driver/File.php:248]
[ error ] [2]rmdir(/var/webstars/handmade/runtime/cache/67): No such file or directory[/var/webstars/handmade/thinkphp/library/think/cache/driver/File.php:248]
---------------------------------------------------------------
[ 2025-03-13T08:03:18+08:00 ] 10.211.55.2 GET dev.handmade.com/assets/addons/ldcms/js/swiper.min.js
[运行时间：0.238246s] [吞吐率：4.20req/s] [内存消耗：345.54kb] [文件加载：80]
[ info ] [ BEHAVIOR ] Run Closure @app_init [ RunTime:0.000058s ]
[ info ] [ CACHE ] INIT File
[ info ] [ DB ] INIT mysql
[ info ] [ BEHAVIOR ] Run \addons\ldcms\Ldcms @app_init [ RunTime:0.180814s ]
[ info ] [ BEHAVIOR ] Run Closure @app_init [ RunTime:0.180841s ]
[ info ] [ BEHAVIOR ] Run app\common\behavior\Common @app_init [ RunTime:0.000195s ]
[ info ] [ LANG ] /var/webstars/handmade/thinkphp/lang/zh-cn.php
[ info ] [ BEHAVIOR ] Run app\common\behavior\Common @app_dispatch [ RunTime:0.000026s ]
[ info ] [ ROUTE ] array (
  'type' => 'module',
  'module' => 
  array (
    0 => 'assets',
    1 => 'addons',
    2 => 'ldcms',
  ),
)
[ info ] [ HEADER ] array (
  'cookie' => 'frontend_language=zh-cn; PHPSESSID=suo51l24lkfa37o8t2ghmh3jft; thinkphp_show_page_trace=0|0; backend_language=zh-cn; keeplogin=1%7C86400%7C1741909127%7C1c649e0e0e7d9718fc5855794f92a92e',
  'accept-language' => 'zh-CN,zh;q=0.9,en;q=0.8',
  'accept-encoding' => 'gzip, deflate',
  'referer' => 'http://dev.handmade.com/yuangongfengcai',
  'accept' => '*/*',
  'user-agent' => 'Mozilla/5.0 (Macintosh; Intel Mac OS X 10_15_7) AppleWebKit/537.36 (KHTML, like Gecko) Chrome/133.0.0.0 Safari/537.36',
  'connection' => 'keep-alive',
  'host' => 'dev.handmade.com',
  'content-length' => '',
  'content-type' => '',
)
[ info ] [ PARAM ] array (
  'js' => 'swiper.min.js',
)
[ info ] [ LOG ] INIT File
[ error ] [2]unlink(/var/webstars/handmade/runtime/cache/91/a7add9f25cf1b724cb4bda50eacd23.php): No such file or directory[/var/webstars/handmade/thinkphp/library/think/cache/driver/File.php:246]
[ error ] [2]rmdir(/var/webstars/handmade/runtime/cache/91): No such file or directory[/var/webstars/handmade/thinkphp/library/think/cache/driver/File.php:248]
---------------------------------------------------------------
[ 2025-03-13T08:03:18+08:00 ] 10.211.55.2 GET dev.handmade.com/assets/addons/ldcms/js/jquery-1.11.2.min.js
[运行时间：0.284736s] [吞吐率：3.51req/s] [内存消耗：82.70kb] [文件加载：59]
[ info ] [ BEHAVIOR ] Run Closure @app_init [ RunTime:0.003752s ]
[ info ] [ CACHE ] INIT File
[ info ] [ LOG ] INIT File
[ error ] [2]file_put_contents(/var/webstars/handmade/runtime/cache/4e/819c837d54a6ed09abc77a8560a66f.php): Failed to open stream: No such file or directory[/var/webstars/handmade/thinkphp/library/think/cache/driver/File.php:159]
---------------------------------------------------------------
[ 2025-03-13T08:03:18+08:00 ] 10.211.55.2 GET dev.handmade.com/assets/addons/ldcms/images/logo.png
[运行时间：0.103125s] [吞吐率：9.70req/s] [内存消耗：345.60kb] [文件加载：80]
[ info ] [ BEHAVIOR ] Run Closure @app_init [ RunTime:0.000020s ]
[ info ] [ CACHE ] INIT File
[ info ] [ DB ] INIT mysql
[ info ] [ BEHAVIOR ] Run \addons\ldcms\Ldcms @app_init [ RunTime:0.055680s ]
[ info ] [ BEHAVIOR ] Run Closure @app_init [ RunTime:0.055718s ]
[ info ] [ BEHAVIOR ] Run app\common\behavior\Common @app_init [ RunTime:0.000071s ]
[ info ] [ LANG ] /var/webstars/handmade/thinkphp/lang/zh-cn.php
[ info ] [ BEHAVIOR ] Run app\common\behavior\Common @app_dispatch [ RunTime:0.000027s ]
[ info ] [ ROUTE ] array (
  'type' => 'module',
  'module' => 
  array (
    0 => 'assets',
    1 => 'addons',
    2 => 'ldcms',
  ),
)
[ info ] [ HEADER ] array (
  'cookie' => 'frontend_language=zh-cn; PHPSESSID=suo51l24lkfa37o8t2ghmh3jft; thinkphp_show_page_trace=0|0; backend_language=zh-cn; keeplogin=1%7C86400%7C1741909127%7C1c649e0e0e7d9718fc5855794f92a92e',
  'accept-language' => 'zh-CN,zh;q=0.9,en;q=0.8',
  'accept-encoding' => 'gzip, deflate',
  'referer' => 'http://dev.handmade.com/yuangongfengcai',
  'accept' => 'image/avif,image/webp,image/apng,image/svg+xml,image/*,*/*;q=0.8',
  'user-agent' => 'Mozilla/5.0 (Macintosh; Intel Mac OS X 10_15_7) AppleWebKit/537.36 (KHTML, like Gecko) Chrome/133.0.0.0 Safari/537.36',
  'connection' => 'keep-alive',
  'host' => 'dev.handmade.com',
  'content-length' => '',
  'content-type' => '',
)
[ info ] [ PARAM ] array (
  'images' => 'logo.png',
)
[ info ] [ LOG ] INIT File
[ error ] [2]unlink(/var/webstars/handmade/runtime/cache/67/8ad6fa6bc105f817aa918afec0cfe1.php): No such file or directory[/var/webstars/handmade/thinkphp/library/think/cache/driver/File.php:246]
[ error ] [2]rmdir(/var/webstars/handmade/runtime/cache/67): No such file or directory[/var/webstars/handmade/thinkphp/library/think/cache/driver/File.php:248]
---------------------------------------------------------------
[ 2025-03-13T08:03:18+08:00 ] 10.211.55.2 GET dev.handmade.com/assets/addons/ldcms/images/banner.jpg
[运行时间：0.098052s] [吞吐率：10.20req/s] [内存消耗：346.74kb] [文件加载：80]
[ info ] [ BEHAVIOR ] Run Closure @app_init [ RunTime:0.000015s ]
[ info ] [ CACHE ] INIT File
[ info ] [ DB ] INIT mysql
[ info ] [ BEHAVIOR ] Run \addons\ldcms\Ldcms @app_init [ RunTime:0.070694s ]
[ info ] [ BEHAVIOR ] Run Closure @app_init [ RunTime:0.070722s ]
[ info ] [ BEHAVIOR ] Run app\common\behavior\Common @app_init [ RunTime:0.000049s ]
[ info ] [ LANG ] /var/webstars/handmade/thinkphp/lang/zh-cn.php
[ info ] [ BEHAVIOR ] Run app\common\behavior\Common @app_dispatch [ RunTime:0.000145s ]
[ info ] [ ROUTE ] array (
  'type' => 'module',
  'module' => 
  array (
    0 => 'assets',
    1 => 'addons',
    2 => 'ldcms',
  ),
)
[ info ] [ HEADER ] array (
  'cookie' => 'frontend_language=zh-cn; PHPSESSID=suo51l24lkfa37o8t2ghmh3jft; thinkphp_show_page_trace=0|0; backend_language=zh-cn; keeplogin=1%7C86400%7C1741909127%7C1c649e0e0e7d9718fc5855794f92a92e',
  'accept-language' => 'zh-CN,zh;q=0.9,en;q=0.8',
  'accept-encoding' => 'gzip, deflate',
  'referer' => 'http://dev.handmade.com/yuangongfengcai',
  'accept' => 'image/avif,image/webp,image/apng,image/svg+xml,image/*,*/*;q=0.8',
  'user-agent' => 'Mozilla/5.0 (Macintosh; Intel Mac OS X 10_15_7) AppleWebKit/537.36 (KHTML, like Gecko) Chrome/133.0.0.0 Safari/537.36',
  'connection' => 'keep-alive',
  'host' => 'dev.handmade.com',
  'content-length' => '',
  'content-type' => '',
)
[ info ] [ PARAM ] array (
  'images' => 'banner.jpg',
)
[ info ] [ LOG ] INIT File
[ error ] [2]unlink(/var/webstars/handmade/runtime/cache/4e/819c837d54a6ed09abc77a8560a66f.php): No such file or directory[/var/webstars/handmade/thinkphp/library/think/cache/driver/File.php:246]
[ error ] [2]rmdir(/var/webstars/handmade/runtime/cache/4e): No such file or directory[/var/webstars/handmade/thinkphp/library/think/cache/driver/File.php:248]
[ error ] [2]unlink(/var/webstars/handmade/runtime/cache/91/a7add9f25cf1b724cb4bda50eacd23.php): No such file or directory[/var/webstars/handmade/thinkphp/library/think/cache/driver/File.php:246]
[ error ] [2]rmdir(/var/webstars/handmade/runtime/cache/91): No such file or directory[/var/webstars/handmade/thinkphp/library/think/cache/driver/File.php:248]
---------------------------------------------------------------
[ 2025-03-13T08:03:18+08:00 ] 10.211.55.2 GET dev.handmade.com/assets/addons/ldcms/images/langico.png
[运行时间：0.012098s] [吞吐率：82.66req/s] [内存消耗：82.54kb] [文件加载：59]
[ info ] [ BEHAVIOR ] Run Closure @app_init [ RunTime:0.000020s ]
[ info ] [ CACHE ] INIT File
[ info ] [ LOG ] INIT File
[ error ] [2]mkdir(): File exists[/var/webstars/handmade/thinkphp/library/think/cache/driver/File.php:84]
---------------------------------------------------------------
[ 2025-03-13T08:03:18+08:00 ] 10.211.55.2 GET dev.handmade.com/assets/addons/ldcms/images/searico.png
[运行时间：0.067774s] [吞吐率：14.75req/s] [内存消耗：341.13kb] [文件加载：78]
[ info ] [ BEHAVIOR ] Run Closure @app_init [ RunTime:0.000017s ]
[ info ] [ CACHE ] INIT File
[ info ] [ DB ] INIT mysql
[ info ] [ BEHAVIOR ] Run \addons\ldcms\Ldcms @app_init [ RunTime:0.041717s ]
[ info ] [ BEHAVIOR ] Run Closure @app_init [ RunTime:0.041896s ]
[ info ] [ BEHAVIOR ] Run app\common\behavior\Common @app_init [ RunTime:0.000528s ]
[ info ] [ LANG ] /var/webstars/handmade/thinkphp/lang/zh-cn.php
[ info ] [ BEHAVIOR ] Run app\common\behavior\Common @app_dispatch [ RunTime:0.000038s ]
[ info ] [ ROUTE ] array (
  'type' => 'module',
  'module' => 
  array (
    0 => 'assets',
    1 => 'addons',
    2 => 'ldcms',
  ),
)
[ info ] [ HEADER ] array (
  'cookie' => 'frontend_language=zh-cn; PHPSESSID=suo51l24lkfa37o8t2ghmh3jft; thinkphp_show_page_trace=0|0; backend_language=zh-cn; keeplogin=1%7C86400%7C1741909127%7C1c649e0e0e7d9718fc5855794f92a92e',
  'accept-language' => 'zh-CN,zh;q=0.9,en;q=0.8',
  'accept-encoding' => 'gzip, deflate',
  'referer' => 'http://dev.handmade.com/yuangongfengcai',
  'accept' => 'image/avif,image/webp,image/apng,image/svg+xml,image/*,*/*;q=0.8',
  'user-agent' => 'Mozilla/5.0 (Macintosh; Intel Mac OS X 10_15_7) AppleWebKit/537.36 (KHTML, like Gecko) Chrome/133.0.0.0 Safari/537.36',
  'connection' => 'keep-alive',
  'host' => 'dev.handmade.com',
  'content-length' => '',
  'content-type' => '',
)
[ info ] [ PARAM ] array (
  'images' => 'searico.png',
)
[ info ] [ LOG ] INIT File
---------------------------------------------------------------
[ 2025-03-13T08:03:18+08:00 ] 10.211.55.2 GET dev.handmade.com/assets/addons/ldcms/images/searchico.png
[运行时间：0.015267s] [吞吐率：65.50req/s] [内存消耗：82.54kb] [文件加载：59]
[ info ] [ BEHAVIOR ] Run Closure @app_init [ RunTime:0.000021s ]
[ info ] [ CACHE ] INIT File
[ info ] [ LOG ] INIT File
[ error ] [2]mkdir(): File exists[/var/webstars/handmade/thinkphp/library/think/cache/driver/File.php:84]
---------------------------------------------------------------
[ 2025-03-13T08:03:18+08:00 ] 10.211.55.2 GET dev.handmade.com/assets/addons/ldcms/images/search_close.png
[运行时间：0.155664s] [吞吐率：6.42req/s] [内存消耗：345.64kb] [文件加载：80]
[ info ] [ BEHAVIOR ] Run Closure @app_init [ RunTime:0.000157s ]
[ info ] [ CACHE ] INIT File
[ info ] [ DB ] INIT mysql
[ info ] [ BEHAVIOR ] Run \addons\ldcms\Ldcms @app_init [ RunTime:0.110655s ]
[ info ] [ BEHAVIOR ] Run Closure @app_init [ RunTime:0.110694s ]
[ info ] [ BEHAVIOR ] Run app\common\behavior\Common @app_init [ RunTime:0.000072s ]
[ info ] [ LANG ] /var/webstars/handmade/thinkphp/lang/zh-cn.php
[ info ] [ BEHAVIOR ] Run app\common\behavior\Common @app_dispatch [ RunTime:0.000032s ]
[ info ] [ ROUTE ] array (
  'type' => 'module',
  'module' => 
  array (
    0 => 'assets',
    1 => 'addons',
    2 => 'ldcms',
  ),
)
[ info ] [ HEADER ] array (
  'cookie' => 'frontend_language=zh-cn; PHPSESSID=suo51l24lkfa37o8t2ghmh3jft; thinkphp_show_page_trace=0|0; backend_language=zh-cn; keeplogin=1%7C86400%7C1741909127%7C1c649e0e0e7d9718fc5855794f92a92e',
  'accept-language' => 'zh-CN,zh;q=0.9,en;q=0.8',
  'accept-encoding' => 'gzip, deflate',
  'referer' => 'http://dev.handmade.com/yuangongfengcai',
  'accept' => 'image/avif,image/webp,image/apng,image/svg+xml,image/*,*/*;q=0.8',
  'user-agent' => 'Mozilla/5.0 (Macintosh; Intel Mac OS X 10_15_7) AppleWebKit/537.36 (KHTML, like Gecko) Chrome/133.0.0.0 Safari/537.36',
  'connection' => 'keep-alive',
  'host' => 'dev.handmade.com',
  'content-length' => '',
  'content-type' => '',
)
[ info ] [ PARAM ] array (
  'images' => 'search_close.png',
)
[ info ] [ LOG ] INIT File
[ error ] [2]unlink(/var/webstars/handmade/runtime/cache/67/8ad6fa6bc105f817aa918afec0cfe1.php): No such file or directory[/var/webstars/handmade/thinkphp/library/think/cache/driver/File.php:246]
[ error ] [2]rmdir(/var/webstars/handmade/runtime/cache/67): No such file or directory[/var/webstars/handmade/thinkphp/library/think/cache/driver/File.php:248]
---------------------------------------------------------------
[ 2025-03-13T08:03:18+08:00 ] 10.211.55.2 GET dev.handmade.com/assets/addons/ldcms/images/jiantblue.png
[运行时间：0.139758s] [吞吐率：7.16req/s] [内存消耗：259.07kb] [文件加载：80]
[ info ] [ BEHAVIOR ] Run Closure @app_init [ RunTime:0.000023s ]
[ info ] [ CACHE ] INIT File
[ info ] [ DB ] INIT mysql
[ info ] [ BEHAVIOR ] Run \addons\ldcms\Ldcms @app_init [ RunTime:0.081637s ]
[ info ] [ BEHAVIOR ] Run Closure @app_init [ RunTime:0.081668s ]
[ info ] [ BEHAVIOR ] Run app\common\behavior\Common @app_init [ RunTime:0.000073s ]
[ info ] [ LANG ] /var/webstars/handmade/thinkphp/lang/zh-cn.php
[ info ] [ BEHAVIOR ] Run app\common\behavior\Common @app_dispatch [ RunTime:0.000032s ]
[ info ] [ ROUTE ] array (
  'type' => 'module',
  'module' => 
  array (
    0 => 'assets',
    1 => 'addons',
    2 => 'ldcms',
  ),
)
[ info ] [ HEADER ] array (
  'cookie' => 'frontend_language=zh-cn; PHPSESSID=suo51l24lkfa37o8t2ghmh3jft; thinkphp_show_page_trace=0|0; backend_language=zh-cn; keeplogin=1%7C86400%7C1741909127%7C1c649e0e0e7d9718fc5855794f92a92e',
  'accept-language' => 'zh-CN,zh;q=0.9,en;q=0.8',
  'accept-encoding' => 'gzip, deflate',
  'referer' => 'http://dev.handmade.com/yuangongfengcai',
  'accept' => 'image/avif,image/webp,image/apng,image/svg+xml,image/*,*/*;q=0.8',
  'user-agent' => 'Mozilla/5.0 (Macintosh; Intel Mac OS X 10_15_7) AppleWebKit/537.36 (KHTML, like Gecko) Chrome/133.0.0.0 Safari/537.36',
  'connection' => 'keep-alive',
  'host' => 'dev.handmade.com',
  'content-length' => '',
  'content-type' => '',
)
[ info ] [ PARAM ] array (
  'images' => 'jiantblue.png',
)
[ info ] [ LOG ] INIT File
[ error ] [2]rmdir(/var/webstars/handmade/runtime/cache/4e): No such file or directory[/var/webstars/handmade/thinkphp/library/think/cache/driver/File.php:248]
[ error ] [2]unlink(/var/webstars/handmade/runtime/cache/67/8ad6fa6bc105f817aa918afec0cfe1.php): No such file or directory[/var/webstars/handmade/thinkphp/library/think/cache/driver/File.php:246]
[ error ] [2]rmdir(/var/webstars/handmade/runtime/cache/67): No such file or directory[/var/webstars/handmade/thinkphp/library/think/cache/driver/File.php:248]
[ error ] [2]rmdir(/var/webstars/handmade/runtime/cache/91): No such file or directory[/var/webstars/handmade/thinkphp/library/think/cache/driver/File.php:248]
---------------------------------------------------------------
[ 2025-03-13T08:03:18+08:00 ] 10.211.55.2 GET dev.handmade.com/assets/addons/ldcms/images/wapnavico.png
[运行时间：0.166936s] [吞吐率：5.99req/s] [内存消耗：346.76kb] [文件加载：80]
[ info ] [ BEHAVIOR ] Run Closure @app_init [ RunTime:0.000020s ]
[ info ] [ CACHE ] INIT File
[ info ] [ DB ] INIT mysql
[ info ] [ BEHAVIOR ] Run \addons\ldcms\Ldcms @app_init [ RunTime:0.110664s ]
[ info ] [ BEHAVIOR ] Run Closure @app_init [ RunTime:0.111590s ]
[ info ] [ BEHAVIOR ] Run app\common\behavior\Common @app_init [ RunTime:0.000224s ]
[ info ] [ LANG ] /var/webstars/handmade/thinkphp/lang/zh-cn.php
[ info ] [ BEHAVIOR ] Run app\common\behavior\Common @app_dispatch [ RunTime:0.000032s ]
[ info ] [ ROUTE ] array (
  'type' => 'module',
  'module' => 
  array (
    0 => 'assets',
    1 => 'addons',
    2 => 'ldcms',
  ),
)
[ info ] [ HEADER ] array (
  'cookie' => 'frontend_language=zh-cn; PHPSESSID=suo51l24lkfa37o8t2ghmh3jft; thinkphp_show_page_trace=0|0; backend_language=zh-cn; keeplogin=1%7C86400%7C1741909127%7C1c649e0e0e7d9718fc5855794f92a92e',
  'accept-language' => 'zh-CN,zh;q=0.9,en;q=0.8',
  'accept-encoding' => 'gzip, deflate',
  'referer' => 'http://dev.handmade.com/yuangongfengcai',
  'accept' => 'image/avif,image/webp,image/apng,image/svg+xml,image/*,*/*;q=0.8',
  'user-agent' => 'Mozilla/5.0 (Macintosh; Intel Mac OS X 10_15_7) AppleWebKit/537.36 (KHTML, like Gecko) Chrome/133.0.0.0 Safari/537.36',
  'connection' => 'keep-alive',
  'host' => 'dev.handmade.com',
  'content-length' => '',
  'content-type' => '',
)
[ info ] [ PARAM ] array (
  'images' => 'wapnavico.png',
)
[ info ] [ LOG ] INIT File
[ error ] [2]unlink(/var/webstars/handmade/runtime/cache/4e/819c837d54a6ed09abc77a8560a66f.php): No such file or directory[/var/webstars/handmade/thinkphp/library/think/cache/driver/File.php:246]
[ error ] [2]rmdir(/var/webstars/handmade/runtime/cache/4e): No such file or directory[/var/webstars/handmade/thinkphp/library/think/cache/driver/File.php:248]
[ error ] [2]unlink(/var/webstars/handmade/runtime/cache/91/a7add9f25cf1b724cb4bda50eacd23.php): No such file or directory[/var/webstars/handmade/thinkphp/library/think/cache/driver/File.php:246]
[ error ] [2]rmdir(/var/webstars/handmade/runtime/cache/91): No such file or directory[/var/webstars/handmade/thinkphp/library/think/cache/driver/File.php:248]
---------------------------------------------------------------
[ 2025-03-13T08:03:18+08:00 ] 10.211.55.2 GET dev.handmade.com/assets/addons/ldcms/images/culture1.png
[运行时间：0.138424s] [吞吐率：7.22req/s] [内存消耗：259.74kb] [文件加载：80]
[ info ] [ BEHAVIOR ] Run Closure @app_init [ RunTime:0.000021s ]
[ info ] [ CACHE ] INIT File
[ info ] [ DB ] INIT mysql
[ info ] [ BEHAVIOR ] Run \addons\ldcms\Ldcms @app_init [ RunTime:0.086595s ]
[ info ] [ BEHAVIOR ] Run Closure @app_init [ RunTime:0.086626s ]
[ info ] [ BEHAVIOR ] Run app\common\behavior\Common @app_init [ RunTime:0.000059s ]
[ info ] [ LANG ] /var/webstars/handmade/thinkphp/lang/zh-cn.php
[ info ] [ BEHAVIOR ] Run app\common\behavior\Common @app_dispatch [ RunTime:0.000025s ]
[ info ] [ ROUTE ] array (
  'type' => 'module',
  'module' => 
  array (
    0 => 'assets',
    1 => 'addons',
    2 => 'ldcms',
  ),
)
[ info ] [ HEADER ] array (
  'cookie' => 'frontend_language=zh-cn; PHPSESSID=suo51l24lkfa37o8t2ghmh3jft; thinkphp_show_page_trace=0|0; backend_language=zh-cn; keeplogin=1%7C86400%7C1741909127%7C1c649e0e0e7d9718fc5855794f92a92e',
  'accept-language' => 'zh-CN,zh;q=0.9,en;q=0.8',
  'accept-encoding' => 'gzip, deflate',
  'referer' => 'http://dev.handmade.com/yuangongfengcai',
  'accept' => 'image/avif,image/webp,image/apng,image/svg+xml,image/*,*/*;q=0.8',
  'user-agent' => 'Mozilla/5.0 (Macintosh; Intel Mac OS X 10_15_7) AppleWebKit/537.36 (KHTML, like Gecko) Chrome/133.0.0.0 Safari/537.36',
  'connection' => 'keep-alive',
  'host' => 'dev.handmade.com',
  'content-length' => '',
  'content-type' => '',
)
[ info ] [ PARAM ] array (
  'images' => 'culture1.png',
)
[ info ] [ LOG ] INIT File
[ error ] [2]rmdir(/var/webstars/handmade/runtime/cache/4e): No such file or directory[/var/webstars/handmade/thinkphp/library/think/cache/driver/File.php:248]
[ error ] [2]unlink(/var/webstars/handmade/runtime/cache/67/8ad6fa6bc105f817aa918afec0cfe1.php): No such file or directory[/var/webstars/handmade/thinkphp/library/think/cache/driver/File.php:246]
[ error ] [2]rmdir(/var/webstars/handmade/runtime/cache/67): No such file or directory[/var/webstars/handmade/thinkphp/library/think/cache/driver/File.php:248]
[ error ] [2]unlink(/var/webstars/handmade/runtime/cache/91/a7add9f25cf1b724cb4bda50eacd23.php): No such file or directory[/var/webstars/handmade/thinkphp/library/think/cache/driver/File.php:246]
[ error ] [2]rmdir(/var/webstars/handmade/runtime/cache/91): No such file or directory[/var/webstars/handmade/thinkphp/library/think/cache/driver/File.php:248]
---------------------------------------------------------------
[ 2025-03-13T08:03:19+08:00 ] 10.211.55.2 GET dev.handmade.com/assets/addons/ldcms/images/qyjs2.png
[运行时间：0.376392s] [吞吐率：2.66req/s] [内存消耗：346.16kb] [文件加载：80]
[ info ] [ BEHAVIOR ] Run Closure @app_init [ RunTime:0.000018s ]
[ info ] [ CACHE ] INIT File
[ info ] [ DB ] INIT mysql
[ info ] [ BEHAVIOR ] Run \addons\ldcms\Ldcms @app_init [ RunTime:0.213184s ]
[ info ] [ BEHAVIOR ] Run Closure @app_init [ RunTime:0.213228s ]
[ info ] [ BEHAVIOR ] Run app\common\behavior\Common @app_init [ RunTime:0.000077s ]
[ info ] [ LANG ] /var/webstars/handmade/thinkphp/lang/zh-cn.php
[ info ] [ BEHAVIOR ] Run app\common\behavior\Common @app_dispatch [ RunTime:0.000028s ]
[ info ] [ ROUTE ] array (
  'type' => 'module',
  'module' => 
  array (
    0 => 'assets',
    1 => 'addons',
    2 => 'ldcms',
  ),
)
[ info ] [ HEADER ] array (
  'cookie' => 'frontend_language=zh-cn; PHPSESSID=suo51l24lkfa37o8t2ghmh3jft; thinkphp_show_page_trace=0|0; backend_language=zh-cn; keeplogin=1%7C86400%7C1741909127%7C1c649e0e0e7d9718fc5855794f92a92e',
  'accept-language' => 'zh-CN,zh;q=0.9,en;q=0.8',
  'accept-encoding' => 'gzip, deflate',
  'referer' => 'http://dev.handmade.com/yuangongfengcai',
  'accept' => 'image/avif,image/webp,image/apng,image/svg+xml,image/*,*/*;q=0.8',
  'user-agent' => 'Mozilla/5.0 (Macintosh; Intel Mac OS X 10_15_7) AppleWebKit/537.36 (KHTML, like Gecko) Chrome/133.0.0.0 Safari/537.36',
  'connection' => 'keep-alive',
  'host' => 'dev.handmade.com',
  'content-length' => '',
  'content-type' => '',
)
[ info ] [ PARAM ] array (
  'images' => 'qyjs2.png',
)
[ info ] [ LOG ] INIT File
[ error ] [2]unlink(/var/webstars/handmade/runtime/cache/4e/819c837d54a6ed09abc77a8560a66f.php): No such file or directory[/var/webstars/handmade/thinkphp/library/think/cache/driver/File.php:246]
[ error ] [2]rmdir(/var/webstars/handmade/runtime/cache/4e): No such file or directory[/var/webstars/handmade/thinkphp/library/think/cache/driver/File.php:248]
[ error ] [2]rmdir(/var/webstars/handmade/runtime/cache/67): Directory not empty[/var/webstars/handmade/thinkphp/library/think/cache/driver/File.php:248]
---------------------------------------------------------------
[ 2025-03-13T08:03:19+08:00 ] 10.211.55.2 GET dev.handmade.com/assets/addons/ldcms/images/qyjs1.png
[运行时间：0.460959s] [吞吐率：2.17req/s] [内存消耗：345.60kb] [文件加载：80]
[ info ] [ BEHAVIOR ] Run Closure @app_init [ RunTime:0.000021s ]
[ info ] [ CACHE ] INIT File
[ info ] [ DB ] INIT mysql
[ info ] [ BEHAVIOR ] Run \addons\ldcms\Ldcms @app_init [ RunTime:0.274734s ]
[ info ] [ BEHAVIOR ] Run Closure @app_init [ RunTime:0.274765s ]
[ info ] [ BEHAVIOR ] Run app\common\behavior\Common @app_init [ RunTime:0.000070s ]
[ info ] [ LANG ] /var/webstars/handmade/thinkphp/lang/zh-cn.php
[ info ] [ BEHAVIOR ] Run app\common\behavior\Common @app_dispatch [ RunTime:0.000030s ]
[ info ] [ ROUTE ] array (
  'type' => 'module',
  'module' => 
  array (
    0 => 'assets',
    1 => 'addons',
    2 => 'ldcms',
  ),
)
[ info ] [ HEADER ] array (
  'cookie' => 'frontend_language=zh-cn; PHPSESSID=suo51l24lkfa37o8t2ghmh3jft; thinkphp_show_page_trace=0|0; backend_language=zh-cn; keeplogin=1%7C86400%7C1741909127%7C1c649e0e0e7d9718fc5855794f92a92e',
  'accept-language' => 'zh-CN,zh;q=0.9,en;q=0.8',
  'accept-encoding' => 'gzip, deflate',
  'referer' => 'http://dev.handmade.com/yuangongfengcai',
  'accept' => 'image/avif,image/webp,image/apng,image/svg+xml,image/*,*/*;q=0.8',
  'user-agent' => 'Mozilla/5.0 (Macintosh; Intel Mac OS X 10_15_7) AppleWebKit/537.36 (KHTML, like Gecko) Chrome/133.0.0.0 Safari/537.36',
  'connection' => 'keep-alive',
  'host' => 'dev.handmade.com',
  'content-length' => '',
  'content-type' => '',
)
[ info ] [ PARAM ] array (
  'images' => 'qyjs1.png',
)
[ info ] [ LOG ] INIT File
[ error ] [2]unlink(/var/webstars/handmade/runtime/cache/67/8ad6fa6bc105f817aa918afec0cfe1.php): No such file or directory[/var/webstars/handmade/thinkphp/library/think/cache/driver/File.php:246]
[ error ] [2]rmdir(/var/webstars/handmade/runtime/cache/91): No such file or directory[/var/webstars/handmade/thinkphp/library/think/cache/driver/File.php:248]
---------------------------------------------------------------
[ 2025-03-13T08:03:19+08:00 ] 10.211.55.2 GET dev.handmade.com/assets/addons/ldcms/images/qyjs3.png
[运行时间：0.438160s] [吞吐率：2.28req/s] [内存消耗：345.48kb] [文件加载：80]
[ info ] [ BEHAVIOR ] Run Closure @app_init [ RunTime:0.000013s ]
[ info ] [ CACHE ] INIT File
[ info ] [ DB ] INIT mysql
[ info ] [ BEHAVIOR ] Run \addons\ldcms\Ldcms @app_init [ RunTime:0.205569s ]
[ info ] [ BEHAVIOR ] Run Closure @app_init [ RunTime:0.205597s ]
[ info ] [ BEHAVIOR ] Run app\common\behavior\Common @app_init [ RunTime:0.000054s ]
[ info ] [ LANG ] /var/webstars/handmade/thinkphp/lang/zh-cn.php
[ info ] [ BEHAVIOR ] Run app\common\behavior\Common @app_dispatch [ RunTime:0.000058s ]
[ info ] [ ROUTE ] array (
  'type' => 'module',
  'module' => 
  array (
    0 => 'assets',
    1 => 'addons',
    2 => 'ldcms',
  ),
)
[ info ] [ HEADER ] array (
  'cookie' => 'frontend_language=zh-cn; PHPSESSID=suo51l24lkfa37o8t2ghmh3jft; thinkphp_show_page_trace=0|0; backend_language=zh-cn; keeplogin=1%7C86400%7C1741909127%7C1c649e0e0e7d9718fc5855794f92a92e',
  'accept-language' => 'zh-CN,zh;q=0.9,en;q=0.8',
  'accept-encoding' => 'gzip, deflate',
  'referer' => 'http://dev.handmade.com/yuangongfengcai',
  'accept' => 'image/avif,image/webp,image/apng,image/svg+xml,image/*,*/*;q=0.8',
  'user-agent' => 'Mozilla/5.0 (Macintosh; Intel Mac OS X 10_15_7) AppleWebKit/537.36 (KHTML, like Gecko) Chrome/133.0.0.0 Safari/537.36',
  'connection' => 'keep-alive',
  'host' => 'dev.handmade.com',
  'content-length' => '',
  'content-type' => '',
)
[ info ] [ PARAM ] array (
  'images' => 'qyjs3.png',
)
[ info ] [ LOG ] INIT File
[ error ] [2]rmdir(/var/webstars/handmade/runtime/cache/67): No such file or directory[/var/webstars/handmade/thinkphp/library/think/cache/driver/File.php:248]
[ error ] [2]rmdir(/var/webstars/handmade/runtime/cache/91): No such file or directory[/var/webstars/handmade/thinkphp/library/think/cache/driver/File.php:248]
---------------------------------------------------------------
[ 2025-03-13T08:03:19+08:00 ] 10.211.55.2 GET dev.handmade.com/assets/addons/ldcms/images/culture2.png
[运行时间：0.477808s] [吞吐率：2.09req/s] [内存消耗：344.58kb] [文件加载：80]
[ info ] [ BEHAVIOR ] Run Closure @app_init [ RunTime:0.000021s ]
[ info ] [ CACHE ] INIT File
[ info ] [ DB ] INIT mysql
[ info ] [ BEHAVIOR ] Run \addons\ldcms\Ldcms @app_init [ RunTime:0.207487s ]
[ info ] [ BEHAVIOR ] Run Closure @app_init [ RunTime:0.217186s ]
[ info ] [ BEHAVIOR ] Run app\common\behavior\Common @app_init [ RunTime:0.000386s ]
[ info ] [ LANG ] /var/webstars/handmade/thinkphp/lang/zh-cn.php
[ info ] [ BEHAVIOR ] Run app\common\behavior\Common @app_dispatch [ RunTime:0.000037s ]
[ info ] [ ROUTE ] array (
  'type' => 'module',
  'module' => 
  array (
    0 => 'assets',
    1 => 'addons',
    2 => 'ldcms',
  ),
)
[ info ] [ HEADER ] array (
  'cookie' => 'frontend_language=zh-cn; PHPSESSID=suo51l24lkfa37o8t2ghmh3jft; thinkphp_show_page_trace=0|0; backend_language=zh-cn; keeplogin=1%7C86400%7C1741909127%7C1c649e0e0e7d9718fc5855794f92a92e',
  'accept-language' => 'zh-CN,zh;q=0.9,en;q=0.8',
  'accept-encoding' => 'gzip, deflate',
  'referer' => 'http://dev.handmade.com/yuangongfengcai',
  'accept' => 'image/avif,image/webp,image/apng,image/svg+xml,image/*,*/*;q=0.8',
  'user-agent' => 'Mozilla/5.0 (Macintosh; Intel Mac OS X 10_15_7) AppleWebKit/537.36 (KHTML, like Gecko) Chrome/133.0.0.0 Safari/537.36',
  'connection' => 'keep-alive',
  'host' => 'dev.handmade.com',
  'content-length' => '',
  'content-type' => '',
)
[ info ] [ PARAM ] array (
  'images' => 'culture2.png',
)
[ info ] [ LOG ] INIT File
[ error ] [2]rmdir(/var/webstars/handmade/runtime/cache/91): No such file or directory[/var/webstars/handmade/thinkphp/library/think/cache/driver/File.php:248]
---------------------------------------------------------------
[ 2025-03-13T08:03:19+08:00 ] 10.211.55.2 GET dev.handmade.com/assets/addons/ldcms/images/footico2.png
[运行时间：0.104527s] [吞吐率：9.57req/s] [内存消耗：253.51kb] [文件加载：78]
[ info ] [ BEHAVIOR ] Run Closure @app_init [ RunTime:0.000022s ]
[ info ] [ CACHE ] INIT File
[ info ] [ DB ] INIT mysql
[ info ] [ BEHAVIOR ] Run \addons\ldcms\Ldcms @app_init [ RunTime:0.045605s ]
[ info ] [ BEHAVIOR ] Run Closure @app_init [ RunTime:0.045674s ]
[ info ] [ BEHAVIOR ] Run app\common\behavior\Common @app_init [ RunTime:0.000632s ]
[ info ] [ LANG ] /var/webstars/handmade/thinkphp/lang/zh-cn.php
[ info ] [ BEHAVIOR ] Run app\common\behavior\Common @app_dispatch [ RunTime:0.002677s ]
[ info ] [ ROUTE ] array (
  'type' => 'module',
  'module' => 
  array (
    0 => 'assets',
    1 => 'addons',
    2 => 'ldcms',
  ),
)
[ info ] [ HEADER ] array (
  'cookie' => 'frontend_language=zh-cn; PHPSESSID=suo51l24lkfa37o8t2ghmh3jft; thinkphp_show_page_trace=0|0; backend_language=zh-cn; keeplogin=1%7C86400%7C1741909127%7C1c649e0e0e7d9718fc5855794f92a92e',
  'accept-language' => 'zh-CN,zh;q=0.9,en;q=0.8',
  'accept-encoding' => 'gzip, deflate',
  'referer' => 'http://dev.handmade.com/yuangongfengcai',
  'accept' => 'image/avif,image/webp,image/apng,image/svg+xml,image/*,*/*;q=0.8',
  'user-agent' => 'Mozilla/5.0 (Macintosh; Intel Mac OS X 10_15_7) AppleWebKit/537.36 (KHTML, like Gecko) Chrome/133.0.0.0 Safari/537.36',
  'connection' => 'keep-alive',
  'host' => 'dev.handmade.com',
  'content-length' => '',
  'content-type' => '',
)
[ info ] [ PARAM ] array (
  'images' => 'footico2.png',
)
[ info ] [ LOG ] INIT File
---------------------------------------------------------------
[ 2025-03-13T08:03:19+08:00 ] 10.211.55.2 GET dev.handmade.com/assets/addons/ldcms/images/footico4.png
[运行时间：0.079917s] [吞吐率：12.51req/s] [内存消耗：257.87kb] [文件加载：80]
[ info ] [ BEHAVIOR ] Run Closure @app_init [ RunTime:0.000018s ]
[ info ] [ CACHE ] INIT File
[ info ] [ DB ] INIT mysql
[ info ] [ BEHAVIOR ] Run \addons\ldcms\Ldcms @app_init [ RunTime:0.034422s ]
[ info ] [ BEHAVIOR ] Run Closure @app_init [ RunTime:0.034471s ]
[ info ] [ BEHAVIOR ] Run app\common\behavior\Common @app_init [ RunTime:0.000101s ]
[ info ] [ LANG ] /var/webstars/handmade/thinkphp/lang/zh-cn.php
[ info ] [ BEHAVIOR ] Run app\common\behavior\Common @app_dispatch [ RunTime:0.000040s ]
[ info ] [ ROUTE ] array (
  'type' => 'module',
  'module' => 
  array (
    0 => 'assets',
    1 => 'addons',
    2 => 'ldcms',
  ),
)
[ info ] [ HEADER ] array (
  'cookie' => 'frontend_language=zh-cn; PHPSESSID=suo51l24lkfa37o8t2ghmh3jft; thinkphp_show_page_trace=0|0; backend_language=zh-cn; keeplogin=1%7C86400%7C1741909127%7C1c649e0e0e7d9718fc5855794f92a92e',
  'accept-language' => 'zh-CN,zh;q=0.9,en;q=0.8',
  'accept-encoding' => 'gzip, deflate',
  'referer' => 'http://dev.handmade.com/yuangongfengcai',
  'accept' => 'image/avif,image/webp,image/apng,image/svg+xml,image/*,*/*;q=0.8',
  'user-agent' => 'Mozilla/5.0 (Macintosh; Intel Mac OS X 10_15_7) AppleWebKit/537.36 (KHTML, like Gecko) Chrome/133.0.0.0 Safari/537.36',
  'connection' => 'keep-alive',
  'host' => 'dev.handmade.com',
  'content-length' => '',
  'content-type' => '',
)
[ info ] [ PARAM ] array (
  'images' => 'footico4.png',
)
[ info ] [ LOG ] INIT File
[ error ] [2]rmdir(/var/webstars/handmade/runtime/cache/67): No such file or directory[/var/webstars/handmade/thinkphp/library/think/cache/driver/File.php:248]
[ error ] [2]rmdir(/var/webstars/handmade/runtime/cache/91): No such file or directory[/var/webstars/handmade/thinkphp/library/think/cache/driver/File.php:248]
---------------------------------------------------------------
[ 2025-03-13T08:03:19+08:00 ] 10.211.55.2 GET dev.handmade.com/assets/addons/ldcms/images/footico3.png
[运行时间：0.114338s] [吞吐率：8.75req/s] [内存消耗：257.87kb] [文件加载：80]
[ info ] [ BEHAVIOR ] Run Closure @app_init [ RunTime:0.000021s ]
[ info ] [ CACHE ] INIT File
[ info ] [ DB ] INIT mysql
[ info ] [ BEHAVIOR ] Run \addons\ldcms\Ldcms @app_init [ RunTime:0.040974s ]
[ info ] [ BEHAVIOR ] Run Closure @app_init [ RunTime:0.041004s ]
[ info ] [ BEHAVIOR ] Run app\common\behavior\Common @app_init [ RunTime:0.000056s ]
[ info ] [ LANG ] /var/webstars/handmade/thinkphp/lang/zh-cn.php
[ info ] [ BEHAVIOR ] Run app\common\behavior\Common @app_dispatch [ RunTime:0.000030s ]
[ info ] [ ROUTE ] array (
  'type' => 'module',
  'module' => 
  array (
    0 => 'assets',
    1 => 'addons',
    2 => 'ldcms',
  ),
)
[ info ] [ HEADER ] array (
  'cookie' => 'frontend_language=zh-cn; PHPSESSID=suo51l24lkfa37o8t2ghmh3jft; thinkphp_show_page_trace=0|0; backend_language=zh-cn; keeplogin=1%7C86400%7C1741909127%7C1c649e0e0e7d9718fc5855794f92a92e',
  'accept-language' => 'zh-CN,zh;q=0.9,en;q=0.8',
  'accept-encoding' => 'gzip, deflate',
  'referer' => 'http://dev.handmade.com/yuangongfengcai',
  'accept' => 'image/avif,image/webp,image/apng,image/svg+xml,image/*,*/*;q=0.8',
  'user-agent' => 'Mozilla/5.0 (Macintosh; Intel Mac OS X 10_15_7) AppleWebKit/537.36 (KHTML, like Gecko) Chrome/133.0.0.0 Safari/537.36',
  'connection' => 'keep-alive',
  'host' => 'dev.handmade.com',
  'content-length' => '',
  'content-type' => '',
)
[ info ] [ PARAM ] array (
  'images' => 'footico3.png',
)
[ info ] [ LOG ] INIT File
[ error ] [2]rmdir(/var/webstars/handmade/runtime/cache/67): No such file or directory[/var/webstars/handmade/thinkphp/library/think/cache/driver/File.php:248]
[ error ] [2]rmdir(/var/webstars/handmade/runtime/cache/91): No such file or directory[/var/webstars/handmade/thinkphp/library/think/cache/driver/File.php:248]
---------------------------------------------------------------
[ 2025-03-13T08:03:19+08:00 ] 10.211.55.2 GET dev.handmade.com/assets/addons/ldcms/images/banner.jpg
[运行时间：0.120901s] [吞吐率：8.27req/s] [内存消耗：258.37kb] [文件加载：80]
[ info ] [ BEHAVIOR ] Run Closure @app_init [ RunTime:0.000022s ]
[ info ] [ CACHE ] INIT File
[ info ] [ DB ] INIT mysql
[ info ] [ BEHAVIOR ] Run \addons\ldcms\Ldcms @app_init [ RunTime:0.045547s ]
[ info ] [ BEHAVIOR ] Run Closure @app_init [ RunTime:0.045577s ]
[ info ] [ BEHAVIOR ] Run app\common\behavior\Common @app_init [ RunTime:0.000056s ]
[ info ] [ LANG ] /var/webstars/handmade/thinkphp/lang/zh-cn.php
[ info ] [ BEHAVIOR ] Run app\common\behavior\Common @app_dispatch [ RunTime:0.000103s ]
[ info ] [ ROUTE ] array (
  'type' => 'module',
  'module' => 
  array (
    0 => 'assets',
    1 => 'addons',
    2 => 'ldcms',
  ),
)
[ info ] [ HEADER ] array (
  'cookie' => 'frontend_language=zh-cn; PHPSESSID=suo51l24lkfa37o8t2ghmh3jft; thinkphp_show_page_trace=0|0; backend_language=zh-cn; keeplogin=1%7C86400%7C1741909127%7C1c649e0e0e7d9718fc5855794f92a92e',
  'accept-language' => 'zh-CN,zh;q=0.9,en;q=0.8',
  'accept-encoding' => 'gzip, deflate',
  'referer' => 'http://dev.handmade.com/yuangongfengcai',
  'accept' => 'image/avif,image/webp,image/apng,image/svg+xml,image/*,*/*;q=0.8',
  'user-agent' => 'Mozilla/5.0 (Macintosh; Intel Mac OS X 10_15_7) AppleWebKit/537.36 (KHTML, like Gecko) Chrome/133.0.0.0 Safari/537.36',
  'connection' => 'keep-alive',
  'host' => 'dev.handmade.com',
  'content-length' => '',
  'content-type' => '',
)
[ info ] [ PARAM ] array (
  'images' => 'banner.jpg',
)
[ info ] [ LOG ] INIT File
[ error ] [2]rmdir(/var/webstars/handmade/runtime/cache/4e): No such file or directory[/var/webstars/handmade/thinkphp/library/think/cache/driver/File.php:248]
[ error ] [2]rmdir(/var/webstars/handmade/runtime/cache/67): No such file or directory[/var/webstars/handmade/thinkphp/library/think/cache/driver/File.php:248]
[ error ] [2]rmdir(/var/webstars/handmade/runtime/cache/91): No such file or directory[/var/webstars/handmade/thinkphp/library/think/cache/driver/File.php:248]
---------------------------------------------------------------
[ 2025-03-13T08:03:19+08:00 ] 10.211.55.2 GET dev.handmade.com/assets/addons/ldcms/images/footico1.png
[运行时间：0.582155s] [吞吐率：1.72req/s] [内存消耗：346.68kb] [文件加载：80]
[ info ] [ BEHAVIOR ] Run Closure @app_init [ RunTime:0.002206s ]
[ info ] [ CACHE ] INIT File
[ info ] [ DB ] INIT mysql
[ info ] [ BEHAVIOR ] Run \addons\ldcms\Ldcms @app_init [ RunTime:0.307695s ]
[ info ] [ BEHAVIOR ] Run Closure @app_init [ RunTime:0.307721s ]
[ info ] [ BEHAVIOR ] Run app\common\behavior\Common @app_init [ RunTime:0.006446s ]
[ info ] [ LANG ] /var/webstars/handmade/thinkphp/lang/zh-cn.php
[ info ] [ BEHAVIOR ] Run app\common\behavior\Common @app_dispatch [ RunTime:0.000043s ]
[ info ] [ ROUTE ] array (
  'type' => 'module',
  'module' => 
  array (
    0 => 'assets',
    1 => 'addons',
    2 => 'ldcms',
  ),
)
[ info ] [ HEADER ] array (
  'cookie' => 'frontend_language=zh-cn; PHPSESSID=suo51l24lkfa37o8t2ghmh3jft; thinkphp_show_page_trace=0|0; backend_language=zh-cn; keeplogin=1%7C86400%7C1741909127%7C1c649e0e0e7d9718fc5855794f92a92e',
  'accept-language' => 'zh-CN,zh;q=0.9,en;q=0.8',
  'accept-encoding' => 'gzip, deflate',
  'referer' => 'http://dev.handmade.com/yuangongfengcai',
  'accept' => 'image/avif,image/webp,image/apng,image/svg+xml,image/*,*/*;q=0.8',
  'user-agent' => 'Mozilla/5.0 (Macintosh; Intel Mac OS X 10_15_7) AppleWebKit/537.36 (KHTML, like Gecko) Chrome/133.0.0.0 Safari/537.36',
  'connection' => 'keep-alive',
  'host' => 'dev.handmade.com',
  'content-length' => '',
  'content-type' => '',
)
[ info ] [ PARAM ] array (
  'images' => 'footico1.png',
)
[ info ] [ LOG ] INIT File
[ error ] [2]unlink(/var/webstars/handmade/runtime/cache/4e/819c837d54a6ed09abc77a8560a66f.php): No such file or directory[/var/webstars/handmade/thinkphp/library/think/cache/driver/File.php:246]
[ error ] [2]rmdir(/var/webstars/handmade/runtime/cache/4e): No such file or directory[/var/webstars/handmade/thinkphp/library/think/cache/driver/File.php:248]
[ error ] [2]rmdir(/var/webstars/handmade/runtime/cache/67): No such file or directory[/var/webstars/handmade/thinkphp/library/think/cache/driver/File.php:248]
[ error ] [2]rmdir(/var/webstars/handmade/runtime/cache/91): No such file or directory[/var/webstars/handmade/thinkphp/library/think/cache/driver/File.php:248]
---------------------------------------------------------------
[ 2025-03-13T08:03:19+08:00 ] 10.211.55.2 GET dev.handmade.com/assets/addons/ldcms/images/logo.png
[运行时间：0.093468s] [吞吐率：10.70req/s] [内存消耗：346.16kb] [文件加载：80]
[ info ] [ BEHAVIOR ] Run Closure @app_init [ RunTime:0.000022s ]
[ info ] [ CACHE ] INIT File
[ info ] [ DB ] INIT mysql
[ info ] [ BEHAVIOR ] Run \addons\ldcms\Ldcms @app_init [ RunTime:0.049750s ]
[ info ] [ BEHAVIOR ] Run Closure @app_init [ RunTime:0.049781s ]
[ info ] [ BEHAVIOR ] Run app\common\behavior\Common @app_init [ RunTime:0.000059s ]
[ info ] [ LANG ] /var/webstars/handmade/thinkphp/lang/zh-cn.php
[ info ] [ BEHAVIOR ] Run app\common\behavior\Common @app_dispatch [ RunTime:0.000026s ]
[ info ] [ ROUTE ] array (
  'type' => 'module',
  'module' => 
  array (
    0 => 'assets',
    1 => 'addons',
    2 => 'ldcms',
  ),
)
[ info ] [ HEADER ] array (
  'cookie' => 'frontend_language=zh-cn; PHPSESSID=suo51l24lkfa37o8t2ghmh3jft; thinkphp_show_page_trace=0|0; backend_language=zh-cn; keeplogin=1%7C86400%7C1741909127%7C1c649e0e0e7d9718fc5855794f92a92e',
  'accept-language' => 'zh-CN,zh;q=0.9,en;q=0.8',
  'accept-encoding' => 'gzip, deflate',
  'referer' => 'http://dev.handmade.com/yuangongfengcai',
  'accept' => 'image/avif,image/webp,image/apng,image/svg+xml,image/*,*/*;q=0.8',
  'user-agent' => 'Mozilla/5.0 (Macintosh; Intel Mac OS X 10_15_7) AppleWebKit/537.36 (KHTML, like Gecko) Chrome/133.0.0.0 Safari/537.36',
  'connection' => 'keep-alive',
  'host' => 'dev.handmade.com',
  'content-length' => '',
  'content-type' => '',
)
[ info ] [ PARAM ] array (
  'images' => 'logo.png',
)
[ info ] [ LOG ] INIT File
[ error ] [2]unlink(/var/webstars/handmade/runtime/cache/67/8ad6fa6bc105f817aa918afec0cfe1.php): No such file or directory[/var/webstars/handmade/thinkphp/library/think/cache/driver/File.php:246]
[ error ] [2]rmdir(/var/webstars/handmade/runtime/cache/67): No such file or directory[/var/webstars/handmade/thinkphp/library/think/cache/driver/File.php:248]
[ error ] [2]rmdir(/var/webstars/handmade/runtime/cache/91): No such file or directory[/var/webstars/handmade/thinkphp/library/think/cache/driver/File.php:248]
---------------------------------------------------------------
[ 2025-03-13T08:03:19+08:00 ] 10.211.55.2 GET dev.handmade.com/assets/addons/ldcms/images/searchico.png
[运行时间：0.118038s] [吞吐率：8.47req/s] [内存消耗：345.63kb] [文件加载：80]
[ info ] [ BEHAVIOR ] Run Closure @app_init [ RunTime:0.000019s ]
[ info ] [ CACHE ] INIT File
[ info ] [ DB ] INIT mysql
[ info ] [ BEHAVIOR ] Run \addons\ldcms\Ldcms @app_init [ RunTime:0.045515s ]
[ info ] [ BEHAVIOR ] Run Closure @app_init [ RunTime:0.045543s ]
[ info ] [ BEHAVIOR ] Run app\common\behavior\Common @app_init [ RunTime:0.000126s ]
[ info ] [ LANG ] /var/webstars/handmade/thinkphp/lang/zh-cn.php
[ info ] [ BEHAVIOR ] Run app\common\behavior\Common @app_dispatch [ RunTime:0.000035s ]
[ info ] [ ROUTE ] array (
  'type' => 'module',
  'module' => 
  array (
    0 => 'assets',
    1 => 'addons',
    2 => 'ldcms',
  ),
)
[ info ] [ HEADER ] array (
  'cookie' => 'frontend_language=zh-cn; PHPSESSID=suo51l24lkfa37o8t2ghmh3jft; thinkphp_show_page_trace=0|0; backend_language=zh-cn; keeplogin=1%7C86400%7C1741909127%7C1c649e0e0e7d9718fc5855794f92a92e',
  'accept-language' => 'zh-CN,zh;q=0.9,en;q=0.8',
  'accept-encoding' => 'gzip, deflate',
  'referer' => 'http://dev.handmade.com/yuangongfengcai',
  'accept' => 'image/avif,image/webp,image/apng,image/svg+xml,image/*,*/*;q=0.8',
  'user-agent' => 'Mozilla/5.0 (Macintosh; Intel Mac OS X 10_15_7) AppleWebKit/537.36 (KHTML, like Gecko) Chrome/133.0.0.0 Safari/537.36',
  'connection' => 'keep-alive',
  'host' => 'dev.handmade.com',
  'content-length' => '',
  'content-type' => '',
)
[ info ] [ PARAM ] array (
  'images' => 'searchico.png',
)
[ info ] [ LOG ] INIT File
[ error ] [2]unlink(/var/webstars/handmade/runtime/cache/4e/819c837d54a6ed09abc77a8560a66f.php): No such file or directory[/var/webstars/handmade/thinkphp/library/think/cache/driver/File.php:246]
[ error ] [2]rmdir(/var/webstars/handmade/runtime/cache/4e): No such file or directory[/var/webstars/handmade/thinkphp/library/think/cache/driver/File.php:248]
---------------------------------------------------------------
[ 2025-03-13T08:03:35+08:00 ] 10.211.55.2 GET dev.handmade.com/MTyvDCHVOo.php/ldcms/category/edit/ids/240?dialog=1
[运行时间：0.431777s] [吞吐率：2.32req/s] [内存消耗：954.05kb] [文件加载：105]
[ info ] [ BEHAVIOR ] Run Closure @app_init [ RunTime:0.000035s ]
[ info ] [ CACHE ] INIT File
[ info ] [ DB ] INIT mysql
[ info ] [ BEHAVIOR ] Run \addons\ldcms\Ldcms @app_init [ RunTime:0.058112s ]
[ info ] [ BEHAVIOR ] Run Closure @app_init [ RunTime:0.058153s ]
[ info ] [ BEHAVIOR ] Run app\common\behavior\Common @app_init [ RunTime:0.001238s ]
[ info ] [ LANG ] /var/webstars/handmade/thinkphp/lang/zh-cn.php
[ info ] [ BEHAVIOR ] Run app\common\behavior\Common @app_dispatch [ RunTime:0.000050s ]
[ info ] [ ROUTE ] array (
  'type' => 'module',
  'module' => 
  array (
    0 => 'admin',
    1 => 'ldcms.category',
    2 => 'edit',
  ),
)
[ info ] [ HEADER ] array (
  'cookie' => 'thinkphp_show_page_trace=0|0; thinkphp_show_page_trace=0|0; thinkphp_show_page_trace=0|0; fastadmin_sid=d6da3d0fd945; sidebar_collapse=0; frontend_language=zh-cn; PHPSESSID=suo51l24lkfa37o8t2ghmh3jft; thinkphp_show_page_trace=0|0; backend_language=zh-cn; keeplogin=1%7C86400%7C1741909127%7C1c649e0e0e7d9718fc5855794f92a92e',
  'accept-language' => 'zh-CN,zh;q=0.9,en;q=0.8',
  'accept-encoding' => 'gzip, deflate',
  'accept' => 'text/html,application/xhtml+xml,application/xml;q=0.9,image/avif,image/webp,image/apng,*/*;q=0.8,application/signed-exchange;v=b3;q=0.7',
  'user-agent' => 'Mozilla/5.0 (Macintosh; Intel Mac OS X 10_15_7) AppleWebKit/537.36 (KHTML, like Gecko) Chrome/133.0.0.0 Safari/537.36',
  'upgrade-insecure-requests' => '1',
  'connection' => 'keep-alive',
  'host' => 'dev.handmade.com',
  'content-length' => '',
  'content-type' => '',
)
[ info ] [ PARAM ] array (
  'dialog' => '1',
  'ids' => '240',
)
[ info ] [ LANG ] /var/webstars/handmade/public/../application/admin/lang/zh-cn.php
[ info ] [ BEHAVIOR ] Run app\common\behavior\Common @module_init [ RunTime:0.002671s ]
[ info ] [ SESSION ] INIT array (
  'id' => '',
  'var_session_id' => '',
  'prefix' => 'think',
  'type' => '',
  'auto_start' => true,
)
[ info ] [ BEHAVIOR ] Run \addons\ldcms\Ldcms @config_init [ RunTime:0.000070s ]
[ info ] [ BEHAVIOR ] Run \addons\summernote\Summernote @config_init [ RunTime:0.000812s ]
[ info ] [ LANG ] /var/webstars/handmade/public/../application/admin/lang/zh-cn/ldcms/category.php
[ info ] [ RUN ] app\admin\controller\ldcms\Category->edit[ /var/webstars/handmade/application/admin/controller/ldcms/Category.php ]
[ info ] [ VIEW ] /var/webstars/handmade/public/../application/admin/view/../../../addons/ldcms/utils/builder/view/fields.html [ array (
  0 => 'breadcrumb',
  1 => 'site',
  2 => 'config',
  3 => 'auth',
  4 => 'admin',
  5 => 'addon_config',
  6 => 'categorys',
  7 => 'isForm',
  8 => 'fields',
  9 => 'tab_group',
  10 => 'item_group',
  11 => 'field_show',
) ]
[ info ] [ BEHAVIOR ] Run app\admin\behavior\AdminLog @app_end [ RunTime:0.005497s ]
[ info ] [ LOG ] INIT File
---------------------------------------------------------------
[ 2025-03-13T08:03:36+08:00 ] 10.211.55.2 GET dev.handmade.com/MTyvDCHVOo.php/ajax/lang?callback=define&controllername=ldcms.category&lang=zh-cn&v=1741824215
[运行时间：0.093513s] [吞吐率：10.69req/s] [内存消耗：414.33kb] [文件加载：93]
[ info ] [ BEHAVIOR ] Run Closure @app_init [ RunTime:0.000022s ]
[ info ] [ CACHE ] INIT File
[ info ] [ DB ] INIT mysql
[ info ] [ BEHAVIOR ] Run \addons\ldcms\Ldcms @app_init [ RunTime:0.056174s ]
[ info ] [ BEHAVIOR ] Run Closure @app_init [ RunTime:0.056217s ]
[ info ] [ BEHAVIOR ] Run app\common\behavior\Common @app_init [ RunTime:0.000106s ]
[ info ] [ LANG ] /var/webstars/handmade/thinkphp/lang/zh-cn.php
[ info ] [ BEHAVIOR ] Run app\common\behavior\Common @app_dispatch [ RunTime:0.000025s ]
[ info ] [ ROUTE ] array (
  'type' => 'module',
  'module' => 
  array (
    0 => 'admin',
    1 => 'ajax',
    2 => 'lang',
  ),
)
[ info ] [ HEADER ] array (
  'cookie' => 'thinkphp_show_page_trace=0|0; fastadmin_sid=d6da3d0fd945; sidebar_collapse=0; frontend_language=zh-cn; PHPSESSID=suo51l24lkfa37o8t2ghmh3jft; thinkphp_show_page_trace=0|0; backend_language=zh-cn; keeplogin=1%7C86400%7C1741909127%7C1c649e0e0e7d9718fc5855794f92a92e',
  'accept-language' => 'zh-CN,zh;q=0.9,en;q=0.8',
  'accept-encoding' => 'gzip, deflate',
  'accept' => '*/*',
  'user-agent' => 'Mozilla/5.0 (Macintosh; Intel Mac OS X 10_15_7) AppleWebKit/537.36 (KHTML, like Gecko) Chrome/133.0.0.0 Safari/537.36',
  'connection' => 'keep-alive',
  'host' => 'dev.handmade.com',
  'content-length' => '',
  'content-type' => '',
)
[ info ] [ PARAM ] array (
  'callback' => 'define',
  'controllername' => 'ldcms.category',
  'lang' => 'zh-cn',
  'v' => '1741824215',
)
[ info ] [ LANG ] /var/webstars/handmade/public/../application/admin/lang/zh-cn.php
[ info ] [ BEHAVIOR ] Run app\common\behavior\Common @module_init [ RunTime:0.000303s ]
[ info ] [ SESSION ] INIT array (
  'id' => '',
  'var_session_id' => '',
  'prefix' => 'think',
  'type' => '',
  'auto_start' => true,
)
[ info ] [ BEHAVIOR ] Run \addons\ldcms\Ldcms @config_init [ RunTime:0.000101s ]
[ info ] [ BEHAVIOR ] Run \addons\summernote\Summernote @config_init [ RunTime:0.000195s ]
[ info ] [ LANG ] /var/webstars/handmade/public/../application/admin/lang/zh-cn/ajax.php
[ info ] [ RUN ] app\admin\controller\Ajax->lang[ /var/webstars/handmade/application/admin/controller/Ajax.php ]
[ info ] [ LANG ] /var/webstars/handmade/public/../application/admin/lang/zh-cn/ldcms/category.php
[ info ] [ BEHAVIOR ] Run app\admin\behavior\AdminLog @app_end [ RunTime:0.000049s ]
[ info ] [ LOG ] INIT File
---------------------------------------------------------------
[ 2025-03-13T08:03:37+08:00 ] 10.211.55.2 GET dev.handmade.com/MTyvDCHVOo.php/ldcms/category/getModels
[运行时间：0.072350s] [吞吐率：13.82req/s] [内存消耗：673.42kb] [文件加载：98]
[ info ] [ BEHAVIOR ] Run Closure @app_init [ RunTime:0.000023s ]
[ info ] [ CACHE ] INIT File
[ info ] [ DB ] INIT mysql
[ info ] [ BEHAVIOR ] Run \addons\ldcms\Ldcms @app_init [ RunTime:0.023535s ]
[ info ] [ BEHAVIOR ] Run Closure @app_init [ RunTime:0.023564s ]
[ info ] [ BEHAVIOR ] Run app\common\behavior\Common @app_init [ RunTime:0.000068s ]
[ info ] [ LANG ] /var/webstars/handmade/thinkphp/lang/zh-cn.php
[ info ] [ BEHAVIOR ] Run app\common\behavior\Common @app_dispatch [ RunTime:0.000019s ]
[ info ] [ ROUTE ] array (
  'type' => 'module',
  'module' => 
  array (
    0 => 'admin',
    1 => 'ldcms.category',
    2 => 'getModels',
  ),
)
[ info ] [ HEADER ] array (
  'cookie' => 'thinkphp_show_page_trace=0|0; thinkphp_show_page_trace=0|0; fastadmin_sid=d6da3d0fd945; sidebar_collapse=0; frontend_language=zh-cn; PHPSESSID=suo51l24lkfa37o8t2ghmh3jft; thinkphp_show_page_trace=0|0; backend_language=zh-cn; keeplogin=1%7C86400%7C1741909127%7C1c649e0e0e7d9718fc5855794f92a92e',
  'accept-language' => 'zh-CN,zh;q=0.9,en;q=0.8',
  'accept-encoding' => 'gzip, deflate',
  'x-requested-with' => 'XMLHttpRequest',
  'accept' => '*/*',
  'user-agent' => 'Mozilla/5.0 (Macintosh; Intel Mac OS X 10_15_7) AppleWebKit/537.36 (KHTML, like Gecko) Chrome/133.0.0.0 Safari/537.36',
  'connection' => 'keep-alive',
  'host' => 'dev.handmade.com',
  'content-length' => '',
  'content-type' => '',
)
[ info ] [ PARAM ] array (
)
[ info ] [ LANG ] /var/webstars/handmade/public/../application/admin/lang/zh-cn.php
[ info ] [ BEHAVIOR ] Run app\common\behavior\Common @module_init [ RunTime:0.000226s ]
[ info ] [ SESSION ] INIT array (
  'id' => '',
  'var_session_id' => '',
  'prefix' => 'think',
  'type' => '',
  'auto_start' => true,
)
[ info ] [ BEHAVIOR ] Run \addons\ldcms\Ldcms @config_init [ RunTime:0.000045s ]
[ info ] [ BEHAVIOR ] Run \addons\summernote\Summernote @config_init [ RunTime:0.000236s ]
[ info ] [ LANG ] /var/webstars/handmade/public/../application/admin/lang/zh-cn/ldcms/category.php
[ info ] [ RUN ] app\admin\controller\ldcms\Category->getModels[ /var/webstars/handmade/application/admin/controller/ldcms/Category.php ]
[ info ] [ BEHAVIOR ] Run app\admin\behavior\AdminLog @app_end [ RunTime:0.000150s ]
[ info ] [ LOG ] INIT File
---------------------------------------------------------------
[ 2025-03-13T08:03:59+08:00 ] 10.211.55.2 POST dev.handmade.com/MTyvDCHVOo.php/ldcms/category/edit/ids/240?dialog=1
[运行时间：0.430266s] [吞吐率：2.32req/s] [内存消耗：856.38kb] [文件加载：105]
[ info ] [ BEHAVIOR ] Run Closure @app_init [ RunTime:0.000033s ]
[ info ] [ CACHE ] INIT File
[ info ] [ DB ] INIT mysql
[ info ] [ BEHAVIOR ] Run \addons\ldcms\Ldcms @app_init [ RunTime:0.047758s ]
[ info ] [ BEHAVIOR ] Run Closure @app_init [ RunTime:0.047787s ]
[ info ] [ BEHAVIOR ] Run app\common\behavior\Common @app_init [ RunTime:0.000255s ]
[ info ] [ LANG ] /var/webstars/handmade/thinkphp/lang/zh-cn.php
[ info ] [ BEHAVIOR ] Run app\common\behavior\Common @app_dispatch [ RunTime:0.000022s ]
[ info ] [ ROUTE ] array (
  'type' => 'module',
  'module' => 
  array (
    0 => 'admin',
    1 => 'ldcms.category',
    2 => 'edit',
  ),
)
[ info ] [ HEADER ] array (
  'cookie' => 'thinkphp_show_page_trace=0|0; thinkphp_show_page_trace=0|0; thinkphp_show_page_trace=0|0; fastadmin_sid=d6da3d0fd945; sidebar_collapse=0; frontend_language=zh-cn; PHPSESSID=suo51l24lkfa37o8t2ghmh3jft; thinkphp_show_page_trace=0|0; backend_language=zh-cn; keeplogin=1%7C86400%7C1741909127%7C1c649e0e0e7d9718fc5855794f92a92e',
  'accept-language' => 'zh-CN,zh;q=0.9,en;q=0.8',
  'accept-encoding' => 'gzip, deflate',
  'origin' => 'http://dev.handmade.com',
  'content-type' => 'application/x-www-form-urlencoded; charset=UTF-8',
  'accept' => 'application/json, text/javascript, */*; q=0.01',
  'user-agent' => 'Mozilla/5.0 (Macintosh; Intel Mac OS X 10_15_7) AppleWebKit/537.36 (KHTML, like Gecko) Chrome/133.0.0.0 Safari/537.36',
  'x-requested-with' => 'XMLHttpRequest',
  'content-length' => '623',
  'connection' => 'keep-alive',
  'host' => 'dev.handmade.com',
)
[ info ] [ PARAM ] array (
  'dialog' => '1',
  'row' => 
  array (
    'id' => '240',
    'type' => '0',
    'pid' => '164',
    'name' => '员工风采',
    'subname' => '',
    'ename' => 'ygfc',
    'mid' => '1',
    'urlname' => 'clture/ygfc',
    'template_list' => 'list_culture.html',
    'template_detail' => 'detail_about.html',
    'outlink' => '',
    'is_target' => '0',
    'is_home' => '0',
    'gid' => '',
    'status' => '1',
    'des2' => '',
    'des1' => '',
    'image' => '',
    'big_image' => '',
    'seo_title' => '',
    'seo_keywords' => '',
    'seo_description' => '',
    'is_nav' => '1',
  ),
  'ids' => '240',
)
[ info ] [ LANG ] /var/webstars/handmade/public/../application/admin/lang/zh-cn.php
[ info ] [ BEHAVIOR ] Run app\common\behavior\Common @module_init [ RunTime:0.000089s ]
[ info ] [ SESSION ] INIT array (
  'id' => '',
  'var_session_id' => '',
  'prefix' => 'think',
  'type' => '',
  'auto_start' => true,
)
[ info ] [ BEHAVIOR ] Run \addons\ldcms\Ldcms @config_init [ RunTime:0.000059s ]
[ info ] [ BEHAVIOR ] Run \addons\summernote\Summernote @config_init [ RunTime:0.000111s ]
[ info ] [ LANG ] /var/webstars/handmade/public/../application/admin/lang/zh-cn/ldcms/category.php
[ info ] [ RUN ] app\admin\controller\ldcms\Category->edit[ /var/webstars/handmade/application/admin/controller/ldcms/Category.php ]
[ info ] [ BEHAVIOR ] Run app\admin\behavior\AdminLog @app_end [ RunTime:0.021367s ]
[ info ] [ LOG ] INIT File
---------------------------------------------------------------
[ 2025-03-13T08:03:59+08:00 ] 10.211.55.2 GET dev.handmade.com/MTyvDCHVOo.php/ldcms/category/index?addtabs=1&sort=id&order=desc&_=1741823979095
[运行时间：0.393479s] [吞吐率：2.54req/s] [内存消耗：838.08kb] [文件加载：99]
[ info ] [ BEHAVIOR ] Run Closure @app_init [ RunTime:0.000027s ]
[ info ] [ CACHE ] INIT File
[ info ] [ DB ] INIT mysql
[ info ] [ BEHAVIOR ] Run \addons\ldcms\Ldcms @app_init [ RunTime:0.064854s ]
[ info ] [ BEHAVIOR ] Run Closure @app_init [ RunTime:0.064881s ]
[ info ] [ BEHAVIOR ] Run app\common\behavior\Common @app_init [ RunTime:0.000057s ]
[ info ] [ LANG ] /var/webstars/handmade/thinkphp/lang/zh-cn.php
[ info ] [ BEHAVIOR ] Run app\common\behavior\Common @app_dispatch [ RunTime:0.000110s ]
[ info ] [ ROUTE ] array (
  'type' => 'module',
  'module' => 
  array (
    0 => 'admin',
    1 => 'ldcms.category',
    2 => 'index',
  ),
)
[ info ] [ HEADER ] array (
  'cookie' => 'thinkphp_show_page_trace=0|0; thinkphp_show_page_trace=0|0; fastadmin_sid=d6da3d0fd945; sidebar_collapse=0; frontend_language=zh-cn; PHPSESSID=suo51l24lkfa37o8t2ghmh3jft; thinkphp_show_page_trace=0|0; backend_language=zh-cn; keeplogin=1%7C86400%7C1741909127%7C1c649e0e0e7d9718fc5855794f92a92e',
  'accept-language' => 'zh-CN,zh;q=0.9,en;q=0.8',
  'accept-encoding' => 'gzip, deflate',
  'content-type' => 'application/json',
  'accept' => 'application/json, text/javascript, */*; q=0.01',
  'user-agent' => 'Mozilla/5.0 (Macintosh; Intel Mac OS X 10_15_7) AppleWebKit/537.36 (KHTML, like Gecko) Chrome/133.0.0.0 Safari/537.36',
  'x-requested-with' => 'XMLHttpRequest',
  'connection' => 'keep-alive',
  'host' => 'dev.handmade.com',
  'content-length' => '',
)
[ info ] [ PARAM ] array (
  'addtabs' => '1',
  'sort' => 'id',
  'order' => 'desc',
  '_' => '1741823979095',
)
[ info ] [ LANG ] /var/webstars/handmade/public/../application/admin/lang/zh-cn.php
[ info ] [ BEHAVIOR ] Run app\common\behavior\Common @module_init [ RunTime:0.000074s ]
[ info ] [ SESSION ] INIT array (
  'id' => '',
  'var_session_id' => '',
  'prefix' => 'think',
  'type' => '',
  'auto_start' => true,
)
[ info ] [ BEHAVIOR ] Run \addons\ldcms\Ldcms @config_init [ RunTime:0.000033s ]
[ info ] [ BEHAVIOR ] Run \addons\summernote\Summernote @config_init [ RunTime:0.000041s ]
[ info ] [ LANG ] /var/webstars/handmade/public/../application/admin/lang/zh-cn/ldcms/category.php
[ info ] [ RUN ] app\admin\controller\ldcms\Category->index[ /var/webstars/handmade/application/admin/controller/ldcms/Category.php ]
[ info ] [ BEHAVIOR ] Run app\admin\behavior\AdminLog @app_end [ RunTime:0.000025s ]
[ info ] [ LOG ] INIT File
---------------------------------------------------------------
[ 2025-03-13T08:04:05+08:00 ] 10.211.55.2 GET dev.handmade.com/clture/ygfc
[运行时间：0.288559s] [吞吐率：3.47req/s] [内存消耗：687.16kb] [文件加载：172]
[ info ] [ BEHAVIOR ] Run Closure @app_init [ RunTime:0.000029s ]
[ info ] [ CACHE ] INIT File
[ info ] [ DB ] INIT mysql
[ info ] [ BEHAVIOR ] Run \addons\ldcms\Ldcms @app_init [ RunTime:0.040363s ]
[ info ] [ BEHAVIOR ] Run Closure @app_init [ RunTime:0.040405s ]
[ info ] [ BEHAVIOR ] Run app\common\behavior\Common @app_init [ RunTime:0.000166s ]
[ info ] [ LANG ] /var/webstars/handmade/thinkphp/lang/zh-cn.php
[ info ] [ BEHAVIOR ] Run app\common\behavior\Common @app_dispatch [ RunTime:0.000033s ]
[ info ] [ ROUTE ] array (
  'type' => 'method',
  'method' => 
  array (
    0 => '\\think\\addons\\Route',
    1 => 'execute',
  ),
  'var' => 
  array (
    'addon' => 'ldcms',
    'controller' => 'detail',
    'action' => 'index',
  ),
)
[ info ] [ HEADER ] array (
  'cookie' => 'frontend_language=zh-cn; PHPSESSID=suo51l24lkfa37o8t2ghmh3jft; thinkphp_show_page_trace=0|0; backend_language=zh-cn; keeplogin=1%7C86400%7C1741909127%7C1c649e0e0e7d9718fc5855794f92a92e',
  'accept-language' => 'zh-CN,zh;q=0.9,en;q=0.8',
  'accept-encoding' => 'gzip, deflate',
  'accept' => 'text/html,application/xhtml+xml,application/xml;q=0.9,image/avif,image/webp,image/apng,*/*;q=0.8,application/signed-exchange;v=b3;q=0.7',
  'user-agent' => 'Mozilla/5.0 (Macintosh; Intel Mac OS X 10_15_7) AppleWebKit/537.36 (KHTML, like Gecko) Chrome/133.0.0.0 Safari/537.36',
  'upgrade-insecure-requests' => '1',
  'connection' => 'keep-alive',
  'host' => 'dev.handmade.com',
  'content-length' => '',
  'content-type' => '',
)
[ info ] [ PARAM ] array (
  'category' => 'clture',
  'id' => 'ygfc',
)
[ info ] [ RUN ] think\addons\Route->execute[ /var/webstars/handmade/vendor/karsonzhang/fastadmin-addons/src/addons/Route.php ]
[ info ] [ LANG ] /var/webstars/handmade/public/../application/common/lang/zh-cn/addon.php
[ info ] [ BEHAVIOR ] Run app\common\behavior\Common @addon_begin [ RunTime:0.005265s ]
[ info ] [ BEHAVIOR ] Run \addons\ldcms\Ldcms @config_init [ RunTime:0.000049s ]
[ info ] [ BEHAVIOR ] Run \addons\summernote\Summernote @config_init [ RunTime:0.000090s ]
[ info ] [ LOG ] INIT File
---------------------------------------------------------------
[ 2025-03-13T09:38:29+08:00 ] 10.211.55.2 GET dev.handmade.com/gongsijianjie
[运行时间：0.647365s] [吞吐率：1.54req/s] [内存消耗：846.69kb] [文件加载：188]
[ info ] [ BEHAVIOR ] Run Closure @app_init [ RunTime:0.000028s ]
[ info ] [ CACHE ] INIT File
[ info ] [ DB ] INIT mysql
[ info ] [ BEHAVIOR ] Run \addons\ldcms\Ldcms @app_init [ RunTime:0.040941s ]
[ info ] [ BEHAVIOR ] Run Closure @app_init [ RunTime:0.040966s ]
[ info ] [ BEHAVIOR ] Run app\common\behavior\Common @app_init [ RunTime:0.001404s ]
[ info ] [ LANG ] /var/webstars/handmade/thinkphp/lang/zh-cn.php
[ info ] [ BEHAVIOR ] Run app\common\behavior\Common @app_dispatch [ RunTime:0.000025s ]
[ info ] [ ROUTE ] array (
  'type' => 'method',
  'method' => 
  array (
    0 => '\\think\\addons\\Route',
    1 => 'execute',
  ),
  'var' => 
  array (
    'addon' => 'ldcms',
    'controller' => 'lists',
    'action' => 'index',
  ),
)
[ info ] [ HEADER ] array (
  'cookie' => 'thinkphp_show_page_trace=0|0; frontend_language=zh-cn; PHPSESSID=suo51l24lkfa37o8t2ghmh3jft; thinkphp_show_page_trace=0|0; backend_language=zh-cn; keeplogin=1%7C86400%7C1741909127%7C1c649e0e0e7d9718fc5855794f92a92e',
  'accept-language' => 'zh-CN,zh;q=0.9,en;q=0.8',
  'accept-encoding' => 'gzip, deflate',
  'accept' => 'text/html,application/xhtml+xml,application/xml;q=0.9,image/avif,image/webp,image/apng,*/*;q=0.8,application/signed-exchange;v=b3;q=0.7',
  'user-agent' => 'Mozilla/5.0 (Macintosh; Intel Mac OS X 10_15_7) AppleWebKit/537.36 (KHTML, like Gecko) Chrome/133.0.0.0 Safari/537.36',
  'upgrade-insecure-requests' => '1',
  'connection' => 'keep-alive',
  'host' => 'dev.handmade.com',
  'content-length' => '',
  'content-type' => '',
)
[ info ] [ PARAM ] array (
  'category' => 'gongsijianjie',
)
[ info ] [ RUN ] think\addons\Route->execute[ /var/webstars/handmade/vendor/karsonzhang/fastadmin-addons/src/addons/Route.php ]
[ info ] [ LANG ] /var/webstars/handmade/public/../application/common/lang/zh-cn/addon.php
[ info ] [ BEHAVIOR ] Run app\common\behavior\Common @addon_begin [ RunTime:0.002096s ]
[ info ] [ BEHAVIOR ] Run \addons\ldcms\Ldcms @config_init [ RunTime:0.000030s ]
[ info ] [ BEHAVIOR ] Run \addons\summernote\Summernote @config_init [ RunTime:0.001391s ]
[ info ] [ LANG ] /var/webstars/handmade/addons/ldcms/lang/zh-cn.php
[ info ] [ VIEW ] /var/webstars/handmade/addons/ldcms/view/ldcms2024/detail_about.html [ array (
  0 => 'user',
  1 => 'site',
  2 => 'config',
  3 => 'category',
  4 => 'parentsid',
  5 => 'childids',
  6 => 'content',
  7 => 'ld',
  8 => 'topid',
) ]
[ info ] [ SESSION ] INIT array (
  'id' => '',
  'var_session_id' => '',
  'prefix' => 'think',
  'type' => '',
  'auto_start' => true,
)
[ info ] [ LOG ] INIT File
[ error ] [2]Undefined variable $item[/var/webstars/handmade/runtime/temp/31d51754516c8f405439a9cb41a33a94.php:52]
[ error ] [2]Trying to access array offset on value of type null[/var/webstars/handmade/runtime/temp/31d51754516c8f405439a9cb41a33a94.php:52]
---------------------------------------------------------------
[ 2025-03-13T10:08:24+08:00 ] 10.211.55.2 GET dev.handmade.com/
[运行时间：0.725366s] [吞吐率：1.38req/s] [内存消耗：989.18kb] [文件加载：193]
[ info ] [ BEHAVIOR ] Run Closure @app_init [ RunTime:0.000131s ]
[ info ] [ CACHE ] INIT File
[ info ] [ DB ] INIT mysql
[ info ] [ BEHAVIOR ] Run \addons\ldcms\Ldcms @app_init [ RunTime:0.033075s ]
[ info ] [ BEHAVIOR ] Run Closure @app_init [ RunTime:0.033102s ]
[ info ] [ BEHAVIOR ] Run app\common\behavior\Common @app_init [ RunTime:0.001575s ]
[ info ] [ LANG ] /var/webstars/handmade/thinkphp/lang/zh-cn.php
[ info ] [ BEHAVIOR ] Run app\common\behavior\Common @app_dispatch [ RunTime:0.000024s ]
[ info ] [ ROUTE ] array (
  'type' => 'method',
  'method' => 
  array (
    0 => '\\think\\addons\\Route',
    1 => 'execute',
  ),
  'var' => 
  array (
    'addon' => 'ldcms',
    'controller' => 'index',
    'action' => 'index',
  ),
)
[ info ] [ HEADER ] array (
  'cookie' => 'frontend_language=zh-cn; PHPSESSID=suo51l24lkfa37o8t2ghmh3jft; thinkphp_show_page_trace=0|0; backend_language=zh-cn; keeplogin=1%7C86400%7C1741909127%7C1c649e0e0e7d9718fc5855794f92a92e',
  'accept-language' => 'zh-CN,zh;q=0.9,en;q=0.8',
  'accept-encoding' => 'gzip, deflate',
  'accept' => 'text/html,application/xhtml+xml,application/xml;q=0.9,image/avif,image/webp,image/apng,*/*;q=0.8,application/signed-exchange;v=b3;q=0.7',
  'user-agent' => 'Mozilla/5.0 (Macintosh; Intel Mac OS X 10_15_7) AppleWebKit/537.36 (KHTML, like Gecko) Chrome/133.0.0.0 Safari/537.36',
  'upgrade-insecure-requests' => '1',
  'connection' => 'keep-alive',
  'host' => 'dev.handmade.com',
  'content-length' => '',
  'content-type' => '',
)
[ info ] [ PARAM ] array (
)
[ info ] [ RUN ] think\addons\Route->execute[ /var/webstars/handmade/vendor/karsonzhang/fastadmin-addons/src/addons/Route.php ]
[ info ] [ LANG ] /var/webstars/handmade/public/../application/common/lang/zh-cn/addon.php
[ info ] [ BEHAVIOR ] Run app\common\behavior\Common @addon_begin [ RunTime:0.002281s ]
[ info ] [ BEHAVIOR ] Run \addons\ldcms\Ldcms @config_init [ RunTime:0.000040s ]
[ info ] [ BEHAVIOR ] Run \addons\summernote\Summernote @config_init [ RunTime:0.000426s ]
[ info ] [ LANG ] /var/webstars/handmade/addons/ldcms/lang/zh-cn.php
[ info ] [ VIEW ] /var/webstars/handmade/addons/ldcms/view/ldcms2024/index.html [ array (
  0 => 'user',
  1 => 'site',
  2 => 'config',
  3 => 'ld',
  4 => 'topid',
) ]
[ info ] [ SESSION ] INIT array (
  'id' => '',
  'var_session_id' => '',
  'prefix' => 'think',
  'type' => '',
  'auto_start' => true,
)
[ info ] [ LOG ] INIT File
[ error ] [2]Undefined variable $item[/var/webstars/handmade/runtime/temp/afe37a402ea043e8ac6baf2dfeb0a3d4.php:52]
[ error ] [2]Trying to access array offset on value of type null[/var/webstars/handmade/runtime/temp/afe37a402ea043e8ac6baf2dfeb0a3d4.php:52]
[ error ] [2]foreach() argument must be of type array|object, null given[/var/webstars/handmade/thinkphp/library/think/db/Query.php:746]
[ error ] [2]foreach() argument must be of type array|object, null given[/var/webstars/handmade/thinkphp/library/think/db/Query.php:746]
[ error ] [2]foreach() argument must be of type array|object, null given[/var/webstars/handmade/thinkphp/library/think/db/Query.php:746]
[ error ] [2]foreach() argument must be of type array|object, null given[/var/webstars/handmade/thinkphp/library/think/db/Query.php:746]
---------------------------------------------------------------
[ 2025-03-13T10:08:27+08:00 ] 10.211.55.2 GET dev.handmade.com/chanpinxilie1.html
[运行时间：0.176365s] [吞吐率：5.67req/s] [内存消耗：839.01kb] [文件加载：187]
[ info ] [ BEHAVIOR ] Run Closure @app_init [ RunTime:0.000017s ]
[ info ] [ CACHE ] INIT File
[ info ] [ DB ] INIT mysql
[ info ] [ BEHAVIOR ] Run \addons\ldcms\Ldcms @app_init [ RunTime:0.026358s ]
[ info ] [ BEHAVIOR ] Run Closure @app_init [ RunTime:0.026395s ]
[ info ] [ BEHAVIOR ] Run app\common\behavior\Common @app_init [ RunTime:0.000178s ]
[ info ] [ LANG ] /var/webstars/handmade/thinkphp/lang/zh-cn.php
[ info ] [ BEHAVIOR ] Run app\common\behavior\Common @app_dispatch [ RunTime:0.000027s ]
[ info ] [ ROUTE ] array (
  'type' => 'method',
  'method' => 
  array (
    0 => '\\think\\addons\\Route',
    1 => 'execute',
  ),
  'var' => 
  array (
    'addon' => 'ldcms',
    'controller' => 'lists',
    'action' => 'index',
  ),
)
[ info ] [ HEADER ] array (
  'cookie' => 'frontend_language=zh-cn; PHPSESSID=suo51l24lkfa37o8t2ghmh3jft; thinkphp_show_page_trace=0|0; backend_language=zh-cn; keeplogin=1%7C86400%7C1741909127%7C1c649e0e0e7d9718fc5855794f92a92e',
  'accept-language' => 'zh-CN,zh;q=0.9,en;q=0.8',
  'accept-encoding' => 'gzip, deflate',
  'referer' => 'http://dev.handmade.com/',
  'accept' => 'text/html,application/xhtml+xml,application/xml;q=0.9,image/avif,image/webp,image/apng,*/*;q=0.8,application/signed-exchange;v=b3;q=0.7',
  'user-agent' => 'Mozilla/5.0 (Macintosh; Intel Mac OS X 10_15_7) AppleWebKit/537.36 (KHTML, like Gecko) Chrome/133.0.0.0 Safari/537.36',
  'upgrade-insecure-requests' => '1',
  'connection' => 'keep-alive',
  'host' => 'dev.handmade.com',
  'content-length' => '',
  'content-type' => '',
)
[ info ] [ PARAM ] array (
  'category' => 'chanpinxilie1',
)
[ info ] [ RUN ] think\addons\Route->execute[ /var/webstars/handmade/vendor/karsonzhang/fastadmin-addons/src/addons/Route.php ]
[ info ] [ LANG ] /var/webstars/handmade/public/../application/common/lang/zh-cn/addon.php
[ info ] [ BEHAVIOR ] Run app\common\behavior\Common @addon_begin [ RunTime:0.000157s ]
[ info ] [ BEHAVIOR ] Run \addons\ldcms\Ldcms @config_init [ RunTime:0.000032s ]
[ info ] [ BEHAVIOR ] Run \addons\summernote\Summernote @config_init [ RunTime:0.000066s ]
[ info ] [ LANG ] /var/webstars/handmade/addons/ldcms/lang/zh-cn.php
[ info ] [ VIEW ] /var/webstars/handmade/addons/ldcms/view/ldcms2024/list_product.html [ array (
  0 => 'user',
  1 => 'site',
  2 => 'config',
  3 => 'category',
  4 => 'parentsid',
  5 => 'childids',
  6 => 'ld',
  7 => 'topid',
) ]
[ info ] [ SESSION ] INIT array (
  'id' => '',
  'var_session_id' => '',
  'prefix' => 'think',
  'type' => '',
  'auto_start' => true,
)
[ info ] [ LOG ] INIT File
[ log ] hello,shrek
[ error ] [2]Undefined variable $item[/var/webstars/handmade/runtime/temp/f5ea850a23cbb9ffb9419137aa9541a1.php:52]
[ error ] [2]Trying to access array offset on value of type null[/var/webstars/handmade/runtime/temp/f5ea850a23cbb9ffb9419137aa9541a1.php:52]
[ error ] [2]Undefined array key "url"[/var/webstars/handmade/runtime/temp/f5ea850a23cbb9ffb9419137aa9541a1.php:269]
[ error ] [2]Undefined array key "name"[/var/webstars/handmade/runtime/temp/f5ea850a23cbb9ffb9419137aa9541a1.php:269]
[ error ] [2]Undefined array key "id"[/var/webstars/handmade/runtime/temp/f5ea850a23cbb9ffb9419137aa9541a1.php:273]
[ error ] [2]Undefined array key "url"[/var/webstars/handmade/runtime/temp/f5ea850a23cbb9ffb9419137aa9541a1.php:269]
[ error ] [2]Undefined array key "name"[/var/webstars/handmade/runtime/temp/f5ea850a23cbb9ffb9419137aa9541a1.php:269]
[ error ] [2]Undefined array key "id"[/var/webstars/handmade/runtime/temp/f5ea850a23cbb9ffb9419137aa9541a1.php:273]
---------------------------------------------------------------
[ 2025-03-13T10:08:30+08:00 ] 10.211.55.2 GET dev.handmade.com/gongsijianjie.html
[运行时间：0.252811s] [吞吐率：3.96req/s] [内存消耗：847.72kb] [文件加载：188]
[ info ] [ BEHAVIOR ] Run Closure @app_init [ RunTime:0.000033s ]
[ info ] [ CACHE ] INIT File
[ info ] [ DB ] INIT mysql
[ info ] [ BEHAVIOR ] Run \addons\ldcms\Ldcms @app_init [ RunTime:0.027605s ]
[ info ] [ BEHAVIOR ] Run Closure @app_init [ RunTime:0.027647s ]
[ info ] [ BEHAVIOR ] Run app\common\behavior\Common @app_init [ RunTime:0.000173s ]
[ info ] [ LANG ] /var/webstars/handmade/thinkphp/lang/zh-cn.php
[ info ] [ BEHAVIOR ] Run app\common\behavior\Common @app_dispatch [ RunTime:0.000158s ]
[ info ] [ ROUTE ] array (
  'type' => 'method',
  'method' => 
  array (
    0 => '\\think\\addons\\Route',
    1 => 'execute',
  ),
  'var' => 
  array (
    'addon' => 'ldcms',
    'controller' => 'lists',
    'action' => 'index',
  ),
)
[ info ] [ HEADER ] array (
  'cookie' => 'frontend_language=zh-cn; PHPSESSID=suo51l24lkfa37o8t2ghmh3jft; thinkphp_show_page_trace=0|0; backend_language=zh-cn; keeplogin=1%7C86400%7C1741909127%7C1c649e0e0e7d9718fc5855794f92a92e',
  'accept-language' => 'zh-CN,zh;q=0.9,en;q=0.8',
  'accept-encoding' => 'gzip, deflate',
  'referer' => 'http://dev.handmade.com/chanpinxilie1.html',
  'accept' => 'text/html,application/xhtml+xml,application/xml;q=0.9,image/avif,image/webp,image/apng,*/*;q=0.8,application/signed-exchange;v=b3;q=0.7',
  'user-agent' => 'Mozilla/5.0 (Macintosh; Intel Mac OS X 10_15_7) AppleWebKit/537.36 (KHTML, like Gecko) Chrome/133.0.0.0 Safari/537.36',
  'upgrade-insecure-requests' => '1',
  'connection' => 'keep-alive',
  'host' => 'dev.handmade.com',
  'content-length' => '',
  'content-type' => '',
)
[ info ] [ PARAM ] array (
  'category' => 'gongsijianjie',
)
[ info ] [ RUN ] think\addons\Route->execute[ /var/webstars/handmade/vendor/karsonzhang/fastadmin-addons/src/addons/Route.php ]
[ info ] [ LANG ] /var/webstars/handmade/public/../application/common/lang/zh-cn/addon.php
[ info ] [ BEHAVIOR ] Run app\common\behavior\Common @addon_begin [ RunTime:0.000573s ]
[ info ] [ BEHAVIOR ] Run \addons\ldcms\Ldcms @config_init [ RunTime:0.000045s ]
[ info ] [ BEHAVIOR ] Run \addons\summernote\Summernote @config_init [ RunTime:0.000068s ]
[ info ] [ LANG ] /var/webstars/handmade/addons/ldcms/lang/zh-cn.php
[ info ] [ VIEW ] /var/webstars/handmade/addons/ldcms/view/ldcms2024/detail_about.html [ array (
  0 => 'user',
  1 => 'site',
  2 => 'config',
  3 => 'category',
  4 => 'parentsid',
  5 => 'childids',
  6 => 'content',
  7 => 'ld',
  8 => 'topid',
) ]
[ info ] [ SESSION ] INIT array (
  'id' => '',
  'var_session_id' => '',
  'prefix' => 'think',
  'type' => '',
  'auto_start' => true,
)
[ info ] [ LOG ] INIT File
[ log ] hello,shrek
[ error ] [2]Undefined variable $item[/var/webstars/handmade/runtime/temp/31d51754516c8f405439a9cb41a33a94.php:52]
[ error ] [2]Trying to access array offset on value of type null[/var/webstars/handmade/runtime/temp/31d51754516c8f405439a9cb41a33a94.php:52]
---------------------------------------------------------------
[ 2025-03-13T10:08:34+08:00 ] 10.211.55.2 GET dev.handmade.com/hangyefangan.html
[运行时间：0.199696s] [吞吐率：5.01req/s] [内存消耗：814.38kb] [文件加载：184]
[ info ] [ BEHAVIOR ] Run Closure @app_init [ RunTime:0.000026s ]
[ info ] [ CACHE ] INIT File
[ info ] [ DB ] INIT mysql
[ info ] [ BEHAVIOR ] Run \addons\ldcms\Ldcms @app_init [ RunTime:0.025470s ]
[ info ] [ BEHAVIOR ] Run Closure @app_init [ RunTime:0.025501s ]
[ info ] [ BEHAVIOR ] Run app\common\behavior\Common @app_init [ RunTime:0.000319s ]
[ info ] [ LANG ] /var/webstars/handmade/thinkphp/lang/zh-cn.php
[ info ] [ BEHAVIOR ] Run app\common\behavior\Common @app_dispatch [ RunTime:0.000030s ]
[ info ] [ ROUTE ] array (
  'type' => 'method',
  'method' => 
  array (
    0 => '\\think\\addons\\Route',
    1 => 'execute',
  ),
  'var' => 
  array (
    'addon' => 'ldcms',
    'controller' => 'lists',
    'action' => 'index',
  ),
)
[ info ] [ HEADER ] array (
  'cookie' => 'frontend_language=zh-cn; PHPSESSID=suo51l24lkfa37o8t2ghmh3jft; thinkphp_show_page_trace=0|0; backend_language=zh-cn; keeplogin=1%7C86400%7C1741909127%7C1c649e0e0e7d9718fc5855794f92a92e',
  'accept-language' => 'zh-CN,zh;q=0.9,en;q=0.8',
  'accept-encoding' => 'gzip, deflate',
  'referer' => 'http://dev.handmade.com/gongsijianjie.html',
  'accept' => 'text/html,application/xhtml+xml,application/xml;q=0.9,image/avif,image/webp,image/apng,*/*;q=0.8,application/signed-exchange;v=b3;q=0.7',
  'user-agent' => 'Mozilla/5.0 (Macintosh; Intel Mac OS X 10_15_7) AppleWebKit/537.36 (KHTML, like Gecko) Chrome/133.0.0.0 Safari/537.36',
  'upgrade-insecure-requests' => '1',
  'connection' => 'keep-alive',
  'host' => 'dev.handmade.com',
  'content-length' => '',
  'content-type' => '',
)
[ info ] [ PARAM ] array (
  'category' => 'hangyefangan',
)
[ info ] [ RUN ] think\addons\Route->execute[ /var/webstars/handmade/vendor/karsonzhang/fastadmin-addons/src/addons/Route.php ]
[ info ] [ LANG ] /var/webstars/handmade/public/../application/common/lang/zh-cn/addon.php
[ info ] [ BEHAVIOR ] Run app\common\behavior\Common @addon_begin [ RunTime:0.000156s ]
[ info ] [ BEHAVIOR ] Run \addons\ldcms\Ldcms @config_init [ RunTime:0.000123s ]
[ info ] [ BEHAVIOR ] Run \addons\summernote\Summernote @config_init [ RunTime:0.000099s ]
[ info ] [ LANG ] /var/webstars/handmade/addons/ldcms/lang/zh-cn.php
[ info ] [ VIEW ] /var/webstars/handmade/addons/ldcms/view/ldcms2024/list_fangan.html [ array (
  0 => 'user',
  1 => 'site',
  2 => 'config',
  3 => 'category',
  4 => 'parentsid',
  5 => 'childids',
  6 => 'ld',
  7 => 'topid',
) ]
[ info ] [ SESSION ] INIT array (
  'id' => '',
  'var_session_id' => '',
  'prefix' => 'think',
  'type' => '',
  'auto_start' => true,
)
[ info ] [ LOG ] INIT File
[ log ] hello,shrek
[ error ] [2]Undefined variable $item[/var/webstars/handmade/runtime/temp/2a78c00ed91d6ef90c740d35ac9fd137.php:52]
[ error ] [2]Trying to access array offset on value of type null[/var/webstars/handmade/runtime/temp/2a78c00ed91d6ef90c740d35ac9fd137.php:52]
---------------------------------------------------------------
[ 2025-03-13T10:09:50+08:00 ] 10.211.55.2 GET dev.handmade.com/hangyefangan.html
[运行时间：0.249235s] [吞吐率：4.01req/s] [内存消耗：747.54kb] [文件加载：168]
[ info ] [ BEHAVIOR ] Run Closure @app_init [ RunTime:0.000034s ]
[ info ] [ CACHE ] INIT File
[ info ] [ DB ] INIT mysql
[ info ] [ BEHAVIOR ] Run \addons\ldcms\Ldcms @app_init [ RunTime:0.039400s ]
[ info ] [ BEHAVIOR ] Run Closure @app_init [ RunTime:0.039436s ]
[ info ] [ BEHAVIOR ] Run app\common\behavior\Common @app_init [ RunTime:0.002244s ]
[ info ] [ LANG ] /var/webstars/handmade/thinkphp/lang/zh-cn.php
[ info ] [ BEHAVIOR ] Run app\common\behavior\Common @app_dispatch [ RunTime:0.000037s ]
[ info ] [ ROUTE ] array (
  'type' => 'method',
  'method' => 
  array (
    0 => '\\think\\addons\\Route',
    1 => 'execute',
  ),
  'var' => 
  array (
    'addon' => 'ldcms',
    'controller' => 'lists',
    'action' => 'index',
  ),
)
[ info ] [ HEADER ] array (
  'cookie' => 'frontend_language=zh-cn; PHPSESSID=suo51l24lkfa37o8t2ghmh3jft; thinkphp_show_page_trace=0|0; backend_language=zh-cn; keeplogin=1%7C86400%7C1741909127%7C1c649e0e0e7d9718fc5855794f92a92e',
  'accept-language' => 'zh-CN,zh;q=0.9,en;q=0.8',
  'accept-encoding' => 'gzip, deflate',
  'referer' => 'http://dev.handmade.com/gongsijianjie.html',
  'accept' => 'text/html,application/xhtml+xml,application/xml;q=0.9,image/avif,image/webp,image/apng,*/*;q=0.8,application/signed-exchange;v=b3;q=0.7',
  'user-agent' => 'Mozilla/5.0 (Macintosh; Intel Mac OS X 10_15_7) AppleWebKit/537.36 (KHTML, like Gecko) Chrome/133.0.0.0 Safari/537.36',
  'upgrade-insecure-requests' => '1',
  'cache-control' => 'max-age=0',
  'connection' => 'keep-alive',
  'host' => 'dev.handmade.com',
  'content-length' => '',
  'content-type' => '',
)
[ info ] [ PARAM ] array (
  'category' => 'hangyefangan',
)
[ info ] [ RUN ] think\addons\Route->execute[ /var/webstars/handmade/vendor/karsonzhang/fastadmin-addons/src/addons/Route.php ]
[ info ] [ LANG ] /var/webstars/handmade/public/../application/common/lang/zh-cn/addon.php
[ info ] [ BEHAVIOR ] Run app\common\behavior\Common @addon_begin [ RunTime:0.004627s ]
[ info ] [ BEHAVIOR ] Run \addons\ldcms\Ldcms @config_init [ RunTime:0.000036s ]
[ info ] [ BEHAVIOR ] Run \addons\summernote\Summernote @config_init [ RunTime:0.000640s ]
[ info ] [ LANG ] /var/webstars/handmade/addons/ldcms/lang/zh-cn.php
[ info ] [ LOG ] INIT File
[ log ] hello,shrek
---------------------------------------------------------------
[ 2025-03-13T10:15:43+08:00 ] 10.211.55.2 GET dev.handmade.com/gongsijianjie
[运行时间：0.294129s] [吞吐率：3.40req/s] [内存消耗：785.12kb] [文件加载：171]
[ info ] [ BEHAVIOR ] Run Closure @app_init [ RunTime:0.000023s ]
[ info ] [ CACHE ] INIT File
[ info ] [ DB ] INIT mysql
[ info ] [ BEHAVIOR ] Run \addons\ldcms\Ldcms @app_init [ RunTime:0.039439s ]
[ info ] [ BEHAVIOR ] Run Closure @app_init [ RunTime:0.039473s ]
[ info ] [ BEHAVIOR ] Run app\common\behavior\Common @app_init [ RunTime:0.001752s ]
[ info ] [ LANG ] /var/webstars/handmade/thinkphp/lang/zh-cn.php
[ info ] [ BEHAVIOR ] Run app\common\behavior\Common @app_dispatch [ RunTime:0.000042s ]
[ info ] [ ROUTE ] array (
  'type' => 'method',
  'method' => 
  array (
    0 => '\\think\\addons\\Route',
    1 => 'execute',
  ),
  'var' => 
  array (
    'addon' => 'ldcms',
    'controller' => 'lists',
    'action' => 'index',
  ),
)
[ info ] [ HEADER ] array (
  'cookie' => 'thinkphp_show_page_trace=0|0; frontend_language=zh-cn; PHPSESSID=suo51l24lkfa37o8t2ghmh3jft; thinkphp_show_page_trace=0|0; backend_language=zh-cn; keeplogin=1%7C86400%7C1741909127%7C1c649e0e0e7d9718fc5855794f92a92e',
  'accept-language' => 'zh-CN,zh;q=0.9,en;q=0.8',
  'accept-encoding' => 'gzip, deflate',
  'accept' => 'text/html,application/xhtml+xml,application/xml;q=0.9,image/avif,image/webp,image/apng,*/*;q=0.8,application/signed-exchange;v=b3;q=0.7',
  'user-agent' => 'Mozilla/5.0 (Macintosh; Intel Mac OS X 10_15_7) AppleWebKit/537.36 (KHTML, like Gecko) Chrome/133.0.0.0 Safari/537.36',
  'upgrade-insecure-requests' => '1',
  'cache-control' => 'max-age=0',
  'connection' => 'keep-alive',
  'host' => 'dev.handmade.com',
  'content-length' => '',
  'content-type' => '',
)
[ info ] [ PARAM ] array (
  'category' => 'gongsijianjie',
)
[ info ] [ RUN ] think\addons\Route->execute[ /var/webstars/handmade/vendor/karsonzhang/fastadmin-addons/src/addons/Route.php ]
[ info ] [ LANG ] /var/webstars/handmade/public/../application/common/lang/zh-cn/addon.php
[ info ] [ BEHAVIOR ] Run app\common\behavior\Common @addon_begin [ RunTime:0.004660s ]
[ info ] [ BEHAVIOR ] Run \addons\ldcms\Ldcms @config_init [ RunTime:0.000056s ]
[ info ] [ BEHAVIOR ] Run \addons\summernote\Summernote @config_init [ RunTime:0.000598s ]
[ info ] [ LANG ] /var/webstars/handmade/addons/ldcms/lang/zh-cn.php
[ info ] [ LOG ] INIT File
---------------------------------------------------------------
[ 2025-03-13T10:15:51+08:00 ] 10.211.55.2 GET dev.handmade.com/gongsijianjie
[运行时间：0.135810s] [吞吐率：7.36req/s] [内存消耗：784.18kb] [文件加载：171]
[ info ] [ BEHAVIOR ] Run Closure @app_init [ RunTime:0.000239s ]
[ info ] [ CACHE ] INIT File
[ info ] [ DB ] INIT mysql
[ info ] [ BEHAVIOR ] Run \addons\ldcms\Ldcms @app_init [ RunTime:0.023930s ]
[ info ] [ BEHAVIOR ] Run Closure @app_init [ RunTime:0.023966s ]
[ info ] [ BEHAVIOR ] Run app\common\behavior\Common @app_init [ RunTime:0.000167s ]
[ info ] [ LANG ] /var/webstars/handmade/thinkphp/lang/zh-cn.php
[ info ] [ BEHAVIOR ] Run app\common\behavior\Common @app_dispatch [ RunTime:0.000019s ]
[ info ] [ ROUTE ] array (
  'type' => 'method',
  'method' => 
  array (
    0 => '\\think\\addons\\Route',
    1 => 'execute',
  ),
  'var' => 
  array (
    'addon' => 'ldcms',
    'controller' => 'lists',
    'action' => 'index',
  ),
)
[ info ] [ HEADER ] array (
  'cookie' => 'thinkphp_show_page_trace=0|0; frontend_language=zh-cn; PHPSESSID=suo51l24lkfa37o8t2ghmh3jft; thinkphp_show_page_trace=0|0; backend_language=zh-cn; keeplogin=1%7C86400%7C1741909127%7C1c649e0e0e7d9718fc5855794f92a92e',
  'accept-language' => 'zh-CN,zh;q=0.9,en;q=0.8',
  'accept-encoding' => 'gzip, deflate',
  'accept' => 'text/html,application/xhtml+xml,application/xml;q=0.9,image/avif,image/webp,image/apng,*/*;q=0.8,application/signed-exchange;v=b3;q=0.7',
  'user-agent' => 'Mozilla/5.0 (Macintosh; Intel Mac OS X 10_15_7) AppleWebKit/537.36 (KHTML, like Gecko) Chrome/133.0.0.0 Safari/537.36',
  'upgrade-insecure-requests' => '1',
  'connection' => 'keep-alive',
  'host' => 'dev.handmade.com',
  'content-length' => '',
  'content-type' => '',
)
[ info ] [ PARAM ] array (
  'category' => 'gongsijianjie',
)
[ info ] [ RUN ] think\addons\Route->execute[ /var/webstars/handmade/vendor/karsonzhang/fastadmin-addons/src/addons/Route.php ]
[ info ] [ LANG ] /var/webstars/handmade/public/../application/common/lang/zh-cn/addon.php
[ info ] [ BEHAVIOR ] Run app\common\behavior\Common @addon_begin [ RunTime:0.000106s ]
[ info ] [ BEHAVIOR ] Run \addons\ldcms\Ldcms @config_init [ RunTime:0.000040s ]
[ info ] [ BEHAVIOR ] Run \addons\summernote\Summernote @config_init [ RunTime:0.000163s ]
[ info ] [ LANG ] /var/webstars/handmade/addons/ldcms/lang/zh-cn.php
[ info ] [ LOG ] INIT File
---------------------------------------------------------------
[ 2025-03-13T10:16:28+08:00 ] 10.211.55.2 GET dev.handmade.com/gongsijianjie
[运行时间：0.181365s] [吞吐率：5.51req/s] [内存消耗：793.36kb] [文件加载：171]
[ info ] [ BEHAVIOR ] Run Closure @app_init [ RunTime:0.001557s ]
[ info ] [ CACHE ] INIT File
[ info ] [ DB ] INIT mysql
[ info ] [ BEHAVIOR ] Run \addons\ldcms\Ldcms @app_init [ RunTime:0.032145s ]
[ info ] [ BEHAVIOR ] Run Closure @app_init [ RunTime:0.032188s ]
[ info ] [ BEHAVIOR ] Run app\common\behavior\Common @app_init [ RunTime:0.000247s ]
[ info ] [ LANG ] /var/webstars/handmade/thinkphp/lang/zh-cn.php
[ info ] [ BEHAVIOR ] Run app\common\behavior\Common @app_dispatch [ RunTime:0.000027s ]
[ info ] [ ROUTE ] array (
  'type' => 'method',
  'method' => 
  array (
    0 => '\\think\\addons\\Route',
    1 => 'execute',
  ),
  'var' => 
  array (
    'addon' => 'ldcms',
    'controller' => 'lists',
    'action' => 'index',
  ),
)
[ info ] [ HEADER ] array (
  'cookie' => 'thinkphp_show_page_trace=0|0; frontend_language=zh-cn; PHPSESSID=suo51l24lkfa37o8t2ghmh3jft; thinkphp_show_page_trace=0|0; backend_language=zh-cn; keeplogin=1%7C86400%7C1741909127%7C1c649e0e0e7d9718fc5855794f92a92e',
  'accept-language' => 'zh-CN,zh;q=0.9,en;q=0.8',
  'accept-encoding' => 'gzip, deflate',
  'accept' => 'text/html,application/xhtml+xml,application/xml;q=0.9,image/avif,image/webp,image/apng,*/*;q=0.8,application/signed-exchange;v=b3;q=0.7',
  'user-agent' => 'Mozilla/5.0 (Macintosh; Intel Mac OS X 10_15_7) AppleWebKit/537.36 (KHTML, like Gecko) Chrome/133.0.0.0 Safari/537.36',
  'upgrade-insecure-requests' => '1',
  'cache-control' => 'max-age=0',
  'connection' => 'keep-alive',
  'host' => 'dev.handmade.com',
  'content-length' => '',
  'content-type' => '',
)
[ info ] [ PARAM ] array (
  'category' => 'gongsijianjie',
)
[ info ] [ RUN ] think\addons\Route->execute[ /var/webstars/handmade/vendor/karsonzhang/fastadmin-addons/src/addons/Route.php ]
[ info ] [ LANG ] /var/webstars/handmade/public/../application/common/lang/zh-cn/addon.php
[ info ] [ BEHAVIOR ] Run app\common\behavior\Common @addon_begin [ RunTime:0.000187s ]
[ info ] [ BEHAVIOR ] Run \addons\ldcms\Ldcms @config_init [ RunTime:0.000190s ]
[ info ] [ BEHAVIOR ] Run \addons\summernote\Summernote @config_init [ RunTime:0.000459s ]
[ info ] [ LANG ] /var/webstars/handmade/addons/ldcms/lang/zh-cn.php
[ info ] [ LOG ] INIT File
---------------------------------------------------------------
[ 2025-03-13T10:16:29+08:00 ] 10.211.55.2 GET dev.handmade.com/gongsijianjie
[运行时间：0.163182s] [吞吐率：6.13req/s] [内存消耗：785.04kb] [文件加载：171]
[ info ] [ BEHAVIOR ] Run Closure @app_init [ RunTime:0.000033s ]
[ info ] [ CACHE ] INIT File
[ info ] [ DB ] INIT mysql
[ info ] [ BEHAVIOR ] Run \addons\ldcms\Ldcms @app_init [ RunTime:0.045935s ]
[ info ] [ BEHAVIOR ] Run Closure @app_init [ RunTime:0.047125s ]
[ info ] [ BEHAVIOR ] Run app\common\behavior\Common @app_init [ RunTime:0.000395s ]
[ info ] [ LANG ] /var/webstars/handmade/thinkphp/lang/zh-cn.php
[ info ] [ BEHAVIOR ] Run app\common\behavior\Common @app_dispatch [ RunTime:0.000038s ]
[ info ] [ ROUTE ] array (
  'type' => 'method',
  'method' => 
  array (
    0 => '\\think\\addons\\Route',
    1 => 'execute',
  ),
  'var' => 
  array (
    'addon' => 'ldcms',
    'controller' => 'lists',
    'action' => 'index',
  ),
)
[ info ] [ HEADER ] array (
  'cookie' => 'thinkphp_show_page_trace=0|0; frontend_language=zh-cn; PHPSESSID=suo51l24lkfa37o8t2ghmh3jft; thinkphp_show_page_trace=0|0; backend_language=zh-cn; keeplogin=1%7C86400%7C1741909127%7C1c649e0e0e7d9718fc5855794f92a92e',
  'accept-language' => 'zh-CN,zh;q=0.9,en;q=0.8',
  'accept-encoding' => 'gzip, deflate',
  'accept' => 'text/html,application/xhtml+xml,application/xml;q=0.9,image/avif,image/webp,image/apng,*/*;q=0.8,application/signed-exchange;v=b3;q=0.7',
  'user-agent' => 'Mozilla/5.0 (Macintosh; Intel Mac OS X 10_15_7) AppleWebKit/537.36 (KHTML, like Gecko) Chrome/133.0.0.0 Safari/537.36',
  'upgrade-insecure-requests' => '1',
  'cache-control' => 'max-age=0',
  'connection' => 'keep-alive',
  'host' => 'dev.handmade.com',
  'content-length' => '',
  'content-type' => '',
)
[ info ] [ PARAM ] array (
  'category' => 'gongsijianjie',
)
[ info ] [ RUN ] think\addons\Route->execute[ /var/webstars/handmade/vendor/karsonzhang/fastadmin-addons/src/addons/Route.php ]
[ info ] [ LANG ] /var/webstars/handmade/public/../application/common/lang/zh-cn/addon.php
[ info ] [ BEHAVIOR ] Run app\common\behavior\Common @addon_begin [ RunTime:0.000181s ]
[ info ] [ BEHAVIOR ] Run \addons\ldcms\Ldcms @config_init [ RunTime:0.000113s ]
[ info ] [ BEHAVIOR ] Run \addons\summernote\Summernote @config_init [ RunTime:0.000097s ]
[ info ] [ LANG ] /var/webstars/handmade/addons/ldcms/lang/zh-cn.php
[ info ] [ LOG ] INIT File
---------------------------------------------------------------
[ 2025-03-13T10:23:21+08:00 ] 10.211.55.2 GET dev.handmade.com/hangyefangan.html
[运行时间：0.350007s] [吞吐率：2.86req/s] [内存消耗：746.84kb] [文件加载：168]
[ info ] [ BEHAVIOR ] Run Closure @app_init [ RunTime:0.000033s ]
[ info ] [ CACHE ] INIT File
[ info ] [ DB ] INIT mysql
[ info ] [ BEHAVIOR ] Run \addons\ldcms\Ldcms @app_init [ RunTime:0.054384s ]
[ info ] [ BEHAVIOR ] Run Closure @app_init [ RunTime:0.054423s ]
[ info ] [ BEHAVIOR ] Run app\common\behavior\Common @app_init [ RunTime:0.002956s ]
[ info ] [ LANG ] /var/webstars/handmade/thinkphp/lang/zh-cn.php
[ info ] [ BEHAVIOR ] Run app\common\behavior\Common @app_dispatch [ RunTime:0.000044s ]
[ info ] [ ROUTE ] array (
  'type' => 'method',
  'method' => 
  array (
    0 => '\\think\\addons\\Route',
    1 => 'execute',
  ),
  'var' => 
  array (
    'addon' => 'ldcms',
    'controller' => 'lists',
    'action' => 'index',
  ),
)
[ info ] [ HEADER ] array (
  'cookie' => 'frontend_language=zh-cn; PHPSESSID=suo51l24lkfa37o8t2ghmh3jft; thinkphp_show_page_trace=0|0; backend_language=zh-cn; keeplogin=1%7C86400%7C1741909127%7C1c649e0e0e7d9718fc5855794f92a92e',
  'accept-language' => 'zh-CN,zh;q=0.9,en;q=0.8',
  'accept-encoding' => 'gzip, deflate',
  'referer' => 'http://dev.handmade.com/gongsijianjie.html',
  'accept' => 'text/html,application/xhtml+xml,application/xml;q=0.9,image/avif,image/webp,image/apng,*/*;q=0.8,application/signed-exchange;v=b3;q=0.7',
  'user-agent' => 'Mozilla/5.0 (Macintosh; Intel Mac OS X 10_15_7) AppleWebKit/537.36 (KHTML, like Gecko) Chrome/133.0.0.0 Safari/537.36',
  'upgrade-insecure-requests' => '1',
  'cache-control' => 'max-age=0',
  'connection' => 'keep-alive',
  'host' => 'dev.handmade.com',
  'content-length' => '',
  'content-type' => '',
)
[ info ] [ PARAM ] array (
  'category' => 'hangyefangan',
)
[ info ] [ RUN ] think\addons\Route->execute[ /var/webstars/handmade/vendor/karsonzhang/fastadmin-addons/src/addons/Route.php ]
[ info ] [ LANG ] /var/webstars/handmade/public/../application/common/lang/zh-cn/addon.php
[ info ] [ BEHAVIOR ] Run app\common\behavior\Common @addon_begin [ RunTime:0.004960s ]
[ info ] [ BEHAVIOR ] Run \addons\ldcms\Ldcms @config_init [ RunTime:0.000050s ]
[ info ] [ BEHAVIOR ] Run \addons\summernote\Summernote @config_init [ RunTime:0.002202s ]
[ info ] [ LANG ] /var/webstars/handmade/addons/ldcms/lang/zh-cn.php
[ info ] [ LOG ] INIT File
---------------------------------------------------------------
[ 2025-03-13T10:23:23+08:00 ] 10.211.55.2 GET dev.handmade.com/hangyefangan.html
[运行时间：0.188735s] [吞吐率：5.30req/s] [内存消耗：745.98kb] [文件加载：168]
[ info ] [ BEHAVIOR ] Run Closure @app_init [ RunTime:0.000111s ]
[ info ] [ CACHE ] INIT File
[ info ] [ DB ] INIT mysql
[ info ] [ BEHAVIOR ] Run \addons\ldcms\Ldcms @app_init [ RunTime:0.035591s ]
[ info ] [ BEHAVIOR ] Run Closure @app_init [ RunTime:0.035633s ]
[ info ] [ BEHAVIOR ] Run app\common\behavior\Common @app_init [ RunTime:0.000084s ]
[ info ] [ LANG ] /var/webstars/handmade/thinkphp/lang/zh-cn.php
[ info ] [ BEHAVIOR ] Run app\common\behavior\Common @app_dispatch [ RunTime:0.000027s ]
[ info ] [ ROUTE ] array (
  'type' => 'method',
  'method' => 
  array (
    0 => '\\think\\addons\\Route',
    1 => 'execute',
  ),
  'var' => 
  array (
    'addon' => 'ldcms',
    'controller' => 'lists',
    'action' => 'index',
  ),
)
[ info ] [ HEADER ] array (
  'cookie' => 'frontend_language=zh-cn; PHPSESSID=suo51l24lkfa37o8t2ghmh3jft; thinkphp_show_page_trace=0|0; backend_language=zh-cn; keeplogin=1%7C86400%7C1741909127%7C1c649e0e0e7d9718fc5855794f92a92e',
  'accept-language' => 'zh-CN,zh;q=0.9,en;q=0.8',
  'accept-encoding' => 'gzip, deflate',
  'referer' => 'http://dev.handmade.com/gongsijianjie.html',
  'accept' => 'text/html,application/xhtml+xml,application/xml;q=0.9,image/avif,image/webp,image/apng,*/*;q=0.8,application/signed-exchange;v=b3;q=0.7',
  'user-agent' => 'Mozilla/5.0 (Macintosh; Intel Mac OS X 10_15_7) AppleWebKit/537.36 (KHTML, like Gecko) Chrome/133.0.0.0 Safari/537.36',
  'upgrade-insecure-requests' => '1',
  'cache-control' => 'max-age=0',
  'connection' => 'keep-alive',
  'host' => 'dev.handmade.com',
  'content-length' => '',
  'content-type' => '',
)
[ info ] [ PARAM ] array (
  'category' => 'hangyefangan',
)
[ info ] [ RUN ] think\addons\Route->execute[ /var/webstars/handmade/vendor/karsonzhang/fastadmin-addons/src/addons/Route.php ]
[ info ] [ LANG ] /var/webstars/handmade/public/../application/common/lang/zh-cn/addon.php
[ info ] [ BEHAVIOR ] Run app\common\behavior\Common @addon_begin [ RunTime:0.001262s ]
[ info ] [ BEHAVIOR ] Run \addons\ldcms\Ldcms @config_init [ RunTime:0.000040s ]
[ info ] [ BEHAVIOR ] Run \addons\summernote\Summernote @config_init [ RunTime:0.000143s ]
[ info ] [ LANG ] /var/webstars/handmade/addons/ldcms/lang/zh-cn.php
[ info ] [ LOG ] INIT File
---------------------------------------------------------------
[ 2025-03-13T10:23:24+08:00 ] 10.211.55.2 GET dev.handmade.com/hangyefangan.html
[运行时间：0.180919s] [吞吐率：5.53req/s] [内存消耗：745.98kb] [文件加载：168]
[ info ] [ BEHAVIOR ] Run Closure @app_init [ RunTime:0.000204s ]
[ info ] [ CACHE ] INIT File
[ info ] [ DB ] INIT mysql
[ info ] [ BEHAVIOR ] Run \addons\ldcms\Ldcms @app_init [ RunTime:0.032153s ]
[ info ] [ BEHAVIOR ] Run Closure @app_init [ RunTime:0.032191s ]
[ info ] [ BEHAVIOR ] Run app\common\behavior\Common @app_init [ RunTime:0.000775s ]
[ info ] [ LANG ] /var/webstars/handmade/thinkphp/lang/zh-cn.php
[ info ] [ BEHAVIOR ] Run app\common\behavior\Common @app_dispatch [ RunTime:0.000028s ]
[ info ] [ ROUTE ] array (
  'type' => 'method',
  'method' => 
  array (
    0 => '\\think\\addons\\Route',
    1 => 'execute',
  ),
  'var' => 
  array (
    'addon' => 'ldcms',
    'controller' => 'lists',
    'action' => 'index',
  ),
)
[ info ] [ HEADER ] array (
  'cookie' => 'frontend_language=zh-cn; PHPSESSID=suo51l24lkfa37o8t2ghmh3jft; thinkphp_show_page_trace=0|0; backend_language=zh-cn; keeplogin=1%7C86400%7C1741909127%7C1c649e0e0e7d9718fc5855794f92a92e',
  'accept-language' => 'zh-CN,zh;q=0.9,en;q=0.8',
  'accept-encoding' => 'gzip, deflate',
  'referer' => 'http://dev.handmade.com/gongsijianjie.html',
  'accept' => 'text/html,application/xhtml+xml,application/xml;q=0.9,image/avif,image/webp,image/apng,*/*;q=0.8,application/signed-exchange;v=b3;q=0.7',
  'user-agent' => 'Mozilla/5.0 (Macintosh; Intel Mac OS X 10_15_7) AppleWebKit/537.36 (KHTML, like Gecko) Chrome/133.0.0.0 Safari/537.36',
  'upgrade-insecure-requests' => '1',
  'cache-control' => 'max-age=0',
  'connection' => 'keep-alive',
  'host' => 'dev.handmade.com',
  'content-length' => '',
  'content-type' => '',
)
[ info ] [ PARAM ] array (
  'category' => 'hangyefangan',
)
[ info ] [ RUN ] think\addons\Route->execute[ /var/webstars/handmade/vendor/karsonzhang/fastadmin-addons/src/addons/Route.php ]
[ info ] [ LANG ] /var/webstars/handmade/public/../application/common/lang/zh-cn/addon.php
[ info ] [ BEHAVIOR ] Run app\common\behavior\Common @addon_begin [ RunTime:0.000235s ]
[ info ] [ BEHAVIOR ] Run \addons\ldcms\Ldcms @config_init [ RunTime:0.000040s ]
[ info ] [ BEHAVIOR ] Run \addons\summernote\Summernote @config_init [ RunTime:0.000091s ]
[ info ] [ LANG ] /var/webstars/handmade/addons/ldcms/lang/zh-cn.php
[ info ] [ LOG ] INIT File
---------------------------------------------------------------
[ 2025-03-13T10:23:24+08:00 ] 10.211.55.2 GET dev.handmade.com/hangyefangan.html
[运行时间：0.155481s] [吞吐率：6.43req/s] [内存消耗：745.98kb] [文件加载：168]
[ info ] [ BEHAVIOR ] Run Closure @app_init [ RunTime:0.000024s ]
[ info ] [ CACHE ] INIT File
[ info ] [ DB ] INIT mysql
[ info ] [ BEHAVIOR ] Run \addons\ldcms\Ldcms @app_init [ RunTime:0.036946s ]
[ info ] [ BEHAVIOR ] Run Closure @app_init [ RunTime:0.036988s ]
[ info ] [ BEHAVIOR ] Run app\common\behavior\Common @app_init [ RunTime:0.000087s ]
[ info ] [ LANG ] /var/webstars/handmade/thinkphp/lang/zh-cn.php
[ info ] [ BEHAVIOR ] Run app\common\behavior\Common @app_dispatch [ RunTime:0.000027s ]
[ info ] [ ROUTE ] array (
  'type' => 'method',
  'method' => 
  array (
    0 => '\\think\\addons\\Route',
    1 => 'execute',
  ),
  'var' => 
  array (
    'addon' => 'ldcms',
    'controller' => 'lists',
    'action' => 'index',
  ),
)
[ info ] [ HEADER ] array (
  'cookie' => 'frontend_language=zh-cn; PHPSESSID=suo51l24lkfa37o8t2ghmh3jft; thinkphp_show_page_trace=0|0; backend_language=zh-cn; keeplogin=1%7C86400%7C1741909127%7C1c649e0e0e7d9718fc5855794f92a92e',
  'accept-language' => 'zh-CN,zh;q=0.9,en;q=0.8',
  'accept-encoding' => 'gzip, deflate',
  'referer' => 'http://dev.handmade.com/gongsijianjie.html',
  'accept' => 'text/html,application/xhtml+xml,application/xml;q=0.9,image/avif,image/webp,image/apng,*/*;q=0.8,application/signed-exchange;v=b3;q=0.7',
  'user-agent' => 'Mozilla/5.0 (Macintosh; Intel Mac OS X 10_15_7) AppleWebKit/537.36 (KHTML, like Gecko) Chrome/133.0.0.0 Safari/537.36',
  'upgrade-insecure-requests' => '1',
  'cache-control' => 'max-age=0',
  'connection' => 'keep-alive',
  'host' => 'dev.handmade.com',
  'content-length' => '',
  'content-type' => '',
)
[ info ] [ PARAM ] array (
  'category' => 'hangyefangan',
)
[ info ] [ RUN ] think\addons\Route->execute[ /var/webstars/handmade/vendor/karsonzhang/fastadmin-addons/src/addons/Route.php ]
[ info ] [ LANG ] /var/webstars/handmade/public/../application/common/lang/zh-cn/addon.php
[ info ] [ BEHAVIOR ] Run app\common\behavior\Common @addon_begin [ RunTime:0.000165s ]
[ info ] [ BEHAVIOR ] Run \addons\ldcms\Ldcms @config_init [ RunTime:0.000040s ]
[ info ] [ BEHAVIOR ] Run \addons\summernote\Summernote @config_init [ RunTime:0.000067s ]
[ info ] [ LANG ] /var/webstars/handmade/addons/ldcms/lang/zh-cn.php
[ info ] [ LOG ] INIT File
---------------------------------------------------------------
[ 2025-03-13T10:23:26+08:00 ] 10.211.55.2 GET dev.handmade.com/hangyefangan.html
[运行时间：0.183860s] [吞吐率：5.44req/s] [内存消耗：745.98kb] [文件加载：168]
[ info ] [ BEHAVIOR ] Run Closure @app_init [ RunTime:0.000021s ]
[ info ] [ CACHE ] INIT File
[ info ] [ DB ] INIT mysql
[ info ] [ BEHAVIOR ] Run \addons\ldcms\Ldcms @app_init [ RunTime:0.034930s ]
[ info ] [ BEHAVIOR ] Run Closure @app_init [ RunTime:0.034972s ]
[ info ] [ BEHAVIOR ] Run app\common\behavior\Common @app_init [ RunTime:0.000396s ]
[ info ] [ LANG ] /var/webstars/handmade/thinkphp/lang/zh-cn.php
[ info ] [ BEHAVIOR ] Run app\common\behavior\Common @app_dispatch [ RunTime:0.000024s ]
[ info ] [ ROUTE ] array (
  'type' => 'method',
  'method' => 
  array (
    0 => '\\think\\addons\\Route',
    1 => 'execute',
  ),
  'var' => 
  array (
    'addon' => 'ldcms',
    'controller' => 'lists',
    'action' => 'index',
  ),
)
[ info ] [ HEADER ] array (
  'cookie' => 'frontend_language=zh-cn; PHPSESSID=suo51l24lkfa37o8t2ghmh3jft; thinkphp_show_page_trace=0|0; backend_language=zh-cn; keeplogin=1%7C86400%7C1741909127%7C1c649e0e0e7d9718fc5855794f92a92e',
  'accept-language' => 'zh-CN,zh;q=0.9,en;q=0.8',
  'accept-encoding' => 'gzip, deflate',
  'referer' => 'http://dev.handmade.com/gongsijianjie.html',
  'accept' => 'text/html,application/xhtml+xml,application/xml;q=0.9,image/avif,image/webp,image/apng,*/*;q=0.8,application/signed-exchange;v=b3;q=0.7',
  'user-agent' => 'Mozilla/5.0 (Macintosh; Intel Mac OS X 10_15_7) AppleWebKit/537.36 (KHTML, like Gecko) Chrome/133.0.0.0 Safari/537.36',
  'upgrade-insecure-requests' => '1',
  'cache-control' => 'max-age=0',
  'connection' => 'keep-alive',
  'host' => 'dev.handmade.com',
  'content-length' => '',
  'content-type' => '',
)
[ info ] [ PARAM ] array (
  'category' => 'hangyefangan',
)
[ info ] [ RUN ] think\addons\Route->execute[ /var/webstars/handmade/vendor/karsonzhang/fastadmin-addons/src/addons/Route.php ]
[ info ] [ LANG ] /var/webstars/handmade/public/../application/common/lang/zh-cn/addon.php
[ info ] [ BEHAVIOR ] Run app\common\behavior\Common @addon_begin [ RunTime:0.000125s ]
[ info ] [ BEHAVIOR ] Run \addons\ldcms\Ldcms @config_init [ RunTime:0.000039s ]
[ info ] [ BEHAVIOR ] Run \addons\summernote\Summernote @config_init [ RunTime:0.000072s ]
[ info ] [ LANG ] /var/webstars/handmade/addons/ldcms/lang/zh-cn.php
[ info ] [ LOG ] INIT File
---------------------------------------------------------------
[ 2025-03-13T10:23:27+08:00 ] 10.211.55.2 GET dev.handmade.com/hangyefangan.html
[运行时间：0.243663s] [吞吐率：4.10req/s] [内存消耗：745.98kb] [文件加载：168]
[ info ] [ BEHAVIOR ] Run Closure @app_init [ RunTime:0.000021s ]
[ info ] [ CACHE ] INIT File
[ info ] [ DB ] INIT mysql
[ info ] [ BEHAVIOR ] Run \addons\ldcms\Ldcms @app_init [ RunTime:0.115422s ]
[ info ] [ BEHAVIOR ] Run Closure @app_init [ RunTime:0.115464s ]
[ info ] [ BEHAVIOR ] Run app\common\behavior\Common @app_init [ RunTime:0.000246s ]
[ info ] [ LANG ] /var/webstars/handmade/thinkphp/lang/zh-cn.php
[ info ] [ BEHAVIOR ] Run app\common\behavior\Common @app_dispatch [ RunTime:0.000028s ]
[ info ] [ ROUTE ] array (
  'type' => 'method',
  'method' => 
  array (
    0 => '\\think\\addons\\Route',
    1 => 'execute',
  ),
  'var' => 
  array (
    'addon' => 'ldcms',
    'controller' => 'lists',
    'action' => 'index',
  ),
)
[ info ] [ HEADER ] array (
  'cookie' => 'frontend_language=zh-cn; PHPSESSID=suo51l24lkfa37o8t2ghmh3jft; thinkphp_show_page_trace=0|0; backend_language=zh-cn; keeplogin=1%7C86400%7C1741909127%7C1c649e0e0e7d9718fc5855794f92a92e',
  'accept-language' => 'zh-CN,zh;q=0.9,en;q=0.8',
  'accept-encoding' => 'gzip, deflate',
  'referer' => 'http://dev.handmade.com/gongsijianjie.html',
  'accept' => 'text/html,application/xhtml+xml,application/xml;q=0.9,image/avif,image/webp,image/apng,*/*;q=0.8,application/signed-exchange;v=b3;q=0.7',
  'user-agent' => 'Mozilla/5.0 (Macintosh; Intel Mac OS X 10_15_7) AppleWebKit/537.36 (KHTML, like Gecko) Chrome/133.0.0.0 Safari/537.36',
  'upgrade-insecure-requests' => '1',
  'cache-control' => 'max-age=0',
  'connection' => 'keep-alive',
  'host' => 'dev.handmade.com',
  'content-length' => '',
  'content-type' => '',
)
[ info ] [ PARAM ] array (
  'category' => 'hangyefangan',
)
[ info ] [ RUN ] think\addons\Route->execute[ /var/webstars/handmade/vendor/karsonzhang/fastadmin-addons/src/addons/Route.php ]
[ info ] [ LANG ] /var/webstars/handmade/public/../application/common/lang/zh-cn/addon.php
[ info ] [ BEHAVIOR ] Run app\common\behavior\Common @addon_begin [ RunTime:0.000576s ]
[ info ] [ BEHAVIOR ] Run \addons\ldcms\Ldcms @config_init [ RunTime:0.000046s ]
[ info ] [ BEHAVIOR ] Run \addons\summernote\Summernote @config_init [ RunTime:0.000087s ]
[ info ] [ LANG ] /var/webstars/handmade/addons/ldcms/lang/zh-cn.php
[ info ] [ LOG ] INIT File
---------------------------------------------------------------
[ 2025-03-13T10:23:28+08:00 ] 10.211.55.2 GET dev.handmade.com/hangyefangan.html
[运行时间：0.165585s] [吞吐率：6.04req/s] [内存消耗：745.98kb] [文件加载：168]
[ info ] [ BEHAVIOR ] Run Closure @app_init [ RunTime:0.000312s ]
[ info ] [ CACHE ] INIT File
[ info ] [ DB ] INIT mysql
[ info ] [ BEHAVIOR ] Run \addons\ldcms\Ldcms @app_init [ RunTime:0.027020s ]
[ info ] [ BEHAVIOR ] Run Closure @app_init [ RunTime:0.027062s ]
[ info ] [ BEHAVIOR ] Run app\common\behavior\Common @app_init [ RunTime:0.000302s ]
[ info ] [ LANG ] /var/webstars/handmade/thinkphp/lang/zh-cn.php
[ info ] [ BEHAVIOR ] Run app\common\behavior\Common @app_dispatch [ RunTime:0.000032s ]
[ info ] [ ROUTE ] array (
  'type' => 'method',
  'method' => 
  array (
    0 => '\\think\\addons\\Route',
    1 => 'execute',
  ),
  'var' => 
  array (
    'addon' => 'ldcms',
    'controller' => 'lists',
    'action' => 'index',
  ),
)
[ info ] [ HEADER ] array (
  'cookie' => 'frontend_language=zh-cn; PHPSESSID=suo51l24lkfa37o8t2ghmh3jft; thinkphp_show_page_trace=0|0; backend_language=zh-cn; keeplogin=1%7C86400%7C1741909127%7C1c649e0e0e7d9718fc5855794f92a92e',
  'accept-language' => 'zh-CN,zh;q=0.9,en;q=0.8',
  'accept-encoding' => 'gzip, deflate',
  'referer' => 'http://dev.handmade.com/gongsijianjie.html',
  'accept' => 'text/html,application/xhtml+xml,application/xml;q=0.9,image/avif,image/webp,image/apng,*/*;q=0.8,application/signed-exchange;v=b3;q=0.7',
  'user-agent' => 'Mozilla/5.0 (Macintosh; Intel Mac OS X 10_15_7) AppleWebKit/537.36 (KHTML, like Gecko) Chrome/133.0.0.0 Safari/537.36',
  'upgrade-insecure-requests' => '1',
  'cache-control' => 'max-age=0',
  'connection' => 'keep-alive',
  'host' => 'dev.handmade.com',
  'content-length' => '',
  'content-type' => '',
)
[ info ] [ PARAM ] array (
  'category' => 'hangyefangan',
)
[ info ] [ RUN ] think\addons\Route->execute[ /var/webstars/handmade/vendor/karsonzhang/fastadmin-addons/src/addons/Route.php ]
[ info ] [ LANG ] /var/webstars/handmade/public/../application/common/lang/zh-cn/addon.php
[ info ] [ BEHAVIOR ] Run app\common\behavior\Common @addon_begin [ RunTime:0.000422s ]
[ info ] [ BEHAVIOR ] Run \addons\ldcms\Ldcms @config_init [ RunTime:0.000036s ]
[ info ] [ BEHAVIOR ] Run \addons\summernote\Summernote @config_init [ RunTime:0.000343s ]
[ info ] [ LANG ] /var/webstars/handmade/addons/ldcms/lang/zh-cn.php
[ info ] [ LOG ] INIT File
---------------------------------------------------------------
[ 2025-03-13T10:23:47+08:00 ] 10.211.55.2 GET dev.handmade.com/hangyefangan.html
[运行时间：0.108375s] [吞吐率：9.23req/s] [内存消耗：746.76kb] [文件加载：168]
[ info ] [ BEHAVIOR ] Run Closure @app_init [ RunTime:0.000024s ]
[ info ] [ CACHE ] INIT File
[ info ] [ DB ] INIT mysql
[ info ] [ BEHAVIOR ] Run \addons\ldcms\Ldcms @app_init [ RunTime:0.022893s ]
[ info ] [ BEHAVIOR ] Run Closure @app_init [ RunTime:0.022925s ]
[ info ] [ BEHAVIOR ] Run app\common\behavior\Common @app_init [ RunTime:0.000122s ]
[ info ] [ LANG ] /var/webstars/handmade/thinkphp/lang/zh-cn.php
[ info ] [ BEHAVIOR ] Run app\common\behavior\Common @app_dispatch [ RunTime:0.000022s ]
[ info ] [ ROUTE ] array (
  'type' => 'method',
  'method' => 
  array (
    0 => '\\think\\addons\\Route',
    1 => 'execute',
  ),
  'var' => 
  array (
    'addon' => 'ldcms',
    'controller' => 'lists',
    'action' => 'index',
  ),
)
[ info ] [ HEADER ] array (
  'cookie' => 'frontend_language=zh-cn; PHPSESSID=suo51l24lkfa37o8t2ghmh3jft; thinkphp_show_page_trace=0|0; backend_language=zh-cn; keeplogin=1%7C86400%7C1741909127%7C1c649e0e0e7d9718fc5855794f92a92e',
  'accept-language' => 'zh-CN,zh;q=0.9,en;q=0.8',
  'accept-encoding' => 'gzip, deflate',
  'referer' => 'http://dev.handmade.com/gongsijianjie.html',
  'accept' => 'text/html,application/xhtml+xml,application/xml;q=0.9,image/avif,image/webp,image/apng,*/*;q=0.8,application/signed-exchange;v=b3;q=0.7',
  'user-agent' => 'Mozilla/5.0 (Macintosh; Intel Mac OS X 10_15_7) AppleWebKit/537.36 (KHTML, like Gecko) Chrome/133.0.0.0 Safari/537.36',
  'upgrade-insecure-requests' => '1',
  'cache-control' => 'max-age=0',
  'connection' => 'keep-alive',
  'host' => 'dev.handmade.com',
  'content-length' => '',
  'content-type' => '',
)
[ info ] [ PARAM ] array (
  'category' => 'hangyefangan',
)
[ info ] [ RUN ] think\addons\Route->execute[ /var/webstars/handmade/vendor/karsonzhang/fastadmin-addons/src/addons/Route.php ]
[ info ] [ LANG ] /var/webstars/handmade/public/../application/common/lang/zh-cn/addon.php
[ info ] [ BEHAVIOR ] Run app\common\behavior\Common @addon_begin [ RunTime:0.000159s ]
[ info ] [ BEHAVIOR ] Run \addons\ldcms\Ldcms @config_init [ RunTime:0.000100s ]
[ info ] [ BEHAVIOR ] Run \addons\summernote\Summernote @config_init [ RunTime:0.000127s ]
[ info ] [ LANG ] /var/webstars/handmade/addons/ldcms/lang/zh-cn.php
[ info ] [ LOG ] INIT File
---------------------------------------------------------------
[ 2025-03-13T10:23:49+08:00 ] 10.211.55.2 GET dev.handmade.com/hangyefangan.html
[运行时间：0.085444s] [吞吐率：11.70req/s] [内存消耗：745.98kb] [文件加载：168]
[ info ] [ BEHAVIOR ] Run Closure @app_init [ RunTime:0.000029s ]
[ info ] [ CACHE ] INIT File
[ info ] [ DB ] INIT mysql
[ info ] [ BEHAVIOR ] Run \addons\ldcms\Ldcms @app_init [ RunTime:0.024018s ]
[ info ] [ BEHAVIOR ] Run Closure @app_init [ RunTime:0.024043s ]
[ info ] [ BEHAVIOR ] Run app\common\behavior\Common @app_init [ RunTime:0.000143s ]
[ info ] [ LANG ] /var/webstars/handmade/thinkphp/lang/zh-cn.php
[ info ] [ BEHAVIOR ] Run app\common\behavior\Common @app_dispatch [ RunTime:0.000015s ]
[ info ] [ ROUTE ] array (
  'type' => 'method',
  'method' => 
  array (
    0 => '\\think\\addons\\Route',
    1 => 'execute',
  ),
  'var' => 
  array (
    'addon' => 'ldcms',
    'controller' => 'lists',
    'action' => 'index',
  ),
)
[ info ] [ HEADER ] array (
  'cookie' => 'frontend_language=zh-cn; PHPSESSID=suo51l24lkfa37o8t2ghmh3jft; thinkphp_show_page_trace=0|0; backend_language=zh-cn; keeplogin=1%7C86400%7C1741909127%7C1c649e0e0e7d9718fc5855794f92a92e',
  'accept-language' => 'zh-CN,zh;q=0.9,en;q=0.8',
  'accept-encoding' => 'gzip, deflate',
  'referer' => 'http://dev.handmade.com/gongsijianjie.html',
  'accept' => 'text/html,application/xhtml+xml,application/xml;q=0.9,image/avif,image/webp,image/apng,*/*;q=0.8,application/signed-exchange;v=b3;q=0.7',
  'user-agent' => 'Mozilla/5.0 (Macintosh; Intel Mac OS X 10_15_7) AppleWebKit/537.36 (KHTML, like Gecko) Chrome/133.0.0.0 Safari/537.36',
  'upgrade-insecure-requests' => '1',
  'cache-control' => 'max-age=0',
  'connection' => 'keep-alive',
  'host' => 'dev.handmade.com',
  'content-length' => '',
  'content-type' => '',
)
[ info ] [ PARAM ] array (
  'category' => 'hangyefangan',
)
[ info ] [ RUN ] think\addons\Route->execute[ /var/webstars/handmade/vendor/karsonzhang/fastadmin-addons/src/addons/Route.php ]
[ info ] [ LANG ] /var/webstars/handmade/public/../application/common/lang/zh-cn/addon.php
[ info ] [ BEHAVIOR ] Run app\common\behavior\Common @addon_begin [ RunTime:0.000145s ]
[ info ] [ BEHAVIOR ] Run \addons\ldcms\Ldcms @config_init [ RunTime:0.000029s ]
[ info ] [ BEHAVIOR ] Run \addons\summernote\Summernote @config_init [ RunTime:0.000066s ]
[ info ] [ LANG ] /var/webstars/handmade/addons/ldcms/lang/zh-cn.php
[ info ] [ LOG ] INIT File
---------------------------------------------------------------
[ 2025-03-13T10:23:50+08:00 ] 10.211.55.2 GET dev.handmade.com/hangyefangan.html
[运行时间：0.088657s] [吞吐率：11.28req/s] [内存消耗：745.98kb] [文件加载：168]
[ info ] [ BEHAVIOR ] Run Closure @app_init [ RunTime:0.000081s ]
[ info ] [ CACHE ] INIT File
[ info ] [ DB ] INIT mysql
[ info ] [ BEHAVIOR ] Run \addons\ldcms\Ldcms @app_init [ RunTime:0.022315s ]
[ info ] [ BEHAVIOR ] Run Closure @app_init [ RunTime:0.022416s ]
[ info ] [ BEHAVIOR ] Run app\common\behavior\Common @app_init [ RunTime:0.000341s ]
[ info ] [ LANG ] /var/webstars/handmade/thinkphp/lang/zh-cn.php
[ info ] [ BEHAVIOR ] Run app\common\behavior\Common @app_dispatch [ RunTime:0.001396s ]
[ info ] [ ROUTE ] array (
  'type' => 'method',
  'method' => 
  array (
    0 => '\\think\\addons\\Route',
    1 => 'execute',
  ),
  'var' => 
  array (
    'addon' => 'ldcms',
    'controller' => 'lists',
    'action' => 'index',
  ),
)
[ info ] [ HEADER ] array (
  'cookie' => 'frontend_language=zh-cn; PHPSESSID=suo51l24lkfa37o8t2ghmh3jft; thinkphp_show_page_trace=0|0; backend_language=zh-cn; keeplogin=1%7C86400%7C1741909127%7C1c649e0e0e7d9718fc5855794f92a92e',
  'accept-language' => 'zh-CN,zh;q=0.9,en;q=0.8',
  'accept-encoding' => 'gzip, deflate',
  'referer' => 'http://dev.handmade.com/gongsijianjie.html',
  'accept' => 'text/html,application/xhtml+xml,application/xml;q=0.9,image/avif,image/webp,image/apng,*/*;q=0.8,application/signed-exchange;v=b3;q=0.7',
  'user-agent' => 'Mozilla/5.0 (Macintosh; Intel Mac OS X 10_15_7) AppleWebKit/537.36 (KHTML, like Gecko) Chrome/133.0.0.0 Safari/537.36',
  'upgrade-insecure-requests' => '1',
  'cache-control' => 'max-age=0',
  'connection' => 'keep-alive',
  'host' => 'dev.handmade.com',
  'content-length' => '',
  'content-type' => '',
)
[ info ] [ PARAM ] array (
  'category' => 'hangyefangan',
)
[ info ] [ RUN ] think\addons\Route->execute[ /var/webstars/handmade/vendor/karsonzhang/fastadmin-addons/src/addons/Route.php ]
[ info ] [ LANG ] /var/webstars/handmade/public/../application/common/lang/zh-cn/addon.php
[ info ] [ BEHAVIOR ] Run app\common\behavior\Common @addon_begin [ RunTime:0.000096s ]
[ info ] [ BEHAVIOR ] Run \addons\ldcms\Ldcms @config_init [ RunTime:0.000024s ]
[ info ] [ BEHAVIOR ] Run \addons\summernote\Summernote @config_init [ RunTime:0.000095s ]
[ info ] [ LANG ] /var/webstars/handmade/addons/ldcms/lang/zh-cn.php
[ info ] [ LOG ] INIT File
---------------------------------------------------------------
[ 2025-03-13T10:23:51+08:00 ] 10.211.55.2 GET dev.handmade.com/hangyefangan.html
[运行时间：0.101126s] [吞吐率：9.89req/s] [内存消耗：745.98kb] [文件加载：168]
[ info ] [ BEHAVIOR ] Run Closure @app_init [ RunTime:0.000026s ]
[ info ] [ CACHE ] INIT File
[ info ] [ DB ] INIT mysql
[ info ] [ BEHAVIOR ] Run \addons\ldcms\Ldcms @app_init [ RunTime:0.020107s ]
[ info ] [ BEHAVIOR ] Run Closure @app_init [ RunTime:0.020138s ]
[ info ] [ BEHAVIOR ] Run app\common\behavior\Common @app_init [ RunTime:0.000068s ]
[ info ] [ LANG ] /var/webstars/handmade/thinkphp/lang/zh-cn.php
[ info ] [ BEHAVIOR ] Run app\common\behavior\Common @app_dispatch [ RunTime:0.000020s ]
[ info ] [ ROUTE ] array (
  'type' => 'method',
  'method' => 
  array (
    0 => '\\think\\addons\\Route',
    1 => 'execute',
  ),
  'var' => 
  array (
    'addon' => 'ldcms',
    'controller' => 'lists',
    'action' => 'index',
  ),
)
[ info ] [ HEADER ] array (
  'cookie' => 'frontend_language=zh-cn; PHPSESSID=suo51l24lkfa37o8t2ghmh3jft; thinkphp_show_page_trace=0|0; backend_language=zh-cn; keeplogin=1%7C86400%7C1741909127%7C1c649e0e0e7d9718fc5855794f92a92e',
  'accept-language' => 'zh-CN,zh;q=0.9,en;q=0.8',
  'accept-encoding' => 'gzip, deflate',
  'referer' => 'http://dev.handmade.com/gongsijianjie.html',
  'accept' => 'text/html,application/xhtml+xml,application/xml;q=0.9,image/avif,image/webp,image/apng,*/*;q=0.8,application/signed-exchange;v=b3;q=0.7',
  'user-agent' => 'Mozilla/5.0 (Macintosh; Intel Mac OS X 10_15_7) AppleWebKit/537.36 (KHTML, like Gecko) Chrome/133.0.0.0 Safari/537.36',
  'upgrade-insecure-requests' => '1',
  'cache-control' => 'max-age=0',
  'connection' => 'keep-alive',
  'host' => 'dev.handmade.com',
  'content-length' => '',
  'content-type' => '',
)
[ info ] [ PARAM ] array (
  'category' => 'hangyefangan',
)
[ info ] [ RUN ] think\addons\Route->execute[ /var/webstars/handmade/vendor/karsonzhang/fastadmin-addons/src/addons/Route.php ]
[ info ] [ LANG ] /var/webstars/handmade/public/../application/common/lang/zh-cn/addon.php
[ info ] [ BEHAVIOR ] Run app\common\behavior\Common @addon_begin [ RunTime:0.000096s ]
[ info ] [ BEHAVIOR ] Run \addons\ldcms\Ldcms @config_init [ RunTime:0.000027s ]
[ info ] [ BEHAVIOR ] Run \addons\summernote\Summernote @config_init [ RunTime:0.000152s ]
[ info ] [ LANG ] /var/webstars/handmade/addons/ldcms/lang/zh-cn.php
[ info ] [ LOG ] INIT File
---------------------------------------------------------------
[ 2025-03-13T10:24:32+08:00 ] 10.211.55.2 GET dev.handmade.com/gongsijianjie
[运行时间：0.311249s] [吞吐率：3.21req/s] [内存消耗：784.26kb] [文件加载：171]
[ info ] [ BEHAVIOR ] Run Closure @app_init [ RunTime:0.000034s ]
[ info ] [ CACHE ] INIT File
[ info ] [ DB ] INIT mysql
[ info ] [ BEHAVIOR ] Run \addons\ldcms\Ldcms @app_init [ RunTime:0.069593s ]
[ info ] [ BEHAVIOR ] Run Closure @app_init [ RunTime:0.069633s ]
[ info ] [ BEHAVIOR ] Run app\common\behavior\Common @app_init [ RunTime:0.002770s ]
[ info ] [ LANG ] /var/webstars/handmade/thinkphp/lang/zh-cn.php
[ info ] [ BEHAVIOR ] Run app\common\behavior\Common @app_dispatch [ RunTime:0.000055s ]
[ info ] [ ROUTE ] array (
  'type' => 'method',
  'method' => 
  array (
    0 => '\\think\\addons\\Route',
    1 => 'execute',
  ),
  'var' => 
  array (
    'addon' => 'ldcms',
    'controller' => 'lists',
    'action' => 'index',
  ),
)
[ info ] [ HEADER ] array (
  'cookie' => 'thinkphp_show_page_trace=0|0; frontend_language=zh-cn; PHPSESSID=suo51l24lkfa37o8t2ghmh3jft; thinkphp_show_page_trace=0|0; backend_language=zh-cn; keeplogin=1%7C86400%7C1741909127%7C1c649e0e0e7d9718fc5855794f92a92e',
  'accept-language' => 'zh-CN,zh;q=0.9,en;q=0.8',
  'accept-encoding' => 'gzip, deflate',
  'accept' => 'text/html,application/xhtml+xml,application/xml;q=0.9,image/avif,image/webp,image/apng,*/*;q=0.8,application/signed-exchange;v=b3;q=0.7',
  'user-agent' => 'Mozilla/5.0 (Macintosh; Intel Mac OS X 10_15_7) AppleWebKit/537.36 (KHTML, like Gecko) Chrome/133.0.0.0 Safari/537.36',
  'upgrade-insecure-requests' => '1',
  'cache-control' => 'max-age=0',
  'connection' => 'keep-alive',
  'host' => 'dev.handmade.com',
  'content-length' => '',
  'content-type' => '',
)
[ info ] [ PARAM ] array (
  'category' => 'gongsijianjie',
)
[ info ] [ RUN ] think\addons\Route->execute[ /var/webstars/handmade/vendor/karsonzhang/fastadmin-addons/src/addons/Route.php ]
[ info ] [ LANG ] /var/webstars/handmade/public/../application/common/lang/zh-cn/addon.php
[ info ] [ BEHAVIOR ] Run app\common\behavior\Common @addon_begin [ RunTime:0.007276s ]
[ info ] [ BEHAVIOR ] Run \addons\ldcms\Ldcms @config_init [ RunTime:0.000075s ]
[ info ] [ BEHAVIOR ] Run \addons\summernote\Summernote @config_init [ RunTime:0.000785s ]
[ info ] [ LANG ] /var/webstars/handmade/addons/ldcms/lang/zh-cn.php
[ info ] [ LOG ] INIT File
---------------------------------------------------------------
[ 2025-03-13T10:24:36+08:00 ] 10.211.55.2 GET dev.handmade.com/gongsijianjie
[运行时间：0.162972s] [吞吐率：6.14req/s] [内存消耗：784.26kb] [文件加载：171]
[ info ] [ BEHAVIOR ] Run Closure @app_init [ RunTime:0.000030s ]
[ info ] [ CACHE ] INIT File
[ info ] [ DB ] INIT mysql
[ info ] [ BEHAVIOR ] Run \addons\ldcms\Ldcms @app_init [ RunTime:0.032113s ]
[ info ] [ BEHAVIOR ] Run Closure @app_init [ RunTime:0.032147s ]
[ info ] [ BEHAVIOR ] Run app\common\behavior\Common @app_init [ RunTime:0.000210s ]
[ info ] [ LANG ] /var/webstars/handmade/thinkphp/lang/zh-cn.php
[ info ] [ BEHAVIOR ] Run app\common\behavior\Common @app_dispatch [ RunTime:0.000024s ]
[ info ] [ ROUTE ] array (
  'type' => 'method',
  'method' => 
  array (
    0 => '\\think\\addons\\Route',
    1 => 'execute',
  ),
  'var' => 
  array (
    'addon' => 'ldcms',
    'controller' => 'lists',
    'action' => 'index',
  ),
)
[ info ] [ HEADER ] array (
  'cookie' => 'thinkphp_show_page_trace=0|0; frontend_language=zh-cn; PHPSESSID=suo51l24lkfa37o8t2ghmh3jft; thinkphp_show_page_trace=0|0; backend_language=zh-cn; keeplogin=1%7C86400%7C1741909127%7C1c649e0e0e7d9718fc5855794f92a92e',
  'accept-language' => 'zh-CN,zh;q=0.9,en;q=0.8',
  'accept-encoding' => 'gzip, deflate',
  'accept' => 'text/html,application/xhtml+xml,application/xml;q=0.9,image/avif,image/webp,image/apng,*/*;q=0.8,application/signed-exchange;v=b3;q=0.7',
  'user-agent' => 'Mozilla/5.0 (Macintosh; Intel Mac OS X 10_15_7) AppleWebKit/537.36 (KHTML, like Gecko) Chrome/133.0.0.0 Safari/537.36',
  'upgrade-insecure-requests' => '1',
  'cache-control' => 'max-age=0',
  'connection' => 'keep-alive',
  'host' => 'dev.handmade.com',
  'content-length' => '',
  'content-type' => '',
)
[ info ] [ PARAM ] array (
  'category' => 'gongsijianjie',
)
[ info ] [ RUN ] think\addons\Route->execute[ /var/webstars/handmade/vendor/karsonzhang/fastadmin-addons/src/addons/Route.php ]
[ info ] [ LANG ] /var/webstars/handmade/public/../application/common/lang/zh-cn/addon.php
[ info ] [ BEHAVIOR ] Run app\common\behavior\Common @addon_begin [ RunTime:0.000137s ]
[ info ] [ BEHAVIOR ] Run \addons\ldcms\Ldcms @config_init [ RunTime:0.000038s ]
[ info ] [ BEHAVIOR ] Run \addons\summernote\Summernote @config_init [ RunTime:0.000077s ]
[ info ] [ LANG ] /var/webstars/handmade/addons/ldcms/lang/zh-cn.php
[ info ] [ LOG ] INIT File
---------------------------------------------------------------
[ 2025-03-13T10:24:36+08:00 ] 10.211.55.2 GET dev.handmade.com/gongsijianjie
[运行时间：0.149545s] [吞吐率：6.69req/s] [内存消耗：784.26kb] [文件加载：171]
[ info ] [ BEHAVIOR ] Run Closure @app_init [ RunTime:0.000017s ]
[ info ] [ CACHE ] INIT File
[ info ] [ DB ] INIT mysql
[ info ] [ BEHAVIOR ] Run \addons\ldcms\Ldcms @app_init [ RunTime:0.025327s ]
[ info ] [ BEHAVIOR ] Run Closure @app_init [ RunTime:0.025356s ]
[ info ] [ BEHAVIOR ] Run app\common\behavior\Common @app_init [ RunTime:0.000064s ]
[ info ] [ LANG ] /var/webstars/handmade/thinkphp/lang/zh-cn.php
[ info ] [ BEHAVIOR ] Run app\common\behavior\Common @app_dispatch [ RunTime:0.000032s ]
[ info ] [ ROUTE ] array (
  'type' => 'method',
  'method' => 
  array (
    0 => '\\think\\addons\\Route',
    1 => 'execute',
  ),
  'var' => 
  array (
    'addon' => 'ldcms',
    'controller' => 'lists',
    'action' => 'index',
  ),
)
[ info ] [ HEADER ] array (
  'cookie' => 'thinkphp_show_page_trace=0|0; frontend_language=zh-cn; PHPSESSID=suo51l24lkfa37o8t2ghmh3jft; thinkphp_show_page_trace=0|0; backend_language=zh-cn; keeplogin=1%7C86400%7C1741909127%7C1c649e0e0e7d9718fc5855794f92a92e',
  'accept-language' => 'zh-CN,zh;q=0.9,en;q=0.8',
  'accept-encoding' => 'gzip, deflate',
  'accept' => 'text/html,application/xhtml+xml,application/xml;q=0.9,image/avif,image/webp,image/apng,*/*;q=0.8,application/signed-exchange;v=b3;q=0.7',
  'user-agent' => 'Mozilla/5.0 (Macintosh; Intel Mac OS X 10_15_7) AppleWebKit/537.36 (KHTML, like Gecko) Chrome/133.0.0.0 Safari/537.36',
  'upgrade-insecure-requests' => '1',
  'cache-control' => 'max-age=0',
  'connection' => 'keep-alive',
  'host' => 'dev.handmade.com',
  'content-length' => '',
  'content-type' => '',
)
[ info ] [ PARAM ] array (
  'category' => 'gongsijianjie',
)
[ info ] [ RUN ] think\addons\Route->execute[ /var/webstars/handmade/vendor/karsonzhang/fastadmin-addons/src/addons/Route.php ]
[ info ] [ LANG ] /var/webstars/handmade/public/../application/common/lang/zh-cn/addon.php
[ info ] [ BEHAVIOR ] Run app\common\behavior\Common @addon_begin [ RunTime:0.000441s ]
[ info ] [ BEHAVIOR ] Run \addons\ldcms\Ldcms @config_init [ RunTime:0.000030s ]
[ info ] [ BEHAVIOR ] Run \addons\summernote\Summernote @config_init [ RunTime:0.000048s ]
[ info ] [ LANG ] /var/webstars/handmade/addons/ldcms/lang/zh-cn.php
[ info ] [ LOG ] INIT File
---------------------------------------------------------------
[ 2025-03-13T10:24:37+08:00 ] 10.211.55.2 GET dev.handmade.com/gongsijianjie
[运行时间：0.141519s] [吞吐率：7.07req/s] [内存消耗：784.26kb] [文件加载：171]
[ info ] [ BEHAVIOR ] Run Closure @app_init [ RunTime:0.000019s ]
[ info ] [ CACHE ] INIT File
[ info ] [ DB ] INIT mysql
[ info ] [ BEHAVIOR ] Run \addons\ldcms\Ldcms @app_init [ RunTime:0.028099s ]
[ info ] [ BEHAVIOR ] Run Closure @app_init [ RunTime:0.028131s ]
[ info ] [ BEHAVIOR ] Run app\common\behavior\Common @app_init [ RunTime:0.000065s ]
[ info ] [ LANG ] /var/webstars/handmade/thinkphp/lang/zh-cn.php
[ info ] [ BEHAVIOR ] Run app\common\behavior\Common @app_dispatch [ RunTime:0.000019s ]
[ info ] [ ROUTE ] array (
  'type' => 'method',
  'method' => 
  array (
    0 => '\\think\\addons\\Route',
    1 => 'execute',
  ),
  'var' => 
  array (
    'addon' => 'ldcms',
    'controller' => 'lists',
    'action' => 'index',
  ),
)
[ info ] [ HEADER ] array (
  'cookie' => 'thinkphp_show_page_trace=0|0; frontend_language=zh-cn; PHPSESSID=suo51l24lkfa37o8t2ghmh3jft; thinkphp_show_page_trace=0|0; backend_language=zh-cn; keeplogin=1%7C86400%7C1741909127%7C1c649e0e0e7d9718fc5855794f92a92e',
  'accept-language' => 'zh-CN,zh;q=0.9,en;q=0.8',
  'accept-encoding' => 'gzip, deflate',
  'accept' => 'text/html,application/xhtml+xml,application/xml;q=0.9,image/avif,image/webp,image/apng,*/*;q=0.8,application/signed-exchange;v=b3;q=0.7',
  'user-agent' => 'Mozilla/5.0 (Macintosh; Intel Mac OS X 10_15_7) AppleWebKit/537.36 (KHTML, like Gecko) Chrome/133.0.0.0 Safari/537.36',
  'upgrade-insecure-requests' => '1',
  'cache-control' => 'max-age=0',
  'connection' => 'keep-alive',
  'host' => 'dev.handmade.com',
  'content-length' => '',
  'content-type' => '',
)
[ info ] [ PARAM ] array (
  'category' => 'gongsijianjie',
)
[ info ] [ RUN ] think\addons\Route->execute[ /var/webstars/handmade/vendor/karsonzhang/fastadmin-addons/src/addons/Route.php ]
[ info ] [ LANG ] /var/webstars/handmade/public/../application/common/lang/zh-cn/addon.php
[ info ] [ BEHAVIOR ] Run app\common\behavior\Common @addon_begin [ RunTime:0.000363s ]
[ info ] [ BEHAVIOR ] Run \addons\ldcms\Ldcms @config_init [ RunTime:0.000114s ]
[ info ] [ BEHAVIOR ] Run \addons\summernote\Summernote @config_init [ RunTime:0.000315s ]
[ info ] [ LANG ] /var/webstars/handmade/addons/ldcms/lang/zh-cn.php
[ info ] [ LOG ] INIT File
---------------------------------------------------------------
[ 2025-03-13T10:24:38+08:00 ] 10.211.55.2 GET dev.handmade.com/gongsijianjie
[运行时间：0.222676s] [吞吐率：4.49req/s] [内存消耗：784.26kb] [文件加载：171]
[ info ] [ BEHAVIOR ] Run Closure @app_init [ RunTime:0.000024s ]
[ info ] [ CACHE ] INIT File
[ info ] [ DB ] INIT mysql
[ info ] [ BEHAVIOR ] Run \addons\ldcms\Ldcms @app_init [ RunTime:0.036929s ]
[ info ] [ BEHAVIOR ] Run Closure @app_init [ RunTime:0.036973s ]
[ info ] [ BEHAVIOR ] Run app\common\behavior\Common @app_init [ RunTime:0.000903s ]
[ info ] [ LANG ] /var/webstars/handmade/thinkphp/lang/zh-cn.php
[ info ] [ BEHAVIOR ] Run app\common\behavior\Common @app_dispatch [ RunTime:0.000045s ]
[ info ] [ ROUTE ] array (
  'type' => 'method',
  'method' => 
  array (
    0 => '\\think\\addons\\Route',
    1 => 'execute',
  ),
  'var' => 
  array (
    'addon' => 'ldcms',
    'controller' => 'lists',
    'action' => 'index',
  ),
)
[ info ] [ HEADER ] array (
  'cookie' => 'thinkphp_show_page_trace=0|0; frontend_language=zh-cn; PHPSESSID=suo51l24lkfa37o8t2ghmh3jft; thinkphp_show_page_trace=0|0; backend_language=zh-cn; keeplogin=1%7C86400%7C1741909127%7C1c649e0e0e7d9718fc5855794f92a92e',
  'accept-language' => 'zh-CN,zh;q=0.9,en;q=0.8',
  'accept-encoding' => 'gzip, deflate',
  'accept' => 'text/html,application/xhtml+xml,application/xml;q=0.9,image/avif,image/webp,image/apng,*/*;q=0.8,application/signed-exchange;v=b3;q=0.7',
  'user-agent' => 'Mozilla/5.0 (Macintosh; Intel Mac OS X 10_15_7) AppleWebKit/537.36 (KHTML, like Gecko) Chrome/133.0.0.0 Safari/537.36',
  'upgrade-insecure-requests' => '1',
  'cache-control' => 'max-age=0',
  'connection' => 'keep-alive',
  'host' => 'dev.handmade.com',
  'content-length' => '',
  'content-type' => '',
)
[ info ] [ PARAM ] array (
  'category' => 'gongsijianjie',
)
[ info ] [ RUN ] think\addons\Route->execute[ /var/webstars/handmade/vendor/karsonzhang/fastadmin-addons/src/addons/Route.php ]
[ info ] [ LANG ] /var/webstars/handmade/public/../application/common/lang/zh-cn/addon.php
[ info ] [ BEHAVIOR ] Run app\common\behavior\Common @addon_begin [ RunTime:0.000172s ]
[ info ] [ BEHAVIOR ] Run \addons\ldcms\Ldcms @config_init [ RunTime:0.000042s ]
[ info ] [ BEHAVIOR ] Run \addons\summernote\Summernote @config_init [ RunTime:0.000172s ]
[ info ] [ LANG ] /var/webstars/handmade/addons/ldcms/lang/zh-cn.php
[ info ] [ LOG ] INIT File
