---------------------------------------------------------------
[ 2024-11-01T14:45:36+08:00 ] 10.211.55.2 GET dev.sustens.com/
[运行时间：1.579101s] [吞吐率：0.63req/s] [内存消耗：1,430.13kb] [文件加载：192]
[ info ] [ BEHAVIOR ] Run Closure @app_init [ RunTime:0.001558s ]
[ info ] [ CACHE ] INIT File
[ info ] [ DB ] INIT mysql
[ info ] [ BEHAVIOR ] Run \addons\ldcms\Ldcms @app_init [ RunTime:0.124032s ]
[ info ] [ BEHAVIOR ] Run Closure @app_init [ RunTime:0.124059s ]
[ info ] [ BEHAVIOR ] Run app\common\behavior\Common @app_init [ RunTime:0.007385s ]
[ info ] [ LANG ] /var/webstars/sustens/thinkphp/lang/zh-cn.php
[ info ] [ BEHAVIOR ] Run app\common\behavior\Common @app_dispatch [ RunTime:0.000030s ]
[ info ] [ ROUTE ] array (
  'type' => 'method',
  'method' => 
  array (
    0 => '\\think\\addons\\Route',
    1 => 'execute',
  ),
  'var' => 
  array (
    'addon' => 'ldcms',
    'controller' => 'index',
    'action' => 'index',
  ),
)
[ info ] [ HEADER ] array (
  'cookie' => 'uid=2; token=50446b79-6f1c-4eb2-9abc-2c19eb7a9159',
  'accept-language' => 'zh-CN,zh;q=0.9,en;q=0.8',
  'accept-encoding' => 'gzip, deflate',
  'accept' => 'text/html,application/xhtml+xml,application/xml;q=0.9,image/avif,image/webp,image/apng,*/*;q=0.8,application/signed-exchange;v=b3;q=0.7',
  'purpose' => 'prefetch',
  'sec-purpose' => 'prefetch;prerender',
  'user-agent' => 'Mozilla/5.0 (Macintosh; Intel Mac OS X 10_15_7) AppleWebKit/537.36 (KHTML, like Gecko) Chrome/130.0.0.0 Safari/537.36',
  'upgrade-insecure-requests' => '1',
  'connection' => 'keep-alive',
  'host' => 'dev.sustens.com',
  'content-length' => '',
  'content-type' => '',
)
[ info ] [ PARAM ] array (
)
[ info ] [ RUN ] think\addons\Route->execute[ /var/webstars/sustens/vendor/karsonzhang/fastadmin-addons/src/addons/Route.php ]
[ info ] [ LANG ] /var/webstars/sustens/public/../application/common/lang/zh-cn/addon.php
[ info ] [ BEHAVIOR ] Run app\common\behavior\Common @addon_begin [ RunTime:0.013890s ]
[ info ] [ TOKEN ] INIT Mysql
[ info ] [ BEHAVIOR ] Run \addons\ldcms\Ldcms @config_init [ RunTime:0.000046s ]
[ info ] [ LANG ] /var/webstars/sustens/addons/ldcms/lang/zh-cn.php
[ info ] [ VIEW ] /var/webstars/sustens/addons/ldcms/view/default/index.html [ array (
  0 => 'user',
  1 => 'site',
  2 => 'config',
  3 => 'ld',
  4 => 'topid',
) ]
[ info ] [ LOG ] INIT File
[ error ] [2]foreach() argument must be of type array|object, null given[/var/webstars/sustens/thinkphp/library/think/db/Query.php:746]
[ error ] [2]foreach() argument must be of type array|object, null given[/var/webstars/sustens/thinkphp/library/think/db/Query.php:746]
[ error ] [2]foreach() argument must be of type array|object, null given[/var/webstars/sustens/thinkphp/library/think/db/Query.php:746]
[ error ] [2]foreach() argument must be of type array|object, null given[/var/webstars/sustens/thinkphp/library/think/db/Query.php:746]
[ error ] [2]foreach() argument must be of type array|object, null given[/var/webstars/sustens/thinkphp/library/think/db/Query.php:746]
---------------------------------------------------------------
[ 2024-11-01T14:45:37+08:00 ] 10.211.55.2 GET dev.sustens.com/assets/addons/ldcms/images/cbg.jpg
[运行时间：0.058069s] [吞吐率：17.22req/s] [内存消耗：240.92kb] [文件加载：77]
[ info ] [ BEHAVIOR ] Run Closure @app_init [ RunTime:0.000713s ]
[ info ] [ CACHE ] INIT File
[ info ] [ DB ] INIT mysql
[ info ] [ BEHAVIOR ] Run \addons\ldcms\Ldcms @app_init [ RunTime:0.009449s ]
[ info ] [ BEHAVIOR ] Run Closure @app_init [ RunTime:0.009479s ]
[ info ] [ BEHAVIOR ] Run app\common\behavior\Common @app_init [ RunTime:0.000090s ]
[ info ] [ LANG ] /var/webstars/sustens/thinkphp/lang/zh-cn.php
[ info ] [ BEHAVIOR ] Run app\common\behavior\Common @app_dispatch [ RunTime:0.000031s ]
[ info ] [ ROUTE ] array (
  'type' => 'module',
  'module' => 
  array (
    0 => 'assets',
    1 => 'addons',
    2 => 'ldcms',
  ),
)
[ info ] [ HEADER ] array (
  'cookie' => 'uid=2; token=50446b79-6f1c-4eb2-9abc-2c19eb7a9159; frontend_language=zh-cn; backend_language=zh-cn',
  'accept-language' => 'zh-CN,zh;q=0.9,en;q=0.8',
  'accept-encoding' => 'gzip, deflate',
  'referer' => 'http://dev.sustens.com/',
  'accept' => 'image/avif,image/webp,image/apng,image/svg+xml,image/*,*/*;q=0.8',
  'user-agent' => 'Mozilla/5.0 (Macintosh; Intel Mac OS X 10_15_7) AppleWebKit/537.36 (KHTML, like Gecko) Chrome/130.0.0.0 Safari/537.36',
  'connection' => 'keep-alive',
  'host' => 'dev.sustens.com',
  'content-length' => '',
  'content-type' => '',
)
[ info ] [ PARAM ] array (
  'images' => 'cbg.jpg',
)
[ info ] [ LOG ] INIT File
---------------------------------------------------------------
[ 2024-11-01T14:45:38+08:00 ] 10.211.55.2 GET dev.sustens.com/favicon.ico
[运行时间：0.069916s] [吞吐率：14.30req/s] [内存消耗：689.59kb] [文件加载：174]
[ info ] [ BEHAVIOR ] Run Closure @app_init [ RunTime:0.000030s ]
[ info ] [ CACHE ] INIT File
[ info ] [ DB ] INIT mysql
[ info ] [ BEHAVIOR ] Run \addons\ldcms\Ldcms @app_init [ RunTime:0.002870s ]
[ info ] [ BEHAVIOR ] Run Closure @app_init [ RunTime:0.002899s ]
[ info ] [ BEHAVIOR ] Run app\common\behavior\Common @app_init [ RunTime:0.000092s ]
[ info ] [ LANG ] /var/webstars/sustens/thinkphp/lang/zh-cn.php
[ info ] [ BEHAVIOR ] Run app\common\behavior\Common @app_dispatch [ RunTime:0.000024s ]
[ info ] [ ROUTE ] array (
  'type' => 'method',
  'method' => 
  array (
    0 => '\\think\\addons\\Route',
    1 => 'execute',
  ),
  'var' => 
  array (
    'addon' => 'ldcms',
    'controller' => 'lists',
    'action' => 'index',
  ),
)
[ info ] [ HEADER ] array (
  'cookie' => 'uid=2; token=50446b79-6f1c-4eb2-9abc-2c19eb7a9159; frontend_language=zh-cn; backend_language=zh-cn; thinkphp_show_page_trace=0|0',
  'accept-language' => 'zh-CN,zh;q=0.9,en;q=0.8',
  'accept-encoding' => 'gzip, deflate',
  'referer' => 'http://dev.sustens.com/',
  'accept' => 'image/avif,image/webp,image/apng,image/svg+xml,image/*,*/*;q=0.8',
  'user-agent' => 'Mozilla/5.0 (Macintosh; Intel Mac OS X 10_15_7) AppleWebKit/537.36 (KHTML, like Gecko) Chrome/130.0.0.0 Safari/537.36',
  'connection' => 'keep-alive',
  'host' => 'dev.sustens.com',
  'content-length' => '',
  'content-type' => '',
)
[ info ] [ PARAM ] array (
  'category' => 'favicon.ico',
)
[ info ] [ RUN ] think\addons\Route->execute[ /var/webstars/sustens/vendor/karsonzhang/fastadmin-addons/src/addons/Route.php ]
[ info ] [ LANG ] /var/webstars/sustens/public/../application/common/lang/zh-cn/addon.php
[ info ] [ BEHAVIOR ] Run app\common\behavior\Common @addon_begin [ RunTime:0.000178s ]
[ info ] [ TOKEN ] INIT Mysql
[ info ] [ BEHAVIOR ] Run \addons\ldcms\Ldcms @config_init [ RunTime:0.000043s ]
[ info ] [ LOG ] INIT File
---------------------------------------------------------------
[ 2024-11-01T14:45:46+08:00 ] 10.211.55.2 GET dev.sustens.com/addons/ldcms/api.v1/config
[运行时间：0.093050s] [吞吐率：10.75req/s] [内存消耗：685.55kb] [文件加载：172]
[ info ] [ BEHAVIOR ] Run Closure @app_init [ RunTime:0.000106s ]
[ info ] [ CACHE ] INIT File
[ info ] [ DB ] INIT mysql
[ info ] [ BEHAVIOR ] Run \addons\ldcms\Ldcms @app_init [ RunTime:0.012203s ]
[ info ] [ BEHAVIOR ] Run Closure @app_init [ RunTime:0.012373s ]
[ info ] [ BEHAVIOR ] Run app\common\behavior\Common @app_init [ RunTime:0.000225s ]
[ info ] [ LANG ] /var/webstars/sustens/thinkphp/lang/zh-cn.php
[ info ] [ BEHAVIOR ] Run app\common\behavior\Common @app_dispatch [ RunTime:0.000043s ]
[ info ] [ ROUTE ] array (
  'type' => 'method',
  'method' => 
  array (
    0 => '\\think\\addons\\Route',
    1 => 'execute',
  ),
  'var' => 
  array (
  ),
)
[ info ] [ HEADER ] array (
  'cookie' => 'uid=2; token=50446b79-6f1c-4eb2-9abc-2c19eb7a9159; frontend_language=zh-cn; backend_language=zh-cn; thinkphp_show_page_trace=0|0',
  'accept-language' => 'zh-CN,zh;q=0.9,en;q=0.8',
  'accept-encoding' => 'gzip, deflate',
  'accept' => 'text/html,application/xhtml+xml,application/xml;q=0.9,image/avif,image/webp,image/apng,*/*;q=0.8,application/signed-exchange;v=b3;q=0.7',
  'user-agent' => 'Mozilla/5.0 (Macintosh; Intel Mac OS X 10_15_7) AppleWebKit/537.36 (KHTML, like Gecko) Chrome/130.0.0.0 Safari/537.36',
  'upgrade-insecure-requests' => '1',
  'connection' => 'keep-alive',
  'host' => 'dev.sustens.com',
  'content-length' => '',
  'content-type' => '',
)
[ info ] [ PARAM ] array (
  'addon' => 'ldcms',
  'controller' => 'api.v1',
  'action' => 'config',
)
[ info ] [ RUN ] think\addons\Route->execute[ /var/webstars/sustens/vendor/karsonzhang/fastadmin-addons/src/addons/Route.php ]
[ info ] [ LANG ] /var/webstars/sustens/public/../application/common/lang/zh-cn/addon.php
[ info ] [ BEHAVIOR ] Run app\common\behavior\Common @addon_begin [ RunTime:0.001248s ]
[ info ] [ TOKEN ] INIT Mysql
[ info ] [ LANG ] /var/webstars/sustens//addons/ldcms/lang/zh-cn.php
[ info ] [ LOG ] INIT File
---------------------------------------------------------------
[ 2024-11-01T14:45:51+08:00 ] 10.211.55.2 GET dev.sustens.com/addons/ldcms/api.v1/test
[运行时间：0.096822s] [吞吐率：10.33req/s] [内存消耗：681.56kb] [文件加载：171]
[ info ] [ BEHAVIOR ] Run Closure @app_init [ RunTime:0.000022s ]
[ info ] [ CACHE ] INIT File
[ info ] [ DB ] INIT mysql
[ info ] [ BEHAVIOR ] Run \addons\ldcms\Ldcms @app_init [ RunTime:0.015767s ]
[ info ] [ BEHAVIOR ] Run Closure @app_init [ RunTime:0.015796s ]
[ info ] [ BEHAVIOR ] Run app\common\behavior\Common @app_init [ RunTime:0.000464s ]
[ info ] [ LANG ] /var/webstars/sustens/thinkphp/lang/zh-cn.php
[ info ] [ BEHAVIOR ] Run app\common\behavior\Common @app_dispatch [ RunTime:0.000025s ]
[ info ] [ ROUTE ] array (
  'type' => 'method',
  'method' => 
  array (
    0 => '\\think\\addons\\Route',
    1 => 'execute',
  ),
  'var' => 
  array (
  ),
)
[ info ] [ HEADER ] array (
  'cookie' => 'uid=2; token=50446b79-6f1c-4eb2-9abc-2c19eb7a9159; frontend_language=zh-cn; backend_language=zh-cn; thinkphp_show_page_trace=0|0',
  'accept-language' => 'zh-CN,zh;q=0.9,en;q=0.8',
  'accept-encoding' => 'gzip, deflate',
  'accept' => 'text/html,application/xhtml+xml,application/xml;q=0.9,image/avif,image/webp,image/apng,*/*;q=0.8,application/signed-exchange;v=b3;q=0.7',
  'user-agent' => 'Mozilla/5.0 (Macintosh; Intel Mac OS X 10_15_7) AppleWebKit/537.36 (KHTML, like Gecko) Chrome/130.0.0.0 Safari/537.36',
  'upgrade-insecure-requests' => '1',
  'connection' => 'keep-alive',
  'host' => 'dev.sustens.com',
  'content-length' => '',
  'content-type' => '',
)
[ info ] [ PARAM ] array (
  'addon' => 'ldcms',
  'controller' => 'api.v1',
  'action' => 'test',
)
[ info ] [ RUN ] think\addons\Route->execute[ /var/webstars/sustens/vendor/karsonzhang/fastadmin-addons/src/addons/Route.php ]
[ info ] [ LANG ] /var/webstars/sustens/public/../application/common/lang/zh-cn/addon.php
[ info ] [ BEHAVIOR ] Run app\common\behavior\Common @addon_begin [ RunTime:0.000143s ]
[ info ] [ TOKEN ] INIT Mysql
[ info ] [ LANG ] /var/webstars/sustens//addons/ldcms/lang/zh-cn.php
[ info ] [ LOG ] INIT File
---------------------------------------------------------------
[ 2024-11-01T14:47:51+08:00 ] 10.211.55.2 GET dev.sustens.com/addons/ldcms/api.dimension/test
[运行时间：0.717809s] [吞吐率：1.39req/s] [内存消耗：682.39kb] [文件加载：171]
[ info ] [ BEHAVIOR ] Run Closure @app_init [ RunTime:0.000128s ]
[ info ] [ CACHE ] INIT File
[ info ] [ DB ] INIT mysql
[ info ] [ BEHAVIOR ] Run \addons\ldcms\Ldcms @app_init [ RunTime:0.023336s ]
[ info ] [ BEHAVIOR ] Run Closure @app_init [ RunTime:0.023426s ]
[ info ] [ BEHAVIOR ] Run app\common\behavior\Common @app_init [ RunTime:0.001929s ]
[ info ] [ LANG ] /var/webstars/sustens/thinkphp/lang/zh-cn.php
[ info ] [ BEHAVIOR ] Run app\common\behavior\Common @app_dispatch [ RunTime:0.000497s ]
[ info ] [ ROUTE ] array (
  'type' => 'method',
  'method' => 
  array (
    0 => '\\think\\addons\\Route',
    1 => 'execute',
  ),
  'var' => 
  array (
  ),
)
[ info ] [ HEADER ] array (
  'cookie' => 'uid=2; token=50446b79-6f1c-4eb2-9abc-2c19eb7a9159; frontend_language=zh-cn; backend_language=zh-cn; thinkphp_show_page_trace=0|0',
  'accept-language' => 'zh-CN,zh;q=0.9,en;q=0.8',
  'accept-encoding' => 'gzip, deflate',
  'accept' => 'text/html,application/xhtml+xml,application/xml;q=0.9,image/avif,image/webp,image/apng,*/*;q=0.8,application/signed-exchange;v=b3;q=0.7',
  'user-agent' => 'Mozilla/5.0 (Macintosh; Intel Mac OS X 10_15_7) AppleWebKit/537.36 (KHTML, like Gecko) Chrome/130.0.0.0 Safari/537.36',
  'upgrade-insecure-requests' => '1',
  'connection' => 'keep-alive',
  'host' => 'dev.sustens.com',
  'content-length' => '',
  'content-type' => '',
)
[ info ] [ PARAM ] array (
  'addon' => 'ldcms',
  'controller' => 'api.dimension',
  'action' => 'test',
)
[ info ] [ RUN ] think\addons\Route->execute[ /var/webstars/sustens/vendor/karsonzhang/fastadmin-addons/src/addons/Route.php ]
[ info ] [ LANG ] /var/webstars/sustens/public/../application/common/lang/zh-cn/addon.php
[ info ] [ BEHAVIOR ] Run app\common\behavior\Common @addon_begin [ RunTime:0.001998s ]
[ info ] [ TOKEN ] INIT Mysql
[ info ] [ LANG ] /var/webstars/sustens//addons/ldcms/lang/zh-cn.php
[ info ] [ LOG ] INIT File
---------------------------------------------------------------
[ 2024-11-01T14:49:34+08:00 ] 10.211.55.2 GET dev.sustens.com/addons/ldcms/api.dimension/test
[运行时间：0.371506s] [吞吐率：2.69req/s] [内存消耗：685.57kb] [文件加载：172]
[ info ] [ BEHAVIOR ] Run Closure @app_init [ RunTime:0.000031s ]
[ info ] [ CACHE ] INIT File
[ info ] [ DB ] INIT mysql
[ info ] [ BEHAVIOR ] Run \addons\ldcms\Ldcms @app_init [ RunTime:0.019015s ]
[ info ] [ BEHAVIOR ] Run Closure @app_init [ RunTime:0.019047s ]
[ info ] [ BEHAVIOR ] Run app\common\behavior\Common @app_init [ RunTime:0.002243s ]
[ info ] [ LANG ] /var/webstars/sustens/thinkphp/lang/zh-cn.php
[ info ] [ BEHAVIOR ] Run app\common\behavior\Common @app_dispatch [ RunTime:0.000036s ]
[ info ] [ ROUTE ] array (
  'type' => 'method',
  'method' => 
  array (
    0 => '\\think\\addons\\Route',
    1 => 'execute',
  ),
  'var' => 
  array (
  ),
)
[ info ] [ HEADER ] array (
  'cookie' => 'thinkphp_show_page_trace=0|0; uid=2; token=50446b79-6f1c-4eb2-9abc-2c19eb7a9159; frontend_language=zh-cn; backend_language=zh-cn; thinkphp_show_page_trace=0|0',
  'accept-language' => 'zh-CN,zh;q=0.9,en;q=0.8',
  'accept-encoding' => 'gzip, deflate',
  'accept' => 'text/html,application/xhtml+xml,application/xml;q=0.9,image/avif,image/webp,image/apng,*/*;q=0.8,application/signed-exchange;v=b3;q=0.7',
  'user-agent' => 'Mozilla/5.0 (Macintosh; Intel Mac OS X 10_15_7) AppleWebKit/537.36 (KHTML, like Gecko) Chrome/130.0.0.0 Safari/537.36',
  'upgrade-insecure-requests' => '1',
  'cache-control' => 'max-age=0',
  'connection' => 'keep-alive',
  'host' => 'dev.sustens.com',
  'content-length' => '',
  'content-type' => '',
)
[ info ] [ PARAM ] array (
  'addon' => 'ldcms',
  'controller' => 'api.dimension',
  'action' => 'test',
)
[ info ] [ RUN ] think\addons\Route->execute[ /var/webstars/sustens/vendor/karsonzhang/fastadmin-addons/src/addons/Route.php ]
[ info ] [ LANG ] /var/webstars/sustens/public/../application/common/lang/zh-cn/addon.php
[ info ] [ BEHAVIOR ] Run app\common\behavior\Common @addon_begin [ RunTime:0.003466s ]
[ info ] [ TOKEN ] INIT Mysql
[ info ] [ LANG ] /var/webstars/sustens//addons/ldcms/lang/zh-cn.php
[ info ] [ LOG ] INIT File
---------------------------------------------------------------
[ 2024-11-01T14:51:41+08:00 ] 10.211.55.2 GET dev.sustens.com/
[运行时间：0.618925s] [吞吐率：1.62req/s] [内存消耗：891.05kb] [文件加载：192]
[ info ] [ BEHAVIOR ] Run Closure @app_init [ RunTime:0.000026s ]
[ info ] [ CACHE ] INIT File
[ info ] [ DB ] INIT mysql
[ info ] [ BEHAVIOR ] Run \addons\ldcms\Ldcms @app_init [ RunTime:0.016275s ]
[ info ] [ BEHAVIOR ] Run Closure @app_init [ RunTime:0.016296s ]
[ info ] [ BEHAVIOR ] Run app\common\behavior\Common @app_init [ RunTime:0.001507s ]
[ info ] [ LANG ] /var/webstars/sustens/thinkphp/lang/zh-cn.php
[ info ] [ BEHAVIOR ] Run app\common\behavior\Common @app_dispatch [ RunTime:0.000035s ]
[ info ] [ ROUTE ] array (
  'type' => 'method',
  'method' => 
  array (
    0 => '\\think\\addons\\Route',
    1 => 'execute',
  ),
  'var' => 
  array (
    'addon' => 'ldcms',
    'controller' => 'index',
    'action' => 'index',
  ),
)
[ info ] [ HEADER ] array (
  'cookie' => 'uid=2; token=50446b79-6f1c-4eb2-9abc-2c19eb7a9159; frontend_language=zh-cn; backend_language=zh-cn; thinkphp_show_page_trace=0|0',
  'accept-language' => 'zh-CN,zh;q=0.9,en;q=0.8',
  'accept-encoding' => 'gzip, deflate',
  'accept' => 'text/html,application/xhtml+xml,application/xml;q=0.9,image/avif,image/webp,image/apng,*/*;q=0.8,application/signed-exchange;v=b3;q=0.7',
  'user-agent' => 'Mozilla/5.0 (Macintosh; Intel Mac OS X 10_15_7) AppleWebKit/537.36 (KHTML, like Gecko) Chrome/130.0.0.0 Safari/537.36',
  'upgrade-insecure-requests' => '1',
  'connection' => 'keep-alive',
  'host' => 'dev.sustens.com',
  'content-length' => '',
  'content-type' => '',
)
[ info ] [ PARAM ] array (
)
[ info ] [ RUN ] think\addons\Route->execute[ /var/webstars/sustens/vendor/karsonzhang/fastadmin-addons/src/addons/Route.php ]
[ info ] [ LANG ] /var/webstars/sustens/public/../application/common/lang/zh-cn/addon.php
[ info ] [ BEHAVIOR ] Run app\common\behavior\Common @addon_begin [ RunTime:0.002553s ]
[ info ] [ TOKEN ] INIT Mysql
[ info ] [ BEHAVIOR ] Run \addons\ldcms\Ldcms @config_init [ RunTime:0.000052s ]
[ info ] [ LANG ] /var/webstars/sustens/addons/ldcms/lang/zh-cn.php
[ info ] [ VIEW ] /var/webstars/sustens/addons/ldcms/view/default/index.html [ array (
  0 => 'user',
  1 => 'site',
  2 => 'config',
  3 => 'ld',
  4 => 'topid',
) ]
[ info ] [ LOG ] INIT File
[ error ] [2]foreach() argument must be of type array|object, null given[/var/webstars/sustens/thinkphp/library/think/db/Query.php:746]
[ error ] [2]foreach() argument must be of type array|object, null given[/var/webstars/sustens/thinkphp/library/think/db/Query.php:746]
[ error ] [2]foreach() argument must be of type array|object, null given[/var/webstars/sustens/thinkphp/library/think/db/Query.php:746]
[ error ] [2]foreach() argument must be of type array|object, null given[/var/webstars/sustens/thinkphp/library/think/db/Query.php:746]
[ error ] [2]foreach() argument must be of type array|object, null given[/var/webstars/sustens/thinkphp/library/think/db/Query.php:746]
---------------------------------------------------------------
[ 2024-11-01T14:51:42+08:00 ] 10.211.55.2 GET dev.sustens.com/assets/addons/ldcms/images/cbg.jpg
[运行时间：0.022518s] [吞吐率：44.41req/s] [内存消耗：240.31kb] [文件加载：77]
[ info ] [ BEHAVIOR ] Run Closure @app_init [ RunTime:0.000018s ]
[ info ] [ CACHE ] INIT File
[ info ] [ DB ] INIT mysql
[ info ] [ BEHAVIOR ] Run \addons\ldcms\Ldcms @app_init [ RunTime:0.002274s ]
[ info ] [ BEHAVIOR ] Run Closure @app_init [ RunTime:0.002292s ]
[ info ] [ BEHAVIOR ] Run app\common\behavior\Common @app_init [ RunTime:0.000046s ]
[ info ] [ LANG ] /var/webstars/sustens/thinkphp/lang/zh-cn.php
[ info ] [ BEHAVIOR ] Run app\common\behavior\Common @app_dispatch [ RunTime:0.000013s ]
[ info ] [ ROUTE ] array (
  'type' => 'module',
  'module' => 
  array (
    0 => 'assets',
    1 => 'addons',
    2 => 'ldcms',
  ),
)
[ info ] [ HEADER ] array (
  'cookie' => 'uid=2; token=50446b79-6f1c-4eb2-9abc-2c19eb7a9159; frontend_language=zh-cn; backend_language=zh-cn; thinkphp_show_page_trace=0|0',
  'accept-language' => 'zh-CN,zh;q=0.9,en;q=0.8',
  'accept-encoding' => 'gzip, deflate',
  'referer' => 'http://dev.sustens.com/',
  'accept' => 'image/avif,image/webp,image/apng,image/svg+xml,image/*,*/*;q=0.8',
  'user-agent' => 'Mozilla/5.0 (Macintosh; Intel Mac OS X 10_15_7) AppleWebKit/537.36 (KHTML, like Gecko) Chrome/130.0.0.0 Safari/537.36',
  'connection' => 'keep-alive',
  'host' => 'dev.sustens.com',
  'content-length' => '',
  'content-type' => '',
)
[ info ] [ PARAM ] array (
  'images' => 'cbg.jpg',
)
[ info ] [ LOG ] INIT File
---------------------------------------------------------------
[ 2024-11-01T14:51:48+08:00 ] 10.211.55.2 GET dev.sustens.com/?lg=en
[运行时间：0.249877s] [吞吐率：4.00req/s] [内存消耗：895.96kb] [文件加载：192]
[ info ] [ BEHAVIOR ] Run Closure @app_init [ RunTime:0.000020s ]
[ info ] [ CACHE ] INIT File
[ info ] [ DB ] INIT mysql
[ info ] [ BEHAVIOR ] Run \addons\ldcms\Ldcms @app_init [ RunTime:0.003231s ]
[ info ] [ BEHAVIOR ] Run Closure @app_init [ RunTime:0.003258s ]
[ info ] [ BEHAVIOR ] Run app\common\behavior\Common @app_init [ RunTime:0.000090s ]
[ info ] [ LANG ] /var/webstars/sustens/thinkphp/lang/zh-cn.php
[ info ] [ BEHAVIOR ] Run app\common\behavior\Common @app_dispatch [ RunTime:0.000014s ]
[ info ] [ ROUTE ] array (
  'type' => 'method',
  'method' => 
  array (
    0 => '\\think\\addons\\Route',
    1 => 'execute',
  ),
  'var' => 
  array (
    'addon' => 'ldcms',
    'controller' => 'index',
    'action' => 'index',
  ),
)
[ info ] [ HEADER ] array (
  'cookie' => 'uid=2; token=50446b79-6f1c-4eb2-9abc-2c19eb7a9159; frontend_language=zh-cn; backend_language=zh-cn; thinkphp_show_page_trace=0|0',
  'accept-language' => 'zh-CN,zh;q=0.9,en;q=0.8',
  'accept-encoding' => 'gzip, deflate',
  'referer' => 'http://dev.sustens.com/',
  'accept' => 'text/html,application/xhtml+xml,application/xml;q=0.9,image/avif,image/webp,image/apng,*/*;q=0.8,application/signed-exchange;v=b3;q=0.7',
  'user-agent' => 'Mozilla/5.0 (Macintosh; Intel Mac OS X 10_15_7) AppleWebKit/537.36 (KHTML, like Gecko) Chrome/130.0.0.0 Safari/537.36',
  'upgrade-insecure-requests' => '1',
  'connection' => 'keep-alive',
  'host' => 'dev.sustens.com',
  'content-length' => '',
  'content-type' => '',
)
[ info ] [ PARAM ] array (
  'lg' => 'en',
)
[ info ] [ RUN ] think\addons\Route->execute[ /var/webstars/sustens/vendor/karsonzhang/fastadmin-addons/src/addons/Route.php ]
[ info ] [ LANG ] /var/webstars/sustens/public/../application/common/lang/zh-cn/addon.php
[ info ] [ BEHAVIOR ] Run app\common\behavior\Common @addon_begin [ RunTime:0.000269s ]
[ info ] [ TOKEN ] INIT Mysql
[ info ] [ BEHAVIOR ] Run \addons\ldcms\Ldcms @config_init [ RunTime:0.000054s ]
[ info ] [ LANG ] /var/webstars/sustens/addons/ldcms/lang/en.php
[ info ] [ VIEW ] /var/webstars/sustens/addons/ldcms/view/en/index.html [ array (
  0 => 'user',
  1 => 'site',
  2 => 'config',
  3 => 'ld',
  4 => 'topid',
) ]
[ info ] [ LOG ] INIT File
[ error ] [2]foreach() argument must be of type array|object, null given[/var/webstars/sustens/thinkphp/library/think/db/Query.php:746]
[ error ] [2]foreach() argument must be of type array|object, null given[/var/webstars/sustens/thinkphp/library/think/db/Query.php:746]
[ error ] [2]foreach() argument must be of type array|object, null given[/var/webstars/sustens/thinkphp/library/think/db/Query.php:746]
[ error ] [2]foreach() argument must be of type array|object, null given[/var/webstars/sustens/thinkphp/library/think/db/Query.php:746]
[ error ] [2]foreach() argument must be of type array|object, null given[/var/webstars/sustens/thinkphp/library/think/db/Query.php:746]
---------------------------------------------------------------
[ 2024-11-01T14:51:49+08:00 ] 10.211.55.2 GET dev.sustens.com/assets/addons/ldcms/images/cbg.jpg
[运行时间：0.012948s] [吞吐率：77.23req/s] [内存消耗：240.32kb] [文件加载：77]
[ info ] [ BEHAVIOR ] Run Closure @app_init [ RunTime:0.000037s ]
[ info ] [ CACHE ] INIT File
[ info ] [ DB ] INIT mysql
[ info ] [ BEHAVIOR ] Run \addons\ldcms\Ldcms @app_init [ RunTime:0.003088s ]
[ info ] [ BEHAVIOR ] Run Closure @app_init [ RunTime:0.003117s ]
[ info ] [ BEHAVIOR ] Run app\common\behavior\Common @app_init [ RunTime:0.000076s ]
[ info ] [ LANG ] /var/webstars/sustens/thinkphp/lang/zh-cn.php
[ info ] [ BEHAVIOR ] Run app\common\behavior\Common @app_dispatch [ RunTime:0.000022s ]
[ info ] [ ROUTE ] array (
  'type' => 'module',
  'module' => 
  array (
    0 => 'assets',
    1 => 'addons',
    2 => 'ldcms',
  ),
)
[ info ] [ HEADER ] array (
  'cookie' => 'uid=2; token=50446b79-6f1c-4eb2-9abc-2c19eb7a9159; backend_language=zh-cn; thinkphp_show_page_trace=0|0; frontend_language=en',
  'accept-language' => 'zh-CN,zh;q=0.9,en;q=0.8',
  'accept-encoding' => 'gzip, deflate',
  'referer' => 'http://dev.sustens.com/?lg=en',
  'accept' => 'image/avif,image/webp,image/apng,image/svg+xml,image/*,*/*;q=0.8',
  'user-agent' => 'Mozilla/5.0 (Macintosh; Intel Mac OS X 10_15_7) AppleWebKit/537.36 (KHTML, like Gecko) Chrome/130.0.0.0 Safari/537.36',
  'connection' => 'keep-alive',
  'host' => 'dev.sustens.com',
  'content-length' => '',
  'content-type' => '',
)
[ info ] [ PARAM ] array (
  'images' => 'cbg.jpg',
)
[ info ] [ LOG ] INIT File
---------------------------------------------------------------
[ 2024-11-01T14:51:51+08:00 ] 10.211.55.2 GET dev.sustens.com/product.html
[运行时间：0.119168s] [吞吐率：8.39req/s] [内存消耗：907.65kb] [文件加载：187]
[ info ] [ BEHAVIOR ] Run Closure @app_init [ RunTime:0.000136s ]
[ info ] [ CACHE ] INIT File
[ info ] [ DB ] INIT mysql
[ info ] [ BEHAVIOR ] Run \addons\ldcms\Ldcms @app_init [ RunTime:0.002311s ]
[ info ] [ BEHAVIOR ] Run Closure @app_init [ RunTime:0.002333s ]
[ info ] [ BEHAVIOR ] Run app\common\behavior\Common @app_init [ RunTime:0.000055s ]
[ info ] [ LANG ] /var/webstars/sustens/thinkphp/lang/zh-cn.php
[ info ] [ BEHAVIOR ] Run app\common\behavior\Common @app_dispatch [ RunTime:0.000016s ]
[ info ] [ ROUTE ] array (
  'type' => 'method',
  'method' => 
  array (
    0 => '\\think\\addons\\Route',
    1 => 'execute',
  ),
  'var' => 
  array (
    'addon' => 'ldcms',
    'controller' => 'lists',
    'action' => 'index',
  ),
)
[ info ] [ HEADER ] array (
  'cookie' => 'uid=2; token=50446b79-6f1c-4eb2-9abc-2c19eb7a9159; backend_language=zh-cn; thinkphp_show_page_trace=0|0; frontend_language=en',
  'accept-language' => 'zh-CN,zh;q=0.9,en;q=0.8',
  'accept-encoding' => 'gzip, deflate',
  'referer' => 'http://dev.sustens.com/?lg=en',
  'accept' => 'text/html,application/xhtml+xml,application/xml;q=0.9,image/avif,image/webp,image/apng,*/*;q=0.8,application/signed-exchange;v=b3;q=0.7',
  'user-agent' => 'Mozilla/5.0 (Macintosh; Intel Mac OS X 10_15_7) AppleWebKit/537.36 (KHTML, like Gecko) Chrome/130.0.0.0 Safari/537.36',
  'upgrade-insecure-requests' => '1',
  'connection' => 'keep-alive',
  'host' => 'dev.sustens.com',
  'content-length' => '',
  'content-type' => '',
)
[ info ] [ PARAM ] array (
  'category' => 'product',
)
[ info ] [ RUN ] think\addons\Route->execute[ /var/webstars/sustens/vendor/karsonzhang/fastadmin-addons/src/addons/Route.php ]
[ info ] [ LANG ] /var/webstars/sustens/public/../application/common/lang/zh-cn/addon.php
[ info ] [ BEHAVIOR ] Run app\common\behavior\Common @addon_begin [ RunTime:0.000084s ]
[ info ] [ TOKEN ] INIT Mysql
[ info ] [ BEHAVIOR ] Run \addons\ldcms\Ldcms @config_init [ RunTime:0.000030s ]
[ info ] [ LANG ] /var/webstars/sustens/addons/ldcms/lang/en.php
[ info ] [ VIEW ] /var/webstars/sustens/addons/ldcms/view/en/list_product.html [ array (
  0 => 'user',
  1 => 'site',
  2 => 'config',
  3 => 'category',
  4 => 'parentsid',
  5 => 'childids',
  6 => 'ld',
  7 => 'topid',
) ]
[ info ] [ LOG ] INIT File
---------------------------------------------------------------
[ 2024-11-01T14:51:54+08:00 ] 10.211.55.2 GET dev.sustens.com/case.html
[运行时间：0.149396s] [吞吐率：6.69req/s] [内存消耗：822.63kb] [文件加载：185]
[ info ] [ BEHAVIOR ] Run Closure @app_init [ RunTime:0.000030s ]
[ info ] [ CACHE ] INIT File
[ info ] [ DB ] INIT mysql
[ info ] [ BEHAVIOR ] Run \addons\ldcms\Ldcms @app_init [ RunTime:0.005691s ]
[ info ] [ BEHAVIOR ] Run Closure @app_init [ RunTime:0.005721s ]
[ info ] [ BEHAVIOR ] Run app\common\behavior\Common @app_init [ RunTime:0.000080s ]
[ info ] [ LANG ] /var/webstars/sustens/thinkphp/lang/zh-cn.php
[ info ] [ BEHAVIOR ] Run app\common\behavior\Common @app_dispatch [ RunTime:0.000015s ]
[ info ] [ ROUTE ] array (
  'type' => 'method',
  'method' => 
  array (
    0 => '\\think\\addons\\Route',
    1 => 'execute',
  ),
  'var' => 
  array (
    'addon' => 'ldcms',
    'controller' => 'lists',
    'action' => 'index',
  ),
)
[ info ] [ HEADER ] array (
  'cookie' => 'uid=2; token=50446b79-6f1c-4eb2-9abc-2c19eb7a9159; backend_language=zh-cn; thinkphp_show_page_trace=0|0; frontend_language=en',
  'accept-language' => 'zh-CN,zh;q=0.9,en;q=0.8',
  'accept-encoding' => 'gzip, deflate',
  'referer' => 'http://dev.sustens.com/product.html',
  'accept' => 'text/html,application/xhtml+xml,application/xml;q=0.9,image/avif,image/webp,image/apng,*/*;q=0.8,application/signed-exchange;v=b3;q=0.7',
  'user-agent' => 'Mozilla/5.0 (Macintosh; Intel Mac OS X 10_15_7) AppleWebKit/537.36 (KHTML, like Gecko) Chrome/130.0.0.0 Safari/537.36',
  'upgrade-insecure-requests' => '1',
  'connection' => 'keep-alive',
  'host' => 'dev.sustens.com',
  'content-length' => '',
  'content-type' => '',
)
[ info ] [ PARAM ] array (
  'category' => 'case',
)
[ info ] [ RUN ] think\addons\Route->execute[ /var/webstars/sustens/vendor/karsonzhang/fastadmin-addons/src/addons/Route.php ]
[ info ] [ LANG ] /var/webstars/sustens/public/../application/common/lang/zh-cn/addon.php
[ info ] [ BEHAVIOR ] Run app\common\behavior\Common @addon_begin [ RunTime:0.000109s ]
[ info ] [ TOKEN ] INIT Mysql
[ info ] [ BEHAVIOR ] Run \addons\ldcms\Ldcms @config_init [ RunTime:0.000052s ]
[ info ] [ LANG ] /var/webstars/sustens/addons/ldcms/lang/en.php
[ info ] [ VIEW ] /var/webstars/sustens/addons/ldcms/view/en/list_case.html [ array (
  0 => 'user',
  1 => 'site',
  2 => 'config',
  3 => 'category',
  4 => 'parentsid',
  5 => 'childids',
  6 => 'ld',
  7 => 'topid',
) ]
[ info ] [ LOG ] INIT File
---------------------------------------------------------------
[ 2024-11-01T14:51:56+08:00 ] 10.211.55.2 GET dev.sustens.com/message.html
[运行时间：0.167918s] [吞吐率：5.96req/s] [内存消耗：896.70kb] [文件加载：185]
[ info ] [ BEHAVIOR ] Run Closure @app_init [ RunTime:0.000025s ]
[ info ] [ CACHE ] INIT File
[ info ] [ DB ] INIT mysql
[ info ] [ BEHAVIOR ] Run \addons\ldcms\Ldcms @app_init [ RunTime:0.002362s ]
[ info ] [ BEHAVIOR ] Run Closure @app_init [ RunTime:0.002385s ]
[ info ] [ BEHAVIOR ] Run app\common\behavior\Common @app_init [ RunTime:0.000056s ]
[ info ] [ LANG ] /var/webstars/sustens/thinkphp/lang/zh-cn.php
[ info ] [ BEHAVIOR ] Run app\common\behavior\Common @app_dispatch [ RunTime:0.000016s ]
[ info ] [ ROUTE ] array (
  'type' => 'method',
  'method' => 
  array (
    0 => '\\think\\addons\\Route',
    1 => 'execute',
  ),
  'var' => 
  array (
    'addon' => 'ldcms',
    'controller' => 'lists',
    'action' => 'index',
  ),
)
[ info ] [ HEADER ] array (
  'cookie' => 'uid=2; token=50446b79-6f1c-4eb2-9abc-2c19eb7a9159; backend_language=zh-cn; thinkphp_show_page_trace=0|0; frontend_language=en',
  'accept-language' => 'zh-CN,zh;q=0.9,en;q=0.8',
  'accept-encoding' => 'gzip, deflate',
  'referer' => 'http://dev.sustens.com/case.html',
  'accept' => 'text/html,application/xhtml+xml,application/xml;q=0.9,image/avif,image/webp,image/apng,*/*;q=0.8,application/signed-exchange;v=b3;q=0.7',
  'user-agent' => 'Mozilla/5.0 (Macintosh; Intel Mac OS X 10_15_7) AppleWebKit/537.36 (KHTML, like Gecko) Chrome/130.0.0.0 Safari/537.36',
  'upgrade-insecure-requests' => '1',
  'connection' => 'keep-alive',
  'host' => 'dev.sustens.com',
  'content-length' => '',
  'content-type' => '',
)
[ info ] [ PARAM ] array (
  'category' => 'message',
)
[ info ] [ RUN ] think\addons\Route->execute[ /var/webstars/sustens/vendor/karsonzhang/fastadmin-addons/src/addons/Route.php ]
[ info ] [ LANG ] /var/webstars/sustens/public/../application/common/lang/zh-cn/addon.php
[ info ] [ BEHAVIOR ] Run app\common\behavior\Common @addon_begin [ RunTime:0.000094s ]
[ info ] [ TOKEN ] INIT Mysql
[ info ] [ BEHAVIOR ] Run \addons\ldcms\Ldcms @config_init [ RunTime:0.000128s ]
[ info ] [ LANG ] /var/webstars/sustens/addons/ldcms/lang/en.php
[ info ] [ VIEW ] /var/webstars/sustens/addons/ldcms/view/en/detail_message.html [ array (
  0 => 'user',
  1 => 'site',
  2 => 'config',
  3 => 'category',
  4 => 'parentsid',
  5 => 'childids',
  6 => 'content',
  7 => 'ld',
  8 => 'topid',
) ]
[ info ] [ SESSION ] INIT array (
  'id' => '',
  'var_session_id' => '',
  'prefix' => 'think',
  'type' => '',
  'auto_start' => true,
)
[ info ] [ LOG ] INIT File
---------------------------------------------------------------
[ 2024-11-01T14:51:57+08:00 ] 10.211.55.2 GET dev.sustens.com/captcha.html
[运行时间：0.087233s] [吞吐率：11.46req/s] [内存消耗：242.93kb] [文件加载：75]
[ info ] [ BEHAVIOR ] Run Closure @app_init [ RunTime:0.000017s ]
[ info ] [ CACHE ] INIT File
[ info ] [ DB ] INIT mysql
[ info ] [ BEHAVIOR ] Run \addons\ldcms\Ldcms @app_init [ RunTime:0.002101s ]
[ info ] [ BEHAVIOR ] Run Closure @app_init [ RunTime:0.002128s ]
[ info ] [ BEHAVIOR ] Run app\common\behavior\Common @app_init [ RunTime:0.000072s ]
[ info ] [ LANG ] /var/webstars/sustens/thinkphp/lang/zh-cn.php
[ info ] [ BEHAVIOR ] Run app\common\behavior\Common @app_dispatch [ RunTime:0.000022s ]
[ info ] [ ROUTE ] array (
  'type' => 'method',
  'method' => 
  array (
    0 => '\\think\\captcha\\CaptchaController',
    1 => 'index',
  ),
  'var' => 
  array (
  ),
)
[ info ] [ HEADER ] array (
  'cookie' => 'uid=2; token=50446b79-6f1c-4eb2-9abc-2c19eb7a9159; backend_language=zh-cn; thinkphp_show_page_trace=0|0; frontend_language=en; PHPSESSID=ofs8tivbb8gaklm4f5h75u50sf',
  'accept-language' => 'zh-CN,zh;q=0.9,en;q=0.8',
  'accept-encoding' => 'gzip, deflate',
  'referer' => 'http://dev.sustens.com/message.html',
  'accept' => 'image/avif,image/webp,image/apng,image/svg+xml,image/*,*/*;q=0.8',
  'user-agent' => 'Mozilla/5.0 (Macintosh; Intel Mac OS X 10_15_7) AppleWebKit/537.36 (KHTML, like Gecko) Chrome/130.0.0.0 Safari/537.36',
  'connection' => 'keep-alive',
  'host' => 'dev.sustens.com',
  'content-length' => '',
  'content-type' => '',
)
[ info ] [ PARAM ] array (
  'id' => NULL,
)
[ info ] [ RUN ] think\captcha\CaptchaController->index[ /var/webstars/sustens/vendor/topthink/think-captcha/src/CaptchaController.php ]
[ info ] [ SESSION ] INIT array (
  'id' => '',
  'var_session_id' => '',
  'prefix' => 'think',
  'type' => '',
  'auto_start' => true,
)
[ info ] [ LOG ] INIT File
---------------------------------------------------------------
[ 2024-11-01T14:55:31+08:00 ] 10.211.55.2 GET dev.sustens.com/
[运行时间：0.426114s] [吞吐率：2.35req/s] [内存消耗：890.45kb] [文件加载：192]
[ info ] [ BEHAVIOR ] Run Closure @app_init [ RunTime:0.000025s ]
[ info ] [ CACHE ] INIT File
[ info ] [ DB ] INIT mysql
[ info ] [ BEHAVIOR ] Run \addons\ldcms\Ldcms @app_init [ RunTime:0.013508s ]
[ info ] [ BEHAVIOR ] Run Closure @app_init [ RunTime:0.013528s ]
[ info ] [ BEHAVIOR ] Run app\common\behavior\Common @app_init [ RunTime:0.001644s ]
[ info ] [ LANG ] /var/webstars/sustens/thinkphp/lang/zh-cn.php
[ info ] [ BEHAVIOR ] Run app\common\behavior\Common @app_dispatch [ RunTime:0.000022s ]
[ info ] [ ROUTE ] array (
  'type' => 'method',
  'method' => 
  array (
    0 => '\\think\\addons\\Route',
    1 => 'execute',
  ),
  'var' => 
  array (
    'addon' => 'ldcms',
    'controller' => 'index',
    'action' => 'index',
  ),
)
[ info ] [ HEADER ] array (
  'cookie' => 'uid=2; token=50446b79-6f1c-4eb2-9abc-2c19eb7a9159; backend_language=zh-cn; thinkphp_show_page_trace=0|0; frontend_language=en; PHPSESSID=ofs8tivbb8gaklm4f5h75u50sf',
  'accept-language' => 'zh-CN,zh;q=0.9,en;q=0.8',
  'accept-encoding' => 'gzip, deflate',
  'accept' => 'text/html,application/xhtml+xml,application/xml;q=0.9,image/avif,image/webp,image/apng,*/*;q=0.8,application/signed-exchange;v=b3;q=0.7',
  'purpose' => 'prefetch',
  'sec-purpose' => 'prefetch;prerender',
  'user-agent' => 'Mozilla/5.0 (Macintosh; Intel Mac OS X 10_15_7) AppleWebKit/537.36 (KHTML, like Gecko) Chrome/130.0.0.0 Safari/537.36',
  'upgrade-insecure-requests' => '1',
  'connection' => 'keep-alive',
  'host' => 'dev.sustens.com',
  'content-length' => '',
  'content-type' => '',
)
[ info ] [ PARAM ] array (
)
[ info ] [ RUN ] think\addons\Route->execute[ /var/webstars/sustens/vendor/karsonzhang/fastadmin-addons/src/addons/Route.php ]
[ info ] [ LANG ] /var/webstars/sustens/public/../application/common/lang/zh-cn/addon.php
[ info ] [ BEHAVIOR ] Run app\common\behavior\Common @addon_begin [ RunTime:0.002380s ]
[ info ] [ TOKEN ] INIT Mysql
[ info ] [ BEHAVIOR ] Run \addons\ldcms\Ldcms @config_init [ RunTime:0.000034s ]
[ info ] [ LANG ] /var/webstars/sustens/addons/ldcms/lang/en.php
[ info ] [ VIEW ] /var/webstars/sustens/addons/ldcms/view/en/index.html [ array (
  0 => 'user',
  1 => 'site',
  2 => 'config',
  3 => 'ld',
  4 => 'topid',
) ]
[ info ] [ LOG ] INIT File
[ error ] [2]foreach() argument must be of type array|object, null given[/var/webstars/sustens/thinkphp/library/think/db/Query.php:746]
[ error ] [2]foreach() argument must be of type array|object, null given[/var/webstars/sustens/thinkphp/library/think/db/Query.php:746]
[ error ] [2]foreach() argument must be of type array|object, null given[/var/webstars/sustens/thinkphp/library/think/db/Query.php:746]
[ error ] [2]foreach() argument must be of type array|object, null given[/var/webstars/sustens/thinkphp/library/think/db/Query.php:746]
[ error ] [2]foreach() argument must be of type array|object, null given[/var/webstars/sustens/thinkphp/library/think/db/Query.php:746]
---------------------------------------------------------------
[ 2024-11-01T14:55:31+08:00 ] 10.211.55.2 GET dev.sustens.com/assets/addons/ldcms/images/cbg.jpg
[运行时间：0.011429s] [吞吐率：87.50req/s] [内存消耗：240.63kb] [文件加载：77]
[ info ] [ BEHAVIOR ] Run Closure @app_init [ RunTime:0.000015s ]
[ info ] [ CACHE ] INIT File
[ info ] [ DB ] INIT mysql
[ info ] [ BEHAVIOR ] Run \addons\ldcms\Ldcms @app_init [ RunTime:0.001964s ]
[ info ] [ BEHAVIOR ] Run Closure @app_init [ RunTime:0.001996s ]
[ info ] [ BEHAVIOR ] Run app\common\behavior\Common @app_init [ RunTime:0.000081s ]
[ info ] [ LANG ] /var/webstars/sustens/thinkphp/lang/zh-cn.php
[ info ] [ BEHAVIOR ] Run app\common\behavior\Common @app_dispatch [ RunTime:0.000015s ]
[ info ] [ ROUTE ] array (
  'type' => 'module',
  'module' => 
  array (
    0 => 'assets',
    1 => 'addons',
    2 => 'ldcms',
  ),
)
[ info ] [ HEADER ] array (
  'cookie' => 'uid=2; token=50446b79-6f1c-4eb2-9abc-2c19eb7a9159; backend_language=zh-cn; thinkphp_show_page_trace=0|0; frontend_language=en; PHPSESSID=ofs8tivbb8gaklm4f5h75u50sf',
  'accept-language' => 'zh-CN,zh;q=0.9,en;q=0.8',
  'accept-encoding' => 'gzip, deflate',
  'referer' => 'http://dev.sustens.com/',
  'purpose' => 'prefetch',
  'accept' => 'image/avif,image/webp,image/apng,image/svg+xml,image/*,*/*;q=0.8',
  'sec-purpose' => 'prefetch;prerender',
  'user-agent' => 'Mozilla/5.0 (Macintosh; Intel Mac OS X 10_15_7) AppleWebKit/537.36 (KHTML, like Gecko) Chrome/130.0.0.0 Safari/537.36',
  'connection' => 'keep-alive',
  'host' => 'dev.sustens.com',
  'content-length' => '',
  'content-type' => '',
)
[ info ] [ PARAM ] array (
  'images' => 'cbg.jpg',
)
[ info ] [ LOG ] INIT File
---------------------------------------------------------------
[ 2024-11-01T14:55:35+08:00 ] 10.211.55.2 GET dev.sustens.com/MTyvDCHVOo.php/index/login
[运行时间：0.156594s] [吞吐率：6.39req/s] [内存消耗：363.14kb] [文件加载：89]
[ info ] [ BEHAVIOR ] Run Closure @app_init [ RunTime:0.000019s ]
[ info ] [ CACHE ] INIT File
[ info ] [ DB ] INIT mysql
[ info ] [ BEHAVIOR ] Run \addons\ldcms\Ldcms @app_init [ RunTime:0.010211s ]
[ info ] [ BEHAVIOR ] Run Closure @app_init [ RunTime:0.010236s ]
[ info ] [ BEHAVIOR ] Run app\common\behavior\Common @app_init [ RunTime:0.000105s ]
[ info ] [ LANG ] /var/webstars/sustens/thinkphp/lang/zh-cn.php
[ info ] [ BEHAVIOR ] Run app\common\behavior\Common @app_dispatch [ RunTime:0.000018s ]
[ info ] [ ROUTE ] array (
  'type' => 'module',
  'module' => 
  array (
    0 => 'admin',
    1 => 'index',
    2 => 'login',
  ),
)
[ info ] [ HEADER ] array (
  'cookie' => 'uid=2; token=50446b79-6f1c-4eb2-9abc-2c19eb7a9159; backend_language=zh-cn; thinkphp_show_page_trace=0|0; frontend_language=en; PHPSESSID=ofs8tivbb8gaklm4f5h75u50sf',
  'accept-language' => 'zh-CN,zh;q=0.9,en;q=0.8',
  'accept-encoding' => 'gzip, deflate',
  'accept' => 'text/html,application/xhtml+xml,application/xml;q=0.9,image/avif,image/webp,image/apng,*/*;q=0.8,application/signed-exchange;v=b3;q=0.7',
  'user-agent' => 'Mozilla/5.0 (Macintosh; Intel Mac OS X 10_15_7) AppleWebKit/537.36 (KHTML, like Gecko) Chrome/130.0.0.0 Safari/537.36',
  'upgrade-insecure-requests' => '1',
  'connection' => 'keep-alive',
  'host' => 'dev.sustens.com',
  'content-length' => '',
  'content-type' => '',
)
[ info ] [ PARAM ] array (
)
[ info ] [ LANG ] /var/webstars/sustens/public/../application/admin/lang/zh-cn.php
[ info ] [ BEHAVIOR ] Run app\common\behavior\Common @module_init [ RunTime:0.000212s ]
[ info ] [ SESSION ] INIT array (
  'id' => '',
  'var_session_id' => '',
  'prefix' => 'think',
  'type' => '',
  'auto_start' => true,
)
[ info ] [ BEHAVIOR ] Run \addons\ldcms\Ldcms @config_init [ RunTime:0.000038s ]
[ info ] [ LANG ] /var/webstars/sustens/public/../application/admin/lang/zh-cn/index.php
[ info ] [ RUN ] app\admin\controller\Index->login[ /var/webstars/sustens/application/admin/controller/Index.php ]
[ info ] [ VIEW ] /var/webstars/sustens/public/../application/admin/view/index/login.html [ array (
  0 => 'breadcrumb',
  1 => 'site',
  2 => 'config',
  3 => 'auth',
  4 => 'admin',
  5 => 'keeyloginhours',
  6 => 'background',
  7 => 'title',
) ]
[ info ] [ BEHAVIOR ] Run app\admin\behavior\AdminLog @app_end [ RunTime:0.002621s ]
[ info ] [ LOG ] INIT File
---------------------------------------------------------------
[ 2024-11-01T14:55:35+08:00 ] 10.211.55.2 GET dev.sustens.com/index.php?s=/captcha
[运行时间：0.021961s] [吞吐率：45.54req/s] [内存消耗：242.03kb] [文件加载：75]
[ info ] [ BEHAVIOR ] Run Closure @app_init [ RunTime:0.000018s ]
[ info ] [ CACHE ] INIT File
[ info ] [ DB ] INIT mysql
[ info ] [ BEHAVIOR ] Run \addons\ldcms\Ldcms @app_init [ RunTime:0.003677s ]
[ info ] [ BEHAVIOR ] Run Closure @app_init [ RunTime:0.003705s ]
[ info ] [ BEHAVIOR ] Run app\common\behavior\Common @app_init [ RunTime:0.000227s ]
[ info ] [ LANG ] /var/webstars/sustens/thinkphp/lang/zh-cn.php
[ info ] [ BEHAVIOR ] Run app\common\behavior\Common @app_dispatch [ RunTime:0.000022s ]
[ info ] [ ROUTE ] array (
  'type' => 'method',
  'method' => 
  array (
    0 => '\\think\\captcha\\CaptchaController',
    1 => 'index',
  ),
  'var' => 
  array (
  ),
)
[ info ] [ HEADER ] array (
  'cookie' => 'uid=2; token=50446b79-6f1c-4eb2-9abc-2c19eb7a9159; backend_language=zh-cn; thinkphp_show_page_trace=0|0; frontend_language=en; PHPSESSID=ofs8tivbb8gaklm4f5h75u50sf',
  'accept-language' => 'zh-CN,zh;q=0.9,en;q=0.8',
  'accept-encoding' => 'gzip, deflate',
  'accept' => 'image/avif,image/webp,image/apng,image/svg+xml,image/*,*/*;q=0.8',
  'user-agent' => 'Mozilla/5.0 (Macintosh; Intel Mac OS X 10_15_7) AppleWebKit/537.36 (KHTML, like Gecko) Chrome/130.0.0.0 Safari/537.36',
  'connection' => 'keep-alive',
  'host' => 'dev.sustens.com',
  'content-length' => '',
  'content-type' => '',
)
[ info ] [ PARAM ] array (
  'id' => NULL,
)
[ info ] [ RUN ] think\captcha\CaptchaController->index[ /var/webstars/sustens/vendor/topthink/think-captcha/src/CaptchaController.php ]
[ info ] [ SESSION ] INIT array (
  'id' => '',
  'var_session_id' => '',
  'prefix' => 'think',
  'type' => '',
  'auto_start' => true,
)
[ info ] [ LOG ] INIT File
---------------------------------------------------------------
[ 2024-11-01T14:55:36+08:00 ] 10.211.55.2 GET dev.sustens.com/MTyvDCHVOo.php/ajax/lang?callback=define&controllername=index&lang=zh-cn&v=1730444134
[运行时间：0.020679s] [吞吐率：48.36req/s] [内存消耗：302.61kb] [文件加载：90]
[ info ] [ BEHAVIOR ] Run Closure @app_init [ RunTime:0.000014s ]
[ info ] [ CACHE ] INIT File
[ info ] [ DB ] INIT mysql
[ info ] [ BEHAVIOR ] Run \addons\ldcms\Ldcms @app_init [ RunTime:0.002036s ]
[ info ] [ BEHAVIOR ] Run Closure @app_init [ RunTime:0.002053s ]
[ info ] [ BEHAVIOR ] Run app\common\behavior\Common @app_init [ RunTime:0.000043s ]
[ info ] [ LANG ] /var/webstars/sustens/thinkphp/lang/zh-cn.php
[ info ] [ BEHAVIOR ] Run app\common\behavior\Common @app_dispatch [ RunTime:0.000010s ]
[ info ] [ ROUTE ] array (
  'type' => 'module',
  'module' => 
  array (
    0 => 'admin',
    1 => 'ajax',
    2 => 'lang',
  ),
)
[ info ] [ HEADER ] array (
  'cookie' => 'uid=2; token=50446b79-6f1c-4eb2-9abc-2c19eb7a9159; backend_language=zh-cn; thinkphp_show_page_trace=0|0; frontend_language=en; PHPSESSID=ofs8tivbb8gaklm4f5h75u50sf',
  'accept-language' => 'zh-CN,zh;q=0.9,en;q=0.8',
  'accept-encoding' => 'gzip, deflate',
  'accept' => '*/*',
  'user-agent' => 'Mozilla/5.0 (Macintosh; Intel Mac OS X 10_15_7) AppleWebKit/537.36 (KHTML, like Gecko) Chrome/130.0.0.0 Safari/537.36',
  'connection' => 'keep-alive',
  'host' => 'dev.sustens.com',
  'content-length' => '',
  'content-type' => '',
)
[ info ] [ PARAM ] array (
  'callback' => 'define',
  'controllername' => 'index',
  'lang' => 'zh-cn',
  'v' => '1730444134',
)
[ info ] [ LANG ] /var/webstars/sustens/public/../application/admin/lang/zh-cn.php
[ info ] [ BEHAVIOR ] Run app\common\behavior\Common @module_init [ RunTime:0.000050s ]
[ info ] [ SESSION ] INIT array (
  'id' => '',
  'var_session_id' => '',
  'prefix' => 'think',
  'type' => '',
  'auto_start' => true,
)
[ info ] [ BEHAVIOR ] Run \addons\ldcms\Ldcms @config_init [ RunTime:0.000023s ]
[ info ] [ LANG ] /var/webstars/sustens/public/../application/admin/lang/zh-cn/ajax.php
[ info ] [ RUN ] app\admin\controller\Ajax->lang[ /var/webstars/sustens/application/admin/controller/Ajax.php ]
[ info ] [ LANG ] /var/webstars/sustens/public/../application/admin/lang/zh-cn/index.php
[ info ] [ BEHAVIOR ] Run app\admin\behavior\AdminLog @app_end [ RunTime:0.000040s ]
[ info ] [ LOG ] INIT File
---------------------------------------------------------------
[ 2024-11-01T14:55:45+08:00 ] 10.211.55.2 POST dev.sustens.com/MTyvDCHVOo.php/index/login
[运行时间：0.090941s] [吞吐率：11.00req/s] [内存消耗：458.55kb] [文件加载：93]
[ info ] [ BEHAVIOR ] Run Closure @app_init [ RunTime:0.000030s ]
[ info ] [ CACHE ] INIT File
[ info ] [ DB ] INIT mysql
[ info ] [ BEHAVIOR ] Run \addons\ldcms\Ldcms @app_init [ RunTime:0.003286s ]
[ info ] [ BEHAVIOR ] Run Closure @app_init [ RunTime:0.003312s ]
[ info ] [ BEHAVIOR ] Run app\common\behavior\Common @app_init [ RunTime:0.000093s ]
[ info ] [ LANG ] /var/webstars/sustens/thinkphp/lang/zh-cn.php
[ info ] [ BEHAVIOR ] Run app\common\behavior\Common @app_dispatch [ RunTime:0.000015s ]
[ info ] [ ROUTE ] array (
  'type' => 'module',
  'module' => 
  array (
    0 => 'admin',
    1 => 'index',
    2 => 'login',
  ),
)
[ info ] [ HEADER ] array (
  'cookie' => 'thinkphp_show_page_trace=0|0; uid=2; token=50446b79-6f1c-4eb2-9abc-2c19eb7a9159; backend_language=zh-cn; thinkphp_show_page_trace=0|0; frontend_language=en; PHPSESSID=ofs8tivbb8gaklm4f5h75u50sf',
  'accept-language' => 'zh-CN,zh;q=0.9,en;q=0.8',
  'accept-encoding' => 'gzip, deflate',
  'origin' => 'http://dev.sustens.com',
  'content-type' => 'application/x-www-form-urlencoded; charset=UTF-8',
  'accept' => 'application/json, text/javascript, */*; q=0.01',
  'user-agent' => 'Mozilla/5.0 (Macintosh; Intel Mac OS X 10_15_7) AppleWebKit/537.36 (KHTML, like Gecko) Chrome/130.0.0.0 Safari/537.36',
  'x-requested-with' => 'XMLHttpRequest',
  'content-length' => '117',
  'connection' => 'keep-alive',
  'host' => 'dev.sustens.com',
)
[ info ] [ PARAM ] array (
  '__token__' => '307dafc060bad6cbeeb35b3b91e23e16',
  'username' => 'sustensadmin',
  'password' => 'sustensadmin@pwd',
  'captcha' => '3exm',
  'keeplogin' => '1',
)
[ info ] [ LANG ] /var/webstars/sustens/public/../application/admin/lang/zh-cn.php
[ info ] [ BEHAVIOR ] Run app\common\behavior\Common @module_init [ RunTime:0.000097s ]
[ info ] [ SESSION ] INIT array (
  'id' => '',
  'var_session_id' => '',
  'prefix' => 'think',
  'type' => '',
  'auto_start' => true,
)
[ info ] [ BEHAVIOR ] Run \addons\ldcms\Ldcms @config_init [ RunTime:0.000029s ]
[ info ] [ LANG ] /var/webstars/sustens/public/../application/admin/lang/zh-cn/index.php
[ info ] [ RUN ] app\admin\controller\Index->login[ /var/webstars/sustens/application/admin/controller/Index.php ]
[ info ] [ BEHAVIOR ] Run app\admin\behavior\AdminLog @app_end [ RunTime:0.026782s ]
[ info ] [ LOG ] INIT File
---------------------------------------------------------------
[ 2024-11-01T14:55:45+08:00 ] 10.211.55.2 GET dev.sustens.com/MTyvDCHVOo.php/index/index
[运行时间：0.114884s] [吞吐率：8.70req/s] [内存消耗：712.72kb] [文件加载：96]
[ info ] [ BEHAVIOR ] Run Closure @app_init [ RunTime:0.000042s ]
[ info ] [ CACHE ] INIT File
[ info ] [ DB ] INIT mysql
[ info ] [ BEHAVIOR ] Run \addons\ldcms\Ldcms @app_init [ RunTime:0.007534s ]
[ info ] [ BEHAVIOR ] Run Closure @app_init [ RunTime:0.007570s ]
[ info ] [ BEHAVIOR ] Run app\common\behavior\Common @app_init [ RunTime:0.000228s ]
[ info ] [ LANG ] /var/webstars/sustens/thinkphp/lang/zh-cn.php
[ info ] [ BEHAVIOR ] Run app\common\behavior\Common @app_dispatch [ RunTime:0.000029s ]
[ info ] [ ROUTE ] array (
  'type' => 'module',
  'module' => 
  array (
    0 => 'admin',
    1 => 'index',
    2 => 'index',
  ),
)
[ info ] [ HEADER ] array (
  'cookie' => 'thinkphp_show_page_trace=0|0; uid=2; token=50446b79-6f1c-4eb2-9abc-2c19eb7a9159; backend_language=zh-cn; thinkphp_show_page_trace=0|0; frontend_language=en; PHPSESSID=ofs8tivbb8gaklm4f5h75u50sf; keeplogin=1%7C86400%7C1730530545%7Ca1c676c2c4614b5c12311180e43af5dd',
  'accept-language' => 'zh-CN,zh;q=0.9,en;q=0.8',
  'accept-encoding' => 'gzip, deflate',
  'accept' => 'text/html,application/xhtml+xml,application/xml;q=0.9,image/avif,image/webp,image/apng,*/*;q=0.8,application/signed-exchange;v=b3;q=0.7',
  'user-agent' => 'Mozilla/5.0 (Macintosh; Intel Mac OS X 10_15_7) AppleWebKit/537.36 (KHTML, like Gecko) Chrome/130.0.0.0 Safari/537.36',
  'upgrade-insecure-requests' => '1',
  'connection' => 'keep-alive',
  'host' => 'dev.sustens.com',
  'content-length' => '',
  'content-type' => '',
)
[ info ] [ PARAM ] array (
)
[ info ] [ LANG ] /var/webstars/sustens/public/../application/admin/lang/zh-cn.php
[ info ] [ BEHAVIOR ] Run app\common\behavior\Common @module_init [ RunTime:0.000080s ]
[ info ] [ SESSION ] INIT array (
  'id' => '',
  'var_session_id' => '',
  'prefix' => 'think',
  'type' => '',
  'auto_start' => true,
)
[ info ] [ BEHAVIOR ] Run \addons\ldcms\Ldcms @config_init [ RunTime:0.000039s ]
[ info ] [ LANG ] /var/webstars/sustens/public/../application/admin/lang/zh-cn/index.php
[ info ] [ RUN ] app\admin\controller\Index->index[ /var/webstars/sustens/application/admin/controller/Index.php ]
[ info ] [ VIEW ] /var/webstars/sustens/public/../application/admin/view/index/index.html [ array (
  0 => 'breadcrumb',
  1 => 'site',
  2 => 'config',
  3 => 'auth',
  4 => 'admin',
  5 => 'menulist',
  6 => 'navlist',
  7 => 'fixedmenu',
  8 => 'referermenu',
  9 => 'title',
) ]
[ info ] [ BEHAVIOR ] Run app\admin\behavior\AdminLog @app_end [ RunTime:0.000032s ]
[ info ] [ LOG ] INIT File
---------------------------------------------------------------
[ 2024-11-01T14:55:46+08:00 ] 10.211.55.2 GET dev.sustens.com/MTyvDCHVOo.php/dashboard?addtabs=1
[运行时间：0.363251s] [吞吐率：2.75req/s] [内存消耗：684.05kb] [文件加载：96]
[ info ] [ BEHAVIOR ] Run Closure @app_init [ RunTime:0.000029s ]
[ info ] [ CACHE ] INIT File
[ info ] [ DB ] INIT mysql
[ info ] [ BEHAVIOR ] Run \addons\ldcms\Ldcms @app_init [ RunTime:0.002629s ]
[ info ] [ BEHAVIOR ] Run Closure @app_init [ RunTime:0.002661s ]
[ info ] [ BEHAVIOR ] Run app\common\behavior\Common @app_init [ RunTime:0.000117s ]
[ info ] [ LANG ] /var/webstars/sustens/thinkphp/lang/zh-cn.php
[ info ] [ BEHAVIOR ] Run app\common\behavior\Common @app_dispatch [ RunTime:0.000016s ]
[ info ] [ ROUTE ] array (
  'type' => 'module',
  'module' => 
  array (
    0 => 'admin',
    1 => 'dashboard',
    2 => NULL,
  ),
)
[ info ] [ HEADER ] array (
  'cookie' => 'uid=2; token=50446b79-6f1c-4eb2-9abc-2c19eb7a9159; backend_language=zh-cn; thinkphp_show_page_trace=0|0; frontend_language=en; PHPSESSID=ofs8tivbb8gaklm4f5h75u50sf; keeplogin=1%7C86400%7C1730530545%7Ca1c676c2c4614b5c12311180e43af5dd',
  'accept-language' => 'zh-CN,zh;q=0.9,en;q=0.8',
  'accept-encoding' => 'gzip, deflate',
  'accept' => 'text/html,application/xhtml+xml,application/xml;q=0.9,image/avif,image/webp,image/apng,*/*;q=0.8,application/signed-exchange;v=b3;q=0.7',
  'user-agent' => 'Mozilla/5.0 (Macintosh; Intel Mac OS X 10_15_7) AppleWebKit/537.36 (KHTML, like Gecko) Chrome/130.0.0.0 Safari/537.36',
  'upgrade-insecure-requests' => '1',
  'connection' => 'keep-alive',
  'host' => 'dev.sustens.com',
  'content-length' => '',
  'content-type' => '',
)
[ info ] [ PARAM ] array (
  'addtabs' => '1',
)
[ info ] [ LANG ] /var/webstars/sustens/public/../application/admin/lang/zh-cn.php
[ info ] [ BEHAVIOR ] Run app\common\behavior\Common @module_init [ RunTime:0.000066s ]
[ info ] [ SESSION ] INIT array (
  'id' => '',
  'var_session_id' => '',
  'prefix' => 'think',
  'type' => '',
  'auto_start' => true,
)
[ info ] [ BEHAVIOR ] Run \addons\ldcms\Ldcms @config_init [ RunTime:0.000054s ]
[ info ] [ LANG ] /var/webstars/sustens/public/../application/admin/lang/zh-cn/dashboard.php
[ info ] [ RUN ] app\admin\controller\Dashboard->index[ /var/webstars/sustens/application/admin/controller/Dashboard.php ]
[ info ] [ VIEW ] /var/webstars/sustens/public/../application/admin/view/dashboard/index.html [ array (
  0 => 'breadcrumb',
  1 => 'site',
  2 => 'config',
  3 => 'auth',
  4 => 'admin',
  5 => 'totaluser',
  6 => 'totaladdon',
  7 => 'totaladmin',
  8 => 'totalcategory',
  9 => 'todayusersignup',
  10 => 'todayuserlogin',
  11 => 'sevendau',
  12 => 'thirtydau',
  13 => 'threednu',
  14 => 'sevendnu',
  15 => 'dbtablenums',
  16 => 'dbsize',
  17 => 'totalworkingaddon',
  18 => 'attachmentnums',
  19 => 'attachmentsize',
  20 => 'picturenums',
  21 => 'picturesize',
) ]
[ info ] [ BEHAVIOR ] Run app\admin\behavior\AdminLog @app_end [ RunTime:0.000032s ]
[ info ] [ LOG ] INIT File
---------------------------------------------------------------
[ 2024-11-01T14:55:46+08:00 ] 10.211.55.2 GET dev.sustens.com/MTyvDCHVOo.php/ajax/lang?callback=define&controllername=index&lang=zh-cn&v=1730444145
[运行时间：0.370073s] [吞吐率：2.70req/s] [内存消耗：302.90kb] [文件加载：90]
[ info ] [ BEHAVIOR ] Run Closure @app_init [ RunTime:0.000029s ]
[ info ] [ CACHE ] INIT File
[ info ] [ DB ] INIT mysql
[ info ] [ BEHAVIOR ] Run \addons\ldcms\Ldcms @app_init [ RunTime:0.004395s ]
[ info ] [ BEHAVIOR ] Run Closure @app_init [ RunTime:0.004430s ]
[ info ] [ BEHAVIOR ] Run app\common\behavior\Common @app_init [ RunTime:0.000081s ]
[ info ] [ LANG ] /var/webstars/sustens/thinkphp/lang/zh-cn.php
[ info ] [ BEHAVIOR ] Run app\common\behavior\Common @app_dispatch [ RunTime:0.000019s ]
[ info ] [ ROUTE ] array (
  'type' => 'module',
  'module' => 
  array (
    0 => 'admin',
    1 => 'ajax',
    2 => 'lang',
  ),
)
[ info ] [ HEADER ] array (
  'cookie' => 'uid=2; token=50446b79-6f1c-4eb2-9abc-2c19eb7a9159; backend_language=zh-cn; thinkphp_show_page_trace=0|0; frontend_language=en; PHPSESSID=ofs8tivbb8gaklm4f5h75u50sf; keeplogin=1%7C86400%7C1730530545%7Ca1c676c2c4614b5c12311180e43af5dd',
  'accept-language' => 'zh-CN,zh;q=0.9,en;q=0.8',
  'accept-encoding' => 'gzip, deflate',
  'accept' => '*/*',
  'user-agent' => 'Mozilla/5.0 (Macintosh; Intel Mac OS X 10_15_7) AppleWebKit/537.36 (KHTML, like Gecko) Chrome/130.0.0.0 Safari/537.36',
  'connection' => 'keep-alive',
  'host' => 'dev.sustens.com',
  'content-length' => '',
  'content-type' => '',
)
[ info ] [ PARAM ] array (
  'callback' => 'define',
  'controllername' => 'index',
  'lang' => 'zh-cn',
  'v' => '1730444145',
)
[ info ] [ LANG ] /var/webstars/sustens/public/../application/admin/lang/zh-cn.php
[ info ] [ BEHAVIOR ] Run app\common\behavior\Common @module_init [ RunTime:0.000087s ]
[ info ] [ SESSION ] INIT array (
  'id' => '',
  'var_session_id' => '',
  'prefix' => 'think',
  'type' => '',
  'auto_start' => true,
)
[ info ] [ BEHAVIOR ] Run \addons\ldcms\Ldcms @config_init [ RunTime:0.000073s ]
[ info ] [ LANG ] /var/webstars/sustens/public/../application/admin/lang/zh-cn/ajax.php
[ info ] [ RUN ] app\admin\controller\Ajax->lang[ /var/webstars/sustens/application/admin/controller/Ajax.php ]
[ info ] [ LANG ] /var/webstars/sustens/public/../application/admin/lang/zh-cn/index.php
[ info ] [ BEHAVIOR ] Run app\admin\behavior\AdminLog @app_end [ RunTime:0.000043s ]
[ info ] [ LOG ] INIT File
---------------------------------------------------------------
[ 2024-11-01T14:55:47+08:00 ] 10.211.55.2 GET dev.sustens.com/MTyvDCHVOo.php/ajax/lang?callback=define&controllername=dashboard&lang=zh-cn&v=1730444146
[运行时间：0.120723s] [吞吐率：8.28req/s] [内存消耗：300.36kb] [文件加载：90]
[ info ] [ BEHAVIOR ] Run Closure @app_init [ RunTime:0.000353s ]
[ info ] [ CACHE ] INIT File
[ info ] [ DB ] INIT mysql
[ info ] [ BEHAVIOR ] Run \addons\ldcms\Ldcms @app_init [ RunTime:0.013688s ]
[ info ] [ BEHAVIOR ] Run Closure @app_init [ RunTime:0.013713s ]
[ info ] [ BEHAVIOR ] Run app\common\behavior\Common @app_init [ RunTime:0.000934s ]
[ info ] [ LANG ] /var/webstars/sustens/thinkphp/lang/zh-cn.php
[ info ] [ BEHAVIOR ] Run app\common\behavior\Common @app_dispatch [ RunTime:0.000028s ]
[ info ] [ ROUTE ] array (
  'type' => 'module',
  'module' => 
  array (
    0 => 'admin',
    1 => 'ajax',
    2 => 'lang',
  ),
)
[ info ] [ HEADER ] array (
  'cookie' => 'thinkphp_show_page_trace=0|0; uid=2; token=50446b79-6f1c-4eb2-9abc-2c19eb7a9159; backend_language=zh-cn; thinkphp_show_page_trace=0|0; frontend_language=en; PHPSESSID=ofs8tivbb8gaklm4f5h75u50sf; keeplogin=1%7C86400%7C1730530545%7Ca1c676c2c4614b5c12311180e43af5dd',
  'accept-language' => 'zh-CN,zh;q=0.9,en;q=0.8',
  'accept-encoding' => 'gzip, deflate',
  'accept' => '*/*',
  'user-agent' => 'Mozilla/5.0 (Macintosh; Intel Mac OS X 10_15_7) AppleWebKit/537.36 (KHTML, like Gecko) Chrome/130.0.0.0 Safari/537.36',
  'connection' => 'keep-alive',
  'host' => 'dev.sustens.com',
  'content-length' => '',
  'content-type' => '',
)
[ info ] [ PARAM ] array (
  'callback' => 'define',
  'controllername' => 'dashboard',
  'lang' => 'zh-cn',
  'v' => '1730444146',
)
[ info ] [ LANG ] /var/webstars/sustens/public/../application/admin/lang/zh-cn.php
[ info ] [ BEHAVIOR ] Run app\common\behavior\Common @module_init [ RunTime:0.004018s ]
[ info ] [ SESSION ] INIT array (
  'id' => '',
  'var_session_id' => '',
  'prefix' => 'think',
  'type' => '',
  'auto_start' => true,
)
[ info ] [ BEHAVIOR ] Run \addons\ldcms\Ldcms @config_init [ RunTime:0.000042s ]
[ info ] [ LANG ] /var/webstars/sustens/public/../application/admin/lang/zh-cn/ajax.php
[ info ] [ RUN ] app\admin\controller\Ajax->lang[ /var/webstars/sustens/application/admin/controller/Ajax.php ]
[ info ] [ LANG ] /var/webstars/sustens/public/../application/admin/lang/zh-cn/dashboard.php
[ info ] [ BEHAVIOR ] Run app\admin\behavior\AdminLog @app_end [ RunTime:0.000818s ]
[ info ] [ LOG ] INIT File
---------------------------------------------------------------
[ 2024-11-01T14:56:02+08:00 ] 10.211.55.2 GET dev.sustens.com/MTyvDCHVOo.php/ldcms/config?addtabs=1
[运行时间：0.055828s] [吞吐率：17.91req/s] [内存消耗：621.08kb] [文件加载：93]
[ info ] [ BEHAVIOR ] Run Closure @app_init [ RunTime:0.000022s ]
[ info ] [ CACHE ] INIT File
[ info ] [ DB ] INIT mysql
[ info ] [ BEHAVIOR ] Run \addons\ldcms\Ldcms @app_init [ RunTime:0.003489s ]
[ info ] [ BEHAVIOR ] Run Closure @app_init [ RunTime:0.003514s ]
[ info ] [ BEHAVIOR ] Run app\common\behavior\Common @app_init [ RunTime:0.000074s ]
[ info ] [ LANG ] /var/webstars/sustens/thinkphp/lang/zh-cn.php
[ info ] [ BEHAVIOR ] Run app\common\behavior\Common @app_dispatch [ RunTime:0.000017s ]
[ info ] [ ROUTE ] array (
  'type' => 'module',
  'module' => 
  array (
    0 => 'admin',
    1 => 'ldcms.config',
    2 => NULL,
  ),
)
[ info ] [ HEADER ] array (
  'cookie' => 'thinkphp_show_page_trace=0|0; uid=2; token=50446b79-6f1c-4eb2-9abc-2c19eb7a9159; backend_language=zh-cn; thinkphp_show_page_trace=0|0; frontend_language=en; PHPSESSID=ofs8tivbb8gaklm4f5h75u50sf; keeplogin=1%7C86400%7C1730530545%7Ca1c676c2c4614b5c12311180e43af5dd',
  'accept-language' => 'zh-CN,zh;q=0.9,en;q=0.8',
  'accept-encoding' => 'gzip, deflate',
  'accept' => 'text/html,application/xhtml+xml,application/xml;q=0.9,image/avif,image/webp,image/apng,*/*;q=0.8,application/signed-exchange;v=b3;q=0.7',
  'user-agent' => 'Mozilla/5.0 (Macintosh; Intel Mac OS X 10_15_7) AppleWebKit/537.36 (KHTML, like Gecko) Chrome/130.0.0.0 Safari/537.36',
  'upgrade-insecure-requests' => '1',
  'connection' => 'keep-alive',
  'host' => 'dev.sustens.com',
  'content-length' => '',
  'content-type' => '',
)
[ info ] [ PARAM ] array (
  'addtabs' => '1',
)
[ info ] [ LANG ] /var/webstars/sustens/public/../application/admin/lang/zh-cn.php
[ info ] [ BEHAVIOR ] Run app\common\behavior\Common @module_init [ RunTime:0.000075s ]
[ info ] [ SESSION ] INIT array (
  'id' => '',
  'var_session_id' => '',
  'prefix' => 'think',
  'type' => '',
  'auto_start' => true,
)
[ info ] [ BEHAVIOR ] Run \addons\ldcms\Ldcms @config_init [ RunTime:0.000042s ]
[ info ] [ LANG ] /var/webstars/sustens/public/../application/admin/lang/zh-cn/ldcms/config.php
[ info ] [ RUN ] app\admin\controller\ldcms\Config->index[ /var/webstars/sustens/application/admin/controller/ldcms/Config.php ]
[ info ] [ VIEW ] /var/webstars/sustens/addons/ldcms/config.html [ array (
  0 => 'breadcrumb',
  1 => 'site',
  2 => 'config',
  3 => 'auth',
  4 => 'admin',
  5 => 'addon_config',
  6 => 'noDel',
  7 => 'typeList',
  8 => 'ruleList',
  9 => 'groupList',
  10 => 'addon',
) ]
[ info ] [ BEHAVIOR ] Run app\admin\behavior\AdminLog @app_end [ RunTime:0.000054s ]
[ info ] [ LOG ] INIT File
---------------------------------------------------------------
[ 2024-11-01T14:56:03+08:00 ] 10.211.55.2 GET dev.sustens.com/MTyvDCHVOo.php/ajax/lang?callback=define&controllername=ldcms.config&lang=zh-cn&v=1730444162
[运行时间：0.030942s] [吞吐率：32.32req/s] [内存消耗：306.68kb] [文件加载：91]
[ info ] [ BEHAVIOR ] Run Closure @app_init [ RunTime:0.000021s ]
[ info ] [ CACHE ] INIT File
[ info ] [ DB ] INIT mysql
[ info ] [ BEHAVIOR ] Run \addons\ldcms\Ldcms @app_init [ RunTime:0.009386s ]
[ info ] [ BEHAVIOR ] Run Closure @app_init [ RunTime:0.009416s ]
[ info ] [ BEHAVIOR ] Run app\common\behavior\Common @app_init [ RunTime:0.000073s ]
[ info ] [ LANG ] /var/webstars/sustens/thinkphp/lang/zh-cn.php
[ info ] [ BEHAVIOR ] Run app\common\behavior\Common @app_dispatch [ RunTime:0.000016s ]
[ info ] [ ROUTE ] array (
  'type' => 'module',
  'module' => 
  array (
    0 => 'admin',
    1 => 'ajax',
    2 => 'lang',
  ),
)
[ info ] [ HEADER ] array (
  'cookie' => 'thinkphp_show_page_trace=0|0; uid=2; token=50446b79-6f1c-4eb2-9abc-2c19eb7a9159; backend_language=zh-cn; thinkphp_show_page_trace=0|0; frontend_language=en; PHPSESSID=ofs8tivbb8gaklm4f5h75u50sf; keeplogin=1%7C86400%7C1730530545%7Ca1c676c2c4614b5c12311180e43af5dd',
  'accept-language' => 'zh-CN,zh;q=0.9,en;q=0.8',
  'accept-encoding' => 'gzip, deflate',
  'accept' => '*/*',
  'user-agent' => 'Mozilla/5.0 (Macintosh; Intel Mac OS X 10_15_7) AppleWebKit/537.36 (KHTML, like Gecko) Chrome/130.0.0.0 Safari/537.36',
  'connection' => 'keep-alive',
  'host' => 'dev.sustens.com',
  'content-length' => '',
  'content-type' => '',
)
[ info ] [ PARAM ] array (
  'callback' => 'define',
  'controllername' => 'ldcms.config',
  'lang' => 'zh-cn',
  'v' => '1730444162',
)
[ info ] [ LANG ] /var/webstars/sustens/public/../application/admin/lang/zh-cn.php
[ info ] [ BEHAVIOR ] Run app\common\behavior\Common @module_init [ RunTime:0.000252s ]
[ info ] [ SESSION ] INIT array (
  'id' => '',
  'var_session_id' => '',
  'prefix' => 'think',
  'type' => '',
  'auto_start' => true,
)
[ info ] [ BEHAVIOR ] Run \addons\ldcms\Ldcms @config_init [ RunTime:0.000037s ]
[ info ] [ LANG ] /var/webstars/sustens/public/../application/admin/lang/zh-cn/ajax.php
[ info ] [ RUN ] app\admin\controller\Ajax->lang[ /var/webstars/sustens/application/admin/controller/Ajax.php ]
[ info ] [ LANG ] /var/webstars/sustens/public/../application/admin/lang/zh-cn/ldcms/config.php
[ info ] [ BEHAVIOR ] Run app\admin\behavior\AdminLog @app_end [ RunTime:0.000027s ]
[ info ] [ LOG ] INIT File
---------------------------------------------------------------
[ 2024-11-01T14:56:13+08:00 ] 10.211.55.2 GET dev.sustens.com/MTyvDCHVOo.php/ldcms/config?ref=addtabs&ldcms_lang=en
[运行时间：0.072391s] [吞吐率：13.81req/s] [内存消耗：621.37kb] [文件加载：90]
[ info ] [ BEHAVIOR ] Run Closure @app_init [ RunTime:0.000017s ]
[ info ] [ CACHE ] INIT File
[ info ] [ DB ] INIT mysql
[ info ] [ BEHAVIOR ] Run \addons\ldcms\Ldcms @app_init [ RunTime:0.002561s ]
[ info ] [ BEHAVIOR ] Run Closure @app_init [ RunTime:0.002585s ]
[ info ] [ BEHAVIOR ] Run app\common\behavior\Common @app_init [ RunTime:0.000087s ]
[ info ] [ LANG ] /var/webstars/sustens/thinkphp/lang/zh-cn.php
[ info ] [ BEHAVIOR ] Run app\common\behavior\Common @app_dispatch [ RunTime:0.000014s ]
[ info ] [ ROUTE ] array (
  'type' => 'module',
  'module' => 
  array (
    0 => 'admin',
    1 => 'ldcms.config',
    2 => NULL,
  ),
)
[ info ] [ HEADER ] array (
  'cookie' => 'thinkphp_show_page_trace=0|0; thinkphp_show_page_trace=0|0; uid=2; token=50446b79-6f1c-4eb2-9abc-2c19eb7a9159; backend_language=zh-cn; thinkphp_show_page_trace=0|0; frontend_language=en; PHPSESSID=ofs8tivbb8gaklm4f5h75u50sf; keeplogin=1%7C86400%7C1730530545%7Ca1c676c2c4614b5c12311180e43af5dd',
  'accept-language' => 'zh-CN,zh;q=0.9,en;q=0.8',
  'accept-encoding' => 'gzip, deflate',
  'accept' => 'text/html,application/xhtml+xml,application/xml;q=0.9,image/avif,image/webp,image/apng,*/*;q=0.8,application/signed-exchange;v=b3;q=0.7',
  'user-agent' => 'Mozilla/5.0 (Macintosh; Intel Mac OS X 10_15_7) AppleWebKit/537.36 (KHTML, like Gecko) Chrome/130.0.0.0 Safari/537.36',
  'upgrade-insecure-requests' => '1',
  'connection' => 'keep-alive',
  'host' => 'dev.sustens.com',
  'content-length' => '',
  'content-type' => '',
)
[ info ] [ PARAM ] array (
  'ref' => 'addtabs',
  'ldcms_lang' => 'en',
)
[ info ] [ LANG ] /var/webstars/sustens/public/../application/admin/lang/zh-cn.php
[ info ] [ BEHAVIOR ] Run app\common\behavior\Common @module_init [ RunTime:0.000074s ]
[ info ] [ SESSION ] INIT array (
  'id' => '',
  'var_session_id' => '',
  'prefix' => 'think',
  'type' => '',
  'auto_start' => true,
)
[ info ] [ BEHAVIOR ] Run app\admin\behavior\AdminLog @app_end [ RunTime:0.000056s ]
[ info ] [ LOG ] INIT File
---------------------------------------------------------------
[ 2024-11-01T14:56:13+08:00 ] 10.211.55.2 GET dev.sustens.com/MTyvDCHVOo.php/index/index
[运行时间：0.051530s] [吞吐率：19.41req/s] [内存消耗：709.84kb] [文件加载：96]
[ info ] [ BEHAVIOR ] Run Closure @app_init [ RunTime:0.000104s ]
[ info ] [ CACHE ] INIT File
[ info ] [ DB ] INIT mysql
[ info ] [ BEHAVIOR ] Run \addons\ldcms\Ldcms @app_init [ RunTime:0.004841s ]
[ info ] [ BEHAVIOR ] Run Closure @app_init [ RunTime:0.004961s ]
[ info ] [ BEHAVIOR ] Run app\common\behavior\Common @app_init [ RunTime:0.000222s ]
[ info ] [ LANG ] /var/webstars/sustens/thinkphp/lang/zh-cn.php
[ info ] [ BEHAVIOR ] Run app\common\behavior\Common @app_dispatch [ RunTime:0.000022s ]
[ info ] [ ROUTE ] array (
  'type' => 'module',
  'module' => 
  array (
    0 => 'admin',
    1 => 'index',
    2 => 'index',
  ),
)
[ info ] [ HEADER ] array (
  'cookie' => 'thinkphp_show_page_trace=0|0; thinkphp_show_page_trace=0|0; uid=2; token=50446b79-6f1c-4eb2-9abc-2c19eb7a9159; backend_language=zh-cn; thinkphp_show_page_trace=0|0; frontend_language=en; PHPSESSID=ofs8tivbb8gaklm4f5h75u50sf; keeplogin=1%7C86400%7C1730530545%7Ca1c676c2c4614b5c12311180e43af5dd',
  'accept-language' => 'zh-CN,zh;q=0.9,en;q=0.8',
  'accept-encoding' => 'gzip, deflate',
  'accept' => 'text/html,application/xhtml+xml,application/xml;q=0.9,image/avif,image/webp,image/apng,*/*;q=0.8,application/signed-exchange;v=b3;q=0.7',
  'user-agent' => 'Mozilla/5.0 (Macintosh; Intel Mac OS X 10_15_7) AppleWebKit/537.36 (KHTML, like Gecko) Chrome/130.0.0.0 Safari/537.36',
  'upgrade-insecure-requests' => '1',
  'connection' => 'keep-alive',
  'host' => 'dev.sustens.com',
  'content-length' => '',
  'content-type' => '',
)
[ info ] [ PARAM ] array (
)
[ info ] [ LANG ] /var/webstars/sustens/public/../application/admin/lang/zh-cn.php
[ info ] [ BEHAVIOR ] Run app\common\behavior\Common @module_init [ RunTime:0.000074s ]
[ info ] [ SESSION ] INIT array (
  'id' => '',
  'var_session_id' => '',
  'prefix' => 'think',
  'type' => '',
  'auto_start' => true,
)
[ info ] [ BEHAVIOR ] Run \addons\ldcms\Ldcms @config_init [ RunTime:0.000100s ]
[ info ] [ LANG ] /var/webstars/sustens/public/../application/admin/lang/zh-cn/index.php
[ info ] [ RUN ] app\admin\controller\Index->index[ /var/webstars/sustens/application/admin/controller/Index.php ]
[ info ] [ VIEW ] /var/webstars/sustens/public/../application/admin/view/index/index.html [ array (
  0 => 'breadcrumb',
  1 => 'site',
  2 => 'config',
  3 => 'auth',
  4 => 'admin',
  5 => 'menulist',
  6 => 'navlist',
  7 => 'fixedmenu',
  8 => 'referermenu',
  9 => 'title',
) ]
[ info ] [ BEHAVIOR ] Run app\admin\behavior\AdminLog @app_end [ RunTime:0.000028s ]
[ info ] [ LOG ] INIT File
---------------------------------------------------------------
[ 2024-11-01T14:56:14+08:00 ] 10.211.55.2 GET dev.sustens.com/MTyvDCHVOo.php/dashboard?addtabs=1
[运行时间：0.122310s] [吞吐率：8.18req/s] [内存消耗：682.73kb] [文件加载：96]
[ info ] [ BEHAVIOR ] Run Closure @app_init [ RunTime:0.000016s ]
[ info ] [ CACHE ] INIT File
[ info ] [ DB ] INIT mysql
[ info ] [ BEHAVIOR ] Run \addons\ldcms\Ldcms @app_init [ RunTime:0.002728s ]
[ info ] [ BEHAVIOR ] Run Closure @app_init [ RunTime:0.002750s ]
[ info ] [ BEHAVIOR ] Run app\common\behavior\Common @app_init [ RunTime:0.000050s ]
[ info ] [ LANG ] /var/webstars/sustens/thinkphp/lang/zh-cn.php
[ info ] [ BEHAVIOR ] Run app\common\behavior\Common @app_dispatch [ RunTime:0.000012s ]
[ info ] [ ROUTE ] array (
  'type' => 'module',
  'module' => 
  array (
    0 => 'admin',
    1 => 'dashboard',
    2 => NULL,
  ),
)
[ info ] [ HEADER ] array (
  'cookie' => 'thinkphp_show_page_trace=0|0; uid=2; token=50446b79-6f1c-4eb2-9abc-2c19eb7a9159; backend_language=zh-cn; thinkphp_show_page_trace=0|0; frontend_language=en; PHPSESSID=ofs8tivbb8gaklm4f5h75u50sf; keeplogin=1%7C86400%7C1730530545%7Ca1c676c2c4614b5c12311180e43af5dd',
  'accept-language' => 'zh-CN,zh;q=0.9,en;q=0.8',
  'accept-encoding' => 'gzip, deflate',
  'accept' => 'text/html,application/xhtml+xml,application/xml;q=0.9,image/avif,image/webp,image/apng,*/*;q=0.8,application/signed-exchange;v=b3;q=0.7',
  'user-agent' => 'Mozilla/5.0 (Macintosh; Intel Mac OS X 10_15_7) AppleWebKit/537.36 (KHTML, like Gecko) Chrome/130.0.0.0 Safari/537.36',
  'upgrade-insecure-requests' => '1',
  'connection' => 'keep-alive',
  'host' => 'dev.sustens.com',
  'content-length' => '',
  'content-type' => '',
)
[ info ] [ PARAM ] array (
  'addtabs' => '1',
)
[ info ] [ LANG ] /var/webstars/sustens/public/../application/admin/lang/zh-cn.php
[ info ] [ BEHAVIOR ] Run app\common\behavior\Common @module_init [ RunTime:0.000075s ]
[ info ] [ SESSION ] INIT array (
  'id' => '',
  'var_session_id' => '',
  'prefix' => 'think',
  'type' => '',
  'auto_start' => true,
)
[ info ] [ BEHAVIOR ] Run \addons\ldcms\Ldcms @config_init [ RunTime:0.000072s ]
[ info ] [ LANG ] /var/webstars/sustens/public/../application/admin/lang/zh-cn/dashboard.php
[ info ] [ RUN ] app\admin\controller\Dashboard->index[ /var/webstars/sustens/application/admin/controller/Dashboard.php ]
[ info ] [ VIEW ] /var/webstars/sustens/public/../application/admin/view/dashboard/index.html [ array (
  0 => 'breadcrumb',
  1 => 'site',
  2 => 'config',
  3 => 'auth',
  4 => 'admin',
  5 => 'totaluser',
  6 => 'totaladdon',
  7 => 'totaladmin',
  8 => 'totalcategory',
  9 => 'todayusersignup',
  10 => 'todayuserlogin',
  11 => 'sevendau',
  12 => 'thirtydau',
  13 => 'threednu',
  14 => 'sevendnu',
  15 => 'dbtablenums',
  16 => 'dbsize',
  17 => 'totalworkingaddon',
  18 => 'attachmentnums',
  19 => 'attachmentsize',
  20 => 'picturenums',
  21 => 'picturesize',
) ]
[ info ] [ BEHAVIOR ] Run app\admin\behavior\AdminLog @app_end [ RunTime:0.000040s ]
[ info ] [ LOG ] INIT File
---------------------------------------------------------------
[ 2024-11-01T14:56:14+08:00 ] 10.211.55.2 GET dev.sustens.com/MTyvDCHVOo.php/ajax/lang?callback=define&controllername=index&lang=zh-cn&v=1730444173
[运行时间：0.083920s] [吞吐率：11.92req/s] [内存消耗：302.90kb] [文件加载：90]
[ info ] [ BEHAVIOR ] Run Closure @app_init [ RunTime:0.000014s ]
[ info ] [ CACHE ] INIT File
[ info ] [ DB ] INIT mysql
[ info ] [ BEHAVIOR ] Run \addons\ldcms\Ldcms @app_init [ RunTime:0.001864s ]
[ info ] [ BEHAVIOR ] Run Closure @app_init [ RunTime:0.002000s ]
[ info ] [ BEHAVIOR ] Run app\common\behavior\Common @app_init [ RunTime:0.000125s ]
[ info ] [ LANG ] /var/webstars/sustens/thinkphp/lang/zh-cn.php
[ info ] [ BEHAVIOR ] Run app\common\behavior\Common @app_dispatch [ RunTime:0.000017s ]
[ info ] [ ROUTE ] array (
  'type' => 'module',
  'module' => 
  array (
    0 => 'admin',
    1 => 'ajax',
    2 => 'lang',
  ),
)
[ info ] [ HEADER ] array (
  'cookie' => 'thinkphp_show_page_trace=0|0; uid=2; token=50446b79-6f1c-4eb2-9abc-2c19eb7a9159; backend_language=zh-cn; thinkphp_show_page_trace=0|0; frontend_language=en; PHPSESSID=ofs8tivbb8gaklm4f5h75u50sf; keeplogin=1%7C86400%7C1730530545%7Ca1c676c2c4614b5c12311180e43af5dd',
  'accept-language' => 'zh-CN,zh;q=0.9,en;q=0.8',
  'accept-encoding' => 'gzip, deflate',
  'accept' => '*/*',
  'user-agent' => 'Mozilla/5.0 (Macintosh; Intel Mac OS X 10_15_7) AppleWebKit/537.36 (KHTML, like Gecko) Chrome/130.0.0.0 Safari/537.36',
  'connection' => 'keep-alive',
  'host' => 'dev.sustens.com',
  'content-length' => '',
  'content-type' => '',
)
[ info ] [ PARAM ] array (
  'callback' => 'define',
  'controllername' => 'index',
  'lang' => 'zh-cn',
  'v' => '1730444173',
)
[ info ] [ LANG ] /var/webstars/sustens/public/../application/admin/lang/zh-cn.php
[ info ] [ BEHAVIOR ] Run app\common\behavior\Common @module_init [ RunTime:0.000048s ]
[ info ] [ SESSION ] INIT array (
  'id' => '',
  'var_session_id' => '',
  'prefix' => 'think',
  'type' => '',
  'auto_start' => true,
)
[ info ] [ BEHAVIOR ] Run \addons\ldcms\Ldcms @config_init [ RunTime:0.000065s ]
[ info ] [ LANG ] /var/webstars/sustens/public/../application/admin/lang/zh-cn/ajax.php
[ info ] [ RUN ] app\admin\controller\Ajax->lang[ /var/webstars/sustens/application/admin/controller/Ajax.php ]
[ info ] [ LANG ] /var/webstars/sustens/public/../application/admin/lang/zh-cn/index.php
[ info ] [ BEHAVIOR ] Run app\admin\behavior\AdminLog @app_end [ RunTime:0.000037s ]
[ info ] [ LOG ] INIT File
---------------------------------------------------------------
[ 2024-11-01T14:56:14+08:00 ] 10.211.55.2 GET dev.sustens.com/MTyvDCHVOo.php/ajax/lang?callback=define&controllername=dashboard&lang=zh-cn&v=1730444174
[运行时间：0.013577s] [吞吐率：73.65req/s] [内存消耗：300.36kb] [文件加载：90]
[ info ] [ BEHAVIOR ] Run Closure @app_init [ RunTime:0.000024s ]
[ info ] [ CACHE ] INIT File
[ info ] [ DB ] INIT mysql
[ info ] [ BEHAVIOR ] Run \addons\ldcms\Ldcms @app_init [ RunTime:0.002613s ]
[ info ] [ BEHAVIOR ] Run Closure @app_init [ RunTime:0.002633s ]
[ info ] [ BEHAVIOR ] Run app\common\behavior\Common @app_init [ RunTime:0.000052s ]
[ info ] [ LANG ] /var/webstars/sustens/thinkphp/lang/zh-cn.php
[ info ] [ BEHAVIOR ] Run app\common\behavior\Common @app_dispatch [ RunTime:0.000011s ]
[ info ] [ ROUTE ] array (
  'type' => 'module',
  'module' => 
  array (
    0 => 'admin',
    1 => 'ajax',
    2 => 'lang',
  ),
)
[ info ] [ HEADER ] array (
  'cookie' => 'thinkphp_show_page_trace=0|0; uid=2; token=50446b79-6f1c-4eb2-9abc-2c19eb7a9159; backend_language=zh-cn; thinkphp_show_page_trace=0|0; frontend_language=en; PHPSESSID=ofs8tivbb8gaklm4f5h75u50sf; keeplogin=1%7C86400%7C1730530545%7Ca1c676c2c4614b5c12311180e43af5dd',
  'accept-language' => 'zh-CN,zh;q=0.9,en;q=0.8',
  'accept-encoding' => 'gzip, deflate',
  'accept' => '*/*',
  'user-agent' => 'Mozilla/5.0 (Macintosh; Intel Mac OS X 10_15_7) AppleWebKit/537.36 (KHTML, like Gecko) Chrome/130.0.0.0 Safari/537.36',
  'connection' => 'keep-alive',
  'host' => 'dev.sustens.com',
  'content-length' => '',
  'content-type' => '',
)
[ info ] [ PARAM ] array (
  'callback' => 'define',
  'controllername' => 'dashboard',
  'lang' => 'zh-cn',
  'v' => '1730444174',
)
[ info ] [ LANG ] /var/webstars/sustens/public/../application/admin/lang/zh-cn.php
[ info ] [ BEHAVIOR ] Run app\common\behavior\Common @module_init [ RunTime:0.000077s ]
[ info ] [ SESSION ] INIT array (
  'id' => '',
  'var_session_id' => '',
  'prefix' => 'think',
  'type' => '',
  'auto_start' => true,
)
[ info ] [ BEHAVIOR ] Run \addons\ldcms\Ldcms @config_init [ RunTime:0.000023s ]
[ info ] [ LANG ] /var/webstars/sustens/public/../application/admin/lang/zh-cn/ajax.php
[ info ] [ RUN ] app\admin\controller\Ajax->lang[ /var/webstars/sustens/application/admin/controller/Ajax.php ]
[ info ] [ LANG ] /var/webstars/sustens/public/../application/admin/lang/zh-cn/dashboard.php
[ info ] [ BEHAVIOR ] Run app\admin\behavior\AdminLog @app_end [ RunTime:0.000015s ]
[ info ] [ LOG ] INIT File
---------------------------------------------------------------
[ 2024-11-01T14:56:14+08:00 ] 10.211.55.2 GET dev.sustens.com/MTyvDCHVOo.php/ldcms/config?ldcms_lang=en&addtabs=1
[运行时间：0.038827s] [吞吐率：25.76req/s] [内存消耗：620.65kb] [文件加载：93]
[ info ] [ BEHAVIOR ] Run Closure @app_init [ RunTime:0.000016s ]
[ info ] [ CACHE ] INIT File
[ info ] [ DB ] INIT mysql
[ info ] [ BEHAVIOR ] Run \addons\ldcms\Ldcms @app_init [ RunTime:0.003778s ]
[ info ] [ BEHAVIOR ] Run Closure @app_init [ RunTime:0.003845s ]
[ info ] [ BEHAVIOR ] Run app\common\behavior\Common @app_init [ RunTime:0.000775s ]
[ info ] [ LANG ] /var/webstars/sustens/thinkphp/lang/zh-cn.php
[ info ] [ BEHAVIOR ] Run app\common\behavior\Common @app_dispatch [ RunTime:0.000017s ]
[ info ] [ ROUTE ] array (
  'type' => 'module',
  'module' => 
  array (
    0 => 'admin',
    1 => 'ldcms.config',
    2 => NULL,
  ),
)
[ info ] [ HEADER ] array (
  'cookie' => 'thinkphp_show_page_trace=0|0; thinkphp_show_page_trace=0|0; uid=2; token=50446b79-6f1c-4eb2-9abc-2c19eb7a9159; backend_language=zh-cn; thinkphp_show_page_trace=0|0; frontend_language=en; PHPSESSID=ofs8tivbb8gaklm4f5h75u50sf; keeplogin=1%7C86400%7C1730530545%7Ca1c676c2c4614b5c12311180e43af5dd',
  'accept-language' => 'zh-CN,zh;q=0.9,en;q=0.8',
  'accept-encoding' => 'gzip, deflate',
  'accept' => 'text/html,application/xhtml+xml,application/xml;q=0.9,image/avif,image/webp,image/apng,*/*;q=0.8,application/signed-exchange;v=b3;q=0.7',
  'user-agent' => 'Mozilla/5.0 (Macintosh; Intel Mac OS X 10_15_7) AppleWebKit/537.36 (KHTML, like Gecko) Chrome/130.0.0.0 Safari/537.36',
  'upgrade-insecure-requests' => '1',
  'connection' => 'keep-alive',
  'host' => 'dev.sustens.com',
  'content-length' => '',
  'content-type' => '',
)
[ info ] [ PARAM ] array (
  'ldcms_lang' => 'en',
  'addtabs' => '1',
)
[ info ] [ LANG ] /var/webstars/sustens/public/../application/admin/lang/zh-cn.php
[ info ] [ BEHAVIOR ] Run app\common\behavior\Common @module_init [ RunTime:0.000050s ]
[ info ] [ SESSION ] INIT array (
  'id' => '',
  'var_session_id' => '',
  'prefix' => 'think',
  'type' => '',
  'auto_start' => true,
)
[ info ] [ BEHAVIOR ] Run \addons\ldcms\Ldcms @config_init [ RunTime:0.000044s ]
[ info ] [ LANG ] /var/webstars/sustens/public/../application/admin/lang/zh-cn/ldcms/config.php
[ info ] [ RUN ] app\admin\controller\ldcms\Config->index[ /var/webstars/sustens/application/admin/controller/ldcms/Config.php ]
[ info ] [ VIEW ] /var/webstars/sustens/addons/ldcms/config.html [ array (
  0 => 'breadcrumb',
  1 => 'site',
  2 => 'config',
  3 => 'auth',
  4 => 'admin',
  5 => 'addon_config',
  6 => 'noDel',
  7 => 'typeList',
  8 => 'ruleList',
  9 => 'groupList',
  10 => 'addon',
) ]
[ info ] [ BEHAVIOR ] Run app\admin\behavior\AdminLog @app_end [ RunTime:0.000037s ]
[ info ] [ LOG ] INIT File
---------------------------------------------------------------
[ 2024-11-01T14:56:15+08:00 ] 10.211.55.2 GET dev.sustens.com/MTyvDCHVOo.php/ajax/lang?callback=define&controllername=ldcms.config&lang=zh-cn&v=1730444174
[运行时间：0.056848s] [吞吐率：17.59req/s] [内存消耗：306.68kb] [文件加载：91]
[ info ] [ BEHAVIOR ] Run Closure @app_init [ RunTime:0.000029s ]
[ info ] [ CACHE ] INIT File
[ info ] [ DB ] INIT mysql
[ info ] [ BEHAVIOR ] Run \addons\ldcms\Ldcms @app_init [ RunTime:0.002800s ]
[ info ] [ BEHAVIOR ] Run Closure @app_init [ RunTime:0.002823s ]
[ info ] [ BEHAVIOR ] Run app\common\behavior\Common @app_init [ RunTime:0.000059s ]
[ info ] [ LANG ] /var/webstars/sustens/thinkphp/lang/zh-cn.php
[ info ] [ BEHAVIOR ] Run app\common\behavior\Common @app_dispatch [ RunTime:0.000014s ]
[ info ] [ ROUTE ] array (
  'type' => 'module',
  'module' => 
  array (
    0 => 'admin',
    1 => 'ajax',
    2 => 'lang',
  ),
)
[ info ] [ HEADER ] array (
  'cookie' => 'thinkphp_show_page_trace=0|0; uid=2; token=50446b79-6f1c-4eb2-9abc-2c19eb7a9159; thinkphp_show_page_trace=0|0; frontend_language=en; PHPSESSID=ofs8tivbb8gaklm4f5h75u50sf; keeplogin=1%7C86400%7C1730530545%7Ca1c676c2c4614b5c12311180e43af5dd; backend_language=en',
  'accept-language' => 'zh-CN,zh;q=0.9,en;q=0.8',
  'accept-encoding' => 'gzip, deflate',
  'accept' => '*/*',
  'user-agent' => 'Mozilla/5.0 (Macintosh; Intel Mac OS X 10_15_7) AppleWebKit/537.36 (KHTML, like Gecko) Chrome/130.0.0.0 Safari/537.36',
  'connection' => 'keep-alive',
  'host' => 'dev.sustens.com',
  'content-length' => '',
  'content-type' => '',
)
[ info ] [ PARAM ] array (
  'callback' => 'define',
  'controllername' => 'ldcms.config',
  'lang' => 'zh-cn',
  'v' => '1730444174',
)
[ info ] [ LANG ] /var/webstars/sustens/public/../application/admin/lang/zh-cn.php
[ info ] [ BEHAVIOR ] Run app\common\behavior\Common @module_init [ RunTime:0.000060s ]
[ info ] [ SESSION ] INIT array (
  'id' => '',
  'var_session_id' => '',
  'prefix' => 'think',
  'type' => '',
  'auto_start' => true,
)
[ info ] [ BEHAVIOR ] Run \addons\ldcms\Ldcms @config_init [ RunTime:0.000126s ]
[ info ] [ LANG ] /var/webstars/sustens/public/../application/admin/lang/zh-cn/ajax.php
[ info ] [ RUN ] app\admin\controller\Ajax->lang[ /var/webstars/sustens/application/admin/controller/Ajax.php ]
[ info ] [ LANG ] /var/webstars/sustens/public/../application/admin/lang/zh-cn/ldcms/config.php
[ info ] [ BEHAVIOR ] Run app\admin\behavior\AdminLog @app_end [ RunTime:0.000024s ]
[ info ] [ LOG ] INIT File
---------------------------------------------------------------
[ 2024-11-01T14:56:19+08:00 ] 10.211.55.2 GET dev.sustens.com/MTyvDCHVOo.php/ldcms/config?ref=addtabs&ldcms_lang=zh-cn
[运行时间：0.034415s] [吞吐率：29.06req/s] [内存消耗：556.42kb] [文件加载：90]
[ info ] [ BEHAVIOR ] Run Closure @app_init [ RunTime:0.000548s ]
[ info ] [ CACHE ] INIT File
[ info ] [ DB ] INIT mysql
[ info ] [ BEHAVIOR ] Run \addons\ldcms\Ldcms @app_init [ RunTime:0.002680s ]
[ info ] [ BEHAVIOR ] Run Closure @app_init [ RunTime:0.002706s ]
[ info ] [ BEHAVIOR ] Run app\common\behavior\Common @app_init [ RunTime:0.000121s ]
[ info ] [ LANG ] /var/webstars/sustens/thinkphp/lang/zh-cn.php
[ info ] [ BEHAVIOR ] Run app\common\behavior\Common @app_dispatch [ RunTime:0.000015s ]
[ info ] [ ROUTE ] array (
  'type' => 'module',
  'module' => 
  array (
    0 => 'admin',
    1 => 'ldcms.config',
    2 => NULL,
  ),
)
[ info ] [ HEADER ] array (
  'cookie' => 'thinkphp_show_page_trace=0|0; thinkphp_show_page_trace=0|0; uid=2; token=50446b79-6f1c-4eb2-9abc-2c19eb7a9159; thinkphp_show_page_trace=0|0; frontend_language=en; PHPSESSID=ofs8tivbb8gaklm4f5h75u50sf; keeplogin=1%7C86400%7C1730530545%7Ca1c676c2c4614b5c12311180e43af5dd; backend_language=en',
  'accept-language' => 'zh-CN,zh;q=0.9,en;q=0.8',
  'accept-encoding' => 'gzip, deflate',
  'accept' => 'text/html,application/xhtml+xml,application/xml;q=0.9,image/avif,image/webp,image/apng,*/*;q=0.8,application/signed-exchange;v=b3;q=0.7',
  'user-agent' => 'Mozilla/5.0 (Macintosh; Intel Mac OS X 10_15_7) AppleWebKit/537.36 (KHTML, like Gecko) Chrome/130.0.0.0 Safari/537.36',
  'upgrade-insecure-requests' => '1',
  'connection' => 'keep-alive',
  'host' => 'dev.sustens.com',
  'content-length' => '',
  'content-type' => '',
)
[ info ] [ PARAM ] array (
  'ref' => 'addtabs',
  'ldcms_lang' => 'zh-cn',
)
[ info ] [ LANG ] /var/webstars/sustens/public/../application/admin/lang/zh-cn.php
[ info ] [ BEHAVIOR ] Run app\common\behavior\Common @module_init [ RunTime:0.000065s ]
[ info ] [ SESSION ] INIT array (
  'id' => '',
  'var_session_id' => '',
  'prefix' => 'think',
  'type' => '',
  'auto_start' => true,
)
[ info ] [ BEHAVIOR ] Run app\admin\behavior\AdminLog @app_end [ RunTime:0.000031s ]
[ info ] [ LOG ] INIT File
---------------------------------------------------------------
[ 2024-11-01T14:56:19+08:00 ] 10.211.55.2 GET dev.sustens.com/MTyvDCHVOo.php/index/index
[运行时间：0.049049s] [吞吐率：20.39req/s] [内存消耗：709.72kb] [文件加载：96]
[ info ] [ BEHAVIOR ] Run Closure @app_init [ RunTime:0.000024s ]
[ info ] [ CACHE ] INIT File
[ info ] [ DB ] INIT mysql
[ info ] [ BEHAVIOR ] Run \addons\ldcms\Ldcms @app_init [ RunTime:0.004724s ]
[ info ] [ BEHAVIOR ] Run Closure @app_init [ RunTime:0.004758s ]
[ info ] [ BEHAVIOR ] Run app\common\behavior\Common @app_init [ RunTime:0.000390s ]
[ info ] [ LANG ] /var/webstars/sustens/thinkphp/lang/zh-cn.php
[ info ] [ BEHAVIOR ] Run app\common\behavior\Common @app_dispatch [ RunTime:0.000029s ]
[ info ] [ ROUTE ] array (
  'type' => 'module',
  'module' => 
  array (
    0 => 'admin',
    1 => 'index',
    2 => 'index',
  ),
)
[ info ] [ HEADER ] array (
  'cookie' => 'thinkphp_show_page_trace=0|0; thinkphp_show_page_trace=0|0; uid=2; token=50446b79-6f1c-4eb2-9abc-2c19eb7a9159; thinkphp_show_page_trace=0|0; frontend_language=en; PHPSESSID=ofs8tivbb8gaklm4f5h75u50sf; keeplogin=1%7C86400%7C1730530545%7Ca1c676c2c4614b5c12311180e43af5dd; backend_language=en',
  'accept-language' => 'zh-CN,zh;q=0.9,en;q=0.8',
  'accept-encoding' => 'gzip, deflate',
  'accept' => 'text/html,application/xhtml+xml,application/xml;q=0.9,image/avif,image/webp,image/apng,*/*;q=0.8,application/signed-exchange;v=b3;q=0.7',
  'user-agent' => 'Mozilla/5.0 (Macintosh; Intel Mac OS X 10_15_7) AppleWebKit/537.36 (KHTML, like Gecko) Chrome/130.0.0.0 Safari/537.36',
  'upgrade-insecure-requests' => '1',
  'connection' => 'keep-alive',
  'host' => 'dev.sustens.com',
  'content-length' => '',
  'content-type' => '',
)
[ info ] [ PARAM ] array (
)
[ info ] [ LANG ] /var/webstars/sustens/public/../application/admin/lang/zh-cn.php
[ info ] [ BEHAVIOR ] Run app\common\behavior\Common @module_init [ RunTime:0.000106s ]
[ info ] [ SESSION ] INIT array (
  'id' => '',
  'var_session_id' => '',
  'prefix' => 'think',
  'type' => '',
  'auto_start' => true,
)
[ info ] [ BEHAVIOR ] Run \addons\ldcms\Ldcms @config_init [ RunTime:0.000034s ]
[ info ] [ LANG ] /var/webstars/sustens/public/../application/admin/lang/zh-cn/index.php
[ info ] [ RUN ] app\admin\controller\Index->index[ /var/webstars/sustens/application/admin/controller/Index.php ]
[ info ] [ VIEW ] /var/webstars/sustens/public/../application/admin/view/index/index.html [ array (
  0 => 'breadcrumb',
  1 => 'site',
  2 => 'config',
  3 => 'auth',
  4 => 'admin',
  5 => 'menulist',
  6 => 'navlist',
  7 => 'fixedmenu',
  8 => 'referermenu',
  9 => 'title',
) ]
[ info ] [ BEHAVIOR ] Run app\admin\behavior\AdminLog @app_end [ RunTime:0.000028s ]
[ info ] [ LOG ] INIT File
---------------------------------------------------------------
[ 2024-11-01T14:56:19+08:00 ] 10.211.55.2 GET dev.sustens.com/MTyvDCHVOo.php/dashboard?addtabs=1
[运行时间：0.140952s] [吞吐率：7.09req/s] [内存消耗：682.73kb] [文件加载：96]
[ info ] [ BEHAVIOR ] Run Closure @app_init [ RunTime:0.000023s ]
[ info ] [ CACHE ] INIT File
[ info ] [ DB ] INIT mysql
[ info ] [ BEHAVIOR ] Run \addons\ldcms\Ldcms @app_init [ RunTime:0.002031s ]
[ info ] [ BEHAVIOR ] Run Closure @app_init [ RunTime:0.002055s ]
[ info ] [ BEHAVIOR ] Run app\common\behavior\Common @app_init [ RunTime:0.000062s ]
[ info ] [ LANG ] /var/webstars/sustens/thinkphp/lang/zh-cn.php
[ info ] [ BEHAVIOR ] Run app\common\behavior\Common @app_dispatch [ RunTime:0.000013s ]
[ info ] [ ROUTE ] array (
  'type' => 'module',
  'module' => 
  array (
    0 => 'admin',
    1 => 'dashboard',
    2 => NULL,
  ),
)
[ info ] [ HEADER ] array (
  'cookie' => 'thinkphp_show_page_trace=0|0; uid=2; token=50446b79-6f1c-4eb2-9abc-2c19eb7a9159; thinkphp_show_page_trace=0|0; frontend_language=en; PHPSESSID=ofs8tivbb8gaklm4f5h75u50sf; keeplogin=1%7C86400%7C1730530545%7Ca1c676c2c4614b5c12311180e43af5dd; backend_language=en',
  'accept-language' => 'zh-CN,zh;q=0.9,en;q=0.8',
  'accept-encoding' => 'gzip, deflate',
  'accept' => 'text/html,application/xhtml+xml,application/xml;q=0.9,image/avif,image/webp,image/apng,*/*;q=0.8,application/signed-exchange;v=b3;q=0.7',
  'user-agent' => 'Mozilla/5.0 (Macintosh; Intel Mac OS X 10_15_7) AppleWebKit/537.36 (KHTML, like Gecko) Chrome/130.0.0.0 Safari/537.36',
  'upgrade-insecure-requests' => '1',
  'connection' => 'keep-alive',
  'host' => 'dev.sustens.com',
  'content-length' => '',
  'content-type' => '',
)
[ info ] [ PARAM ] array (
  'addtabs' => '1',
)
[ info ] [ LANG ] /var/webstars/sustens/public/../application/admin/lang/zh-cn.php
[ info ] [ BEHAVIOR ] Run app\common\behavior\Common @module_init [ RunTime:0.000062s ]
[ info ] [ SESSION ] INIT array (
  'id' => '',
  'var_session_id' => '',
  'prefix' => 'think',
  'type' => '',
  'auto_start' => true,
)
[ info ] [ BEHAVIOR ] Run \addons\ldcms\Ldcms @config_init [ RunTime:0.000038s ]
[ info ] [ LANG ] /var/webstars/sustens/public/../application/admin/lang/zh-cn/dashboard.php
[ info ] [ RUN ] app\admin\controller\Dashboard->index[ /var/webstars/sustens/application/admin/controller/Dashboard.php ]
[ info ] [ VIEW ] /var/webstars/sustens/public/../application/admin/view/dashboard/index.html [ array (
  0 => 'breadcrumb',
  1 => 'site',
  2 => 'config',
  3 => 'auth',
  4 => 'admin',
  5 => 'totaluser',
  6 => 'totaladdon',
  7 => 'totaladmin',
  8 => 'totalcategory',
  9 => 'todayusersignup',
  10 => 'todayuserlogin',
  11 => 'sevendau',
  12 => 'thirtydau',
  13 => 'threednu',
  14 => 'sevendnu',
  15 => 'dbtablenums',
  16 => 'dbsize',
  17 => 'totalworkingaddon',
  18 => 'attachmentnums',
  19 => 'attachmentsize',
  20 => 'picturenums',
  21 => 'picturesize',
) ]
[ info ] [ BEHAVIOR ] Run app\admin\behavior\AdminLog @app_end [ RunTime:0.000026s ]
[ info ] [ LOG ] INIT File
---------------------------------------------------------------
[ 2024-11-01T14:56:19+08:00 ] 10.211.55.2 GET dev.sustens.com/MTyvDCHVOo.php/ajax/lang?callback=define&controllername=index&lang=zh-cn&v=1730444179
[运行时间：0.089834s] [吞吐率：11.13req/s] [内存消耗：302.90kb] [文件加载：90]
[ info ] [ BEHAVIOR ] Run Closure @app_init [ RunTime:0.000027s ]
[ info ] [ CACHE ] INIT File
[ info ] [ DB ] INIT mysql
[ info ] [ BEHAVIOR ] Run \addons\ldcms\Ldcms @app_init [ RunTime:0.002461s ]
[ info ] [ BEHAVIOR ] Run Closure @app_init [ RunTime:0.002488s ]
[ info ] [ BEHAVIOR ] Run app\common\behavior\Common @app_init [ RunTime:0.000057s ]
[ info ] [ LANG ] /var/webstars/sustens/thinkphp/lang/zh-cn.php
[ info ] [ BEHAVIOR ] Run app\common\behavior\Common @app_dispatch [ RunTime:0.000014s ]
[ info ] [ ROUTE ] array (
  'type' => 'module',
  'module' => 
  array (
    0 => 'admin',
    1 => 'ajax',
    2 => 'lang',
  ),
)
[ info ] [ HEADER ] array (
  'cookie' => 'thinkphp_show_page_trace=0|0; uid=2; token=50446b79-6f1c-4eb2-9abc-2c19eb7a9159; thinkphp_show_page_trace=0|0; frontend_language=en; PHPSESSID=ofs8tivbb8gaklm4f5h75u50sf; keeplogin=1%7C86400%7C1730530545%7Ca1c676c2c4614b5c12311180e43af5dd; backend_language=en',
  'accept-language' => 'zh-CN,zh;q=0.9,en;q=0.8',
  'accept-encoding' => 'gzip, deflate',
  'accept' => '*/*',
  'user-agent' => 'Mozilla/5.0 (Macintosh; Intel Mac OS X 10_15_7) AppleWebKit/537.36 (KHTML, like Gecko) Chrome/130.0.0.0 Safari/537.36',
  'connection' => 'keep-alive',
  'host' => 'dev.sustens.com',
  'content-length' => '',
  'content-type' => '',
)
[ info ] [ PARAM ] array (
  'callback' => 'define',
  'controllername' => 'index',
  'lang' => 'zh-cn',
  'v' => '1730444179',
)
[ info ] [ LANG ] /var/webstars/sustens/public/../application/admin/lang/zh-cn.php
[ info ] [ BEHAVIOR ] Run app\common\behavior\Common @module_init [ RunTime:0.000077s ]
[ info ] [ SESSION ] INIT array (
  'id' => '',
  'var_session_id' => '',
  'prefix' => 'think',
  'type' => '',
  'auto_start' => true,
)
[ info ] [ BEHAVIOR ] Run \addons\ldcms\Ldcms @config_init [ RunTime:0.000053s ]
[ info ] [ LANG ] /var/webstars/sustens/public/../application/admin/lang/zh-cn/ajax.php
[ info ] [ RUN ] app\admin\controller\Ajax->lang[ /var/webstars/sustens/application/admin/controller/Ajax.php ]
[ info ] [ LANG ] /var/webstars/sustens/public/../application/admin/lang/zh-cn/index.php
[ info ] [ BEHAVIOR ] Run app\admin\behavior\AdminLog @app_end [ RunTime:0.000019s ]
[ info ] [ LOG ] INIT File
---------------------------------------------------------------
[ 2024-11-01T14:56:19+08:00 ] 10.211.55.2 GET dev.sustens.com/MTyvDCHVOo.php/ajax/lang?callback=define&controllername=dashboard&lang=zh-cn&v=1730444179
[运行时间：0.094752s] [吞吐率：10.55req/s] [内存消耗：300.36kb] [文件加载：90]
[ info ] [ BEHAVIOR ] Run Closure @app_init [ RunTime:0.000062s ]
[ info ] [ CACHE ] INIT File
[ info ] [ DB ] INIT mysql
[ info ] [ BEHAVIOR ] Run \addons\ldcms\Ldcms @app_init [ RunTime:0.020491s ]
[ info ] [ BEHAVIOR ] Run Closure @app_init [ RunTime:0.020580s ]
[ info ] [ BEHAVIOR ] Run app\common\behavior\Common @app_init [ RunTime:0.000195s ]
[ info ] [ LANG ] /var/webstars/sustens/thinkphp/lang/zh-cn.php
[ info ] [ BEHAVIOR ] Run app\common\behavior\Common @app_dispatch [ RunTime:0.000022s ]
[ info ] [ ROUTE ] array (
  'type' => 'module',
  'module' => 
  array (
    0 => 'admin',
    1 => 'ajax',
    2 => 'lang',
  ),
)
[ info ] [ HEADER ] array (
  'cookie' => 'thinkphp_show_page_trace=0|0; uid=2; token=50446b79-6f1c-4eb2-9abc-2c19eb7a9159; thinkphp_show_page_trace=0|0; frontend_language=en; PHPSESSID=ofs8tivbb8gaklm4f5h75u50sf; keeplogin=1%7C86400%7C1730530545%7Ca1c676c2c4614b5c12311180e43af5dd; backend_language=en',
  'accept-language' => 'zh-CN,zh;q=0.9,en;q=0.8',
  'accept-encoding' => 'gzip, deflate',
  'accept' => '*/*',
  'user-agent' => 'Mozilla/5.0 (Macintosh; Intel Mac OS X 10_15_7) AppleWebKit/537.36 (KHTML, like Gecko) Chrome/130.0.0.0 Safari/537.36',
  'connection' => 'keep-alive',
  'host' => 'dev.sustens.com',
  'content-length' => '',
  'content-type' => '',
)
[ info ] [ PARAM ] array (
  'callback' => 'define',
  'controllername' => 'dashboard',
  'lang' => 'zh-cn',
  'v' => '1730444179',
)
[ info ] [ LANG ] /var/webstars/sustens/public/../application/admin/lang/zh-cn.php
[ info ] [ BEHAVIOR ] Run app\common\behavior\Common @module_init [ RunTime:0.000353s ]
[ info ] [ SESSION ] INIT array (
  'id' => '',
  'var_session_id' => '',
  'prefix' => 'think',
  'type' => '',
  'auto_start' => true,
)
[ info ] [ BEHAVIOR ] Run \addons\ldcms\Ldcms @config_init [ RunTime:0.000034s ]
[ info ] [ LANG ] /var/webstars/sustens/public/../application/admin/lang/zh-cn/ajax.php
[ info ] [ RUN ] app\admin\controller\Ajax->lang[ /var/webstars/sustens/application/admin/controller/Ajax.php ]
[ info ] [ LANG ] /var/webstars/sustens/public/../application/admin/lang/zh-cn/dashboard.php
[ info ] [ BEHAVIOR ] Run app\admin\behavior\AdminLog @app_end [ RunTime:0.000022s ]
[ info ] [ LOG ] INIT File
---------------------------------------------------------------
[ 2024-11-01T14:56:20+08:00 ] 10.211.55.2 GET dev.sustens.com/MTyvDCHVOo.php/ldcms/config?ldcms_lang=zh-cn&addtabs=1
[运行时间：0.150846s] [吞吐率：6.63req/s] [内存消耗：620.53kb] [文件加载：93]
[ info ] [ BEHAVIOR ] Run Closure @app_init [ RunTime:0.000026s ]
[ info ] [ CACHE ] INIT File
[ info ] [ DB ] INIT mysql
[ info ] [ BEHAVIOR ] Run \addons\ldcms\Ldcms @app_init [ RunTime:0.004951s ]
[ info ] [ BEHAVIOR ] Run Closure @app_init [ RunTime:0.004986s ]
[ info ] [ BEHAVIOR ] Run app\common\behavior\Common @app_init [ RunTime:0.000122s ]
[ info ] [ LANG ] /var/webstars/sustens/thinkphp/lang/zh-cn.php
[ info ] [ BEHAVIOR ] Run app\common\behavior\Common @app_dispatch [ RunTime:0.000025s ]
[ info ] [ ROUTE ] array (
  'type' => 'module',
  'module' => 
  array (
    0 => 'admin',
    1 => 'ldcms.config',
    2 => NULL,
  ),
)
[ info ] [ HEADER ] array (
  'cookie' => 'thinkphp_show_page_trace=0|0; thinkphp_show_page_trace=0|0; uid=2; token=50446b79-6f1c-4eb2-9abc-2c19eb7a9159; thinkphp_show_page_trace=0|0; frontend_language=en; PHPSESSID=ofs8tivbb8gaklm4f5h75u50sf; keeplogin=1%7C86400%7C1730530545%7Ca1c676c2c4614b5c12311180e43af5dd; backend_language=en',
  'accept-language' => 'zh-CN,zh;q=0.9,en;q=0.8',
  'accept-encoding' => 'gzip, deflate',
  'accept' => 'text/html,application/xhtml+xml,application/xml;q=0.9,image/avif,image/webp,image/apng,*/*;q=0.8,application/signed-exchange;v=b3;q=0.7',
  'user-agent' => 'Mozilla/5.0 (Macintosh; Intel Mac OS X 10_15_7) AppleWebKit/537.36 (KHTML, like Gecko) Chrome/130.0.0.0 Safari/537.36',
  'upgrade-insecure-requests' => '1',
  'connection' => 'keep-alive',
  'host' => 'dev.sustens.com',
  'content-length' => '',
  'content-type' => '',
)
[ info ] [ PARAM ] array (
  'ldcms_lang' => 'zh-cn',
  'addtabs' => '1',
)
[ info ] [ LANG ] /var/webstars/sustens/public/../application/admin/lang/zh-cn.php
[ info ] [ BEHAVIOR ] Run app\common\behavior\Common @module_init [ RunTime:0.000066s ]
[ info ] [ SESSION ] INIT array (
  'id' => '',
  'var_session_id' => '',
  'prefix' => 'think',
  'type' => '',
  'auto_start' => true,
)
[ info ] [ BEHAVIOR ] Run \addons\ldcms\Ldcms @config_init [ RunTime:0.000039s ]
[ info ] [ LANG ] /var/webstars/sustens/public/../application/admin/lang/zh-cn/ldcms/config.php
[ info ] [ RUN ] app\admin\controller\ldcms\Config->index[ /var/webstars/sustens/application/admin/controller/ldcms/Config.php ]
[ info ] [ VIEW ] /var/webstars/sustens/addons/ldcms/config.html [ array (
  0 => 'breadcrumb',
  1 => 'site',
  2 => 'config',
  3 => 'auth',
  4 => 'admin',
  5 => 'addon_config',
  6 => 'noDel',
  7 => 'typeList',
  8 => 'ruleList',
  9 => 'groupList',
  10 => 'addon',
) ]
[ info ] [ BEHAVIOR ] Run app\admin\behavior\AdminLog @app_end [ RunTime:0.000030s ]
[ info ] [ LOG ] INIT File
---------------------------------------------------------------
[ 2024-11-01T14:56:20+08:00 ] 10.211.55.2 GET dev.sustens.com/MTyvDCHVOo.php/ajax/lang?callback=define&controllername=ldcms.config&lang=zh-cn&v=1730444180
[运行时间：0.043769s] [吞吐率：22.85req/s] [内存消耗：306.68kb] [文件加载：91]
[ info ] [ BEHAVIOR ] Run Closure @app_init [ RunTime:0.000141s ]
[ info ] [ CACHE ] INIT File
[ info ] [ DB ] INIT mysql
[ info ] [ BEHAVIOR ] Run \addons\ldcms\Ldcms @app_init [ RunTime:0.003016s ]
[ info ] [ BEHAVIOR ] Run Closure @app_init [ RunTime:0.003035s ]
[ info ] [ BEHAVIOR ] Run app\common\behavior\Common @app_init [ RunTime:0.000046s ]
[ info ] [ LANG ] /var/webstars/sustens/thinkphp/lang/zh-cn.php
[ info ] [ BEHAVIOR ] Run app\common\behavior\Common @app_dispatch [ RunTime:0.000010s ]
[ info ] [ ROUTE ] array (
  'type' => 'module',
  'module' => 
  array (
    0 => 'admin',
    1 => 'ajax',
    2 => 'lang',
  ),
)
[ info ] [ HEADER ] array (
  'cookie' => 'thinkphp_show_page_trace=0|0; uid=2; token=50446b79-6f1c-4eb2-9abc-2c19eb7a9159; thinkphp_show_page_trace=0|0; frontend_language=en; PHPSESSID=ofs8tivbb8gaklm4f5h75u50sf; keeplogin=1%7C86400%7C1730530545%7Ca1c676c2c4614b5c12311180e43af5dd; backend_language=zh-cn',
  'accept-language' => 'zh-CN,zh;q=0.9,en;q=0.8',
  'accept-encoding' => 'gzip, deflate',
  'accept' => '*/*',
  'user-agent' => 'Mozilla/5.0 (Macintosh; Intel Mac OS X 10_15_7) AppleWebKit/537.36 (KHTML, like Gecko) Chrome/130.0.0.0 Safari/537.36',
  'connection' => 'keep-alive',
  'host' => 'dev.sustens.com',
  'content-length' => '',
  'content-type' => '',
)
[ info ] [ PARAM ] array (
  'callback' => 'define',
  'controllername' => 'ldcms.config',
  'lang' => 'zh-cn',
  'v' => '1730444180',
)
[ info ] [ LANG ] /var/webstars/sustens/public/../application/admin/lang/zh-cn.php
[ info ] [ BEHAVIOR ] Run app\common\behavior\Common @module_init [ RunTime:0.000114s ]
[ info ] [ SESSION ] INIT array (
  'id' => '',
  'var_session_id' => '',
  'prefix' => 'think',
  'type' => '',
  'auto_start' => true,
)
[ info ] [ BEHAVIOR ] Run \addons\ldcms\Ldcms @config_init [ RunTime:0.000023s ]
[ info ] [ LANG ] /var/webstars/sustens/public/../application/admin/lang/zh-cn/ajax.php
[ info ] [ RUN ] app\admin\controller\Ajax->lang[ /var/webstars/sustens/application/admin/controller/Ajax.php ]
[ info ] [ LANG ] /var/webstars/sustens/public/../application/admin/lang/zh-cn/ldcms/config.php
[ info ] [ BEHAVIOR ] Run app\admin\behavior\AdminLog @app_end [ RunTime:0.000015s ]
[ info ] [ LOG ] INIT File
---------------------------------------------------------------
[ 2024-11-01T14:56:24+08:00 ] 10.211.55.2 GET dev.sustens.com/MTyvDCHVOo.php/ldcms/config?ref=addtabs&ldcms_lang=en
[运行时间：0.026698s] [吞吐率：37.46req/s] [内存消耗：556.55kb] [文件加载：90]
[ info ] [ BEHAVIOR ] Run Closure @app_init [ RunTime:0.000016s ]
[ info ] [ CACHE ] INIT File
[ info ] [ DB ] INIT mysql
[ info ] [ BEHAVIOR ] Run \addons\ldcms\Ldcms @app_init [ RunTime:0.003550s ]
[ info ] [ BEHAVIOR ] Run Closure @app_init [ RunTime:0.003578s ]
[ info ] [ BEHAVIOR ] Run app\common\behavior\Common @app_init [ RunTime:0.000144s ]
[ info ] [ LANG ] /var/webstars/sustens/thinkphp/lang/zh-cn.php
[ info ] [ BEHAVIOR ] Run app\common\behavior\Common @app_dispatch [ RunTime:0.000016s ]
[ info ] [ ROUTE ] array (
  'type' => 'module',
  'module' => 
  array (
    0 => 'admin',
    1 => 'ldcms.config',
    2 => NULL,
  ),
)
[ info ] [ HEADER ] array (
  'cookie' => 'thinkphp_show_page_trace=0|0; thinkphp_show_page_trace=0|0; uid=2; token=50446b79-6f1c-4eb2-9abc-2c19eb7a9159; thinkphp_show_page_trace=0|0; frontend_language=en; PHPSESSID=ofs8tivbb8gaklm4f5h75u50sf; keeplogin=1%7C86400%7C1730530545%7Ca1c676c2c4614b5c12311180e43af5dd; backend_language=zh-cn',
  'accept-language' => 'zh-CN,zh;q=0.9,en;q=0.8',
  'accept-encoding' => 'gzip, deflate',
  'accept' => 'text/html,application/xhtml+xml,application/xml;q=0.9,image/avif,image/webp,image/apng,*/*;q=0.8,application/signed-exchange;v=b3;q=0.7',
  'user-agent' => 'Mozilla/5.0 (Macintosh; Intel Mac OS X 10_15_7) AppleWebKit/537.36 (KHTML, like Gecko) Chrome/130.0.0.0 Safari/537.36',
  'upgrade-insecure-requests' => '1',
  'connection' => 'keep-alive',
  'host' => 'dev.sustens.com',
  'content-length' => '',
  'content-type' => '',
)
[ info ] [ PARAM ] array (
  'ref' => 'addtabs',
  'ldcms_lang' => 'en',
)
[ info ] [ LANG ] /var/webstars/sustens/public/../application/admin/lang/zh-cn.php
[ info ] [ BEHAVIOR ] Run app\common\behavior\Common @module_init [ RunTime:0.000063s ]
[ info ] [ SESSION ] INIT array (
  'id' => '',
  'var_session_id' => '',
  'prefix' => 'think',
  'type' => '',
  'auto_start' => true,
)
[ info ] [ BEHAVIOR ] Run app\admin\behavior\AdminLog @app_end [ RunTime:0.000027s ]
[ info ] [ LOG ] INIT File
---------------------------------------------------------------
[ 2024-11-01T14:56:24+08:00 ] 10.211.55.2 GET dev.sustens.com/MTyvDCHVOo.php/index/index
[运行时间：0.037509s] [吞吐率：26.66req/s] [内存消耗：709.84kb] [文件加载：96]
[ info ] [ BEHAVIOR ] Run Closure @app_init [ RunTime:0.000023s ]
[ info ] [ CACHE ] INIT File
[ info ] [ DB ] INIT mysql
[ info ] [ BEHAVIOR ] Run \addons\ldcms\Ldcms @app_init [ RunTime:0.006603s ]
[ info ] [ BEHAVIOR ] Run Closure @app_init [ RunTime:0.006626s ]
[ info ] [ BEHAVIOR ] Run app\common\behavior\Common @app_init [ RunTime:0.000058s ]
[ info ] [ LANG ] /var/webstars/sustens/thinkphp/lang/zh-cn.php
[ info ] [ BEHAVIOR ] Run app\common\behavior\Common @app_dispatch [ RunTime:0.000012s ]
[ info ] [ ROUTE ] array (
  'type' => 'module',
  'module' => 
  array (
    0 => 'admin',
    1 => 'index',
    2 => 'index',
  ),
)
[ info ] [ HEADER ] array (
  'cookie' => 'thinkphp_show_page_trace=0|0; thinkphp_show_page_trace=0|0; uid=2; token=50446b79-6f1c-4eb2-9abc-2c19eb7a9159; thinkphp_show_page_trace=0|0; frontend_language=en; PHPSESSID=ofs8tivbb8gaklm4f5h75u50sf; keeplogin=1%7C86400%7C1730530545%7Ca1c676c2c4614b5c12311180e43af5dd; backend_language=zh-cn',
  'accept-language' => 'zh-CN,zh;q=0.9,en;q=0.8',
  'accept-encoding' => 'gzip, deflate',
  'accept' => 'text/html,application/xhtml+xml,application/xml;q=0.9,image/avif,image/webp,image/apng,*/*;q=0.8,application/signed-exchange;v=b3;q=0.7',
  'user-agent' => 'Mozilla/5.0 (Macintosh; Intel Mac OS X 10_15_7) AppleWebKit/537.36 (KHTML, like Gecko) Chrome/130.0.0.0 Safari/537.36',
  'upgrade-insecure-requests' => '1',
  'connection' => 'keep-alive',
  'host' => 'dev.sustens.com',
  'content-length' => '',
  'content-type' => '',
)
[ info ] [ PARAM ] array (
)
[ info ] [ LANG ] /var/webstars/sustens/public/../application/admin/lang/zh-cn.php
[ info ] [ BEHAVIOR ] Run app\common\behavior\Common @module_init [ RunTime:0.000087s ]
[ info ] [ SESSION ] INIT array (
  'id' => '',
  'var_session_id' => '',
  'prefix' => 'think',
  'type' => '',
  'auto_start' => true,
)
[ info ] [ BEHAVIOR ] Run \addons\ldcms\Ldcms @config_init [ RunTime:0.000027s ]
[ info ] [ LANG ] /var/webstars/sustens/public/../application/admin/lang/zh-cn/index.php
[ info ] [ RUN ] app\admin\controller\Index->index[ /var/webstars/sustens/application/admin/controller/Index.php ]
[ info ] [ VIEW ] /var/webstars/sustens/public/../application/admin/view/index/index.html [ array (
  0 => 'breadcrumb',
  1 => 'site',
  2 => 'config',
  3 => 'auth',
  4 => 'admin',
  5 => 'menulist',
  6 => 'navlist',
  7 => 'fixedmenu',
  8 => 'referermenu',
  9 => 'title',
) ]
[ info ] [ BEHAVIOR ] Run app\admin\behavior\AdminLog @app_end [ RunTime:0.000025s ]
[ info ] [ LOG ] INIT File
---------------------------------------------------------------
[ 2024-11-01T14:56:24+08:00 ] 10.211.55.2 GET dev.sustens.com/MTyvDCHVOo.php/dashboard?addtabs=1
[运行时间：0.132193s] [吞吐率：7.56req/s] [内存消耗：682.73kb] [文件加载：96]
[ info ] [ BEHAVIOR ] Run Closure @app_init [ RunTime:0.000021s ]
[ info ] [ CACHE ] INIT File
[ info ] [ DB ] INIT mysql
[ info ] [ BEHAVIOR ] Run \addons\ldcms\Ldcms @app_init [ RunTime:0.003990s ]
[ info ] [ BEHAVIOR ] Run Closure @app_init [ RunTime:0.004010s ]
[ info ] [ BEHAVIOR ] Run app\common\behavior\Common @app_init [ RunTime:0.000283s ]
[ info ] [ LANG ] /var/webstars/sustens/thinkphp/lang/zh-cn.php
[ info ] [ BEHAVIOR ] Run app\common\behavior\Common @app_dispatch [ RunTime:0.000119s ]
[ info ] [ ROUTE ] array (
  'type' => 'module',
  'module' => 
  array (
    0 => 'admin',
    1 => 'dashboard',
    2 => NULL,
  ),
)
[ info ] [ HEADER ] array (
  'cookie' => 'thinkphp_show_page_trace=0|0; uid=2; token=50446b79-6f1c-4eb2-9abc-2c19eb7a9159; thinkphp_show_page_trace=0|0; frontend_language=en; PHPSESSID=ofs8tivbb8gaklm4f5h75u50sf; keeplogin=1%7C86400%7C1730530545%7Ca1c676c2c4614b5c12311180e43af5dd; backend_language=zh-cn',
  'accept-language' => 'zh-CN,zh;q=0.9,en;q=0.8',
  'accept-encoding' => 'gzip, deflate',
  'accept' => 'text/html,application/xhtml+xml,application/xml;q=0.9,image/avif,image/webp,image/apng,*/*;q=0.8,application/signed-exchange;v=b3;q=0.7',
  'user-agent' => 'Mozilla/5.0 (Macintosh; Intel Mac OS X 10_15_7) AppleWebKit/537.36 (KHTML, like Gecko) Chrome/130.0.0.0 Safari/537.36',
  'upgrade-insecure-requests' => '1',
  'connection' => 'keep-alive',
  'host' => 'dev.sustens.com',
  'content-length' => '',
  'content-type' => '',
)
[ info ] [ PARAM ] array (
  'addtabs' => '1',
)
[ info ] [ LANG ] /var/webstars/sustens/public/../application/admin/lang/zh-cn.php
[ info ] [ BEHAVIOR ] Run app\common\behavior\Common @module_init [ RunTime:0.000102s ]
[ info ] [ SESSION ] INIT array (
  'id' => '',
  'var_session_id' => '',
  'prefix' => 'think',
  'type' => '',
  'auto_start' => true,
)
[ info ] [ BEHAVIOR ] Run \addons\ldcms\Ldcms @config_init [ RunTime:0.000036s ]
[ info ] [ LANG ] /var/webstars/sustens/public/../application/admin/lang/zh-cn/dashboard.php
[ info ] [ RUN ] app\admin\controller\Dashboard->index[ /var/webstars/sustens/application/admin/controller/Dashboard.php ]
[ info ] [ VIEW ] /var/webstars/sustens/public/../application/admin/view/dashboard/index.html [ array (
  0 => 'breadcrumb',
  1 => 'site',
  2 => 'config',
  3 => 'auth',
  4 => 'admin',
  5 => 'totaluser',
  6 => 'totaladdon',
  7 => 'totaladmin',
  8 => 'totalcategory',
  9 => 'todayusersignup',
  10 => 'todayuserlogin',
  11 => 'sevendau',
  12 => 'thirtydau',
  13 => 'threednu',
  14 => 'sevendnu',
  15 => 'dbtablenums',
  16 => 'dbsize',
  17 => 'totalworkingaddon',
  18 => 'attachmentnums',
  19 => 'attachmentsize',
  20 => 'picturenums',
  21 => 'picturesize',
) ]
[ info ] [ BEHAVIOR ] Run app\admin\behavior\AdminLog @app_end [ RunTime:0.000029s ]
[ info ] [ LOG ] INIT File
---------------------------------------------------------------
[ 2024-11-01T14:56:24+08:00 ] 10.211.55.2 GET dev.sustens.com/MTyvDCHVOo.php/ajax/lang?callback=define&controllername=index&lang=zh-cn&v=1730444184
[运行时间：0.032611s] [吞吐率：30.66req/s] [内存消耗：302.90kb] [文件加载：90]
[ info ] [ BEHAVIOR ] Run Closure @app_init [ RunTime:0.000021s ]
[ info ] [ CACHE ] INIT File
[ info ] [ DB ] INIT mysql
[ info ] [ BEHAVIOR ] Run \addons\ldcms\Ldcms @app_init [ RunTime:0.001794s ]
[ info ] [ BEHAVIOR ] Run Closure @app_init [ RunTime:0.001811s ]
[ info ] [ BEHAVIOR ] Run app\common\behavior\Common @app_init [ RunTime:0.000050s ]
[ info ] [ LANG ] /var/webstars/sustens/thinkphp/lang/zh-cn.php
[ info ] [ BEHAVIOR ] Run app\common\behavior\Common @app_dispatch [ RunTime:0.000012s ]
[ info ] [ ROUTE ] array (
  'type' => 'module',
  'module' => 
  array (
    0 => 'admin',
    1 => 'ajax',
    2 => 'lang',
  ),
)
[ info ] [ HEADER ] array (
  'cookie' => 'thinkphp_show_page_trace=0|0; uid=2; token=50446b79-6f1c-4eb2-9abc-2c19eb7a9159; thinkphp_show_page_trace=0|0; frontend_language=en; PHPSESSID=ofs8tivbb8gaklm4f5h75u50sf; keeplogin=1%7C86400%7C1730530545%7Ca1c676c2c4614b5c12311180e43af5dd; backend_language=zh-cn',
  'accept-language' => 'zh-CN,zh;q=0.9,en;q=0.8',
  'accept-encoding' => 'gzip, deflate',
  'accept' => '*/*',
  'user-agent' => 'Mozilla/5.0 (Macintosh; Intel Mac OS X 10_15_7) AppleWebKit/537.36 (KHTML, like Gecko) Chrome/130.0.0.0 Safari/537.36',
  'connection' => 'keep-alive',
  'host' => 'dev.sustens.com',
  'content-length' => '',
  'content-type' => '',
)
[ info ] [ PARAM ] array (
  'callback' => 'define',
  'controllername' => 'index',
  'lang' => 'zh-cn',
  'v' => '1730444184',
)
[ info ] [ LANG ] /var/webstars/sustens/public/../application/admin/lang/zh-cn.php
[ info ] [ BEHAVIOR ] Run app\common\behavior\Common @module_init [ RunTime:0.000141s ]
[ info ] [ SESSION ] INIT array (
  'id' => '',
  'var_session_id' => '',
  'prefix' => 'think',
  'type' => '',
  'auto_start' => true,
)
[ info ] [ BEHAVIOR ] Run \addons\ldcms\Ldcms @config_init [ RunTime:0.000053s ]
[ info ] [ LANG ] /var/webstars/sustens/public/../application/admin/lang/zh-cn/ajax.php
[ info ] [ RUN ] app\admin\controller\Ajax->lang[ /var/webstars/sustens/application/admin/controller/Ajax.php ]
[ info ] [ LANG ] /var/webstars/sustens/public/../application/admin/lang/zh-cn/index.php
[ info ] [ BEHAVIOR ] Run app\admin\behavior\AdminLog @app_end [ RunTime:0.000031s ]
[ info ] [ LOG ] INIT File
---------------------------------------------------------------
[ 2024-11-01T14:56:25+08:00 ] 10.211.55.2 GET dev.sustens.com/MTyvDCHVOo.php/ajax/lang?callback=define&controllername=dashboard&lang=zh-cn&v=1730444184
[运行时间：0.111519s] [吞吐率：8.97req/s] [内存消耗：300.36kb] [文件加载：90]
[ info ] [ BEHAVIOR ] Run Closure @app_init [ RunTime:0.000017s ]
[ info ] [ CACHE ] INIT File
[ info ] [ DB ] INIT mysql
[ info ] [ BEHAVIOR ] Run \addons\ldcms\Ldcms @app_init [ RunTime:0.053500s ]
[ info ] [ BEHAVIOR ] Run Closure @app_init [ RunTime:0.053603s ]
[ info ] [ BEHAVIOR ] Run app\common\behavior\Common @app_init [ RunTime:0.000161s ]
[ info ] [ LANG ] /var/webstars/sustens/thinkphp/lang/zh-cn.php
[ info ] [ BEHAVIOR ] Run app\common\behavior\Common @app_dispatch [ RunTime:0.000063s ]
[ info ] [ ROUTE ] array (
  'type' => 'module',
  'module' => 
  array (
    0 => 'admin',
    1 => 'ajax',
    2 => 'lang',
  ),
)
[ info ] [ HEADER ] array (
  'cookie' => 'thinkphp_show_page_trace=0|0; uid=2; token=50446b79-6f1c-4eb2-9abc-2c19eb7a9159; thinkphp_show_page_trace=0|0; frontend_language=en; PHPSESSID=ofs8tivbb8gaklm4f5h75u50sf; keeplogin=1%7C86400%7C1730530545%7Ca1c676c2c4614b5c12311180e43af5dd; backend_language=zh-cn',
  'accept-language' => 'zh-CN,zh;q=0.9,en;q=0.8',
  'accept-encoding' => 'gzip, deflate',
  'accept' => '*/*',
  'user-agent' => 'Mozilla/5.0 (Macintosh; Intel Mac OS X 10_15_7) AppleWebKit/537.36 (KHTML, like Gecko) Chrome/130.0.0.0 Safari/537.36',
  'connection' => 'keep-alive',
  'host' => 'dev.sustens.com',
  'content-length' => '',
  'content-type' => '',
)
[ info ] [ PARAM ] array (
  'callback' => 'define',
  'controllername' => 'dashboard',
  'lang' => 'zh-cn',
  'v' => '1730444184',
)
[ info ] [ LANG ] /var/webstars/sustens/public/../application/admin/lang/zh-cn.php
[ info ] [ BEHAVIOR ] Run app\common\behavior\Common @module_init [ RunTime:0.000110s ]
[ info ] [ SESSION ] INIT array (
  'id' => '',
  'var_session_id' => '',
  'prefix' => 'think',
  'type' => '',
  'auto_start' => true,
)
[ info ] [ BEHAVIOR ] Run \addons\ldcms\Ldcms @config_init [ RunTime:0.000192s ]
[ info ] [ LANG ] /var/webstars/sustens/public/../application/admin/lang/zh-cn/ajax.php
[ info ] [ RUN ] app\admin\controller\Ajax->lang[ /var/webstars/sustens/application/admin/controller/Ajax.php ]
[ info ] [ LANG ] /var/webstars/sustens/public/../application/admin/lang/zh-cn/dashboard.php
[ info ] [ BEHAVIOR ] Run app\admin\behavior\AdminLog @app_end [ RunTime:0.000037s ]
[ info ] [ LOG ] INIT File
---------------------------------------------------------------
[ 2024-11-01T14:56:25+08:00 ] 10.211.55.2 GET dev.sustens.com/MTyvDCHVOo.php/ldcms/config?ldcms_lang=en&addtabs=1
[运行时间：0.092772s] [吞吐率：10.78req/s] [内存消耗：620.65kb] [文件加载：93]
[ info ] [ BEHAVIOR ] Run Closure @app_init [ RunTime:0.000022s ]
[ info ] [ CACHE ] INIT File
[ info ] [ DB ] INIT mysql
[ info ] [ BEHAVIOR ] Run \addons\ldcms\Ldcms @app_init [ RunTime:0.002315s ]
[ info ] [ BEHAVIOR ] Run Closure @app_init [ RunTime:0.002336s ]
[ info ] [ BEHAVIOR ] Run app\common\behavior\Common @app_init [ RunTime:0.000050s ]
[ info ] [ LANG ] /var/webstars/sustens/thinkphp/lang/zh-cn.php
[ info ] [ BEHAVIOR ] Run app\common\behavior\Common @app_dispatch [ RunTime:0.000012s ]
[ info ] [ ROUTE ] array (
  'type' => 'module',
  'module' => 
  array (
    0 => 'admin',
    1 => 'ldcms.config',
    2 => NULL,
  ),
)
[ info ] [ HEADER ] array (
  'cookie' => 'thinkphp_show_page_trace=0|0; thinkphp_show_page_trace=0|0; uid=2; token=50446b79-6f1c-4eb2-9abc-2c19eb7a9159; thinkphp_show_page_trace=0|0; frontend_language=en; PHPSESSID=ofs8tivbb8gaklm4f5h75u50sf; keeplogin=1%7C86400%7C1730530545%7Ca1c676c2c4614b5c12311180e43af5dd; backend_language=zh-cn',
  'accept-language' => 'zh-CN,zh;q=0.9,en;q=0.8',
  'accept-encoding' => 'gzip, deflate',
  'accept' => 'text/html,application/xhtml+xml,application/xml;q=0.9,image/avif,image/webp,image/apng,*/*;q=0.8,application/signed-exchange;v=b3;q=0.7',
  'user-agent' => 'Mozilla/5.0 (Macintosh; Intel Mac OS X 10_15_7) AppleWebKit/537.36 (KHTML, like Gecko) Chrome/130.0.0.0 Safari/537.36',
  'upgrade-insecure-requests' => '1',
  'connection' => 'keep-alive',
  'host' => 'dev.sustens.com',
  'content-length' => '',
  'content-type' => '',
)
[ info ] [ PARAM ] array (
  'ldcms_lang' => 'en',
  'addtabs' => '1',
)
[ info ] [ LANG ] /var/webstars/sustens/public/../application/admin/lang/zh-cn.php
[ info ] [ BEHAVIOR ] Run app\common\behavior\Common @module_init [ RunTime:0.000060s ]
[ info ] [ SESSION ] INIT array (
  'id' => '',
  'var_session_id' => '',
  'prefix' => 'think',
  'type' => '',
  'auto_start' => true,
)
[ info ] [ BEHAVIOR ] Run \addons\ldcms\Ldcms @config_init [ RunTime:0.000052s ]
[ info ] [ LANG ] /var/webstars/sustens/public/../application/admin/lang/zh-cn/ldcms/config.php
[ info ] [ RUN ] app\admin\controller\ldcms\Config->index[ /var/webstars/sustens/application/admin/controller/ldcms/Config.php ]
[ info ] [ VIEW ] /var/webstars/sustens/addons/ldcms/config.html [ array (
  0 => 'breadcrumb',
  1 => 'site',
  2 => 'config',
  3 => 'auth',
  4 => 'admin',
  5 => 'addon_config',
  6 => 'noDel',
  7 => 'typeList',
  8 => 'ruleList',
  9 => 'groupList',
  10 => 'addon',
) ]
[ info ] [ BEHAVIOR ] Run app\admin\behavior\AdminLog @app_end [ RunTime:0.000047s ]
[ info ] [ LOG ] INIT File
---------------------------------------------------------------
[ 2024-11-01T14:56:26+08:00 ] 10.211.55.2 GET dev.sustens.com/MTyvDCHVOo.php/ajax/lang?callback=define&controllername=ldcms.config&lang=zh-cn&v=1730444185
[运行时间：0.017426s] [吞吐率：57.39req/s] [内存消耗：306.68kb] [文件加载：91]
[ info ] [ BEHAVIOR ] Run Closure @app_init [ RunTime:0.000017s ]
[ info ] [ CACHE ] INIT File
[ info ] [ DB ] INIT mysql
[ info ] [ BEHAVIOR ] Run \addons\ldcms\Ldcms @app_init [ RunTime:0.002381s ]
[ info ] [ BEHAVIOR ] Run Closure @app_init [ RunTime:0.002403s ]
[ info ] [ BEHAVIOR ] Run app\common\behavior\Common @app_init [ RunTime:0.000059s ]
[ info ] [ LANG ] /var/webstars/sustens/thinkphp/lang/zh-cn.php
[ info ] [ BEHAVIOR ] Run app\common\behavior\Common @app_dispatch [ RunTime:0.000015s ]
[ info ] [ ROUTE ] array (
  'type' => 'module',
  'module' => 
  array (
    0 => 'admin',
    1 => 'ajax',
    2 => 'lang',
  ),
)
[ info ] [ HEADER ] array (
  'cookie' => 'thinkphp_show_page_trace=0|0; uid=2; token=50446b79-6f1c-4eb2-9abc-2c19eb7a9159; thinkphp_show_page_trace=0|0; frontend_language=en; PHPSESSID=ofs8tivbb8gaklm4f5h75u50sf; keeplogin=1%7C86400%7C1730530545%7Ca1c676c2c4614b5c12311180e43af5dd; backend_language=en',
  'accept-language' => 'zh-CN,zh;q=0.9,en;q=0.8',
  'accept-encoding' => 'gzip, deflate',
  'accept' => '*/*',
  'user-agent' => 'Mozilla/5.0 (Macintosh; Intel Mac OS X 10_15_7) AppleWebKit/537.36 (KHTML, like Gecko) Chrome/130.0.0.0 Safari/537.36',
  'connection' => 'keep-alive',
  'host' => 'dev.sustens.com',
  'content-length' => '',
  'content-type' => '',
)
[ info ] [ PARAM ] array (
  'callback' => 'define',
  'controllername' => 'ldcms.config',
  'lang' => 'zh-cn',
  'v' => '1730444185',
)
[ info ] [ LANG ] /var/webstars/sustens/public/../application/admin/lang/zh-cn.php
[ info ] [ BEHAVIOR ] Run app\common\behavior\Common @module_init [ RunTime:0.000067s ]
[ info ] [ SESSION ] INIT array (
  'id' => '',
  'var_session_id' => '',
  'prefix' => 'think',
  'type' => '',
  'auto_start' => true,
)
[ info ] [ BEHAVIOR ] Run \addons\ldcms\Ldcms @config_init [ RunTime:0.000398s ]
[ info ] [ LANG ] /var/webstars/sustens/public/../application/admin/lang/zh-cn/ajax.php
[ info ] [ RUN ] app\admin\controller\Ajax->lang[ /var/webstars/sustens/application/admin/controller/Ajax.php ]
[ info ] [ LANG ] /var/webstars/sustens/public/../application/admin/lang/zh-cn/ldcms/config.php
[ info ] [ BEHAVIOR ] Run app\admin\behavior\AdminLog @app_end [ RunTime:0.000025s ]
[ info ] [ LOG ] INIT File
---------------------------------------------------------------
[ 2024-11-01T14:56:32+08:00 ] 10.211.55.2 GET dev.sustens.com/MTyvDCHVOo.php/ldcms/site_info?addtabs=1
[运行时间：0.316719s] [吞吐率：3.16req/s] [内存消耗：674.10kb] [文件加载：105]
[ info ] [ BEHAVIOR ] Run Closure @app_init [ RunTime:0.000033s ]
[ info ] [ CACHE ] INIT File
[ info ] [ DB ] INIT mysql
[ info ] [ BEHAVIOR ] Run \addons\ldcms\Ldcms @app_init [ RunTime:0.013739s ]
[ info ] [ BEHAVIOR ] Run Closure @app_init [ RunTime:0.013762s ]
[ info ] [ BEHAVIOR ] Run app\common\behavior\Common @app_init [ RunTime:0.000923s ]
[ info ] [ LANG ] /var/webstars/sustens/thinkphp/lang/zh-cn.php
[ info ] [ BEHAVIOR ] Run app\common\behavior\Common @app_dispatch [ RunTime:0.000024s ]
[ info ] [ ROUTE ] array (
  'type' => 'module',
  'module' => 
  array (
    0 => 'admin',
    1 => 'ldcms.site_info',
    2 => NULL,
  ),
)
[ info ] [ HEADER ] array (
  'cookie' => 'thinkphp_show_page_trace=0|0; thinkphp_show_page_trace=0|0; uid=2; token=50446b79-6f1c-4eb2-9abc-2c19eb7a9159; thinkphp_show_page_trace=0|0; frontend_language=en; PHPSESSID=ofs8tivbb8gaklm4f5h75u50sf; keeplogin=1%7C86400%7C1730530545%7Ca1c676c2c4614b5c12311180e43af5dd; backend_language=en',
  'accept-language' => 'zh-CN,zh;q=0.9,en;q=0.8',
  'accept-encoding' => 'gzip, deflate',
  'accept' => 'text/html,application/xhtml+xml,application/xml;q=0.9,image/avif,image/webp,image/apng,*/*;q=0.8,application/signed-exchange;v=b3;q=0.7',
  'user-agent' => 'Mozilla/5.0 (Macintosh; Intel Mac OS X 10_15_7) AppleWebKit/537.36 (KHTML, like Gecko) Chrome/130.0.0.0 Safari/537.36',
  'upgrade-insecure-requests' => '1',
  'connection' => 'keep-alive',
  'host' => 'dev.sustens.com',
  'content-length' => '',
  'content-type' => '',
)
[ info ] [ PARAM ] array (
  'addtabs' => '1',
)
[ info ] [ LANG ] /var/webstars/sustens/public/../application/admin/lang/zh-cn.php
[ info ] [ BEHAVIOR ] Run app\common\behavior\Common @module_init [ RunTime:0.000402s ]
[ info ] [ SESSION ] INIT array (
  'id' => '',
  'var_session_id' => '',
  'prefix' => 'think',
  'type' => '',
  'auto_start' => true,
)
[ info ] [ BEHAVIOR ] Run \addons\ldcms\Ldcms @config_init [ RunTime:0.000040s ]
[ info ] [ LANG ] /var/webstars/sustens/public/../application/admin/lang/zh-cn/ldcms/site_info.php
[ info ] [ RUN ] app\admin\controller\ldcms\SiteInfo->index[ /var/webstars/sustens/application/admin/controller/ldcms/SiteInfo.php ]
[ info ] [ VIEW ] /var/webstars/sustens/addons/ldcms/site_info.html [ array (
  0 => 'breadcrumb',
  1 => 'site',
  2 => 'config',
  3 => 'auth',
  4 => 'admin',
  5 => 'addon_config',
  6 => 'siteList',
  7 => 'noDel',
  8 => 'typeList',
  9 => 'ruleList',
) ]
[ info ] [ BEHAVIOR ] Run app\admin\behavior\AdminLog @app_end [ RunTime:0.000035s ]
[ info ] [ LOG ] INIT File
---------------------------------------------------------------
[ 2024-11-01T14:56:32+08:00 ] 10.211.55.2 GET dev.sustens.com/MTyvDCHVOo.php/ajax/lang?callback=define&controllername=ldcms.site_info&lang=zh-cn&v=1730444191
[运行时间：0.013163s] [吞吐率：75.97req/s] [内存消耗：305.75kb] [文件加载：91]
[ info ] [ BEHAVIOR ] Run Closure @app_init [ RunTime:0.000014s ]
[ info ] [ CACHE ] INIT File
[ info ] [ DB ] INIT mysql
[ info ] [ BEHAVIOR ] Run \addons\ldcms\Ldcms @app_init [ RunTime:0.002212s ]
[ info ] [ BEHAVIOR ] Run Closure @app_init [ RunTime:0.002232s ]
[ info ] [ BEHAVIOR ] Run app\common\behavior\Common @app_init [ RunTime:0.000143s ]
[ info ] [ LANG ] /var/webstars/sustens/thinkphp/lang/zh-cn.php
[ info ] [ BEHAVIOR ] Run app\common\behavior\Common @app_dispatch [ RunTime:0.000019s ]
[ info ] [ ROUTE ] array (
  'type' => 'module',
  'module' => 
  array (
    0 => 'admin',
    1 => 'ajax',
    2 => 'lang',
  ),
)
[ info ] [ HEADER ] array (
  'cookie' => 'thinkphp_show_page_trace=0|0; uid=2; token=50446b79-6f1c-4eb2-9abc-2c19eb7a9159; thinkphp_show_page_trace=0|0; frontend_language=en; PHPSESSID=ofs8tivbb8gaklm4f5h75u50sf; keeplogin=1%7C86400%7C1730530545%7Ca1c676c2c4614b5c12311180e43af5dd; backend_language=en',
  'accept-language' => 'zh-CN,zh;q=0.9,en;q=0.8',
  'accept-encoding' => 'gzip, deflate',
  'accept' => '*/*',
  'user-agent' => 'Mozilla/5.0 (Macintosh; Intel Mac OS X 10_15_7) AppleWebKit/537.36 (KHTML, like Gecko) Chrome/130.0.0.0 Safari/537.36',
  'connection' => 'keep-alive',
  'host' => 'dev.sustens.com',
  'content-length' => '',
  'content-type' => '',
)
[ info ] [ PARAM ] array (
  'callback' => 'define',
  'controllername' => 'ldcms.site_info',
  'lang' => 'zh-cn',
  'v' => '1730444191',
)
[ info ] [ LANG ] /var/webstars/sustens/public/../application/admin/lang/zh-cn.php
[ info ] [ BEHAVIOR ] Run app\common\behavior\Common @module_init [ RunTime:0.000087s ]
[ info ] [ SESSION ] INIT array (
  'id' => '',
  'var_session_id' => '',
  'prefix' => 'think',
  'type' => '',
  'auto_start' => true,
)
[ info ] [ BEHAVIOR ] Run \addons\ldcms\Ldcms @config_init [ RunTime:0.000028s ]
[ info ] [ LANG ] /var/webstars/sustens/public/../application/admin/lang/zh-cn/ajax.php
[ info ] [ RUN ] app\admin\controller\Ajax->lang[ /var/webstars/sustens/application/admin/controller/Ajax.php ]
[ info ] [ LANG ] /var/webstars/sustens/public/../application/admin/lang/zh-cn/ldcms/site_info.php
[ info ] [ BEHAVIOR ] Run app\admin\behavior\AdminLog @app_end [ RunTime:0.000338s ]
[ info ] [ LOG ] INIT File
---------------------------------------------------------------
[ 2024-11-01T14:56:37+08:00 ] 10.211.55.2 GET dev.sustens.com/MTyvDCHVOo.php/ldcms/document/index/mid/6?addtabs=1
[运行时间：0.194303s] [吞吐率：5.15req/s] [内存消耗：725.71kb] [文件加载：101]
[ info ] [ BEHAVIOR ] Run Closure @app_init [ RunTime:0.000023s ]
[ info ] [ CACHE ] INIT File
[ info ] [ DB ] INIT mysql
[ info ] [ BEHAVIOR ] Run \addons\ldcms\Ldcms @app_init [ RunTime:0.003592s ]
[ info ] [ BEHAVIOR ] Run Closure @app_init [ RunTime:0.003624s ]
[ info ] [ BEHAVIOR ] Run app\common\behavior\Common @app_init [ RunTime:0.000097s ]
[ info ] [ LANG ] /var/webstars/sustens/thinkphp/lang/zh-cn.php
[ info ] [ BEHAVIOR ] Run app\common\behavior\Common @app_dispatch [ RunTime:0.000020s ]
[ info ] [ ROUTE ] array (
  'type' => 'module',
  'module' => 
  array (
    0 => 'admin',
    1 => 'ldcms.document',
    2 => 'index',
  ),
)
[ info ] [ HEADER ] array (
  'cookie' => 'thinkphp_show_page_trace=0|0; thinkphp_show_page_trace=0|0; uid=2; token=50446b79-6f1c-4eb2-9abc-2c19eb7a9159; thinkphp_show_page_trace=0|0; frontend_language=en; PHPSESSID=ofs8tivbb8gaklm4f5h75u50sf; keeplogin=1%7C86400%7C1730530545%7Ca1c676c2c4614b5c12311180e43af5dd; backend_language=en',
  'accept-language' => 'zh-CN,zh;q=0.9,en;q=0.8',
  'accept-encoding' => 'gzip, deflate',
  'accept' => 'text/html,application/xhtml+xml,application/xml;q=0.9,image/avif,image/webp,image/apng,*/*;q=0.8,application/signed-exchange;v=b3;q=0.7',
  'user-agent' => 'Mozilla/5.0 (Macintosh; Intel Mac OS X 10_15_7) AppleWebKit/537.36 (KHTML, like Gecko) Chrome/130.0.0.0 Safari/537.36',
  'upgrade-insecure-requests' => '1',
  'connection' => 'keep-alive',
  'host' => 'dev.sustens.com',
  'content-length' => '',
  'content-type' => '',
)
[ info ] [ PARAM ] array (
  'addtabs' => '1',
  'mid' => '6',
)
[ info ] [ LANG ] /var/webstars/sustens/public/../application/admin/lang/zh-cn.php
[ info ] [ BEHAVIOR ] Run app\common\behavior\Common @module_init [ RunTime:0.000246s ]
[ info ] [ SESSION ] INIT array (
  'id' => '',
  'var_session_id' => '',
  'prefix' => 'think',
  'type' => '',
  'auto_start' => true,
)
[ info ] [ BEHAVIOR ] Run \addons\ldcms\Ldcms @config_init [ RunTime:0.000057s ]
[ info ] [ LANG ] /var/webstars/sustens/public/../application/admin/lang/zh-cn/ldcms/document.php
[ info ] [ RUN ] app\admin\controller\ldcms\Document->index[ /var/webstars/sustens/application/admin/controller/ldcms/Document.php ]
[ info ] [ VIEW ] /var/webstars/sustens/public/../application/admin/view/ldcms/document/index.html [ array (
  0 => 'breadcrumb',
  1 => 'site',
  2 => 'config',
  3 => 'auth',
  4 => 'admin',
  5 => 'addon_config',
  6 => 'mid',
  7 => 'models',
  8 => 'fields',
  9 => 'categorys',
) ]
[ info ] [ BEHAVIOR ] Run app\admin\behavior\AdminLog @app_end [ RunTime:0.000689s ]
[ info ] [ LOG ] INIT File
---------------------------------------------------------------
[ 2024-11-01T14:56:37+08:00 ] 10.211.55.2 GET dev.sustens.com/MTyvDCHVOo.php/ajax/lang?callback=define&controllername=ldcms.document&lang=zh-cn&v=1730444196
[运行时间：0.038602s] [吞吐率：25.91req/s] [内存消耗：394.36kb] [文件加载：91]
[ info ] [ BEHAVIOR ] Run Closure @app_init [ RunTime:0.000070s ]
[ info ] [ CACHE ] INIT File
[ info ] [ DB ] INIT mysql
[ info ] [ BEHAVIOR ] Run \addons\ldcms\Ldcms @app_init [ RunTime:0.013557s ]
[ info ] [ BEHAVIOR ] Run Closure @app_init [ RunTime:0.013581s ]
[ info ] [ BEHAVIOR ] Run app\common\behavior\Common @app_init [ RunTime:0.000061s ]
[ info ] [ LANG ] /var/webstars/sustens/thinkphp/lang/zh-cn.php
[ info ] [ BEHAVIOR ] Run app\common\behavior\Common @app_dispatch [ RunTime:0.000014s ]
[ info ] [ ROUTE ] array (
  'type' => 'module',
  'module' => 
  array (
    0 => 'admin',
    1 => 'ajax',
    2 => 'lang',
  ),
)
[ info ] [ HEADER ] array (
  'cookie' => 'thinkphp_show_page_trace=0|0; uid=2; token=50446b79-6f1c-4eb2-9abc-2c19eb7a9159; thinkphp_show_page_trace=0|0; frontend_language=en; PHPSESSID=ofs8tivbb8gaklm4f5h75u50sf; keeplogin=1%7C86400%7C1730530545%7Ca1c676c2c4614b5c12311180e43af5dd; backend_language=en',
  'accept-language' => 'zh-CN,zh;q=0.9,en;q=0.8',
  'accept-encoding' => 'gzip, deflate',
  'accept' => '*/*',
  'user-agent' => 'Mozilla/5.0 (Macintosh; Intel Mac OS X 10_15_7) AppleWebKit/537.36 (KHTML, like Gecko) Chrome/130.0.0.0 Safari/537.36',
  'connection' => 'keep-alive',
  'host' => 'dev.sustens.com',
  'content-length' => '',
  'content-type' => '',
)
[ info ] [ PARAM ] array (
  'callback' => 'define',
  'controllername' => 'ldcms.document',
  'lang' => 'zh-cn',
  'v' => '1730444196',
)
[ info ] [ LANG ] /var/webstars/sustens/public/../application/admin/lang/zh-cn.php
[ info ] [ BEHAVIOR ] Run app\common\behavior\Common @module_init [ RunTime:0.000072s ]
[ info ] [ SESSION ] INIT array (
  'id' => '',
  'var_session_id' => '',
  'prefix' => 'think',
  'type' => '',
  'auto_start' => true,
)
[ info ] [ BEHAVIOR ] Run \addons\ldcms\Ldcms @config_init [ RunTime:0.000030s ]
[ info ] [ LANG ] /var/webstars/sustens/public/../application/admin/lang/zh-cn/ajax.php
[ info ] [ RUN ] app\admin\controller\Ajax->lang[ /var/webstars/sustens/application/admin/controller/Ajax.php ]
[ info ] [ LANG ] /var/webstars/sustens/public/../application/admin/lang/zh-cn/ldcms/document.php
[ info ] [ BEHAVIOR ] Run app\admin\behavior\AdminLog @app_end [ RunTime:0.000036s ]
[ info ] [ LOG ] INIT File
---------------------------------------------------------------
[ 2024-11-01T14:56:38+08:00 ] 10.211.55.2 GET dev.sustens.com/MTyvDCHVOo.php/ldcms/document/index/mid/6?addtabs=1&sort=sort&order=asc&offset=0&limit=10&filter=%7B%7D&op=%7B%7D&_=1730444195397
[运行时间：0.199349s] [吞吐率：5.02req/s] [内存消耗：756.22kb] [文件加载：101]
[ info ] [ BEHAVIOR ] Run Closure @app_init [ RunTime:0.000019s ]
[ info ] [ CACHE ] INIT File
[ info ] [ DB ] INIT mysql
[ info ] [ BEHAVIOR ] Run \addons\ldcms\Ldcms @app_init [ RunTime:0.003136s ]
[ info ] [ BEHAVIOR ] Run Closure @app_init [ RunTime:0.003160s ]
[ info ] [ BEHAVIOR ] Run app\common\behavior\Common @app_init [ RunTime:0.000057s ]
[ info ] [ LANG ] /var/webstars/sustens/thinkphp/lang/zh-cn.php
[ info ] [ BEHAVIOR ] Run app\common\behavior\Common @app_dispatch [ RunTime:0.000014s ]
[ info ] [ ROUTE ] array (
  'type' => 'module',
  'module' => 
  array (
    0 => 'admin',
    1 => 'ldcms.document',
    2 => 'index',
  ),
)
[ info ] [ HEADER ] array (
  'cookie' => 'thinkphp_show_page_trace=0|0; thinkphp_show_page_trace=0|0; thinkphp_show_page_trace=0|0; uid=2; token=50446b79-6f1c-4eb2-9abc-2c19eb7a9159; thinkphp_show_page_trace=0|0; frontend_language=en; PHPSESSID=ofs8tivbb8gaklm4f5h75u50sf; keeplogin=1%7C86400%7C1730530545%7Ca1c676c2c4614b5c12311180e43af5dd; backend_language=en',
  'accept-language' => 'zh-CN,zh;q=0.9,en;q=0.8',
  'accept-encoding' => 'gzip, deflate',
  'content-type' => 'application/json',
  'accept' => 'application/json, text/javascript, */*; q=0.01',
  'user-agent' => 'Mozilla/5.0 (Macintosh; Intel Mac OS X 10_15_7) AppleWebKit/537.36 (KHTML, like Gecko) Chrome/130.0.0.0 Safari/537.36',
  'x-requested-with' => 'XMLHttpRequest',
  'connection' => 'keep-alive',
  'host' => 'dev.sustens.com',
  'content-length' => '',
)
[ info ] [ PARAM ] array (
  'addtabs' => '1',
  'sort' => 'sort',
  'order' => 'asc',
  'offset' => '0',
  'limit' => '10',
  'filter' => '{}',
  'op' => '{}',
  '_' => '1730444195397',
  'mid' => '6',
)
[ info ] [ LANG ] /var/webstars/sustens/public/../application/admin/lang/zh-cn.php
[ info ] [ BEHAVIOR ] Run app\common\behavior\Common @module_init [ RunTime:0.000067s ]
[ info ] [ SESSION ] INIT array (
  'id' => '',
  'var_session_id' => '',
  'prefix' => 'think',
  'type' => '',
  'auto_start' => true,
)
[ info ] [ BEHAVIOR ] Run \addons\ldcms\Ldcms @config_init [ RunTime:0.000052s ]
[ info ] [ LANG ] /var/webstars/sustens/public/../application/admin/lang/zh-cn/ldcms/document.php
[ info ] [ RUN ] app\admin\controller\ldcms\Document->index[ /var/webstars/sustens/application/admin/controller/ldcms/Document.php ]
[ info ] [ BEHAVIOR ] Run app\admin\behavior\AdminLog @app_end [ RunTime:0.000046s ]
[ info ] [ LOG ] INIT File
---------------------------------------------------------------
[ 2024-11-01T14:56:44+08:00 ] 10.211.55.2 GET dev.sustens.com/MTyvDCHVOo.php/ldcms/document/edit?mid=6&ids=323&dialog=1
[运行时间：0.271933s] [吞吐率：3.68req/s] [内存消耗：977.25kb] [文件加载：108]
[ info ] [ BEHAVIOR ] Run Closure @app_init [ RunTime:0.000248s ]
[ info ] [ CACHE ] INIT File
[ info ] [ DB ] INIT mysql
[ info ] [ BEHAVIOR ] Run \addons\ldcms\Ldcms @app_init [ RunTime:0.052848s ]
[ info ] [ BEHAVIOR ] Run Closure @app_init [ RunTime:0.052898s ]
[ info ] [ BEHAVIOR ] Run app\common\behavior\Common @app_init [ RunTime:0.000147s ]
[ info ] [ LANG ] /var/webstars/sustens/thinkphp/lang/zh-cn.php
[ info ] [ BEHAVIOR ] Run app\common\behavior\Common @app_dispatch [ RunTime:0.000021s ]
[ info ] [ ROUTE ] array (
  'type' => 'module',
  'module' => 
  array (
    0 => 'admin',
    1 => 'ldcms.document',
    2 => 'edit',
  ),
)
[ info ] [ HEADER ] array (
  'cookie' => 'thinkphp_show_page_trace=0|0; thinkphp_show_page_trace=0|0; uid=2; token=50446b79-6f1c-4eb2-9abc-2c19eb7a9159; thinkphp_show_page_trace=0|0; frontend_language=en; PHPSESSID=ofs8tivbb8gaklm4f5h75u50sf; keeplogin=1%7C86400%7C1730530545%7Ca1c676c2c4614b5c12311180e43af5dd; backend_language=en',
  'accept-language' => 'zh-CN,zh;q=0.9,en;q=0.8',
  'accept-encoding' => 'gzip, deflate',
  'accept' => 'text/html,application/xhtml+xml,application/xml;q=0.9,image/avif,image/webp,image/apng,*/*;q=0.8,application/signed-exchange;v=b3;q=0.7',
  'user-agent' => 'Mozilla/5.0 (Macintosh; Intel Mac OS X 10_15_7) AppleWebKit/537.36 (KHTML, like Gecko) Chrome/130.0.0.0 Safari/537.36',
  'upgrade-insecure-requests' => '1',
  'connection' => 'keep-alive',
  'host' => 'dev.sustens.com',
  'content-length' => '',
  'content-type' => '',
)
[ info ] [ PARAM ] array (
  'mid' => '6',
  'ids' => '323',
  'dialog' => '1',
)
[ info ] [ LANG ] /var/webstars/sustens/public/../application/admin/lang/zh-cn.php
[ info ] [ BEHAVIOR ] Run app\common\behavior\Common @module_init [ RunTime:0.000134s ]
[ info ] [ SESSION ] INIT array (
  'id' => '',
  'var_session_id' => '',
  'prefix' => 'think',
  'type' => '',
  'auto_start' => true,
)
[ info ] [ BEHAVIOR ] Run \addons\ldcms\Ldcms @config_init [ RunTime:0.000071s ]
[ info ] [ LANG ] /var/webstars/sustens/public/../application/admin/lang/zh-cn/ldcms/document.php
[ info ] [ RUN ] app\admin\controller\ldcms\Document->edit[ /var/webstars/sustens/application/admin/controller/ldcms/Document.php ]
[ info ] [ VIEW ] /var/webstars/sustens/public/../application/admin/view/../../../addons/ldcms/utils/builder/view/fields.html [ array (
  0 => 'breadcrumb',
  1 => 'site',
  2 => 'config',
  3 => 'auth',
  4 => 'admin',
  5 => 'addon_config',
  6 => 'mid',
  7 => 'models',
  8 => 'fields',
  9 => 'isForm',
  10 => 'tab_group',
  11 => 'item_group',
  12 => 'field_show',
) ]
[ info ] [ BEHAVIOR ] Run app\admin\behavior\AdminLog @app_end [ RunTime:0.000072s ]
[ info ] [ LOG ] INIT File
[ error ] [2]foreach() argument must be of type array|object, null given[/var/webstars/sustens/application/admin/model/ldcms/Models.php:195]
[ error ] [2]foreach() argument must be of type array|object, null given[/var/webstars/sustens/application/admin/model/ldcms/Models.php:195]
[ error ] [2]foreach() argument must be of type array|object, null given[/var/webstars/sustens/application/admin/model/ldcms/Models.php:195]
[ error ] [2]foreach() argument must be of type array|object, null given[/var/webstars/sustens/application/admin/model/ldcms/Models.php:195]
[ error ] [2]foreach() argument must be of type array|object, null given[/var/webstars/sustens/application/admin/model/ldcms/Models.php:195]
[ error ] [2]foreach() argument must be of type array|object, null given[/var/webstars/sustens/application/admin/model/ldcms/Models.php:195]
[ error ] [2]foreach() argument must be of type array|object, null given[/var/webstars/sustens/application/admin/model/ldcms/Models.php:195]
[ error ] [2]foreach() argument must be of type array|object, null given[/var/webstars/sustens/application/admin/model/ldcms/Models.php:195]
[ error ] [2]foreach() argument must be of type array|object, null given[/var/webstars/sustens/application/admin/model/ldcms/Models.php:195]
[ error ] [2]foreach() argument must be of type array|object, null given[/var/webstars/sustens/application/admin/model/ldcms/Models.php:195]
[ error ] [2]foreach() argument must be of type array|object, null given[/var/webstars/sustens/application/admin/model/ldcms/Models.php:195]
[ error ] [2]foreach() argument must be of type array|object, null given[/var/webstars/sustens/application/admin/model/ldcms/Models.php:195]
[ error ] [2]foreach() argument must be of type array|object, null given[/var/webstars/sustens/application/admin/model/ldcms/Models.php:195]
[ error ] [2]foreach() argument must be of type array|object, null given[/var/webstars/sustens/application/admin/model/ldcms/Models.php:195]
[ error ] [2]foreach() argument must be of type array|object, null given[/var/webstars/sustens/application/admin/model/ldcms/Models.php:195]
[ error ] [2]foreach() argument must be of type array|object, null given[/var/webstars/sustens/application/admin/model/ldcms/Models.php:195]
[ error ] [2]foreach() argument must be of type array|object, null given[/var/webstars/sustens/application/admin/model/ldcms/Models.php:195]
[ error ] [2]foreach() argument must be of type array|object, null given[/var/webstars/sustens/application/admin/model/ldcms/Models.php:195]
[ error ] [2]foreach() argument must be of type array|object, null given[/var/webstars/sustens/application/admin/model/ldcms/Models.php:195]
[ error ] [2]foreach() argument must be of type array|object, null given[/var/webstars/sustens/application/admin/model/ldcms/Models.php:195]
[ error ] [2]foreach() argument must be of type array|object, null given[/var/webstars/sustens/application/admin/model/ldcms/Models.php:195]
[ error ] [2]foreach() argument must be of type array|object, null given[/var/webstars/sustens/application/admin/model/ldcms/Models.php:195]
[ error ] [2]foreach() argument must be of type array|object, null given[/var/webstars/sustens/application/admin/model/ldcms/Models.php:195]
[ error ] [2]foreach() argument must be of type array|object, null given[/var/webstars/sustens/application/admin/model/ldcms/Models.php:195]
[ error ] [2]foreach() argument must be of type array|object, null given[/var/webstars/sustens/application/admin/model/ldcms/Models.php:195]
[ error ] [2]foreach() argument must be of type array|object, null given[/var/webstars/sustens/application/admin/model/ldcms/Models.php:195]
[ error ] [2]foreach() argument must be of type array|object, null given[/var/webstars/sustens/application/admin/model/ldcms/Models.php:195]
[ error ] [2]foreach() argument must be of type array|object, null given[/var/webstars/sustens/application/admin/model/ldcms/Models.php:195]
[ error ] [2]foreach() argument must be of type array|object, null given[/var/webstars/sustens/application/admin/model/ldcms/Models.php:195]
[ error ] [2]foreach() argument must be of type array|object, null given[/var/webstars/sustens/application/admin/model/ldcms/Models.php:195]
[ error ] [2]foreach() argument must be of type array|object, null given[/var/webstars/sustens/application/admin/model/ldcms/Models.php:195]
[ error ] [2]foreach() argument must be of type array|object, null given[/var/webstars/sustens/application/admin/model/ldcms/Models.php:195]
[ error ] [2]foreach() argument must be of type array|object, null given[/var/webstars/sustens/application/admin/model/ldcms/Models.php:195]
[ error ] [2]foreach() argument must be of type array|object, null given[/var/webstars/sustens/application/admin/model/ldcms/Models.php:195]
[ error ] [2]foreach() argument must be of type array|object, null given[/var/webstars/sustens/application/admin/model/ldcms/Models.php:195]
[ error ] [2]foreach() argument must be of type array|object, null given[/var/webstars/sustens/application/admin/model/ldcms/Models.php:195]
[ error ] [2]foreach() argument must be of type array|object, null given[/var/webstars/sustens/application/admin/model/ldcms/Models.php:195]
[ error ] [2]foreach() argument must be of type array|object, null given[/var/webstars/sustens/application/admin/model/ldcms/Models.php:195]
[ error ] [2]foreach() argument must be of type array|object, null given[/var/webstars/sustens/application/admin/model/ldcms/Models.php:195]
[ error ] [2]foreach() argument must be of type array|object, null given[/var/webstars/sustens/application/admin/model/ldcms/Models.php:195]
[ error ] [2]foreach() argument must be of type array|object, null given[/var/webstars/sustens/application/admin/model/ldcms/Models.php:195]
[ error ] [2]foreach() argument must be of type array|object, null given[/var/webstars/sustens/application/admin/model/ldcms/Models.php:195]
[ error ] [2]foreach() argument must be of type array|object, null given[/var/webstars/sustens/application/admin/model/ldcms/Models.php:195]
[ error ] [2]foreach() argument must be of type array|object, null given[/var/webstars/sustens/application/admin/model/ldcms/Models.php:195]
[ error ] [2]foreach() argument must be of type array|object, null given[/var/webstars/sustens/application/admin/model/ldcms/Models.php:195]
[ error ] [2]foreach() argument must be of type array|object, null given[/var/webstars/sustens/application/admin/model/ldcms/Models.php:195]
[ error ] [2]foreach() argument must be of type array|object, null given[/var/webstars/sustens/application/admin/model/ldcms/Models.php:195]
[ error ] [2]foreach() argument must be of type array|object, null given[/var/webstars/sustens/application/admin/model/ldcms/Models.php:195]
[ error ] [2]foreach() argument must be of type array|object, null given[/var/webstars/sustens/application/admin/model/ldcms/Models.php:195]
[ error ] [2]foreach() argument must be of type array|object, null given[/var/webstars/sustens/application/admin/model/ldcms/Models.php:195]
[ error ] [2]foreach() argument must be of type array|object, null given[/var/webstars/sustens/application/admin/model/ldcms/Models.php:195]
[ error ] [2]foreach() argument must be of type array|object, null given[/var/webstars/sustens/application/admin/model/ldcms/Models.php:195]
[ error ] [2]foreach() argument must be of type array|object, null given[/var/webstars/sustens/application/admin/model/ldcms/Models.php:195]
[ error ] [2]foreach() argument must be of type array|object, null given[/var/webstars/sustens/application/admin/model/ldcms/Models.php:195]
[ error ] [2]foreach() argument must be of type array|object, null given[/var/webstars/sustens/application/admin/model/ldcms/Models.php:195]
[ error ] [2]foreach() argument must be of type array|object, null given[/var/webstars/sustens/application/admin/model/ldcms/Models.php:195]
[ error ] [2]foreach() argument must be of type array|object, null given[/var/webstars/sustens/application/admin/model/ldcms/Models.php:195]
[ error ] [2]foreach() argument must be of type array|object, null given[/var/webstars/sustens/application/admin/model/ldcms/Models.php:195]
[ error ] [2]foreach() argument must be of type array|object, null given[/var/webstars/sustens/application/admin/model/ldcms/Models.php:195]
[ error ] [2]foreach() argument must be of type array|object, null given[/var/webstars/sustens/application/admin/model/ldcms/Models.php:195]
[ error ] [2]foreach() argument must be of type array|object, null given[/var/webstars/sustens/application/admin/model/ldcms/Models.php:195]
[ error ] [2]foreach() argument must be of type array|object, null given[/var/webstars/sustens/application/admin/model/ldcms/Models.php:195]
[ error ] [2]foreach() argument must be of type array|object, null given[/var/webstars/sustens/application/admin/model/ldcms/Models.php:195]
[ error ] [2]foreach() argument must be of type array|object, null given[/var/webstars/sustens/application/admin/model/ldcms/Models.php:195]
[ error ] [2]foreach() argument must be of type array|object, null given[/var/webstars/sustens/application/admin/model/ldcms/Models.php:195]
[ error ] [2]foreach() argument must be of type array|object, null given[/var/webstars/sustens/application/admin/model/ldcms/Models.php:195]
[ error ] [2]foreach() argument must be of type array|object, null given[/var/webstars/sustens/application/admin/model/ldcms/Models.php:195]
[ error ] [2]foreach() argument must be of type array|object, null given[/var/webstars/sustens/application/admin/model/ldcms/Models.php:195]
[ error ] [2]foreach() argument must be of type array|object, null given[/var/webstars/sustens/application/admin/model/ldcms/Models.php:195]
[ error ] [2]foreach() argument must be of type array|object, null given[/var/webstars/sustens/application/admin/model/ldcms/Models.php:195]
[ error ] [2]foreach() argument must be of type array|object, null given[/var/webstars/sustens/application/admin/model/ldcms/Models.php:195]
[ error ] [2]foreach() argument must be of type array|object, null given[/var/webstars/sustens/application/admin/model/ldcms/Models.php:195]
[ error ] [2]foreach() argument must be of type array|object, null given[/var/webstars/sustens/application/admin/model/ldcms/Models.php:195]
[ error ] [2]foreach() argument must be of type array|object, null given[/var/webstars/sustens/application/admin/model/ldcms/Models.php:195]
[ error ] [2]foreach() argument must be of type array|object, null given[/var/webstars/sustens/application/admin/model/ldcms/Models.php:195]
[ error ] [2]foreach() argument must be of type array|object, null given[/var/webstars/sustens/application/admin/model/ldcms/Models.php:195]
[ error ] [2]foreach() argument must be of type array|object, null given[/var/webstars/sustens/application/admin/model/ldcms/Models.php:195]
[ error ] [2]foreach() argument must be of type array|object, null given[/var/webstars/sustens/application/admin/model/ldcms/Models.php:195]
[ error ] [2]foreach() argument must be of type array|object, null given[/var/webstars/sustens/application/admin/model/ldcms/Models.php:195]
[ error ] [2]foreach() argument must be of type array|object, null given[/var/webstars/sustens/application/admin/model/ldcms/Models.php:195]
[ error ] [2]foreach() argument must be of type array|object, null given[/var/webstars/sustens/application/admin/model/ldcms/Models.php:195]
[ error ] [2]foreach() argument must be of type array|object, null given[/var/webstars/sustens/application/admin/model/ldcms/Models.php:195]
[ error ] [2]foreach() argument must be of type array|object, null given[/var/webstars/sustens/application/admin/model/ldcms/Models.php:195]
[ error ] [2]foreach() argument must be of type array|object, null given[/var/webstars/sustens/application/admin/model/ldcms/Models.php:195]
[ error ] [2]foreach() argument must be of type array|object, null given[/var/webstars/sustens/application/admin/model/ldcms/Models.php:195]
[ error ] [2]foreach() argument must be of type array|object, null given[/var/webstars/sustens/application/admin/model/ldcms/Models.php:195]
[ error ] [2]foreach() argument must be of type array|object, null given[/var/webstars/sustens/application/admin/model/ldcms/Models.php:195]
[ error ] [2]foreach() argument must be of type array|object, null given[/var/webstars/sustens/application/admin/model/ldcms/Models.php:195]
[ error ] [2]foreach() argument must be of type array|object, null given[/var/webstars/sustens/application/admin/model/ldcms/Models.php:195]
[ error ] [2]foreach() argument must be of type array|object, null given[/var/webstars/sustens/application/admin/model/ldcms/Models.php:195]
[ error ] [2]foreach() argument must be of type array|object, null given[/var/webstars/sustens/application/admin/model/ldcms/Models.php:195]
[ error ] [2]foreach() argument must be of type array|object, null given[/var/webstars/sustens/application/admin/model/ldcms/Models.php:195]
[ error ] [2]foreach() argument must be of type array|object, null given[/var/webstars/sustens/application/admin/model/ldcms/Models.php:195]
[ error ] [2]foreach() argument must be of type array|object, null given[/var/webstars/sustens/application/admin/model/ldcms/Models.php:195]
[ error ] [2]foreach() argument must be of type array|object, null given[/var/webstars/sustens/application/admin/model/ldcms/Models.php:195]
[ error ] [2]foreach() argument must be of type array|object, null given[/var/webstars/sustens/application/admin/model/ldcms/Models.php:195]
[ error ] [2]foreach() argument must be of type array|object, null given[/var/webstars/sustens/application/admin/model/ldcms/Models.php:195]
[ error ] [2]foreach() argument must be of type array|object, null given[/var/webstars/sustens/application/admin/model/ldcms/Models.php:195]
[ error ] [2]foreach() argument must be of type array|object, null given[/var/webstars/sustens/application/admin/model/ldcms/Models.php:195]
[ error ] [2]foreach() argument must be of type array|object, null given[/var/webstars/sustens/application/admin/model/ldcms/Models.php:195]
[ error ] [2]foreach() argument must be of type array|object, null given[/var/webstars/sustens/application/admin/model/ldcms/Models.php:195]
[ error ] [2]foreach() argument must be of type array|object, null given[/var/webstars/sustens/application/admin/model/ldcms/Models.php:195]
[ error ] [2]foreach() argument must be of type array|object, null given[/var/webstars/sustens/application/admin/model/ldcms/Models.php:195]
[ error ] [2]foreach() argument must be of type array|object, null given[/var/webstars/sustens/application/admin/model/ldcms/Models.php:195]
[ error ] [2]foreach() argument must be of type array|object, null given[/var/webstars/sustens/application/admin/model/ldcms/Models.php:195]
[ error ] [2]foreach() argument must be of type array|object, null given[/var/webstars/sustens/application/admin/model/ldcms/Models.php:195]
[ error ] [2]foreach() argument must be of type array|object, null given[/var/webstars/sustens/application/admin/model/ldcms/Models.php:195]
[ error ] [2]foreach() argument must be of type array|object, null given[/var/webstars/sustens/application/admin/model/ldcms/Models.php:195]
[ error ] [2]foreach() argument must be of type array|object, null given[/var/webstars/sustens/application/admin/model/ldcms/Models.php:195]
[ error ] [2]foreach() argument must be of type array|object, null given[/var/webstars/sustens/application/admin/model/ldcms/Models.php:195]
[ error ] [2]foreach() argument must be of type array|object, null given[/var/webstars/sustens/application/admin/model/ldcms/Models.php:195]
[ error ] [2]foreach() argument must be of type array|object, null given[/var/webstars/sustens/application/admin/model/ldcms/Models.php:195]
[ error ] [2]foreach() argument must be of type array|object, null given[/var/webstars/sustens/application/admin/model/ldcms/Models.php:195]
[ error ] [2]foreach() argument must be of type array|object, null given[/var/webstars/sustens/application/admin/model/ldcms/Models.php:195]
[ error ] [2]foreach() argument must be of type array|object, null given[/var/webstars/sustens/application/admin/model/ldcms/Models.php:195]
[ error ] [2]foreach() argument must be of type array|object, null given[/var/webstars/sustens/application/admin/model/ldcms/Models.php:195]
[ error ] [2]foreach() argument must be of type array|object, null given[/var/webstars/sustens/application/admin/model/ldcms/Models.php:195]
[ error ] [2]foreach() argument must be of type array|object, null given[/var/webstars/sustens/application/admin/model/ldcms/Models.php:195]
[ error ] [2]foreach() argument must be of type array|object, null given[/var/webstars/sustens/application/admin/model/ldcms/Models.php:195]
[ error ] [2]foreach() argument must be of type array|object, null given[/var/webstars/sustens/application/admin/model/ldcms/Models.php:195]
[ error ] [2]foreach() argument must be of type array|object, null given[/var/webstars/sustens/application/admin/model/ldcms/Models.php:195]
[ error ] [2]foreach() argument must be of type array|object, null given[/var/webstars/sustens/application/admin/model/ldcms/Models.php:195]
[ error ] [2]foreach() argument must be of type array|object, null given[/var/webstars/sustens/application/admin/model/ldcms/Models.php:195]
[ error ] [2]foreach() argument must be of type array|object, null given[/var/webstars/sustens/application/admin/model/ldcms/Models.php:195]
[ error ] [2]foreach() argument must be of type array|object, null given[/var/webstars/sustens/application/admin/model/ldcms/Models.php:195]
[ error ] [2]foreach() argument must be of type array|object, null given[/var/webstars/sustens/application/admin/model/ldcms/Models.php:195]
[ error ] [2]foreach() argument must be of type array|object, null given[/var/webstars/sustens/application/admin/model/ldcms/Models.php:195]
[ error ] [2]foreach() argument must be of type array|object, null given[/var/webstars/sustens/application/admin/model/ldcms/Models.php:195]
[ error ] [2]foreach() argument must be of type array|object, null given[/var/webstars/sustens/application/admin/model/ldcms/Models.php:195]
[ error ] [2]foreach() argument must be of type array|object, null given[/var/webstars/sustens/application/admin/model/ldcms/Models.php:195]
[ error ] [2]foreach() argument must be of type array|object, null given[/var/webstars/sustens/application/admin/model/ldcms/Models.php:195]
[ error ] [2]foreach() argument must be of type array|object, null given[/var/webstars/sustens/application/admin/model/ldcms/Models.php:195]
[ error ] [2]foreach() argument must be of type array|object, null given[/var/webstars/sustens/application/admin/model/ldcms/Models.php:195]
[ error ] [2]foreach() argument must be of type array|object, null given[/var/webstars/sustens/application/admin/model/ldcms/Models.php:195]
[ error ] [2]foreach() argument must be of type array|object, null given[/var/webstars/sustens/application/admin/model/ldcms/Models.php:195]
[ error ] [2]foreach() argument must be of type array|object, null given[/var/webstars/sustens/application/admin/model/ldcms/Models.php:195]
[ error ] [2]foreach() argument must be of type array|object, null given[/var/webstars/sustens/application/admin/model/ldcms/Models.php:195]
[ error ] [2]foreach() argument must be of type array|object, null given[/var/webstars/sustens/application/admin/model/ldcms/Models.php:195]
[ error ] [2]foreach() argument must be of type array|object, null given[/var/webstars/sustens/application/admin/model/ldcms/Models.php:195]
[ error ] [2]foreach() argument must be of type array|object, null given[/var/webstars/sustens/application/admin/model/ldcms/Models.php:195]
[ error ] [2]foreach() argument must be of type array|object, null given[/var/webstars/sustens/application/admin/model/ldcms/Models.php:195]
[ error ] [2]foreach() argument must be of type array|object, null given[/var/webstars/sustens/application/admin/model/ldcms/Models.php:195]
[ error ] [2]foreach() argument must be of type array|object, null given[/var/webstars/sustens/application/admin/model/ldcms/Models.php:195]
[ error ] [2]foreach() argument must be of type array|object, null given[/var/webstars/sustens/application/admin/model/ldcms/Models.php:195]
[ error ] [2]foreach() argument must be of type array|object, null given[/var/webstars/sustens/application/admin/model/ldcms/Models.php:195]
[ error ] [2]foreach() argument must be of type array|object, null given[/var/webstars/sustens/application/admin/model/ldcms/Models.php:195]
[ error ] [2]foreach() argument must be of type array|object, null given[/var/webstars/sustens/application/admin/model/ldcms/Models.php:195]
[ error ] [2]foreach() argument must be of type array|object, null given[/var/webstars/sustens/application/admin/model/ldcms/Models.php:195]
[ error ] [2]foreach() argument must be of type array|object, null given[/var/webstars/sustens/application/admin/model/ldcms/Models.php:195]
[ error ] [2]foreach() argument must be of type array|object, null given[/var/webstars/sustens/application/admin/model/ldcms/Models.php:195]
[ error ] [2]foreach() argument must be of type array|object, null given[/var/webstars/sustens/application/admin/model/ldcms/Models.php:195]
[ error ] [2]foreach() argument must be of type array|object, null given[/var/webstars/sustens/application/admin/model/ldcms/Models.php:195]
[ error ] [2]foreach() argument must be of type array|object, null given[/var/webstars/sustens/application/admin/model/ldcms/Models.php:195]
[ error ] [2]foreach() argument must be of type array|object, null given[/var/webstars/sustens/application/admin/model/ldcms/Models.php:195]
[ error ] [2]foreach() argument must be of type array|object, null given[/var/webstars/sustens/application/admin/model/ldcms/Models.php:195]
[ error ] [2]foreach() argument must be of type array|object, null given[/var/webstars/sustens/application/admin/model/ldcms/Models.php:195]
[ error ] [2]foreach() argument must be of type array|object, null given[/var/webstars/sustens/application/admin/model/ldcms/Models.php:195]
[ error ] [2]foreach() argument must be of type array|object, null given[/var/webstars/sustens/application/admin/model/ldcms/Models.php:195]
[ error ] [2]foreach() argument must be of type array|object, null given[/var/webstars/sustens/application/admin/model/ldcms/Models.php:195]
[ error ] [2]foreach() argument must be of type array|object, null given[/var/webstars/sustens/application/admin/model/ldcms/Models.php:195]
[ error ] [2]foreach() argument must be of type array|object, null given[/var/webstars/sustens/application/admin/model/ldcms/Models.php:195]
[ error ] [2]foreach() argument must be of type array|object, null given[/var/webstars/sustens/application/admin/model/ldcms/Models.php:195]
[ error ] [2]foreach() argument must be of type array|object, null given[/var/webstars/sustens/application/admin/model/ldcms/Models.php:195]
[ error ] [2]foreach() argument must be of type array|object, null given[/var/webstars/sustens/application/admin/model/ldcms/Models.php:195]
[ error ] [2]foreach() argument must be of type array|object, null given[/var/webstars/sustens/application/admin/model/ldcms/Models.php:195]
[ error ] [2]foreach() argument must be of type array|object, null given[/var/webstars/sustens/application/admin/model/ldcms/Models.php:195]
[ error ] [2]foreach() argument must be of type array|object, null given[/var/webstars/sustens/application/admin/model/ldcms/Models.php:195]
[ error ] [2]foreach() argument must be of type array|object, null given[/var/webstars/sustens/application/admin/model/ldcms/Models.php:195]
[ error ] [2]foreach() argument must be of type array|object, null given[/var/webstars/sustens/application/admin/model/ldcms/Models.php:195]
[ error ] [2]foreach() argument must be of type array|object, null given[/var/webstars/sustens/application/admin/model/ldcms/Models.php:195]
[ error ] [2]foreach() argument must be of type array|object, null given[/var/webstars/sustens/application/admin/model/ldcms/Models.php:195]
[ error ] [2]foreach() argument must be of type array|object, null given[/var/webstars/sustens/application/admin/model/ldcms/Models.php:195]
[ error ] [2]foreach() argument must be of type array|object, null given[/var/webstars/sustens/application/admin/model/ldcms/Models.php:195]
[ error ] [2]foreach() argument must be of type array|object, null given[/var/webstars/sustens/application/admin/model/ldcms/Models.php:195]
[ error ] [2]foreach() argument must be of type array|object, null given[/var/webstars/sustens/application/admin/model/ldcms/Models.php:195]
[ error ] [2]foreach() argument must be of type array|object, null given[/var/webstars/sustens/application/admin/model/ldcms/Models.php:195]
[ error ] [2]foreach() argument must be of type array|object, null given[/var/webstars/sustens/application/admin/model/ldcms/Models.php:195]
[ error ] [2]foreach() argument must be of type array|object, null given[/var/webstars/sustens/application/admin/model/ldcms/Models.php:195]
[ error ] [2]foreach() argument must be of type array|object, null given[/var/webstars/sustens/application/admin/model/ldcms/Models.php:195]
[ error ] [2]foreach() argument must be of type array|object, null given[/var/webstars/sustens/application/admin/model/ldcms/Models.php:195]
[ error ] [2]foreach() argument must be of type array|object, null given[/var/webstars/sustens/application/admin/model/ldcms/Models.php:195]
[ error ] [2]foreach() argument must be of type array|object, null given[/var/webstars/sustens/application/admin/model/ldcms/Models.php:195]
[ error ] [2]foreach() argument must be of type array|object, null given[/var/webstars/sustens/application/admin/model/ldcms/Models.php:195]
[ error ] [2]foreach() argument must be of type array|object, null given[/var/webstars/sustens/application/admin/model/ldcms/Models.php:195]
[ error ] [2]foreach() argument must be of type array|object, null given[/var/webstars/sustens/application/admin/model/ldcms/Models.php:195]
[ error ] [2]foreach() argument must be of type array|object, null given[/var/webstars/sustens/application/admin/model/ldcms/Models.php:195]
[ error ] [2]foreach() argument must be of type array|object, null given[/var/webstars/sustens/application/admin/model/ldcms/Models.php:195]
[ error ] [2]foreach() argument must be of type array|object, null given[/var/webstars/sustens/application/admin/model/ldcms/Models.php:195]
[ error ] [2]foreach() argument must be of type array|object, null given[/var/webstars/sustens/application/admin/model/ldcms/Models.php:195]
[ error ] [2]foreach() argument must be of type array|object, null given[/var/webstars/sustens/application/admin/model/ldcms/Models.php:195]
[ error ] [2]foreach() argument must be of type array|object, null given[/var/webstars/sustens/application/admin/model/ldcms/Models.php:195]
[ error ] [2]foreach() argument must be of type array|object, null given[/var/webstars/sustens/application/admin/model/ldcms/Models.php:195]
[ error ] [2]foreach() argument must be of type array|object, null given[/var/webstars/sustens/application/admin/model/ldcms/Models.php:195]
[ error ] [2]foreach() argument must be of type array|object, null given[/var/webstars/sustens/application/admin/model/ldcms/Models.php:195]
[ error ] [2]foreach() argument must be of type array|object, null given[/var/webstars/sustens/application/admin/model/ldcms/Models.php:195]
[ error ] [2]foreach() argument must be of type array|object, null given[/var/webstars/sustens/application/admin/model/ldcms/Models.php:195]
[ error ] [2]foreach() argument must be of type array|object, null given[/var/webstars/sustens/application/admin/model/ldcms/Models.php:195]
[ error ] [2]foreach() argument must be of type array|object, null given[/var/webstars/sustens/application/admin/model/ldcms/Models.php:195]
[ error ] [2]foreach() argument must be of type array|object, null given[/var/webstars/sustens/application/admin/model/ldcms/Models.php:195]
[ error ] [2]foreach() argument must be of type array|object, null given[/var/webstars/sustens/application/admin/model/ldcms/Models.php:195]
[ error ] [2]foreach() argument must be of type array|object, null given[/var/webstars/sustens/application/admin/model/ldcms/Models.php:195]
[ error ] [2]foreach() argument must be of type array|object, null given[/var/webstars/sustens/application/admin/model/ldcms/Models.php:195]
[ error ] [2]foreach() argument must be of type array|object, null given[/var/webstars/sustens/application/admin/model/ldcms/Models.php:195]
[ error ] [2]foreach() argument must be of type array|object, null given[/var/webstars/sustens/application/admin/model/ldcms/Models.php:195]
[ error ] [2]foreach() argument must be of type array|object, null given[/var/webstars/sustens/application/admin/model/ldcms/Models.php:195]
[ error ] [2]foreach() argument must be of type array|object, null given[/var/webstars/sustens/application/admin/model/ldcms/Models.php:195]
[ error ] [2]foreach() argument must be of type array|object, null given[/var/webstars/sustens/application/admin/model/ldcms/Models.php:195]
[ error ] [2]foreach() argument must be of type array|object, null given[/var/webstars/sustens/application/admin/model/ldcms/Models.php:195]
[ error ] [2]foreach() argument must be of type array|object, null given[/var/webstars/sustens/application/admin/model/ldcms/Models.php:195]
[ error ] [2]foreach() argument must be of type array|object, null given[/var/webstars/sustens/application/admin/model/ldcms/Models.php:195]
[ error ] [2]foreach() argument must be of type array|object, null given[/var/webstars/sustens/application/admin/model/ldcms/Models.php:195]
[ error ] [2]foreach() argument must be of type array|object, null given[/var/webstars/sustens/application/admin/model/ldcms/Models.php:195]
[ error ] [2]foreach() argument must be of type array|object, null given[/var/webstars/sustens/application/admin/model/ldcms/Models.php:195]
[ error ] [2]foreach() argument must be of type array|object, null given[/var/webstars/sustens/application/admin/model/ldcms/Models.php:195]
[ error ] [2]foreach() argument must be of type array|object, null given[/var/webstars/sustens/application/admin/model/ldcms/Models.php:195]
[ error ] [2]foreach() argument must be of type array|object, null given[/var/webstars/sustens/application/admin/model/ldcms/Models.php:195]
[ error ] [2]foreach() argument must be of type array|object, null given[/var/webstars/sustens/application/admin/model/ldcms/Models.php:195]
[ error ] [2]foreach() argument must be of type array|object, null given[/var/webstars/sustens/application/admin/model/ldcms/Models.php:195]
[ error ] [2]foreach() argument must be of type array|object, null given[/var/webstars/sustens/application/admin/model/ldcms/Models.php:195]
[ error ] [2]foreach() argument must be of type array|object, null given[/var/webstars/sustens/application/admin/model/ldcms/Models.php:195]
[ error ] [2]foreach() argument must be of type array|object, null given[/var/webstars/sustens/application/admin/model/ldcms/Models.php:195]
[ error ] [2]foreach() argument must be of type array|object, null given[/var/webstars/sustens/application/admin/model/ldcms/Models.php:195]
[ error ] [2]foreach() argument must be of type array|object, null given[/var/webstars/sustens/application/admin/model/ldcms/Models.php:195]
[ error ] [2]foreach() argument must be of type array|object, null given[/var/webstars/sustens/application/admin/model/ldcms/Models.php:195]
[ error ] [2]foreach() argument must be of type array|object, null given[/var/webstars/sustens/application/admin/model/ldcms/Models.php:195]
[ error ] [2]foreach() argument must be of type array|object, null given[/var/webstars/sustens/application/admin/model/ldcms/Models.php:195]
[ error ] [2]foreach() argument must be of type array|object, null given[/var/webstars/sustens/application/admin/model/ldcms/Models.php:195]
[ error ] [2]foreach() argument must be of type array|object, null given[/var/webstars/sustens/application/admin/model/ldcms/Models.php:195]
[ error ] [2]foreach() argument must be of type array|object, null given[/var/webstars/sustens/application/admin/model/ldcms/Models.php:195]
[ error ] [2]foreach() argument must be of type array|object, null given[/var/webstars/sustens/application/admin/model/ldcms/Models.php:195]
[ error ] [2]foreach() argument must be of type array|object, null given[/var/webstars/sustens/application/admin/model/ldcms/Models.php:195]
[ error ] [2]foreach() argument must be of type array|object, null given[/var/webstars/sustens/application/admin/model/ldcms/Models.php:195]
[ error ] [2]foreach() argument must be of type array|object, null given[/var/webstars/sustens/application/admin/model/ldcms/Models.php:195]
[ error ] [2]foreach() argument must be of type array|object, null given[/var/webstars/sustens/application/admin/model/ldcms/Models.php:195]
[ error ] [2]foreach() argument must be of type array|object, null given[/var/webstars/sustens/application/admin/model/ldcms/Models.php:195]
[ error ] [2]foreach() argument must be of type array|object, null given[/var/webstars/sustens/application/admin/model/ldcms/Models.php:195]
[ error ] [2]foreach() argument must be of type array|object, null given[/var/webstars/sustens/application/admin/model/ldcms/Models.php:195]
[ error ] [2]foreach() argument must be of type array|object, null given[/var/webstars/sustens/application/admin/model/ldcms/Models.php:195]
[ error ] [2]foreach() argument must be of type array|object, null given[/var/webstars/sustens/application/admin/model/ldcms/Models.php:195]
[ error ] [2]foreach() argument must be of type array|object, null given[/var/webstars/sustens/application/admin/model/ldcms/Models.php:195]
[ error ] [2]foreach() argument must be of type array|object, null given[/var/webstars/sustens/application/admin/model/ldcms/Models.php:195]
[ error ] [2]foreach() argument must be of type array|object, null given[/var/webstars/sustens/application/admin/model/ldcms/Models.php:195]
[ error ] [2]foreach() argument must be of type array|object, null given[/var/webstars/sustens/application/admin/model/ldcms/Models.php:195]
---------------------------------------------------------------
[ 2024-11-01T14:56:45+08:00 ] 10.211.55.2 GET dev.sustens.com/MTyvDCHVOo.php/ajax/lang?callback=define&controllername=ldcms.document&lang=zh-cn&v=1730444204
[运行时间：0.068279s] [吞吐率：14.65req/s] [内存消耗：394.36kb] [文件加载：91]
[ info ] [ BEHAVIOR ] Run Closure @app_init [ RunTime:0.000019s ]
[ info ] [ CACHE ] INIT File
[ info ] [ DB ] INIT mysql
[ info ] [ BEHAVIOR ] Run \addons\ldcms\Ldcms @app_init [ RunTime:0.018651s ]
[ info ] [ BEHAVIOR ] Run Closure @app_init [ RunTime:0.018742s ]
[ info ] [ BEHAVIOR ] Run app\common\behavior\Common @app_init [ RunTime:0.000103s ]
[ info ] [ LANG ] /var/webstars/sustens/thinkphp/lang/zh-cn.php
[ info ] [ BEHAVIOR ] Run app\common\behavior\Common @app_dispatch [ RunTime:0.000017s ]
[ info ] [ ROUTE ] array (
  'type' => 'module',
  'module' => 
  array (
    0 => 'admin',
    1 => 'ajax',
    2 => 'lang',
  ),
)
[ info ] [ HEADER ] array (
  'cookie' => 'thinkphp_show_page_trace=0|0; uid=2; token=50446b79-6f1c-4eb2-9abc-2c19eb7a9159; thinkphp_show_page_trace=0|0; frontend_language=en; PHPSESSID=ofs8tivbb8gaklm4f5h75u50sf; keeplogin=1%7C86400%7C1730530545%7Ca1c676c2c4614b5c12311180e43af5dd; backend_language=en',
  'accept-language' => 'zh-CN,zh;q=0.9,en;q=0.8',
  'accept-encoding' => 'gzip, deflate',
  'accept' => '*/*',
  'user-agent' => 'Mozilla/5.0 (Macintosh; Intel Mac OS X 10_15_7) AppleWebKit/537.36 (KHTML, like Gecko) Chrome/130.0.0.0 Safari/537.36',
  'connection' => 'keep-alive',
  'host' => 'dev.sustens.com',
  'content-length' => '',
  'content-type' => '',
)
[ info ] [ PARAM ] array (
  'callback' => 'define',
  'controllername' => 'ldcms.document',
  'lang' => 'zh-cn',
  'v' => '1730444204',
)
[ info ] [ LANG ] /var/webstars/sustens/public/../application/admin/lang/zh-cn.php
[ info ] [ BEHAVIOR ] Run app\common\behavior\Common @module_init [ RunTime:0.000068s ]
[ info ] [ SESSION ] INIT array (
  'id' => '',
  'var_session_id' => '',
  'prefix' => 'think',
  'type' => '',
  'auto_start' => true,
)
[ info ] [ BEHAVIOR ] Run \addons\ldcms\Ldcms @config_init [ RunTime:0.000032s ]
[ info ] [ LANG ] /var/webstars/sustens/public/../application/admin/lang/zh-cn/ajax.php
[ info ] [ RUN ] app\admin\controller\Ajax->lang[ /var/webstars/sustens/application/admin/controller/Ajax.php ]
[ info ] [ LANG ] /var/webstars/sustens/public/../application/admin/lang/zh-cn/ldcms/document.php
[ info ] [ BEHAVIOR ] Run app\admin\behavior\AdminLog @app_end [ RunTime:0.000020s ]
[ info ] [ LOG ] INIT File
---------------------------------------------------------------
[ 2024-11-01T14:57:01+08:00 ] 10.211.55.2 GET dev.sustens.com/MTyvDCHVOo.php/ldcms/category?addtabs=1
[运行时间：0.334221s] [吞吐率：2.99req/s] [内存消耗：749.20kb] [文件加载：105]
[ info ] [ BEHAVIOR ] Run Closure @app_init [ RunTime:0.000074s ]
[ info ] [ CACHE ] INIT File
[ info ] [ DB ] INIT mysql
[ info ] [ BEHAVIOR ] Run \addons\ldcms\Ldcms @app_init [ RunTime:0.009549s ]
[ info ] [ BEHAVIOR ] Run Closure @app_init [ RunTime:0.009577s ]
[ info ] [ BEHAVIOR ] Run app\common\behavior\Common @app_init [ RunTime:0.001327s ]
[ info ] [ LANG ] /var/webstars/sustens/thinkphp/lang/zh-cn.php
[ info ] [ BEHAVIOR ] Run app\common\behavior\Common @app_dispatch [ RunTime:0.000036s ]
[ info ] [ ROUTE ] array (
  'type' => 'module',
  'module' => 
  array (
    0 => 'admin',
    1 => 'ldcms.category',
    2 => NULL,
  ),
)
[ info ] [ HEADER ] array (
  'cookie' => 'thinkphp_show_page_trace=0|0; thinkphp_show_page_trace=0|0; uid=2; token=50446b79-6f1c-4eb2-9abc-2c19eb7a9159; thinkphp_show_page_trace=0|0; frontend_language=en; PHPSESSID=ofs8tivbb8gaklm4f5h75u50sf; keeplogin=1%7C86400%7C1730530545%7Ca1c676c2c4614b5c12311180e43af5dd; backend_language=en',
  'accept-language' => 'zh-CN,zh;q=0.9,en;q=0.8',
  'accept-encoding' => 'gzip, deflate',
  'accept' => 'text/html,application/xhtml+xml,application/xml;q=0.9,image/avif,image/webp,image/apng,*/*;q=0.8,application/signed-exchange;v=b3;q=0.7',
  'user-agent' => 'Mozilla/5.0 (Macintosh; Intel Mac OS X 10_15_7) AppleWebKit/537.36 (KHTML, like Gecko) Chrome/130.0.0.0 Safari/537.36',
  'upgrade-insecure-requests' => '1',
  'connection' => 'keep-alive',
  'host' => 'dev.sustens.com',
  'content-length' => '',
  'content-type' => '',
)
[ info ] [ PARAM ] array (
  'addtabs' => '1',
)
[ info ] [ LANG ] /var/webstars/sustens/public/../application/admin/lang/zh-cn.php
[ info ] [ BEHAVIOR ] Run app\common\behavior\Common @module_init [ RunTime:0.001445s ]
[ info ] [ SESSION ] INIT array (
  'id' => '',
  'var_session_id' => '',
  'prefix' => 'think',
  'type' => '',
  'auto_start' => true,
)
[ info ] [ BEHAVIOR ] Run \addons\ldcms\Ldcms @config_init [ RunTime:0.000055s ]
[ info ] [ LANG ] /var/webstars/sustens/public/../application/admin/lang/zh-cn/ldcms/category.php
[ info ] [ RUN ] app\admin\controller\ldcms\Category->index[ /var/webstars/sustens/application/admin/controller/ldcms/Category.php ]
[ info ] [ VIEW ] /var/webstars/sustens/public/../application/admin/view/ldcms/category/index.html [ array (
  0 => 'breadcrumb',
  1 => 'site',
  2 => 'config',
  3 => 'auth',
  4 => 'admin',
  5 => 'addon_config',
  6 => 'categorys',
) ]
[ info ] [ BEHAVIOR ] Run app\admin\behavior\AdminLog @app_end [ RunTime:0.000426s ]
[ info ] [ LOG ] INIT File
[ error ] [2]Undefined variable $mid[/var/webstars/sustens/runtime/temp/72a3dcf62ef89dd31b0324462355bcbe.php:83]
---------------------------------------------------------------
[ 2024-11-01T14:57:01+08:00 ] 10.211.55.2 GET dev.sustens.com/MTyvDCHVOo.php/ajax/lang?callback=define&controllername=ldcms.category&lang=zh-cn&v=1730444220
[运行时间：0.026933s] [吞吐率：37.13req/s] [内存消耗：393.23kb] [文件加载：91]
[ info ] [ BEHAVIOR ] Run Closure @app_init [ RunTime:0.000026s ]
[ info ] [ CACHE ] INIT File
[ info ] [ DB ] INIT mysql
[ info ] [ BEHAVIOR ] Run \addons\ldcms\Ldcms @app_init [ RunTime:0.013833s ]
[ info ] [ BEHAVIOR ] Run Closure @app_init [ RunTime:0.013865s ]
[ info ] [ BEHAVIOR ] Run app\common\behavior\Common @app_init [ RunTime:0.000065s ]
[ info ] [ LANG ] /var/webstars/sustens/thinkphp/lang/zh-cn.php
[ info ] [ BEHAVIOR ] Run app\common\behavior\Common @app_dispatch [ RunTime:0.000015s ]
[ info ] [ ROUTE ] array (
  'type' => 'module',
  'module' => 
  array (
    0 => 'admin',
    1 => 'ajax',
    2 => 'lang',
  ),
)
[ info ] [ HEADER ] array (
  'cookie' => 'thinkphp_show_page_trace=0|0; uid=2; token=50446b79-6f1c-4eb2-9abc-2c19eb7a9159; thinkphp_show_page_trace=0|0; frontend_language=en; PHPSESSID=ofs8tivbb8gaklm4f5h75u50sf; keeplogin=1%7C86400%7C1730530545%7Ca1c676c2c4614b5c12311180e43af5dd; backend_language=en',
  'accept-language' => 'zh-CN,zh;q=0.9,en;q=0.8',
  'accept-encoding' => 'gzip, deflate',
  'accept' => '*/*',
  'user-agent' => 'Mozilla/5.0 (Macintosh; Intel Mac OS X 10_15_7) AppleWebKit/537.36 (KHTML, like Gecko) Chrome/130.0.0.0 Safari/537.36',
  'connection' => 'keep-alive',
  'host' => 'dev.sustens.com',
  'content-length' => '',
  'content-type' => '',
)
[ info ] [ PARAM ] array (
  'callback' => 'define',
  'controllername' => 'ldcms.category',
  'lang' => 'zh-cn',
  'v' => '1730444220',
)
[ info ] [ LANG ] /var/webstars/sustens/public/../application/admin/lang/zh-cn.php
[ info ] [ BEHAVIOR ] Run app\common\behavior\Common @module_init [ RunTime:0.000061s ]
[ info ] [ SESSION ] INIT array (
  'id' => '',
  'var_session_id' => '',
  'prefix' => 'think',
  'type' => '',
  'auto_start' => true,
)
[ info ] [ BEHAVIOR ] Run \addons\ldcms\Ldcms @config_init [ RunTime:0.000035s ]
[ info ] [ LANG ] /var/webstars/sustens/public/../application/admin/lang/zh-cn/ajax.php
[ info ] [ RUN ] app\admin\controller\Ajax->lang[ /var/webstars/sustens/application/admin/controller/Ajax.php ]
[ info ] [ LANG ] /var/webstars/sustens/public/../application/admin/lang/zh-cn/ldcms/category.php
[ info ] [ BEHAVIOR ] Run app\admin\behavior\AdminLog @app_end [ RunTime:0.000021s ]
[ info ] [ LOG ] INIT File
---------------------------------------------------------------
[ 2024-11-01T14:57:01+08:00 ] 10.211.55.2 GET dev.sustens.com/MTyvDCHVOo.php/ldcms/category/index?addtabs=1&sort=id&order=desc&_=1730444219333
[运行时间：0.110395s] [吞吐率：9.06req/s] [内存消耗：717.50kb] [文件加载：97]
[ info ] [ BEHAVIOR ] Run Closure @app_init [ RunTime:0.000024s ]
[ info ] [ CACHE ] INIT File
[ info ] [ DB ] INIT mysql
[ info ] [ BEHAVIOR ] Run \addons\ldcms\Ldcms @app_init [ RunTime:0.007371s ]
[ info ] [ BEHAVIOR ] Run Closure @app_init [ RunTime:0.007402s ]
[ info ] [ BEHAVIOR ] Run app\common\behavior\Common @app_init [ RunTime:0.000148s ]
[ info ] [ LANG ] /var/webstars/sustens/thinkphp/lang/zh-cn.php
[ info ] [ BEHAVIOR ] Run app\common\behavior\Common @app_dispatch [ RunTime:0.000022s ]
[ info ] [ ROUTE ] array (
  'type' => 'module',
  'module' => 
  array (
    0 => 'admin',
    1 => 'ldcms.category',
    2 => 'index',
  ),
)
[ info ] [ HEADER ] array (
  'cookie' => 'thinkphp_show_page_trace=0|0; thinkphp_show_page_trace=0|0; uid=2; token=50446b79-6f1c-4eb2-9abc-2c19eb7a9159; thinkphp_show_page_trace=0|0; frontend_language=en; PHPSESSID=ofs8tivbb8gaklm4f5h75u50sf; keeplogin=1%7C86400%7C1730530545%7Ca1c676c2c4614b5c12311180e43af5dd; backend_language=en',
  'accept-language' => 'zh-CN,zh;q=0.9,en;q=0.8',
  'accept-encoding' => 'gzip, deflate',
  'content-type' => 'application/json',
  'accept' => 'application/json, text/javascript, */*; q=0.01',
  'user-agent' => 'Mozilla/5.0 (Macintosh; Intel Mac OS X 10_15_7) AppleWebKit/537.36 (KHTML, like Gecko) Chrome/130.0.0.0 Safari/537.36',
  'x-requested-with' => 'XMLHttpRequest',
  'connection' => 'keep-alive',
  'host' => 'dev.sustens.com',
  'content-length' => '',
)
[ info ] [ PARAM ] array (
  'addtabs' => '1',
  'sort' => 'id',
  'order' => 'desc',
  '_' => '1730444219333',
)
[ info ] [ LANG ] /var/webstars/sustens/public/../application/admin/lang/zh-cn.php
[ info ] [ BEHAVIOR ] Run app\common\behavior\Common @module_init [ RunTime:0.000072s ]
[ info ] [ SESSION ] INIT array (
  'id' => '',
  'var_session_id' => '',
  'prefix' => 'think',
  'type' => '',
  'auto_start' => true,
)
[ info ] [ BEHAVIOR ] Run \addons\ldcms\Ldcms @config_init [ RunTime:0.000039s ]
[ info ] [ LANG ] /var/webstars/sustens/public/../application/admin/lang/zh-cn/ldcms/category.php
[ info ] [ RUN ] app\admin\controller\ldcms\Category->index[ /var/webstars/sustens/application/admin/controller/ldcms/Category.php ]
[ info ] [ BEHAVIOR ] Run app\admin\behavior\AdminLog @app_end [ RunTime:0.000040s ]
[ info ] [ LOG ] INIT File
---------------------------------------------------------------
[ 2024-11-01T14:57:06+08:00 ] 10.211.55.2 GET dev.sustens.com/MTyvDCHVOo.php/ldcms/category/edit/ids/158?dialog=1
[运行时间：0.137632s] [吞吐率：7.27req/s] [内存消耗：799.34kb] [文件加载：103]
[ info ] [ BEHAVIOR ] Run Closure @app_init [ RunTime:0.000023s ]
[ info ] [ CACHE ] INIT File
[ info ] [ DB ] INIT mysql
[ info ] [ BEHAVIOR ] Run \addons\ldcms\Ldcms @app_init [ RunTime:0.038886s ]
[ info ] [ BEHAVIOR ] Run Closure @app_init [ RunTime:0.038911s ]
[ info ] [ BEHAVIOR ] Run app\common\behavior\Common @app_init [ RunTime:0.000095s ]
[ info ] [ LANG ] /var/webstars/sustens/thinkphp/lang/zh-cn.php
[ info ] [ BEHAVIOR ] Run app\common\behavior\Common @app_dispatch [ RunTime:0.000015s ]
[ info ] [ ROUTE ] array (
  'type' => 'module',
  'module' => 
  array (
    0 => 'admin',
    1 => 'ldcms.category',
    2 => 'edit',
  ),
)
[ info ] [ HEADER ] array (
  'cookie' => 'thinkphp_show_page_trace=0|0; thinkphp_show_page_trace=0|0; uid=2; token=50446b79-6f1c-4eb2-9abc-2c19eb7a9159; thinkphp_show_page_trace=0|0; frontend_language=en; PHPSESSID=ofs8tivbb8gaklm4f5h75u50sf; keeplogin=1%7C86400%7C1730530545%7Ca1c676c2c4614b5c12311180e43af5dd; backend_language=en',
  'accept-language' => 'zh-CN,zh;q=0.9,en;q=0.8',
  'accept-encoding' => 'gzip, deflate',
  'accept' => 'text/html,application/xhtml+xml,application/xml;q=0.9,image/avif,image/webp,image/apng,*/*;q=0.8,application/signed-exchange;v=b3;q=0.7',
  'user-agent' => 'Mozilla/5.0 (Macintosh; Intel Mac OS X 10_15_7) AppleWebKit/537.36 (KHTML, like Gecko) Chrome/130.0.0.0 Safari/537.36',
  'upgrade-insecure-requests' => '1',
  'connection' => 'keep-alive',
  'host' => 'dev.sustens.com',
  'content-length' => '',
  'content-type' => '',
)
[ info ] [ PARAM ] array (
  'dialog' => '1',
  'ids' => '158',
)
[ info ] [ LANG ] /var/webstars/sustens/public/../application/admin/lang/zh-cn.php
[ info ] [ BEHAVIOR ] Run app\common\behavior\Common @module_init [ RunTime:0.000074s ]
[ info ] [ SESSION ] INIT array (
  'id' => '',
  'var_session_id' => '',
  'prefix' => 'think',
  'type' => '',
  'auto_start' => true,
)
[ info ] [ BEHAVIOR ] Run \addons\ldcms\Ldcms @config_init [ RunTime:0.000039s ]
[ info ] [ LANG ] /var/webstars/sustens/public/../application/admin/lang/zh-cn/ldcms/category.php
[ info ] [ RUN ] app\admin\controller\ldcms\Category->edit[ /var/webstars/sustens/application/admin/controller/ldcms/Category.php ]
[ info ] [ VIEW ] /var/webstars/sustens/public/../application/admin/view/../../../addons/ldcms/utils/builder/view/fields.html [ array (
  0 => 'breadcrumb',
  1 => 'site',
  2 => 'config',
  3 => 'auth',
  4 => 'admin',
  5 => 'addon_config',
  6 => 'categorys',
  7 => 'isForm',
  8 => 'fields',
  9 => 'tab_group',
  10 => 'item_group',
  11 => 'field_show',
) ]
[ info ] [ BEHAVIOR ] Run app\admin\behavior\AdminLog @app_end [ RunTime:0.000039s ]
[ info ] [ LOG ] INIT File
---------------------------------------------------------------
[ 2024-11-01T14:57:06+08:00 ] 10.211.55.2 GET dev.sustens.com/MTyvDCHVOo.php/ajax/lang?callback=define&controllername=ldcms.category&lang=zh-cn&v=1730444226
[运行时间：0.061519s] [吞吐率：16.26req/s] [内存消耗：393.23kb] [文件加载：91]
[ info ] [ BEHAVIOR ] Run Closure @app_init [ RunTime:0.000020s ]
[ info ] [ CACHE ] INIT File
[ info ] [ DB ] INIT mysql
[ info ] [ BEHAVIOR ] Run \addons\ldcms\Ldcms @app_init [ RunTime:0.017682s ]
[ info ] [ BEHAVIOR ] Run Closure @app_init [ RunTime:0.017706s ]
[ info ] [ BEHAVIOR ] Run app\common\behavior\Common @app_init [ RunTime:0.000055s ]
[ info ] [ LANG ] /var/webstars/sustens/thinkphp/lang/zh-cn.php
[ info ] [ BEHAVIOR ] Run app\common\behavior\Common @app_dispatch [ RunTime:0.000014s ]
[ info ] [ ROUTE ] array (
  'type' => 'module',
  'module' => 
  array (
    0 => 'admin',
    1 => 'ajax',
    2 => 'lang',
  ),
)
[ info ] [ HEADER ] array (
  'cookie' => 'thinkphp_show_page_trace=0|0; uid=2; token=50446b79-6f1c-4eb2-9abc-2c19eb7a9159; thinkphp_show_page_trace=0|0; frontend_language=en; PHPSESSID=ofs8tivbb8gaklm4f5h75u50sf; keeplogin=1%7C86400%7C1730530545%7Ca1c676c2c4614b5c12311180e43af5dd; backend_language=en',
  'accept-language' => 'zh-CN,zh;q=0.9,en;q=0.8',
  'accept-encoding' => 'gzip, deflate',
  'accept' => '*/*',
  'user-agent' => 'Mozilla/5.0 (Macintosh; Intel Mac OS X 10_15_7) AppleWebKit/537.36 (KHTML, like Gecko) Chrome/130.0.0.0 Safari/537.36',
  'connection' => 'keep-alive',
  'host' => 'dev.sustens.com',
  'content-length' => '',
  'content-type' => '',
)
[ info ] [ PARAM ] array (
  'callback' => 'define',
  'controllername' => 'ldcms.category',
  'lang' => 'zh-cn',
  'v' => '1730444226',
)
[ info ] [ LANG ] /var/webstars/sustens/public/../application/admin/lang/zh-cn.php
[ info ] [ BEHAVIOR ] Run app\common\behavior\Common @module_init [ RunTime:0.000074s ]
[ info ] [ SESSION ] INIT array (
  'id' => '',
  'var_session_id' => '',
  'prefix' => 'think',
  'type' => '',
  'auto_start' => true,
)
[ info ] [ BEHAVIOR ] Run \addons\ldcms\Ldcms @config_init [ RunTime:0.000029s ]
[ info ] [ LANG ] /var/webstars/sustens/public/../application/admin/lang/zh-cn/ajax.php
[ info ] [ RUN ] app\admin\controller\Ajax->lang[ /var/webstars/sustens/application/admin/controller/Ajax.php ]
[ info ] [ LANG ] /var/webstars/sustens/public/../application/admin/lang/zh-cn/ldcms/category.php
[ info ] [ BEHAVIOR ] Run app\admin\behavior\AdminLog @app_end [ RunTime:0.000015s ]
[ info ] [ LOG ] INIT File
---------------------------------------------------------------
[ 2024-11-01T14:57:06+08:00 ] 10.211.55.2 GET dev.sustens.com/MTyvDCHVOo.php/ldcms/category/getModels
[运行时间：0.033857s] [吞吐率：29.54req/s] [内存消耗：574.74kb] [文件加载：96]
[ info ] [ BEHAVIOR ] Run Closure @app_init [ RunTime:0.000017s ]
[ info ] [ CACHE ] INIT File
[ info ] [ DB ] INIT mysql
[ info ] [ BEHAVIOR ] Run \addons\ldcms\Ldcms @app_init [ RunTime:0.002122s ]
[ info ] [ BEHAVIOR ] Run Closure @app_init [ RunTime:0.002142s ]
[ info ] [ BEHAVIOR ] Run app\common\behavior\Common @app_init [ RunTime:0.000050s ]
[ info ] [ LANG ] /var/webstars/sustens/thinkphp/lang/zh-cn.php
[ info ] [ BEHAVIOR ] Run app\common\behavior\Common @app_dispatch [ RunTime:0.000013s ]
[ info ] [ ROUTE ] array (
  'type' => 'module',
  'module' => 
  array (
    0 => 'admin',
    1 => 'ldcms.category',
    2 => 'getModels',
  ),
)
[ info ] [ HEADER ] array (
  'cookie' => 'thinkphp_show_page_trace=0|0; thinkphp_show_page_trace=0|0; uid=2; token=50446b79-6f1c-4eb2-9abc-2c19eb7a9159; thinkphp_show_page_trace=0|0; frontend_language=en; PHPSESSID=ofs8tivbb8gaklm4f5h75u50sf; keeplogin=1%7C86400%7C1730530545%7Ca1c676c2c4614b5c12311180e43af5dd; backend_language=en',
  'accept-language' => 'zh-CN,zh;q=0.9,en;q=0.8',
  'accept-encoding' => 'gzip, deflate',
  'x-requested-with' => 'XMLHttpRequest',
  'accept' => '*/*',
  'user-agent' => 'Mozilla/5.0 (Macintosh; Intel Mac OS X 10_15_7) AppleWebKit/537.36 (KHTML, like Gecko) Chrome/130.0.0.0 Safari/537.36',
  'connection' => 'keep-alive',
  'host' => 'dev.sustens.com',
  'content-length' => '',
  'content-type' => '',
)
[ info ] [ PARAM ] array (
)
[ info ] [ LANG ] /var/webstars/sustens/public/../application/admin/lang/zh-cn.php
[ info ] [ BEHAVIOR ] Run app\common\behavior\Common @module_init [ RunTime:0.000086s ]
[ info ] [ SESSION ] INIT array (
  'id' => '',
  'var_session_id' => '',
  'prefix' => 'think',
  'type' => '',
  'auto_start' => true,
)
[ info ] [ BEHAVIOR ] Run \addons\ldcms\Ldcms @config_init [ RunTime:0.000029s ]
[ info ] [ LANG ] /var/webstars/sustens/public/../application/admin/lang/zh-cn/ldcms/category.php
[ info ] [ RUN ] app\admin\controller\ldcms\Category->getModels[ /var/webstars/sustens/application/admin/controller/ldcms/Category.php ]
[ info ] [ BEHAVIOR ] Run app\admin\behavior\AdminLog @app_end [ RunTime:0.000026s ]
[ info ] [ LOG ] INIT File
---------------------------------------------------------------
[ 2024-11-01T14:57:16+08:00 ] 10.211.55.2 GET dev.sustens.com/MTyvDCHVOo.php/ldcms/document/index/mid/2?addtabs=1
[运行时间：0.076714s] [吞吐率：13.04req/s] [内存消耗：719.15kb] [文件加载：100]
[ info ] [ BEHAVIOR ] Run Closure @app_init [ RunTime:0.000023s ]
[ info ] [ CACHE ] INIT File
[ info ] [ DB ] INIT mysql
[ info ] [ BEHAVIOR ] Run \addons\ldcms\Ldcms @app_init [ RunTime:0.016119s ]
[ info ] [ BEHAVIOR ] Run Closure @app_init [ RunTime:0.016143s ]
[ info ] [ BEHAVIOR ] Run app\common\behavior\Common @app_init [ RunTime:0.000088s ]
[ info ] [ LANG ] /var/webstars/sustens/thinkphp/lang/zh-cn.php
[ info ] [ BEHAVIOR ] Run app\common\behavior\Common @app_dispatch [ RunTime:0.000021s ]
[ info ] [ ROUTE ] array (
  'type' => 'module',
  'module' => 
  array (
    0 => 'admin',
    1 => 'ldcms.document',
    2 => 'index',
  ),
)
[ info ] [ HEADER ] array (
  'cookie' => 'thinkphp_show_page_trace=0|0; thinkphp_show_page_trace=0|0; thinkphp_show_page_trace=0|0; thinkphp_show_page_trace=0|0; uid=2; token=50446b79-6f1c-4eb2-9abc-2c19eb7a9159; thinkphp_show_page_trace=0|0; frontend_language=en; PHPSESSID=ofs8tivbb8gaklm4f5h75u50sf; keeplogin=1%7C86400%7C1730530545%7Ca1c676c2c4614b5c12311180e43af5dd; backend_language=en',
  'accept-language' => 'zh-CN,zh;q=0.9,en;q=0.8',
  'accept-encoding' => 'gzip, deflate',
  'accept' => 'text/html,application/xhtml+xml,application/xml;q=0.9,image/avif,image/webp,image/apng,*/*;q=0.8,application/signed-exchange;v=b3;q=0.7',
  'user-agent' => 'Mozilla/5.0 (Macintosh; Intel Mac OS X 10_15_7) AppleWebKit/537.36 (KHTML, like Gecko) Chrome/130.0.0.0 Safari/537.36',
  'upgrade-insecure-requests' => '1',
  'connection' => 'keep-alive',
  'host' => 'dev.sustens.com',
  'content-length' => '',
  'content-type' => '',
)
[ info ] [ PARAM ] array (
  'addtabs' => '1',
  'mid' => '2',
)
[ info ] [ LANG ] /var/webstars/sustens/public/../application/admin/lang/zh-cn.php
[ info ] [ BEHAVIOR ] Run app\common\behavior\Common @module_init [ RunTime:0.000084s ]
[ info ] [ SESSION ] INIT array (
  'id' => '',
  'var_session_id' => '',
  'prefix' => 'think',
  'type' => '',
  'auto_start' => true,
)
[ info ] [ BEHAVIOR ] Run \addons\ldcms\Ldcms @config_init [ RunTime:0.000036s ]
[ info ] [ LANG ] /var/webstars/sustens/public/../application/admin/lang/zh-cn/ldcms/document.php
[ info ] [ RUN ] app\admin\controller\ldcms\Document->index[ /var/webstars/sustens/application/admin/controller/ldcms/Document.php ]
[ info ] [ VIEW ] /var/webstars/sustens/public/../application/admin/view/ldcms/document/index.html [ array (
  0 => 'breadcrumb',
  1 => 'site',
  2 => 'config',
  3 => 'auth',
  4 => 'admin',
  5 => 'addon_config',
  6 => 'mid',
  7 => 'models',
  8 => 'fields',
  9 => 'categorys',
) ]
[ info ] [ BEHAVIOR ] Run app\admin\behavior\AdminLog @app_end [ RunTime:0.000040s ]
[ info ] [ LOG ] INIT File
---------------------------------------------------------------
[ 2024-11-01T14:57:17+08:00 ] 10.211.55.2 GET dev.sustens.com/MTyvDCHVOo.php/ajax/lang?callback=define&controllername=ldcms.document&lang=zh-cn&v=1730444236
[运行时间：0.033231s] [吞吐率：30.09req/s] [内存消耗：394.36kb] [文件加载：91]
[ info ] [ BEHAVIOR ] Run Closure @app_init [ RunTime:0.000061s ]
[ info ] [ CACHE ] INIT File
[ info ] [ DB ] INIT mysql
[ info ] [ BEHAVIOR ] Run \addons\ldcms\Ldcms @app_init [ RunTime:0.016121s ]
[ info ] [ BEHAVIOR ] Run Closure @app_init [ RunTime:0.016144s ]
[ info ] [ BEHAVIOR ] Run app\common\behavior\Common @app_init [ RunTime:0.000062s ]
[ info ] [ LANG ] /var/webstars/sustens/thinkphp/lang/zh-cn.php
[ info ] [ BEHAVIOR ] Run app\common\behavior\Common @app_dispatch [ RunTime:0.000014s ]
[ info ] [ ROUTE ] array (
  'type' => 'module',
  'module' => 
  array (
    0 => 'admin',
    1 => 'ajax',
    2 => 'lang',
  ),
)
[ info ] [ HEADER ] array (
  'cookie' => 'thinkphp_show_page_trace=0|0; uid=2; token=50446b79-6f1c-4eb2-9abc-2c19eb7a9159; thinkphp_show_page_trace=0|0; frontend_language=en; PHPSESSID=ofs8tivbb8gaklm4f5h75u50sf; keeplogin=1%7C86400%7C1730530545%7Ca1c676c2c4614b5c12311180e43af5dd; backend_language=en',
  'accept-language' => 'zh-CN,zh;q=0.9,en;q=0.8',
  'accept-encoding' => 'gzip, deflate',
  'accept' => '*/*',
  'user-agent' => 'Mozilla/5.0 (Macintosh; Intel Mac OS X 10_15_7) AppleWebKit/537.36 (KHTML, like Gecko) Chrome/130.0.0.0 Safari/537.36',
  'connection' => 'keep-alive',
  'host' => 'dev.sustens.com',
  'content-length' => '',
  'content-type' => '',
)
[ info ] [ PARAM ] array (
  'callback' => 'define',
  'controllername' => 'ldcms.document',
  'lang' => 'zh-cn',
  'v' => '1730444236',
)
[ info ] [ LANG ] /var/webstars/sustens/public/../application/admin/lang/zh-cn.php
[ info ] [ BEHAVIOR ] Run app\common\behavior\Common @module_init [ RunTime:0.000061s ]
[ info ] [ SESSION ] INIT array (
  'id' => '',
  'var_session_id' => '',
  'prefix' => 'think',
  'type' => '',
  'auto_start' => true,
)
[ info ] [ BEHAVIOR ] Run \addons\ldcms\Ldcms @config_init [ RunTime:0.000029s ]
[ info ] [ LANG ] /var/webstars/sustens/public/../application/admin/lang/zh-cn/ajax.php
[ info ] [ RUN ] app\admin\controller\Ajax->lang[ /var/webstars/sustens/application/admin/controller/Ajax.php ]
[ info ] [ LANG ] /var/webstars/sustens/public/../application/admin/lang/zh-cn/ldcms/document.php
[ info ] [ BEHAVIOR ] Run app\admin\behavior\AdminLog @app_end [ RunTime:0.000019s ]
[ info ] [ LOG ] INIT File
---------------------------------------------------------------
[ 2024-11-01T14:57:17+08:00 ] 10.211.55.2 GET dev.sustens.com/MTyvDCHVOo.php/ldcms/document/index/mid/2?addtabs=1&sort=sort&order=asc&offset=0&limit=10&filter=%7B%7D&op=%7B%7D&_=1730444235031
[运行时间：0.138589s] [吞吐率：7.22req/s] [内存消耗：744.77kb] [文件加载：100]
[ info ] [ BEHAVIOR ] Run Closure @app_init [ RunTime:0.000018s ]
[ info ] [ CACHE ] INIT File
[ info ] [ DB ] INIT mysql
[ info ] [ BEHAVIOR ] Run \addons\ldcms\Ldcms @app_init [ RunTime:0.006126s ]
[ info ] [ BEHAVIOR ] Run Closure @app_init [ RunTime:0.006160s ]
[ info ] [ BEHAVIOR ] Run app\common\behavior\Common @app_init [ RunTime:0.000086s ]
[ info ] [ LANG ] /var/webstars/sustens/thinkphp/lang/zh-cn.php
[ info ] [ BEHAVIOR ] Run app\common\behavior\Common @app_dispatch [ RunTime:0.000020s ]
[ info ] [ ROUTE ] array (
  'type' => 'module',
  'module' => 
  array (
    0 => 'admin',
    1 => 'ldcms.document',
    2 => 'index',
  ),
)
[ info ] [ HEADER ] array (
  'cookie' => 'thinkphp_show_page_trace=0|0; thinkphp_show_page_trace=0|0; thinkphp_show_page_trace=0|0; thinkphp_show_page_trace=0|0; uid=2; token=50446b79-6f1c-4eb2-9abc-2c19eb7a9159; thinkphp_show_page_trace=0|0; frontend_language=en; PHPSESSID=ofs8tivbb8gaklm4f5h75u50sf; keeplogin=1%7C86400%7C1730530545%7Ca1c676c2c4614b5c12311180e43af5dd; backend_language=en',
  'accept-language' => 'zh-CN,zh;q=0.9,en;q=0.8',
  'accept-encoding' => 'gzip, deflate',
  'content-type' => 'application/json',
  'accept' => 'application/json, text/javascript, */*; q=0.01',
  'user-agent' => 'Mozilla/5.0 (Macintosh; Intel Mac OS X 10_15_7) AppleWebKit/537.36 (KHTML, like Gecko) Chrome/130.0.0.0 Safari/537.36',
  'x-requested-with' => 'XMLHttpRequest',
  'connection' => 'keep-alive',
  'host' => 'dev.sustens.com',
  'content-length' => '',
)
[ info ] [ PARAM ] array (
  'addtabs' => '1',
  'sort' => 'sort',
  'order' => 'asc',
  'offset' => '0',
  'limit' => '10',
  'filter' => '{}',
  'op' => '{}',
  '_' => '1730444235031',
  'mid' => '2',
)
[ info ] [ LANG ] /var/webstars/sustens/public/../application/admin/lang/zh-cn.php
[ info ] [ BEHAVIOR ] Run app\common\behavior\Common @module_init [ RunTime:0.000218s ]
[ info ] [ SESSION ] INIT array (
  'id' => '',
  'var_session_id' => '',
  'prefix' => 'think',
  'type' => '',
  'auto_start' => true,
)
[ info ] [ BEHAVIOR ] Run \addons\ldcms\Ldcms @config_init [ RunTime:0.000037s ]
[ info ] [ LANG ] /var/webstars/sustens/public/../application/admin/lang/zh-cn/ldcms/document.php
[ info ] [ RUN ] app\admin\controller\ldcms\Document->index[ /var/webstars/sustens/application/admin/controller/ldcms/Document.php ]
[ info ] [ BEHAVIOR ] Run app\admin\behavior\AdminLog @app_end [ RunTime:0.000043s ]
[ info ] [ LOG ] INIT File
---------------------------------------------------------------
[ 2024-11-01T14:57:27+08:00 ] 10.211.55.2 GET dev.sustens.com/MTyvDCHVOo.php/ldcms/category/index?addtabs=1&sort=id&order=desc&_=1730444219334
[运行时间：0.080395s] [吞吐率：12.44req/s] [内存消耗：720.66kb] [文件加载：97]
[ info ] [ BEHAVIOR ] Run Closure @app_init [ RunTime:0.000018s ]
[ info ] [ CACHE ] INIT File
[ info ] [ DB ] INIT mysql
[ info ] [ BEHAVIOR ] Run \addons\ldcms\Ldcms @app_init [ RunTime:0.017115s ]
[ info ] [ BEHAVIOR ] Run Closure @app_init [ RunTime:0.017141s ]
[ info ] [ BEHAVIOR ] Run app\common\behavior\Common @app_init [ RunTime:0.000105s ]
[ info ] [ LANG ] /var/webstars/sustens/thinkphp/lang/zh-cn.php
[ info ] [ BEHAVIOR ] Run app\common\behavior\Common @app_dispatch [ RunTime:0.000016s ]
[ info ] [ ROUTE ] array (
  'type' => 'module',
  'module' => 
  array (
    0 => 'admin',
    1 => 'ldcms.category',
    2 => 'index',
  ),
)
[ info ] [ HEADER ] array (
  'cookie' => 'thinkphp_show_page_trace=0|0; thinkphp_show_page_trace=0|0; uid=2; token=50446b79-6f1c-4eb2-9abc-2c19eb7a9159; thinkphp_show_page_trace=0|0; frontend_language=en; PHPSESSID=ofs8tivbb8gaklm4f5h75u50sf; keeplogin=1%7C86400%7C1730530545%7Ca1c676c2c4614b5c12311180e43af5dd; backend_language=en',
  'accept-language' => 'zh-CN,zh;q=0.9,en;q=0.8',
  'accept-encoding' => 'gzip, deflate',
  'content-type' => 'application/json',
  'accept' => 'application/json, text/javascript, */*; q=0.01',
  'user-agent' => 'Mozilla/5.0 (Macintosh; Intel Mac OS X 10_15_7) AppleWebKit/537.36 (KHTML, like Gecko) Chrome/130.0.0.0 Safari/537.36',
  'x-requested-with' => 'XMLHttpRequest',
  'connection' => 'keep-alive',
  'host' => 'dev.sustens.com',
  'content-length' => '',
)
[ info ] [ PARAM ] array (
  'addtabs' => '1',
  'sort' => 'id',
  'order' => 'desc',
  '_' => '1730444219334',
)
[ info ] [ LANG ] /var/webstars/sustens/public/../application/admin/lang/zh-cn.php
[ info ] [ BEHAVIOR ] Run app\common\behavior\Common @module_init [ RunTime:0.000122s ]
[ info ] [ SESSION ] INIT array (
  'id' => '',
  'var_session_id' => '',
  'prefix' => 'think',
  'type' => '',
  'auto_start' => true,
)
[ info ] [ BEHAVIOR ] Run \addons\ldcms\Ldcms @config_init [ RunTime:0.000086s ]
[ info ] [ LANG ] /var/webstars/sustens/public/../application/admin/lang/zh-cn/ldcms/category.php
[ info ] [ RUN ] app\admin\controller\ldcms\Category->index[ /var/webstars/sustens/application/admin/controller/ldcms/Category.php ]
[ info ] [ BEHAVIOR ] Run app\admin\behavior\AdminLog @app_end [ RunTime:0.000043s ]
[ info ] [ LOG ] INIT File
---------------------------------------------------------------
[ 2024-11-01T14:57:42+08:00 ] 10.211.55.2 GET dev.sustens.com/MTyvDCHVOo.php/ldcms/category?ref=addtabs&ldcms_lang=zh-cn
[运行时间：0.243262s] [吞吐率：4.11req/s] [内存消耗：623.77kb] [文件加载：90]
[ info ] [ BEHAVIOR ] Run Closure @app_init [ RunTime:0.000081s ]
[ info ] [ CACHE ] INIT File
[ info ] [ DB ] INIT mysql
[ info ] [ BEHAVIOR ] Run \addons\ldcms\Ldcms @app_init [ RunTime:0.048637s ]
[ info ] [ BEHAVIOR ] Run Closure @app_init [ RunTime:0.048661s ]
[ info ] [ BEHAVIOR ] Run app\common\behavior\Common @app_init [ RunTime:0.045865s ]
[ info ] [ LANG ] /var/webstars/sustens/thinkphp/lang/zh-cn.php
[ info ] [ BEHAVIOR ] Run app\common\behavior\Common @app_dispatch [ RunTime:0.000033s ]
[ info ] [ ROUTE ] array (
  'type' => 'module',
  'module' => 
  array (
    0 => 'admin',
    1 => 'ldcms.category',
    2 => NULL,
  ),
)
[ info ] [ HEADER ] array (
  'cookie' => 'thinkphp_show_page_trace=0|0; thinkphp_show_page_trace=0|0; uid=2; token=50446b79-6f1c-4eb2-9abc-2c19eb7a9159; thinkphp_show_page_trace=0|0; frontend_language=en; PHPSESSID=ofs8tivbb8gaklm4f5h75u50sf; keeplogin=1%7C86400%7C1730530545%7Ca1c676c2c4614b5c12311180e43af5dd; backend_language=en',
  'accept-language' => 'zh-CN,zh;q=0.9,en;q=0.8',
  'accept-encoding' => 'gzip, deflate',
  'accept' => 'text/html,application/xhtml+xml,application/xml;q=0.9,image/avif,image/webp,image/apng,*/*;q=0.8,application/signed-exchange;v=b3;q=0.7',
  'user-agent' => 'Mozilla/5.0 (Macintosh; Intel Mac OS X 10_15_7) AppleWebKit/537.36 (KHTML, like Gecko) Chrome/130.0.0.0 Safari/537.36',
  'upgrade-insecure-requests' => '1',
  'connection' => 'keep-alive',
  'host' => 'dev.sustens.com',
  'content-length' => '',
  'content-type' => '',
)
[ info ] [ PARAM ] array (
  'ref' => 'addtabs',
  'ldcms_lang' => 'zh-cn',
)
[ info ] [ LANG ] /var/webstars/sustens/public/../application/admin/lang/zh-cn.php
[ info ] [ BEHAVIOR ] Run app\common\behavior\Common @module_init [ RunTime:0.000580s ]
[ info ] [ SESSION ] INIT array (
  'id' => '',
  'var_session_id' => '',
  'prefix' => 'think',
  'type' => '',
  'auto_start' => true,
)
[ info ] [ BEHAVIOR ] Run app\admin\behavior\AdminLog @app_end [ RunTime:0.000526s ]
[ info ] [ LOG ] INIT File
---------------------------------------------------------------
[ 2024-11-01T14:57:42+08:00 ] 10.211.55.2 GET dev.sustens.com/MTyvDCHVOo.php/index/index
[运行时间：0.066820s] [吞吐率：14.97req/s] [内存消耗：712.44kb] [文件加载：96]
[ info ] [ BEHAVIOR ] Run Closure @app_init [ RunTime:0.001556s ]
[ info ] [ CACHE ] INIT File
[ info ] [ DB ] INIT mysql
[ info ] [ BEHAVIOR ] Run \addons\ldcms\Ldcms @app_init [ RunTime:0.003502s ]
[ info ] [ BEHAVIOR ] Run Closure @app_init [ RunTime:0.003537s ]
[ info ] [ BEHAVIOR ] Run app\common\behavior\Common @app_init [ RunTime:0.000078s ]
[ info ] [ LANG ] /var/webstars/sustens/thinkphp/lang/zh-cn.php
[ info ] [ BEHAVIOR ] Run app\common\behavior\Common @app_dispatch [ RunTime:0.000021s ]
[ info ] [ ROUTE ] array (
  'type' => 'module',
  'module' => 
  array (
    0 => 'admin',
    1 => 'index',
    2 => 'index',
  ),
)
[ info ] [ HEADER ] array (
  'cookie' => 'thinkphp_show_page_trace=0|0; thinkphp_show_page_trace=0|0; uid=2; token=50446b79-6f1c-4eb2-9abc-2c19eb7a9159; thinkphp_show_page_trace=0|0; frontend_language=en; PHPSESSID=ofs8tivbb8gaklm4f5h75u50sf; keeplogin=1%7C86400%7C1730530545%7Ca1c676c2c4614b5c12311180e43af5dd; backend_language=en',
  'accept-language' => 'zh-CN,zh;q=0.9,en;q=0.8',
  'accept-encoding' => 'gzip, deflate',
  'accept' => 'text/html,application/xhtml+xml,application/xml;q=0.9,image/avif,image/webp,image/apng,*/*;q=0.8,application/signed-exchange;v=b3;q=0.7',
  'user-agent' => 'Mozilla/5.0 (Macintosh; Intel Mac OS X 10_15_7) AppleWebKit/537.36 (KHTML, like Gecko) Chrome/130.0.0.0 Safari/537.36',
  'upgrade-insecure-requests' => '1',
  'connection' => 'keep-alive',
  'host' => 'dev.sustens.com',
  'content-length' => '',
  'content-type' => '',
)
[ info ] [ PARAM ] array (
)
[ info ] [ LANG ] /var/webstars/sustens/public/../application/admin/lang/zh-cn.php
[ info ] [ BEHAVIOR ] Run app\common\behavior\Common @module_init [ RunTime:0.000160s ]
[ info ] [ SESSION ] INIT array (
  'id' => '',
  'var_session_id' => '',
  'prefix' => 'think',
  'type' => '',
  'auto_start' => true,
)
[ info ] [ BEHAVIOR ] Run \addons\ldcms\Ldcms @config_init [ RunTime:0.000037s ]
[ info ] [ LANG ] /var/webstars/sustens/public/../application/admin/lang/zh-cn/index.php
[ info ] [ RUN ] app\admin\controller\Index->index[ /var/webstars/sustens/application/admin/controller/Index.php ]
[ info ] [ VIEW ] /var/webstars/sustens/public/../application/admin/view/index/index.html [ array (
  0 => 'breadcrumb',
  1 => 'site',
  2 => 'config',
  3 => 'auth',
  4 => 'admin',
  5 => 'menulist',
  6 => 'navlist',
  7 => 'fixedmenu',
  8 => 'referermenu',
  9 => 'title',
) ]
[ info ] [ BEHAVIOR ] Run app\admin\behavior\AdminLog @app_end [ RunTime:0.000026s ]
[ info ] [ LOG ] INIT File
---------------------------------------------------------------
[ 2024-11-01T14:57:43+08:00 ] 10.211.55.2 GET dev.sustens.com/MTyvDCHVOo.php/dashboard?addtabs=1
[运行时间：0.153354s] [吞吐率：6.52req/s] [内存消耗：682.80kb] [文件加载：96]
[ info ] [ BEHAVIOR ] Run Closure @app_init [ RunTime:0.000025s ]
[ info ] [ CACHE ] INIT File
[ info ] [ DB ] INIT mysql
[ info ] [ BEHAVIOR ] Run \addons\ldcms\Ldcms @app_init [ RunTime:0.002235s ]
[ info ] [ BEHAVIOR ] Run Closure @app_init [ RunTime:0.002257s ]
[ info ] [ BEHAVIOR ] Run app\common\behavior\Common @app_init [ RunTime:0.000053s ]
[ info ] [ LANG ] /var/webstars/sustens/thinkphp/lang/zh-cn.php
[ info ] [ BEHAVIOR ] Run app\common\behavior\Common @app_dispatch [ RunTime:0.000021s ]
[ info ] [ ROUTE ] array (
  'type' => 'module',
  'module' => 
  array (
    0 => 'admin',
    1 => 'dashboard',
    2 => NULL,
  ),
)
[ info ] [ HEADER ] array (
  'cookie' => 'thinkphp_show_page_trace=0|0; uid=2; token=50446b79-6f1c-4eb2-9abc-2c19eb7a9159; thinkphp_show_page_trace=0|0; frontend_language=en; PHPSESSID=ofs8tivbb8gaklm4f5h75u50sf; keeplogin=1%7C86400%7C1730530545%7Ca1c676c2c4614b5c12311180e43af5dd; backend_language=en',
  'accept-language' => 'zh-CN,zh;q=0.9,en;q=0.8',
  'accept-encoding' => 'gzip, deflate',
  'accept' => 'text/html,application/xhtml+xml,application/xml;q=0.9,image/avif,image/webp,image/apng,*/*;q=0.8,application/signed-exchange;v=b3;q=0.7',
  'user-agent' => 'Mozilla/5.0 (Macintosh; Intel Mac OS X 10_15_7) AppleWebKit/537.36 (KHTML, like Gecko) Chrome/130.0.0.0 Safari/537.36',
  'upgrade-insecure-requests' => '1',
  'connection' => 'keep-alive',
  'host' => 'dev.sustens.com',
  'content-length' => '',
  'content-type' => '',
)
[ info ] [ PARAM ] array (
  'addtabs' => '1',
)
[ info ] [ LANG ] /var/webstars/sustens/public/../application/admin/lang/zh-cn.php
[ info ] [ BEHAVIOR ] Run app\common\behavior\Common @module_init [ RunTime:0.000088s ]
[ info ] [ SESSION ] INIT array (
  'id' => '',
  'var_session_id' => '',
  'prefix' => 'think',
  'type' => '',
  'auto_start' => true,
)
[ info ] [ BEHAVIOR ] Run \addons\ldcms\Ldcms @config_init [ RunTime:0.000049s ]
[ info ] [ LANG ] /var/webstars/sustens/public/../application/admin/lang/zh-cn/dashboard.php
[ info ] [ RUN ] app\admin\controller\Dashboard->index[ /var/webstars/sustens/application/admin/controller/Dashboard.php ]
[ info ] [ VIEW ] /var/webstars/sustens/public/../application/admin/view/dashboard/index.html [ array (
  0 => 'breadcrumb',
  1 => 'site',
  2 => 'config',
  3 => 'auth',
  4 => 'admin',
  5 => 'totaluser',
  6 => 'totaladdon',
  7 => 'totaladmin',
  8 => 'totalcategory',
  9 => 'todayusersignup',
  10 => 'todayuserlogin',
  11 => 'sevendau',
  12 => 'thirtydau',
  13 => 'threednu',
  14 => 'sevendnu',
  15 => 'dbtablenums',
  16 => 'dbsize',
  17 => 'totalworkingaddon',
  18 => 'attachmentnums',
  19 => 'attachmentsize',
  20 => 'picturenums',
  21 => 'picturesize',
) ]
[ info ] [ BEHAVIOR ] Run app\admin\behavior\AdminLog @app_end [ RunTime:0.000031s ]
[ info ] [ LOG ] INIT File
---------------------------------------------------------------
[ 2024-11-01T14:57:43+08:00 ] 10.211.55.2 GET dev.sustens.com/MTyvDCHVOo.php/ajax/lang?callback=define&controllername=index&lang=zh-cn&v=1730444262
[运行时间：0.049768s] [吞吐率：20.09req/s] [内存消耗：302.96kb] [文件加载：90]
[ info ] [ BEHAVIOR ] Run Closure @app_init [ RunTime:0.000028s ]
[ info ] [ CACHE ] INIT File
[ info ] [ DB ] INIT mysql
[ info ] [ BEHAVIOR ] Run \addons\ldcms\Ldcms @app_init [ RunTime:0.004428s ]
[ info ] [ BEHAVIOR ] Run Closure @app_init [ RunTime:0.004460s ]
[ info ] [ BEHAVIOR ] Run app\common\behavior\Common @app_init [ RunTime:0.000120s ]
[ info ] [ LANG ] /var/webstars/sustens/thinkphp/lang/zh-cn.php
[ info ] [ BEHAVIOR ] Run app\common\behavior\Common @app_dispatch [ RunTime:0.000026s ]
[ info ] [ ROUTE ] array (
  'type' => 'module',
  'module' => 
  array (
    0 => 'admin',
    1 => 'ajax',
    2 => 'lang',
  ),
)
[ info ] [ HEADER ] array (
  'cookie' => 'thinkphp_show_page_trace=0|0; uid=2; token=50446b79-6f1c-4eb2-9abc-2c19eb7a9159; thinkphp_show_page_trace=0|0; frontend_language=en; PHPSESSID=ofs8tivbb8gaklm4f5h75u50sf; keeplogin=1%7C86400%7C1730530545%7Ca1c676c2c4614b5c12311180e43af5dd; backend_language=en',
  'accept-language' => 'zh-CN,zh;q=0.9,en;q=0.8',
  'accept-encoding' => 'gzip, deflate',
  'accept' => '*/*',
  'user-agent' => 'Mozilla/5.0 (Macintosh; Intel Mac OS X 10_15_7) AppleWebKit/537.36 (KHTML, like Gecko) Chrome/130.0.0.0 Safari/537.36',
  'connection' => 'keep-alive',
  'host' => 'dev.sustens.com',
  'content-length' => '',
  'content-type' => '',
)
[ info ] [ PARAM ] array (
  'callback' => 'define',
  'controllername' => 'index',
  'lang' => 'zh-cn',
  'v' => '1730444262',
)
[ info ] [ LANG ] /var/webstars/sustens/public/../application/admin/lang/zh-cn.php
[ info ] [ BEHAVIOR ] Run app\common\behavior\Common @module_init [ RunTime:0.000121s ]
[ info ] [ SESSION ] INIT array (
  'id' => '',
  'var_session_id' => '',
  'prefix' => 'think',
  'type' => '',
  'auto_start' => true,
)
[ info ] [ BEHAVIOR ] Run \addons\ldcms\Ldcms @config_init [ RunTime:0.000056s ]
[ info ] [ LANG ] /var/webstars/sustens/public/../application/admin/lang/zh-cn/ajax.php
[ info ] [ RUN ] app\admin\controller\Ajax->lang[ /var/webstars/sustens/application/admin/controller/Ajax.php ]
[ info ] [ LANG ] /var/webstars/sustens/public/../application/admin/lang/zh-cn/index.php
[ info ] [ BEHAVIOR ] Run app\admin\behavior\AdminLog @app_end [ RunTime:0.000040s ]
[ info ] [ LOG ] INIT File
---------------------------------------------------------------
[ 2024-11-01T14:57:44+08:00 ] 10.211.55.2 GET dev.sustens.com/MTyvDCHVOo.php/ajax/lang?callback=define&controllername=dashboard&lang=zh-cn&v=1730444263
[运行时间：0.040945s] [吞吐率：24.42req/s] [内存消耗：300.42kb] [文件加载：90]
[ info ] [ BEHAVIOR ] Run Closure @app_init [ RunTime:0.000031s ]
[ info ] [ CACHE ] INIT File
[ info ] [ DB ] INIT mysql
[ info ] [ BEHAVIOR ] Run \addons\ldcms\Ldcms @app_init [ RunTime:0.007389s ]
[ info ] [ BEHAVIOR ] Run Closure @app_init [ RunTime:0.007424s ]
[ info ] [ BEHAVIOR ] Run app\common\behavior\Common @app_init [ RunTime:0.000076s ]
[ info ] [ LANG ] /var/webstars/sustens/thinkphp/lang/zh-cn.php
[ info ] [ BEHAVIOR ] Run app\common\behavior\Common @app_dispatch [ RunTime:0.000015s ]
[ info ] [ ROUTE ] array (
  'type' => 'module',
  'module' => 
  array (
    0 => 'admin',
    1 => 'ajax',
    2 => 'lang',
  ),
)
[ info ] [ HEADER ] array (
  'cookie' => 'thinkphp_show_page_trace=0|0; uid=2; token=50446b79-6f1c-4eb2-9abc-2c19eb7a9159; thinkphp_show_page_trace=0|0; frontend_language=en; PHPSESSID=ofs8tivbb8gaklm4f5h75u50sf; keeplogin=1%7C86400%7C1730530545%7Ca1c676c2c4614b5c12311180e43af5dd; backend_language=en',
  'accept-language' => 'zh-CN,zh;q=0.9,en;q=0.8',
  'accept-encoding' => 'gzip, deflate',
  'accept' => '*/*',
  'user-agent' => 'Mozilla/5.0 (Macintosh; Intel Mac OS X 10_15_7) AppleWebKit/537.36 (KHTML, like Gecko) Chrome/130.0.0.0 Safari/537.36',
  'connection' => 'keep-alive',
  'host' => 'dev.sustens.com',
  'content-length' => '',
  'content-type' => '',
)
[ info ] [ PARAM ] array (
  'callback' => 'define',
  'controllername' => 'dashboard',
  'lang' => 'zh-cn',
  'v' => '1730444263',
)
[ info ] [ LANG ] /var/webstars/sustens/public/../application/admin/lang/zh-cn.php
[ info ] [ BEHAVIOR ] Run app\common\behavior\Common @module_init [ RunTime:0.000569s ]
[ info ] [ SESSION ] INIT array (
  'id' => '',
  'var_session_id' => '',
  'prefix' => 'think',
  'type' => '',
  'auto_start' => true,
)
[ info ] [ BEHAVIOR ] Run \addons\ldcms\Ldcms @config_init [ RunTime:0.000032s ]
[ info ] [ LANG ] /var/webstars/sustens/public/../application/admin/lang/zh-cn/ajax.php
[ info ] [ RUN ] app\admin\controller\Ajax->lang[ /var/webstars/sustens/application/admin/controller/Ajax.php ]
[ info ] [ LANG ] /var/webstars/sustens/public/../application/admin/lang/zh-cn/dashboard.php
[ info ] [ BEHAVIOR ] Run app\admin\behavior\AdminLog @app_end [ RunTime:0.000116s ]
[ info ] [ LOG ] INIT File
---------------------------------------------------------------
[ 2024-11-01T14:57:44+08:00 ] 10.211.55.2 GET dev.sustens.com/MTyvDCHVOo.php/ldcms/category?ldcms_lang=zh-cn&addtabs=1
[运行时间：0.170932s] [吞吐率：5.85req/s] [内存消耗：745.44kb] [文件加载：102]
[ info ] [ BEHAVIOR ] Run Closure @app_init [ RunTime:0.000027s ]
[ info ] [ CACHE ] INIT File
[ info ] [ DB ] INIT mysql
[ info ] [ BEHAVIOR ] Run \addons\ldcms\Ldcms @app_init [ RunTime:0.007902s ]
[ info ] [ BEHAVIOR ] Run Closure @app_init [ RunTime:0.008028s ]
[ info ] [ BEHAVIOR ] Run app\common\behavior\Common @app_init [ RunTime:0.000150s ]
[ info ] [ LANG ] /var/webstars/sustens/thinkphp/lang/zh-cn.php
[ info ] [ BEHAVIOR ] Run app\common\behavior\Common @app_dispatch [ RunTime:0.000028s ]
[ info ] [ ROUTE ] array (
  'type' => 'module',
  'module' => 
  array (
    0 => 'admin',
    1 => 'ldcms.category',
    2 => NULL,
  ),
)
[ info ] [ HEADER ] array (
  'cookie' => 'thinkphp_show_page_trace=0|0; thinkphp_show_page_trace=0|0; uid=2; token=50446b79-6f1c-4eb2-9abc-2c19eb7a9159; thinkphp_show_page_trace=0|0; frontend_language=en; PHPSESSID=ofs8tivbb8gaklm4f5h75u50sf; keeplogin=1%7C86400%7C1730530545%7Ca1c676c2c4614b5c12311180e43af5dd; backend_language=en',
  'accept-language' => 'zh-CN,zh;q=0.9,en;q=0.8',
  'accept-encoding' => 'gzip, deflate',
  'accept' => 'text/html,application/xhtml+xml,application/xml;q=0.9,image/avif,image/webp,image/apng,*/*;q=0.8,application/signed-exchange;v=b3;q=0.7',
  'user-agent' => 'Mozilla/5.0 (Macintosh; Intel Mac OS X 10_15_7) AppleWebKit/537.36 (KHTML, like Gecko) Chrome/130.0.0.0 Safari/537.36',
  'upgrade-insecure-requests' => '1',
  'connection' => 'keep-alive',
  'host' => 'dev.sustens.com',
  'content-length' => '',
  'content-type' => '',
)
[ info ] [ PARAM ] array (
  'ldcms_lang' => 'zh-cn',
  'addtabs' => '1',
)
[ info ] [ LANG ] /var/webstars/sustens/public/../application/admin/lang/zh-cn.php
[ info ] [ BEHAVIOR ] Run app\common\behavior\Common @module_init [ RunTime:0.000105s ]
[ info ] [ SESSION ] INIT array (
  'id' => '',
  'var_session_id' => '',
  'prefix' => 'think',
  'type' => '',
  'auto_start' => true,
)
[ info ] [ BEHAVIOR ] Run \addons\ldcms\Ldcms @config_init [ RunTime:0.000082s ]
[ info ] [ LANG ] /var/webstars/sustens/public/../application/admin/lang/zh-cn/ldcms/category.php
[ info ] [ RUN ] app\admin\controller\ldcms\Category->index[ /var/webstars/sustens/application/admin/controller/ldcms/Category.php ]
[ info ] [ VIEW ] /var/webstars/sustens/public/../application/admin/view/ldcms/category/index.html [ array (
  0 => 'breadcrumb',
  1 => 'site',
  2 => 'config',
  3 => 'auth',
  4 => 'admin',
  5 => 'addon_config',
  6 => 'categorys',
) ]
[ info ] [ BEHAVIOR ] Run app\admin\behavior\AdminLog @app_end [ RunTime:0.000038s ]
[ info ] [ LOG ] INIT File
[ error ] [2]Undefined variable $mid[/var/webstars/sustens/runtime/temp/72a3dcf62ef89dd31b0324462355bcbe.php:83]
---------------------------------------------------------------
[ 2024-11-01T14:57:45+08:00 ] 10.211.55.2 GET dev.sustens.com/MTyvDCHVOo.php/ajax/lang?callback=define&controllername=ldcms.category&lang=zh-cn&v=1730444264
[运行时间：0.036894s] [吞吐率：27.10req/s] [内存消耗：393.23kb] [文件加载：91]
[ info ] [ BEHAVIOR ] Run Closure @app_init [ RunTime:0.000025s ]
[ info ] [ CACHE ] INIT File
[ info ] [ DB ] INIT mysql
[ info ] [ BEHAVIOR ] Run \addons\ldcms\Ldcms @app_init [ RunTime:0.016822s ]
[ info ] [ BEHAVIOR ] Run Closure @app_init [ RunTime:0.016842s ]
[ info ] [ BEHAVIOR ] Run app\common\behavior\Common @app_init [ RunTime:0.000065s ]
[ info ] [ LANG ] /var/webstars/sustens/thinkphp/lang/zh-cn.php
[ info ] [ BEHAVIOR ] Run app\common\behavior\Common @app_dispatch [ RunTime:0.000013s ]
[ info ] [ ROUTE ] array (
  'type' => 'module',
  'module' => 
  array (
    0 => 'admin',
    1 => 'ajax',
    2 => 'lang',
  ),
)
[ info ] [ HEADER ] array (
  'cookie' => 'thinkphp_show_page_trace=0|0; uid=2; token=50446b79-6f1c-4eb2-9abc-2c19eb7a9159; thinkphp_show_page_trace=0|0; frontend_language=en; PHPSESSID=ofs8tivbb8gaklm4f5h75u50sf; keeplogin=1%7C86400%7C1730530545%7Ca1c676c2c4614b5c12311180e43af5dd; backend_language=zh-cn',
  'accept-language' => 'zh-CN,zh;q=0.9,en;q=0.8',
  'accept-encoding' => 'gzip, deflate',
  'accept' => '*/*',
  'user-agent' => 'Mozilla/5.0 (Macintosh; Intel Mac OS X 10_15_7) AppleWebKit/537.36 (KHTML, like Gecko) Chrome/130.0.0.0 Safari/537.36',
  'connection' => 'keep-alive',
  'host' => 'dev.sustens.com',
  'content-length' => '',
  'content-type' => '',
)
[ info ] [ PARAM ] array (
  'callback' => 'define',
  'controllername' => 'ldcms.category',
  'lang' => 'zh-cn',
  'v' => '1730444264',
)
[ info ] [ LANG ] /var/webstars/sustens/public/../application/admin/lang/zh-cn.php
[ info ] [ BEHAVIOR ] Run app\common\behavior\Common @module_init [ RunTime:0.000107s ]
[ info ] [ SESSION ] INIT array (
  'id' => '',
  'var_session_id' => '',
  'prefix' => 'think',
  'type' => '',
  'auto_start' => true,
)
[ info ] [ BEHAVIOR ] Run \addons\ldcms\Ldcms @config_init [ RunTime:0.000072s ]
[ info ] [ LANG ] /var/webstars/sustens/public/../application/admin/lang/zh-cn/ajax.php
[ info ] [ RUN ] app\admin\controller\Ajax->lang[ /var/webstars/sustens/application/admin/controller/Ajax.php ]
[ info ] [ LANG ] /var/webstars/sustens/public/../application/admin/lang/zh-cn/ldcms/category.php
[ info ] [ BEHAVIOR ] Run app\admin\behavior\AdminLog @app_end [ RunTime:0.000185s ]
[ info ] [ LOG ] INIT File
---------------------------------------------------------------
[ 2024-11-01T14:57:45+08:00 ] 10.211.55.2 GET dev.sustens.com/MTyvDCHVOo.php/ldcms/category/index?ldcms_lang=zh-cn&addtabs=1&sort=id&order=desc&_=1730444263052
[运行时间：0.088119s] [吞吐率：11.35req/s] [内存消耗：741.39kb] [文件加载：97]
[ info ] [ BEHAVIOR ] Run Closure @app_init [ RunTime:0.000017s ]
[ info ] [ CACHE ] INIT File
[ info ] [ DB ] INIT mysql
[ info ] [ BEHAVIOR ] Run \addons\ldcms\Ldcms @app_init [ RunTime:0.005828s ]
[ info ] [ BEHAVIOR ] Run Closure @app_init [ RunTime:0.005858s ]
[ info ] [ BEHAVIOR ] Run app\common\behavior\Common @app_init [ RunTime:0.000077s ]
[ info ] [ LANG ] /var/webstars/sustens/thinkphp/lang/zh-cn.php
[ info ] [ BEHAVIOR ] Run app\common\behavior\Common @app_dispatch [ RunTime:0.000021s ]
[ info ] [ ROUTE ] array (
  'type' => 'module',
  'module' => 
  array (
    0 => 'admin',
    1 => 'ldcms.category',
    2 => 'index',
  ),
)
[ info ] [ HEADER ] array (
  'cookie' => 'thinkphp_show_page_trace=0|0; thinkphp_show_page_trace=0|0; uid=2; token=50446b79-6f1c-4eb2-9abc-2c19eb7a9159; thinkphp_show_page_trace=0|0; frontend_language=en; PHPSESSID=ofs8tivbb8gaklm4f5h75u50sf; keeplogin=1%7C86400%7C1730530545%7Ca1c676c2c4614b5c12311180e43af5dd; backend_language=zh-cn',
  'accept-language' => 'zh-CN,zh;q=0.9,en;q=0.8',
  'accept-encoding' => 'gzip, deflate',
  'content-type' => 'application/json',
  'accept' => 'application/json, text/javascript, */*; q=0.01',
  'user-agent' => 'Mozilla/5.0 (Macintosh; Intel Mac OS X 10_15_7) AppleWebKit/537.36 (KHTML, like Gecko) Chrome/130.0.0.0 Safari/537.36',
  'x-requested-with' => 'XMLHttpRequest',
  'connection' => 'keep-alive',
  'host' => 'dev.sustens.com',
  'content-length' => '',
)
[ info ] [ PARAM ] array (
  'ldcms_lang' => 'zh-cn',
  'addtabs' => '1',
  'sort' => 'id',
  'order' => 'desc',
  '_' => '1730444263052',
)
[ info ] [ LANG ] /var/webstars/sustens/public/../application/admin/lang/zh-cn.php
[ info ] [ BEHAVIOR ] Run app\common\behavior\Common @module_init [ RunTime:0.000095s ]
[ info ] [ SESSION ] INIT array (
  'id' => '',
  'var_session_id' => '',
  'prefix' => 'think',
  'type' => '',
  'auto_start' => true,
)
[ info ] [ BEHAVIOR ] Run \addons\ldcms\Ldcms @config_init [ RunTime:0.000090s ]
[ info ] [ LANG ] /var/webstars/sustens/public/../application/admin/lang/zh-cn/ldcms/category.php
[ info ] [ RUN ] app\admin\controller\ldcms\Category->index[ /var/webstars/sustens/application/admin/controller/ldcms/Category.php ]
[ info ] [ BEHAVIOR ] Run app\admin\behavior\AdminLog @app_end [ RunTime:0.000039s ]
[ info ] [ LOG ] INIT File
---------------------------------------------------------------
[ 2024-11-01T14:58:57+08:00 ] 10.211.55.2 GET dev.sustens.com/addons/ldcms/api.dimension/lists
[运行时间：0.374458s] [吞吐率：2.67req/s] [内存消耗：814.73kb] [文件加载：178]
[ info ] [ BEHAVIOR ] Run Closure @app_init [ RunTime:0.000040s ]
[ info ] [ CACHE ] INIT File
[ info ] [ DB ] INIT mysql
[ info ] [ BEHAVIOR ] Run \addons\ldcms\Ldcms @app_init [ RunTime:0.065436s ]
[ info ] [ BEHAVIOR ] Run Closure @app_init [ RunTime:0.065458s ]
[ info ] [ BEHAVIOR ] Run app\common\behavior\Common @app_init [ RunTime:0.001996s ]
[ info ] [ LANG ] /var/webstars/sustens/thinkphp/lang/zh-cn.php
[ info ] [ BEHAVIOR ] Run app\common\behavior\Common @app_dispatch [ RunTime:0.000031s ]
[ info ] [ ROUTE ] array (
  'type' => 'method',
  'method' => 
  array (
    0 => '\\think\\addons\\Route',
    1 => 'execute',
  ),
  'var' => 
  array (
  ),
)
[ info ] [ HEADER ] array (
  'cookie' => 'thinkphp_show_page_trace=0|0; uid=2; token=50446b79-6f1c-4eb2-9abc-2c19eb7a9159; thinkphp_show_page_trace=0|0; frontend_language=en; PHPSESSID=ofs8tivbb8gaklm4f5h75u50sf; keeplogin=1%7C86400%7C1730530545%7Ca1c676c2c4614b5c12311180e43af5dd; backend_language=zh-cn',
  'accept-language' => 'zh-CN,zh;q=0.9,en;q=0.8',
  'accept-encoding' => 'gzip, deflate',
  'accept' => 'text/html,application/xhtml+xml,application/xml;q=0.9,image/avif,image/webp,image/apng,*/*;q=0.8,application/signed-exchange;v=b3;q=0.7',
  'user-agent' => 'Mozilla/5.0 (Macintosh; Intel Mac OS X 10_15_7) AppleWebKit/537.36 (KHTML, like Gecko) Chrome/130.0.0.0 Safari/537.36',
  'upgrade-insecure-requests' => '1',
  'connection' => 'keep-alive',
  'host' => 'dev.sustens.com',
  'content-length' => '',
  'content-type' => '',
)
[ info ] [ PARAM ] array (
  'addon' => 'ldcms',
  'controller' => 'api.dimension',
  'action' => 'lists',
)
[ info ] [ RUN ] think\addons\Route->execute[ /var/webstars/sustens/vendor/karsonzhang/fastadmin-addons/src/addons/Route.php ]
[ info ] [ LANG ] /var/webstars/sustens/public/../application/common/lang/zh-cn/addon.php
[ info ] [ BEHAVIOR ] Run app\common\behavior\Common @addon_begin [ RunTime:0.002804s ]
[ info ] [ TOKEN ] INIT Mysql
[ info ] [ LANG ] /var/webstars/sustens//addons/ldcms/lang/zh-cn.php
[ info ] [ LOG ] INIT File
[ error ] [2]Undefined array key "cid"[/var/webstars/sustens/addons/ldcms/model/Document.php:134]
[ error ] [2]Undefined array key "mid"[/var/webstars/sustens/addons/ldcms/model/Document.php:135]
[ error ] [2]Undefined array key "filterWhere"[/var/webstars/sustens/addons/ldcms/model/Document.php:137]
[ error ] [2]Undefined array key "_where"[/var/webstars/sustens/addons/ldcms/model/Document.php:138]
[ error ] [2]Undefined array key "page"[/var/webstars/sustens/addons/ldcms/model/Document.php:140]
[ error ] [2]Undefined array key "simple"[/var/webstars/sustens/addons/ldcms/model/Document.php:141]
[ error ] [2]Undefined array key "mid"[/var/webstars/sustens/addons/ldcms/model/Document.php:176]
---------------------------------------------------------------
[ 2024-11-01T15:05:43+08:00 ] 10.211.55.2 GET dev.sustens.com/MTyvDCHVOo.php/ldcms/document/index/mid/2?addtabs=1
[运行时间：0.591724s] [吞吐率：1.69req/s] [内存消耗：717.48kb] [文件加载：100]
[ info ] [ BEHAVIOR ] Run Closure @app_init [ RunTime:0.000103s ]
[ info ] [ CACHE ] INIT File
[ info ] [ DB ] INIT mysql
[ info ] [ BEHAVIOR ] Run \addons\ldcms\Ldcms @app_init [ RunTime:0.032895s ]
[ info ] [ BEHAVIOR ] Run Closure @app_init [ RunTime:0.032917s ]
[ info ] [ BEHAVIOR ] Run app\common\behavior\Common @app_init [ RunTime:0.002753s ]
[ info ] [ LANG ] /var/webstars/sustens/thinkphp/lang/zh-cn.php
[ info ] [ BEHAVIOR ] Run app\common\behavior\Common @app_dispatch [ RunTime:0.000027s ]
[ info ] [ ROUTE ] array (
  'type' => 'module',
  'module' => 
  array (
    0 => 'admin',
    1 => 'ldcms.document',
    2 => 'index',
  ),
)
[ info ] [ HEADER ] array (
  'cookie' => 'thinkphp_show_page_trace=0|0; thinkphp_show_page_trace=0|0; thinkphp_show_page_trace=0|0; thinkphp_show_page_trace=0|0; uid=2; token=50446b79-6f1c-4eb2-9abc-2c19eb7a9159; thinkphp_show_page_trace=0|0; frontend_language=en; PHPSESSID=ofs8tivbb8gaklm4f5h75u50sf; keeplogin=1%7C86400%7C1730530545%7Ca1c676c2c4614b5c12311180e43af5dd; backend_language=zh-cn',
  'accept-language' => 'zh-CN,zh;q=0.9,en;q=0.8',
  'accept-encoding' => 'gzip, deflate',
  'accept' => 'text/html,application/xhtml+xml,application/xml;q=0.9,image/avif,image/webp,image/apng,*/*;q=0.8,application/signed-exchange;v=b3;q=0.7',
  'user-agent' => 'Mozilla/5.0 (Macintosh; Intel Mac OS X 10_15_7) AppleWebKit/537.36 (KHTML, like Gecko) Chrome/130.0.0.0 Safari/537.36',
  'upgrade-insecure-requests' => '1',
  'connection' => 'keep-alive',
  'host' => 'dev.sustens.com',
  'content-length' => '',
  'content-type' => '',
)
[ info ] [ PARAM ] array (
  'addtabs' => '1',
  'mid' => '2',
)
[ info ] [ LANG ] /var/webstars/sustens/public/../application/admin/lang/zh-cn.php
[ info ] [ BEHAVIOR ] Run app\common\behavior\Common @module_init [ RunTime:0.002818s ]
[ info ] [ SESSION ] INIT array (
  'id' => '',
  'var_session_id' => '',
  'prefix' => 'think',
  'type' => '',
  'auto_start' => true,
)
[ info ] [ BEHAVIOR ] Run \addons\ldcms\Ldcms @config_init [ RunTime:0.000032s ]
[ info ] [ LANG ] /var/webstars/sustens/public/../application/admin/lang/zh-cn/ldcms/document.php
[ info ] [ RUN ] app\admin\controller\ldcms\Document->index[ /var/webstars/sustens/application/admin/controller/ldcms/Document.php ]
[ info ] [ VIEW ] /var/webstars/sustens/public/../application/admin/view/ldcms/document/index.html [ array (
  0 => 'breadcrumb',
  1 => 'site',
  2 => 'config',
  3 => 'auth',
  4 => 'admin',
  5 => 'addon_config',
  6 => 'mid',
  7 => 'models',
  8 => 'fields',
  9 => 'categorys',
) ]
[ info ] [ BEHAVIOR ] Run app\admin\behavior\AdminLog @app_end [ RunTime:0.000854s ]
[ info ] [ LOG ] INIT File
---------------------------------------------------------------
[ 2024-11-01T15:05:44+08:00 ] 10.211.55.2 GET dev.sustens.com/MTyvDCHVOo.php/ajax/lang?callback=define&controllername=ldcms.document&lang=zh-cn&v=1730444743
[运行时间：0.022756s] [吞吐率：43.94req/s] [内存消耗：394.36kb] [文件加载：91]
[ info ] [ BEHAVIOR ] Run Closure @app_init [ RunTime:0.000015s ]
[ info ] [ CACHE ] INIT File
[ info ] [ DB ] INIT mysql
[ info ] [ BEHAVIOR ] Run \addons\ldcms\Ldcms @app_init [ RunTime:0.010708s ]
[ info ] [ BEHAVIOR ] Run Closure @app_init [ RunTime:0.010725s ]
[ info ] [ BEHAVIOR ] Run app\common\behavior\Common @app_init [ RunTime:0.000043s ]
[ info ] [ LANG ] /var/webstars/sustens/thinkphp/lang/zh-cn.php
[ info ] [ BEHAVIOR ] Run app\common\behavior\Common @app_dispatch [ RunTime:0.000009s ]
[ info ] [ ROUTE ] array (
  'type' => 'module',
  'module' => 
  array (
    0 => 'admin',
    1 => 'ajax',
    2 => 'lang',
  ),
)
[ info ] [ HEADER ] array (
  'cookie' => 'thinkphp_show_page_trace=0|0; uid=2; token=50446b79-6f1c-4eb2-9abc-2c19eb7a9159; thinkphp_show_page_trace=0|0; frontend_language=en; PHPSESSID=ofs8tivbb8gaklm4f5h75u50sf; keeplogin=1%7C86400%7C1730530545%7Ca1c676c2c4614b5c12311180e43af5dd; backend_language=zh-cn',
  'accept-language' => 'zh-CN,zh;q=0.9,en;q=0.8',
  'accept-encoding' => 'gzip, deflate',
  'accept' => '*/*',
  'user-agent' => 'Mozilla/5.0 (Macintosh; Intel Mac OS X 10_15_7) AppleWebKit/537.36 (KHTML, like Gecko) Chrome/130.0.0.0 Safari/537.36',
  'connection' => 'keep-alive',
  'host' => 'dev.sustens.com',
  'content-length' => '',
  'content-type' => '',
)
[ info ] [ PARAM ] array (
  'callback' => 'define',
  'controllername' => 'ldcms.document',
  'lang' => 'zh-cn',
  'v' => '1730444743',
)
[ info ] [ LANG ] /var/webstars/sustens/public/../application/admin/lang/zh-cn.php
[ info ] [ BEHAVIOR ] Run app\common\behavior\Common @module_init [ RunTime:0.000048s ]
[ info ] [ SESSION ] INIT array (
  'id' => '',
  'var_session_id' => '',
  'prefix' => 'think',
  'type' => '',
  'auto_start' => true,
)
[ info ] [ BEHAVIOR ] Run \addons\ldcms\Ldcms @config_init [ RunTime:0.000019s ]
[ info ] [ LANG ] /var/webstars/sustens/public/../application/admin/lang/zh-cn/ajax.php
[ info ] [ RUN ] app\admin\controller\Ajax->lang[ /var/webstars/sustens/application/admin/controller/Ajax.php ]
[ info ] [ LANG ] /var/webstars/sustens/public/../application/admin/lang/zh-cn/ldcms/document.php
[ info ] [ BEHAVIOR ] Run app\admin\behavior\AdminLog @app_end [ RunTime:0.000021s ]
[ info ] [ LOG ] INIT File
---------------------------------------------------------------
[ 2024-11-01T15:05:44+08:00 ] 10.211.55.2 GET dev.sustens.com/MTyvDCHVOo.php/ldcms/document/index/mid/2?addtabs=1&sort=sort&order=asc&offset=0&limit=10&filter=%7B%7D&op=%7B%7D&_=1730444742269
[运行时间：0.136400s] [吞吐率：7.33req/s] [内存消耗：744.95kb] [文件加载：100]
[ info ] [ BEHAVIOR ] Run Closure @app_init [ RunTime:0.000090s ]
[ info ] [ CACHE ] INIT File
[ info ] [ DB ] INIT mysql
[ info ] [ BEHAVIOR ] Run \addons\ldcms\Ldcms @app_init [ RunTime:0.003346s ]
[ info ] [ BEHAVIOR ] Run Closure @app_init [ RunTime:0.003390s ]
[ info ] [ BEHAVIOR ] Run app\common\behavior\Common @app_init [ RunTime:0.000191s ]
[ info ] [ LANG ] /var/webstars/sustens/thinkphp/lang/zh-cn.php
[ info ] [ BEHAVIOR ] Run app\common\behavior\Common @app_dispatch [ RunTime:0.000021s ]
[ info ] [ ROUTE ] array (
  'type' => 'module',
  'module' => 
  array (
    0 => 'admin',
    1 => 'ldcms.document',
    2 => 'index',
  ),
)
[ info ] [ HEADER ] array (
  'cookie' => 'thinkphp_show_page_trace=0|0; thinkphp_show_page_trace=0|0; thinkphp_show_page_trace=0|0; thinkphp_show_page_trace=0|0; uid=2; token=50446b79-6f1c-4eb2-9abc-2c19eb7a9159; thinkphp_show_page_trace=0|0; frontend_language=en; PHPSESSID=ofs8tivbb8gaklm4f5h75u50sf; keeplogin=1%7C86400%7C1730530545%7Ca1c676c2c4614b5c12311180e43af5dd; backend_language=zh-cn',
  'accept-language' => 'zh-CN,zh;q=0.9,en;q=0.8',
  'accept-encoding' => 'gzip, deflate',
  'content-type' => 'application/json',
  'accept' => 'application/json, text/javascript, */*; q=0.01',
  'user-agent' => 'Mozilla/5.0 (Macintosh; Intel Mac OS X 10_15_7) AppleWebKit/537.36 (KHTML, like Gecko) Chrome/130.0.0.0 Safari/537.36',
  'x-requested-with' => 'XMLHttpRequest',
  'connection' => 'keep-alive',
  'host' => 'dev.sustens.com',
  'content-length' => '',
)
[ info ] [ PARAM ] array (
  'addtabs' => '1',
  'sort' => 'sort',
  'order' => 'asc',
  'offset' => '0',
  'limit' => '10',
  'filter' => '{}',
  'op' => '{}',
  '_' => '1730444742269',
  'mid' => '2',
)
[ info ] [ LANG ] /var/webstars/sustens/public/../application/admin/lang/zh-cn.php
[ info ] [ BEHAVIOR ] Run app\common\behavior\Common @module_init [ RunTime:0.000078s ]
[ info ] [ SESSION ] INIT array (
  'id' => '',
  'var_session_id' => '',
  'prefix' => 'think',
  'type' => '',
  'auto_start' => true,
)
[ info ] [ BEHAVIOR ] Run \addons\ldcms\Ldcms @config_init [ RunTime:0.000047s ]
[ info ] [ LANG ] /var/webstars/sustens/public/../application/admin/lang/zh-cn/ldcms/document.php
[ info ] [ RUN ] app\admin\controller\ldcms\Document->index[ /var/webstars/sustens/application/admin/controller/ldcms/Document.php ]
[ info ] [ BEHAVIOR ] Run app\admin\behavior\AdminLog @app_end [ RunTime:0.000056s ]
[ info ] [ LOG ] INIT File
---------------------------------------------------------------
[ 2024-11-01T15:06:41+08:00 ] 10.211.55.2 GET dev.sustens.com/MTyvDCHVOo.php/ldcms/document/index/mid/2?ref=addtabs&ldcms_lang=en
[运行时间：0.057995s] [吞吐率：17.24req/s] [内存消耗：625.85kb] [文件加载：90]
[ info ] [ BEHAVIOR ] Run Closure @app_init [ RunTime:0.000056s ]
[ info ] [ CACHE ] INIT File
[ info ] [ DB ] INIT mysql
[ info ] [ BEHAVIOR ] Run \addons\ldcms\Ldcms @app_init [ RunTime:0.016259s ]
[ info ] [ BEHAVIOR ] Run Closure @app_init [ RunTime:0.016278s ]
[ info ] [ BEHAVIOR ] Run app\common\behavior\Common @app_init [ RunTime:0.000070s ]
[ info ] [ LANG ] /var/webstars/sustens/thinkphp/lang/zh-cn.php
[ info ] [ BEHAVIOR ] Run app\common\behavior\Common @app_dispatch [ RunTime:0.000016s ]
[ info ] [ ROUTE ] array (
  'type' => 'module',
  'module' => 
  array (
    0 => 'admin',
    1 => 'ldcms.document',
    2 => 'index',
  ),
)
[ info ] [ HEADER ] array (
  'cookie' => 'thinkphp_show_page_trace=0|0; thinkphp_show_page_trace=0|0; thinkphp_show_page_trace=0|0; thinkphp_show_page_trace=0|0; uid=2; token=50446b79-6f1c-4eb2-9abc-2c19eb7a9159; thinkphp_show_page_trace=0|0; frontend_language=en; PHPSESSID=ofs8tivbb8gaklm4f5h75u50sf; keeplogin=1%7C86400%7C1730530545%7Ca1c676c2c4614b5c12311180e43af5dd; backend_language=zh-cn',
  'accept-language' => 'zh-CN,zh;q=0.9,en;q=0.8',
  'accept-encoding' => 'gzip, deflate',
  'accept' => 'text/html,application/xhtml+xml,application/xml;q=0.9,image/avif,image/webp,image/apng,*/*;q=0.8,application/signed-exchange;v=b3;q=0.7',
  'user-agent' => 'Mozilla/5.0 (Macintosh; Intel Mac OS X 10_15_7) AppleWebKit/537.36 (KHTML, like Gecko) Chrome/130.0.0.0 Safari/537.36',
  'upgrade-insecure-requests' => '1',
  'connection' => 'keep-alive',
  'host' => 'dev.sustens.com',
  'content-length' => '',
  'content-type' => '',
)
[ info ] [ PARAM ] array (
  'ref' => 'addtabs',
  'ldcms_lang' => 'en',
  'mid' => '2',
)
[ info ] [ LANG ] /var/webstars/sustens/public/../application/admin/lang/zh-cn.php
[ info ] [ BEHAVIOR ] Run app\common\behavior\Common @module_init [ RunTime:0.000068s ]
[ info ] [ SESSION ] INIT array (
  'id' => '',
  'var_session_id' => '',
  'prefix' => 'think',
  'type' => '',
  'auto_start' => true,
)
[ info ] [ BEHAVIOR ] Run app\admin\behavior\AdminLog @app_end [ RunTime:0.000058s ]
[ info ] [ LOG ] INIT File
---------------------------------------------------------------
[ 2024-11-01T15:06:41+08:00 ] 10.211.55.2 GET dev.sustens.com/MTyvDCHVOo.php/index/index
[运行时间：0.050682s] [吞吐率：19.73req/s] [内存消耗：712.58kb] [文件加载：96]
[ info ] [ BEHAVIOR ] Run Closure @app_init [ RunTime:0.000025s ]
[ info ] [ CACHE ] INIT File
[ info ] [ DB ] INIT mysql
[ info ] [ BEHAVIOR ] Run \addons\ldcms\Ldcms @app_init [ RunTime:0.002269s ]
[ info ] [ BEHAVIOR ] Run Closure @app_init [ RunTime:0.002288s ]
[ info ] [ BEHAVIOR ] Run app\common\behavior\Common @app_init [ RunTime:0.000123s ]
[ info ] [ LANG ] /var/webstars/sustens/thinkphp/lang/zh-cn.php
[ info ] [ BEHAVIOR ] Run app\common\behavior\Common @app_dispatch [ RunTime:0.000032s ]
[ info ] [ ROUTE ] array (
  'type' => 'module',
  'module' => 
  array (
    0 => 'admin',
    1 => 'index',
    2 => 'index',
  ),
)
[ info ] [ HEADER ] array (
  'cookie' => 'thinkphp_show_page_trace=0|0; thinkphp_show_page_trace=0|0; uid=2; token=50446b79-6f1c-4eb2-9abc-2c19eb7a9159; thinkphp_show_page_trace=0|0; frontend_language=en; PHPSESSID=ofs8tivbb8gaklm4f5h75u50sf; keeplogin=1%7C86400%7C1730530545%7Ca1c676c2c4614b5c12311180e43af5dd; backend_language=zh-cn',
  'accept-language' => 'zh-CN,zh;q=0.9,en;q=0.8',
  'accept-encoding' => 'gzip, deflate',
  'accept' => 'text/html,application/xhtml+xml,application/xml;q=0.9,image/avif,image/webp,image/apng,*/*;q=0.8,application/signed-exchange;v=b3;q=0.7',
  'user-agent' => 'Mozilla/5.0 (Macintosh; Intel Mac OS X 10_15_7) AppleWebKit/537.36 (KHTML, like Gecko) Chrome/130.0.0.0 Safari/537.36',
  'upgrade-insecure-requests' => '1',
  'connection' => 'keep-alive',
  'host' => 'dev.sustens.com',
  'content-length' => '',
  'content-type' => '',
)
[ info ] [ PARAM ] array (
)
[ info ] [ LANG ] /var/webstars/sustens/public/../application/admin/lang/zh-cn.php
[ info ] [ BEHAVIOR ] Run app\common\behavior\Common @module_init [ RunTime:0.000054s ]
[ info ] [ SESSION ] INIT array (
  'id' => '',
  'var_session_id' => '',
  'prefix' => 'think',
  'type' => '',
  'auto_start' => true,
)
[ info ] [ BEHAVIOR ] Run \addons\ldcms\Ldcms @config_init [ RunTime:0.000031s ]
[ info ] [ LANG ] /var/webstars/sustens/public/../application/admin/lang/zh-cn/index.php
[ info ] [ RUN ] app\admin\controller\Index->index[ /var/webstars/sustens/application/admin/controller/Index.php ]
[ info ] [ VIEW ] /var/webstars/sustens/public/../application/admin/view/index/index.html [ array (
  0 => 'breadcrumb',
  1 => 'site',
  2 => 'config',
  3 => 'auth',
  4 => 'admin',
  5 => 'menulist',
  6 => 'navlist',
  7 => 'fixedmenu',
  8 => 'referermenu',
  9 => 'title',
) ]
[ info ] [ BEHAVIOR ] Run app\admin\behavior\AdminLog @app_end [ RunTime:0.000059s ]
[ info ] [ LOG ] INIT File
---------------------------------------------------------------
[ 2024-11-01T15:06:41+08:00 ] 10.211.55.2 GET dev.sustens.com/MTyvDCHVOo.php/dashboard?addtabs=1
[运行时间：0.256107s] [吞吐率：3.90req/s] [内存消耗：682.80kb] [文件加载：96]
[ info ] [ BEHAVIOR ] Run Closure @app_init [ RunTime:0.000015s ]
[ info ] [ CACHE ] INIT File
[ info ] [ DB ] INIT mysql
[ info ] [ BEHAVIOR ] Run \addons\ldcms\Ldcms @app_init [ RunTime:0.003204s ]
[ info ] [ BEHAVIOR ] Run Closure @app_init [ RunTime:0.003222s ]
[ info ] [ BEHAVIOR ] Run app\common\behavior\Common @app_init [ RunTime:0.000047s ]
[ info ] [ LANG ] /var/webstars/sustens/thinkphp/lang/zh-cn.php
[ info ] [ BEHAVIOR ] Run app\common\behavior\Common @app_dispatch [ RunTime:0.000013s ]
[ info ] [ ROUTE ] array (
  'type' => 'module',
  'module' => 
  array (
    0 => 'admin',
    1 => 'dashboard',
    2 => NULL,
  ),
)
[ info ] [ HEADER ] array (
  'cookie' => 'thinkphp_show_page_trace=0|0; uid=2; token=50446b79-6f1c-4eb2-9abc-2c19eb7a9159; thinkphp_show_page_trace=0|0; frontend_language=en; PHPSESSID=ofs8tivbb8gaklm4f5h75u50sf; keeplogin=1%7C86400%7C1730530545%7Ca1c676c2c4614b5c12311180e43af5dd; backend_language=zh-cn',
  'accept-language' => 'zh-CN,zh;q=0.9,en;q=0.8',
  'accept-encoding' => 'gzip, deflate',
  'accept' => 'text/html,application/xhtml+xml,application/xml;q=0.9,image/avif,image/webp,image/apng,*/*;q=0.8,application/signed-exchange;v=b3;q=0.7',
  'user-agent' => 'Mozilla/5.0 (Macintosh; Intel Mac OS X 10_15_7) AppleWebKit/537.36 (KHTML, like Gecko) Chrome/130.0.0.0 Safari/537.36',
  'upgrade-insecure-requests' => '1',
  'connection' => 'keep-alive',
  'host' => 'dev.sustens.com',
  'content-length' => '',
  'content-type' => '',
)
[ info ] [ PARAM ] array (
  'addtabs' => '1',
)
[ info ] [ LANG ] /var/webstars/sustens/public/../application/admin/lang/zh-cn.php
[ info ] [ BEHAVIOR ] Run app\common\behavior\Common @module_init [ RunTime:0.000059s ]
[ info ] [ SESSION ] INIT array (
  'id' => '',
  'var_session_id' => '',
  'prefix' => 'think',
  'type' => '',
  'auto_start' => true,
)
[ info ] [ BEHAVIOR ] Run \addons\ldcms\Ldcms @config_init [ RunTime:0.000063s ]
[ info ] [ LANG ] /var/webstars/sustens/public/../application/admin/lang/zh-cn/dashboard.php
[ info ] [ RUN ] app\admin\controller\Dashboard->index[ /var/webstars/sustens/application/admin/controller/Dashboard.php ]
[ info ] [ VIEW ] /var/webstars/sustens/public/../application/admin/view/dashboard/index.html [ array (
  0 => 'breadcrumb',
  1 => 'site',
  2 => 'config',
  3 => 'auth',
  4 => 'admin',
  5 => 'totaluser',
  6 => 'totaladdon',
  7 => 'totaladmin',
  8 => 'totalcategory',
  9 => 'todayusersignup',
  10 => 'todayuserlogin',
  11 => 'sevendau',
  12 => 'thirtydau',
  13 => 'threednu',
  14 => 'sevendnu',
  15 => 'dbtablenums',
  16 => 'dbsize',
  17 => 'totalworkingaddon',
  18 => 'attachmentnums',
  19 => 'attachmentsize',
  20 => 'picturenums',
  21 => 'picturesize',
) ]
[ info ] [ BEHAVIOR ] Run app\admin\behavior\AdminLog @app_end [ RunTime:0.000038s ]
[ info ] [ LOG ] INIT File
---------------------------------------------------------------
[ 2024-11-01T15:06:41+08:00 ] 10.211.55.2 GET dev.sustens.com/MTyvDCHVOo.php/ajax/lang?callback=define&controllername=index&lang=zh-cn&v=1730444801
[运行时间：0.069613s] [吞吐率：14.37req/s] [内存消耗：302.96kb] [文件加载：90]
[ info ] [ BEHAVIOR ] Run Closure @app_init [ RunTime:0.000014s ]
[ info ] [ CACHE ] INIT File
[ info ] [ DB ] INIT mysql
[ info ] [ BEHAVIOR ] Run \addons\ldcms\Ldcms @app_init [ RunTime:0.050962s ]
[ info ] [ BEHAVIOR ] Run Closure @app_init [ RunTime:0.050990s ]
[ info ] [ BEHAVIOR ] Run app\common\behavior\Common @app_init [ RunTime:0.000075s ]
[ info ] [ LANG ] /var/webstars/sustens/thinkphp/lang/zh-cn.php
[ info ] [ BEHAVIOR ] Run app\common\behavior\Common @app_dispatch [ RunTime:0.000016s ]
[ info ] [ ROUTE ] array (
  'type' => 'module',
  'module' => 
  array (
    0 => 'admin',
    1 => 'ajax',
    2 => 'lang',
  ),
)
[ info ] [ HEADER ] array (
  'cookie' => 'thinkphp_show_page_trace=0|0; uid=2; token=50446b79-6f1c-4eb2-9abc-2c19eb7a9159; thinkphp_show_page_trace=0|0; frontend_language=en; PHPSESSID=ofs8tivbb8gaklm4f5h75u50sf; keeplogin=1%7C86400%7C1730530545%7Ca1c676c2c4614b5c12311180e43af5dd; backend_language=zh-cn',
  'accept-language' => 'zh-CN,zh;q=0.9,en;q=0.8',
  'accept-encoding' => 'gzip, deflate',
  'accept' => '*/*',
  'user-agent' => 'Mozilla/5.0 (Macintosh; Intel Mac OS X 10_15_7) AppleWebKit/537.36 (KHTML, like Gecko) Chrome/130.0.0.0 Safari/537.36',
  'connection' => 'keep-alive',
  'host' => 'dev.sustens.com',
  'content-length' => '',
  'content-type' => '',
)
[ info ] [ PARAM ] array (
  'callback' => 'define',
  'controllername' => 'index',
  'lang' => 'zh-cn',
  'v' => '1730444801',
)
[ info ] [ LANG ] /var/webstars/sustens/public/../application/admin/lang/zh-cn.php
[ info ] [ BEHAVIOR ] Run app\common\behavior\Common @module_init [ RunTime:0.000219s ]
[ info ] [ SESSION ] INIT array (
  'id' => '',
  'var_session_id' => '',
  'prefix' => 'think',
  'type' => '',
  'auto_start' => true,
)
[ info ] [ BEHAVIOR ] Run \addons\ldcms\Ldcms @config_init [ RunTime:0.000040s ]
[ info ] [ LANG ] /var/webstars/sustens/public/../application/admin/lang/zh-cn/ajax.php
[ info ] [ RUN ] app\admin\controller\Ajax->lang[ /var/webstars/sustens/application/admin/controller/Ajax.php ]
[ info ] [ LANG ] /var/webstars/sustens/public/../application/admin/lang/zh-cn/index.php
[ info ] [ BEHAVIOR ] Run app\admin\behavior\AdminLog @app_end [ RunTime:0.000023s ]
[ info ] [ LOG ] INIT File
---------------------------------------------------------------
[ 2024-11-01T15:06:41+08:00 ] 10.211.55.2 GET dev.sustens.com/MTyvDCHVOo.php/ajax/lang?callback=define&controllername=dashboard&lang=zh-cn&v=1730444801
[运行时间：0.043025s] [吞吐率：23.24req/s] [内存消耗：300.42kb] [文件加载：90]
[ info ] [ BEHAVIOR ] Run Closure @app_init [ RunTime:0.000075s ]
[ info ] [ CACHE ] INIT File
[ info ] [ DB ] INIT mysql
[ info ] [ BEHAVIOR ] Run \addons\ldcms\Ldcms @app_init [ RunTime:0.013143s ]
[ info ] [ BEHAVIOR ] Run Closure @app_init [ RunTime:0.013167s ]
[ info ] [ BEHAVIOR ] Run app\common\behavior\Common @app_init [ RunTime:0.000059s ]
[ info ] [ LANG ] /var/webstars/sustens/thinkphp/lang/zh-cn.php
[ info ] [ BEHAVIOR ] Run app\common\behavior\Common @app_dispatch [ RunTime:0.000014s ]
[ info ] [ ROUTE ] array (
  'type' => 'module',
  'module' => 
  array (
    0 => 'admin',
    1 => 'ajax',
    2 => 'lang',
  ),
)
[ info ] [ HEADER ] array (
  'cookie' => 'thinkphp_show_page_trace=0|0; uid=2; token=50446b79-6f1c-4eb2-9abc-2c19eb7a9159; thinkphp_show_page_trace=0|0; frontend_language=en; PHPSESSID=ofs8tivbb8gaklm4f5h75u50sf; keeplogin=1%7C86400%7C1730530545%7Ca1c676c2c4614b5c12311180e43af5dd; backend_language=zh-cn',
  'accept-language' => 'zh-CN,zh;q=0.9,en;q=0.8',
  'accept-encoding' => 'gzip, deflate',
  'accept' => '*/*',
  'user-agent' => 'Mozilla/5.0 (Macintosh; Intel Mac OS X 10_15_7) AppleWebKit/537.36 (KHTML, like Gecko) Chrome/130.0.0.0 Safari/537.36',
  'connection' => 'keep-alive',
  'host' => 'dev.sustens.com',
  'content-length' => '',
  'content-type' => '',
)
[ info ] [ PARAM ] array (
  'callback' => 'define',
  'controllername' => 'dashboard',
  'lang' => 'zh-cn',
  'v' => '1730444801',
)
[ info ] [ LANG ] /var/webstars/sustens/public/../application/admin/lang/zh-cn.php
[ info ] [ BEHAVIOR ] Run app\common\behavior\Common @module_init [ RunTime:0.000059s ]
[ info ] [ SESSION ] INIT array (
  'id' => '',
  'var_session_id' => '',
  'prefix' => 'think',
  'type' => '',
  'auto_start' => true,
)
[ info ] [ BEHAVIOR ] Run \addons\ldcms\Ldcms @config_init [ RunTime:0.000042s ]
[ info ] [ LANG ] /var/webstars/sustens/public/../application/admin/lang/zh-cn/ajax.php
[ info ] [ RUN ] app\admin\controller\Ajax->lang[ /var/webstars/sustens/application/admin/controller/Ajax.php ]
[ info ] [ LANG ] /var/webstars/sustens/public/../application/admin/lang/zh-cn/dashboard.php
[ info ] [ BEHAVIOR ] Run app\admin\behavior\AdminLog @app_end [ RunTime:0.000029s ]
[ info ] [ LOG ] INIT File
---------------------------------------------------------------
[ 2024-11-01T15:06:42+08:00 ] 10.211.55.2 GET dev.sustens.com/MTyvDCHVOo.php/ldcms/document/index/mid/2?ldcms_lang=en&addtabs=1
[运行时间：0.074039s] [吞吐率：13.51req/s] [内存消耗：716.50kb] [文件加载：100]
[ info ] [ BEHAVIOR ] Run Closure @app_init [ RunTime:0.000018s ]
[ info ] [ CACHE ] INIT File
[ info ] [ DB ] INIT mysql
[ info ] [ BEHAVIOR ] Run \addons\ldcms\Ldcms @app_init [ RunTime:0.003124s ]
[ info ] [ BEHAVIOR ] Run Closure @app_init [ RunTime:0.003154s ]
[ info ] [ BEHAVIOR ] Run app\common\behavior\Common @app_init [ RunTime:0.000075s ]
[ info ] [ LANG ] /var/webstars/sustens/thinkphp/lang/zh-cn.php
[ info ] [ BEHAVIOR ] Run app\common\behavior\Common @app_dispatch [ RunTime:0.000021s ]
[ info ] [ ROUTE ] array (
  'type' => 'module',
  'module' => 
  array (
    0 => 'admin',
    1 => 'ldcms.document',
    2 => 'index',
  ),
)
[ info ] [ HEADER ] array (
  'cookie' => 'thinkphp_show_page_trace=0|0; thinkphp_show_page_trace=0|0; thinkphp_show_page_trace=0|0; thinkphp_show_page_trace=0|0; uid=2; token=50446b79-6f1c-4eb2-9abc-2c19eb7a9159; thinkphp_show_page_trace=0|0; frontend_language=en; PHPSESSID=ofs8tivbb8gaklm4f5h75u50sf; keeplogin=1%7C86400%7C1730530545%7Ca1c676c2c4614b5c12311180e43af5dd; backend_language=zh-cn',
  'accept-language' => 'zh-CN,zh;q=0.9,en;q=0.8',
  'accept-encoding' => 'gzip, deflate',
  'accept' => 'text/html,application/xhtml+xml,application/xml;q=0.9,image/avif,image/webp,image/apng,*/*;q=0.8,application/signed-exchange;v=b3;q=0.7',
  'user-agent' => 'Mozilla/5.0 (Macintosh; Intel Mac OS X 10_15_7) AppleWebKit/537.36 (KHTML, like Gecko) Chrome/130.0.0.0 Safari/537.36',
  'upgrade-insecure-requests' => '1',
  'connection' => 'keep-alive',
  'host' => 'dev.sustens.com',
  'content-length' => '',
  'content-type' => '',
)
[ info ] [ PARAM ] array (
  'ldcms_lang' => 'en',
  'addtabs' => '1',
  'mid' => '2',
)
[ info ] [ LANG ] /var/webstars/sustens/public/../application/admin/lang/zh-cn.php
[ info ] [ BEHAVIOR ] Run app\common\behavior\Common @module_init [ RunTime:0.000095s ]
[ info ] [ SESSION ] INIT array (
  'id' => '',
  'var_session_id' => '',
  'prefix' => 'think',
  'type' => '',
  'auto_start' => true,
)
[ info ] [ BEHAVIOR ] Run \addons\ldcms\Ldcms @config_init [ RunTime:0.000126s ]
[ info ] [ LANG ] /var/webstars/sustens/public/../application/admin/lang/zh-cn/ldcms/document.php
[ info ] [ RUN ] app\admin\controller\ldcms\Document->index[ /var/webstars/sustens/application/admin/controller/ldcms/Document.php ]
[ info ] [ VIEW ] /var/webstars/sustens/public/../application/admin/view/ldcms/document/index.html [ array (
  0 => 'breadcrumb',
  1 => 'site',
  2 => 'config',
  3 => 'auth',
  4 => 'admin',
  5 => 'addon_config',
  6 => 'mid',
  7 => 'models',
  8 => 'fields',
  9 => 'categorys',
) ]
[ info ] [ BEHAVIOR ] Run app\admin\behavior\AdminLog @app_end [ RunTime:0.000038s ]
[ info ] [ LOG ] INIT File
---------------------------------------------------------------
[ 2024-11-01T15:06:42+08:00 ] 10.211.55.2 GET dev.sustens.com/MTyvDCHVOo.php/ajax/lang?callback=define&controllername=ldcms.document&lang=zh-cn&v=1730444802
[运行时间：0.026604s] [吞吐率：37.59req/s] [内存消耗：394.36kb] [文件加载：91]
[ info ] [ BEHAVIOR ] Run Closure @app_init [ RunTime:0.000020s ]
[ info ] [ CACHE ] INIT File
[ info ] [ DB ] INIT mysql
[ info ] [ BEHAVIOR ] Run \addons\ldcms\Ldcms @app_init [ RunTime:0.013107s ]
[ info ] [ BEHAVIOR ] Run Closure @app_init [ RunTime:0.013127s ]
[ info ] [ BEHAVIOR ] Run app\common\behavior\Common @app_init [ RunTime:0.000053s ]
[ info ] [ LANG ] /var/webstars/sustens/thinkphp/lang/zh-cn.php
[ info ] [ BEHAVIOR ] Run app\common\behavior\Common @app_dispatch [ RunTime:0.000013s ]
[ info ] [ ROUTE ] array (
  'type' => 'module',
  'module' => 
  array (
    0 => 'admin',
    1 => 'ajax',
    2 => 'lang',
  ),
)
[ info ] [ HEADER ] array (
  'cookie' => 'thinkphp_show_page_trace=0|0; uid=2; token=50446b79-6f1c-4eb2-9abc-2c19eb7a9159; thinkphp_show_page_trace=0|0; frontend_language=en; PHPSESSID=ofs8tivbb8gaklm4f5h75u50sf; keeplogin=1%7C86400%7C1730530545%7Ca1c676c2c4614b5c12311180e43af5dd; backend_language=en',
  'accept-language' => 'zh-CN,zh;q=0.9,en;q=0.8',
  'accept-encoding' => 'gzip, deflate',
  'accept' => '*/*',
  'user-agent' => 'Mozilla/5.0 (Macintosh; Intel Mac OS X 10_15_7) AppleWebKit/537.36 (KHTML, like Gecko) Chrome/130.0.0.0 Safari/537.36',
  'connection' => 'keep-alive',
  'host' => 'dev.sustens.com',
  'content-length' => '',
  'content-type' => '',
)
[ info ] [ PARAM ] array (
  'callback' => 'define',
  'controllername' => 'ldcms.document',
  'lang' => 'zh-cn',
  'v' => '1730444802',
)
[ info ] [ LANG ] /var/webstars/sustens/public/../application/admin/lang/zh-cn.php
[ info ] [ BEHAVIOR ] Run app\common\behavior\Common @module_init [ RunTime:0.000059s ]
[ info ] [ SESSION ] INIT array (
  'id' => '',
  'var_session_id' => '',
  'prefix' => 'think',
  'type' => '',
  'auto_start' => true,
)
[ info ] [ BEHAVIOR ] Run \addons\ldcms\Ldcms @config_init [ RunTime:0.000115s ]
[ info ] [ LANG ] /var/webstars/sustens/public/../application/admin/lang/zh-cn/ajax.php
[ info ] [ RUN ] app\admin\controller\Ajax->lang[ /var/webstars/sustens/application/admin/controller/Ajax.php ]
[ info ] [ LANG ] /var/webstars/sustens/public/../application/admin/lang/zh-cn/ldcms/document.php
[ info ] [ BEHAVIOR ] Run app\admin\behavior\AdminLog @app_end [ RunTime:0.000019s ]
[ info ] [ LOG ] INIT File
---------------------------------------------------------------
[ 2024-11-01T15:06:43+08:00 ] 10.211.55.2 GET dev.sustens.com/MTyvDCHVOo.php/ldcms/document/index/mid/2?ldcms_lang=en&addtabs=1&sort=sort&order=asc&offset=0&limit=10&filter=%7B%7D&op=%7B%7D&_=1730444800866
[运行时间：0.174556s] [吞吐率：5.73req/s] [内存消耗：745.55kb] [文件加载：100]
[ info ] [ BEHAVIOR ] Run Closure @app_init [ RunTime:0.000021s ]
[ info ] [ CACHE ] INIT File
[ info ] [ DB ] INIT mysql
[ info ] [ BEHAVIOR ] Run \addons\ldcms\Ldcms @app_init [ RunTime:0.004682s ]
[ info ] [ BEHAVIOR ] Run Closure @app_init [ RunTime:0.004703s ]
[ info ] [ BEHAVIOR ] Run app\common\behavior\Common @app_init [ RunTime:0.000209s ]
[ info ] [ LANG ] /var/webstars/sustens/thinkphp/lang/zh-cn.php
[ info ] [ BEHAVIOR ] Run app\common\behavior\Common @app_dispatch [ RunTime:0.000019s ]
[ info ] [ ROUTE ] array (
  'type' => 'module',
  'module' => 
  array (
    0 => 'admin',
    1 => 'ldcms.document',
    2 => 'index',
  ),
)
[ info ] [ HEADER ] array (
  'cookie' => 'thinkphp_show_page_trace=0|0; thinkphp_show_page_trace=0|0; thinkphp_show_page_trace=0|0; thinkphp_show_page_trace=0|0; uid=2; token=50446b79-6f1c-4eb2-9abc-2c19eb7a9159; thinkphp_show_page_trace=0|0; frontend_language=en; PHPSESSID=ofs8tivbb8gaklm4f5h75u50sf; keeplogin=1%7C86400%7C1730530545%7Ca1c676c2c4614b5c12311180e43af5dd; backend_language=en',
  'accept-language' => 'zh-CN,zh;q=0.9,en;q=0.8',
  'accept-encoding' => 'gzip, deflate',
  'content-type' => 'application/json',
  'accept' => 'application/json, text/javascript, */*; q=0.01',
  'user-agent' => 'Mozilla/5.0 (Macintosh; Intel Mac OS X 10_15_7) AppleWebKit/537.36 (KHTML, like Gecko) Chrome/130.0.0.0 Safari/537.36',
  'x-requested-with' => 'XMLHttpRequest',
  'connection' => 'keep-alive',
  'host' => 'dev.sustens.com',
  'content-length' => '',
)
[ info ] [ PARAM ] array (
  'ldcms_lang' => 'en',
  'addtabs' => '1',
  'sort' => 'sort',
  'order' => 'asc',
  'offset' => '0',
  'limit' => '10',
  'filter' => '{}',
  'op' => '{}',
  '_' => '1730444800866',
  'mid' => '2',
)
[ info ] [ LANG ] /var/webstars/sustens/public/../application/admin/lang/zh-cn.php
[ info ] [ BEHAVIOR ] Run app\common\behavior\Common @module_init [ RunTime:0.000061s ]
[ info ] [ SESSION ] INIT array (
  'id' => '',
  'var_session_id' => '',
  'prefix' => 'think',
  'type' => '',
  'auto_start' => true,
)
[ info ] [ BEHAVIOR ] Run \addons\ldcms\Ldcms @config_init [ RunTime:0.000046s ]
[ info ] [ LANG ] /var/webstars/sustens/public/../application/admin/lang/zh-cn/ldcms/document.php
[ info ] [ RUN ] app\admin\controller\ldcms\Document->index[ /var/webstars/sustens/application/admin/controller/ldcms/Document.php ]
[ info ] [ BEHAVIOR ] Run app\admin\behavior\AdminLog @app_end [ RunTime:0.005492s ]
[ info ] [ LOG ] INIT File
---------------------------------------------------------------
[ 2024-11-01T15:07:38+08:00 ] 10.211.55.2 GET dev.sustens.com/MTyvDCHVOo.php/ldcms/document/index/mid/2?ldcms_lang=en&addtabs=1&sort=sort&order=asc&offset=10&limit=10&filter=%7B%7D&op=%7B%7D&_=1730444800867
[运行时间：0.169417s] [吞吐率：5.90req/s] [内存消耗：736.56kb] [文件加载：100]
[ info ] [ BEHAVIOR ] Run Closure @app_init [ RunTime:0.000023s ]
[ info ] [ CACHE ] INIT File
[ info ] [ DB ] INIT mysql
[ info ] [ BEHAVIOR ] Run \addons\ldcms\Ldcms @app_init [ RunTime:0.027187s ]
[ info ] [ BEHAVIOR ] Run Closure @app_init [ RunTime:0.027211s ]
[ info ] [ BEHAVIOR ] Run app\common\behavior\Common @app_init [ RunTime:0.001516s ]
[ info ] [ LANG ] /var/webstars/sustens/thinkphp/lang/zh-cn.php
[ info ] [ BEHAVIOR ] Run app\common\behavior\Common @app_dispatch [ RunTime:0.000042s ]
[ info ] [ ROUTE ] array (
  'type' => 'module',
  'module' => 
  array (
    0 => 'admin',
    1 => 'ldcms.document',
    2 => 'index',
  ),
)
[ info ] [ HEADER ] array (
  'cookie' => 'thinkphp_show_page_trace=0|0; thinkphp_show_page_trace=0|0; thinkphp_show_page_trace=0|0; thinkphp_show_page_trace=0|0; uid=2; token=50446b79-6f1c-4eb2-9abc-2c19eb7a9159; thinkphp_show_page_trace=0|0; frontend_language=en; PHPSESSID=ofs8tivbb8gaklm4f5h75u50sf; keeplogin=1%7C86400%7C1730530545%7Ca1c676c2c4614b5c12311180e43af5dd; backend_language=en',
  'accept-language' => 'zh-CN,zh;q=0.9,en;q=0.8',
  'accept-encoding' => 'gzip, deflate',
  'content-type' => 'application/json',
  'accept' => 'application/json, text/javascript, */*; q=0.01',
  'user-agent' => 'Mozilla/5.0 (Macintosh; Intel Mac OS X 10_15_7) AppleWebKit/537.36 (KHTML, like Gecko) Chrome/130.0.0.0 Safari/537.36',
  'x-requested-with' => 'XMLHttpRequest',
  'connection' => 'keep-alive',
  'host' => 'dev.sustens.com',
  'content-length' => '',
)
[ info ] [ PARAM ] array (
  'ldcms_lang' => 'en',
  'addtabs' => '1',
  'sort' => 'sort',
  'order' => 'asc',
  'offset' => '10',
  'limit' => '10',
  'filter' => '{}',
  'op' => '{}',
  '_' => '1730444800867',
  'mid' => '2',
)
[ info ] [ LANG ] /var/webstars/sustens/public/../application/admin/lang/zh-cn.php
[ info ] [ BEHAVIOR ] Run app\common\behavior\Common @module_init [ RunTime:0.001451s ]
[ info ] [ SESSION ] INIT array (
  'id' => '',
  'var_session_id' => '',
  'prefix' => 'think',
  'type' => '',
  'auto_start' => true,
)
[ info ] [ BEHAVIOR ] Run \addons\ldcms\Ldcms @config_init [ RunTime:0.000042s ]
[ info ] [ LANG ] /var/webstars/sustens/public/../application/admin/lang/zh-cn/ldcms/document.php
[ info ] [ RUN ] app\admin\controller\ldcms\Document->index[ /var/webstars/sustens/application/admin/controller/ldcms/Document.php ]
[ info ] [ BEHAVIOR ] Run app\admin\behavior\AdminLog @app_end [ RunTime:0.001745s ]
[ info ] [ LOG ] INIT File
---------------------------------------------------------------
[ 2024-11-01T15:07:42+08:00 ] 10.211.55.2 GET dev.sustens.com/MTyvDCHVOo.php/ldcms/document/index/mid/2?ldcms_lang=en&addtabs=1&sort=sort&order=asc&offset=0&limit=10&filter=%7B%7D&op=%7B%7D&_=1730444800868
[运行时间：0.072537s] [吞吐率：13.79req/s] [内存消耗：748.71kb] [文件加载：100]
[ info ] [ BEHAVIOR ] Run Closure @app_init [ RunTime:0.000015s ]
[ info ] [ CACHE ] INIT File
[ info ] [ DB ] INIT mysql
[ info ] [ BEHAVIOR ] Run \addons\ldcms\Ldcms @app_init [ RunTime:0.018541s ]
[ info ] [ BEHAVIOR ] Run Closure @app_init [ RunTime:0.018565s ]
[ info ] [ BEHAVIOR ] Run app\common\behavior\Common @app_init [ RunTime:0.000118s ]
[ info ] [ LANG ] /var/webstars/sustens/thinkphp/lang/zh-cn.php
[ info ] [ BEHAVIOR ] Run app\common\behavior\Common @app_dispatch [ RunTime:0.000015s ]
[ info ] [ ROUTE ] array (
  'type' => 'module',
  'module' => 
  array (
    0 => 'admin',
    1 => 'ldcms.document',
    2 => 'index',
  ),
)
[ info ] [ HEADER ] array (
  'cookie' => 'thinkphp_show_page_trace=0|0; thinkphp_show_page_trace=0|0; thinkphp_show_page_trace=0|0; thinkphp_show_page_trace=0|0; uid=2; token=50446b79-6f1c-4eb2-9abc-2c19eb7a9159; thinkphp_show_page_trace=0|0; frontend_language=en; PHPSESSID=ofs8tivbb8gaklm4f5h75u50sf; keeplogin=1%7C86400%7C1730530545%7Ca1c676c2c4614b5c12311180e43af5dd; backend_language=en',
  'accept-language' => 'zh-CN,zh;q=0.9,en;q=0.8',
  'accept-encoding' => 'gzip, deflate',
  'content-type' => 'application/json',
  'accept' => 'application/json, text/javascript, */*; q=0.01',
  'user-agent' => 'Mozilla/5.0 (Macintosh; Intel Mac OS X 10_15_7) AppleWebKit/537.36 (KHTML, like Gecko) Chrome/130.0.0.0 Safari/537.36',
  'x-requested-with' => 'XMLHttpRequest',
  'connection' => 'keep-alive',
  'host' => 'dev.sustens.com',
  'content-length' => '',
)
[ info ] [ PARAM ] array (
  'ldcms_lang' => 'en',
  'addtabs' => '1',
  'sort' => 'sort',
  'order' => 'asc',
  'offset' => '0',
  'limit' => '10',
  'filter' => '{}',
  'op' => '{}',
  '_' => '1730444800868',
  'mid' => '2',
)
[ info ] [ LANG ] /var/webstars/sustens/public/../application/admin/lang/zh-cn.php
[ info ] [ BEHAVIOR ] Run app\common\behavior\Common @module_init [ RunTime:0.000071s ]
[ info ] [ SESSION ] INIT array (
  'id' => '',
  'var_session_id' => '',
  'prefix' => 'think',
  'type' => '',
  'auto_start' => true,
)
[ info ] [ BEHAVIOR ] Run \addons\ldcms\Ldcms @config_init [ RunTime:0.000040s ]
[ info ] [ LANG ] /var/webstars/sustens/public/../application/admin/lang/zh-cn/ldcms/document.php
[ info ] [ RUN ] app\admin\controller\ldcms\Document->index[ /var/webstars/sustens/application/admin/controller/ldcms/Document.php ]
[ info ] [ BEHAVIOR ] Run app\admin\behavior\AdminLog @app_end [ RunTime:0.000070s ]
[ info ] [ LOG ] INIT File
---------------------------------------------------------------
[ 2024-11-01T15:07:55+08:00 ] 10.211.55.2 GET dev.sustens.com/MTyvDCHVOo.php/ldcms/category?addtabs=1
[运行时间：0.182165s] [吞吐率：5.49req/s] [内存消耗：724.98kb] [文件加载：102]
[ info ] [ BEHAVIOR ] Run Closure @app_init [ RunTime:0.000030s ]
[ info ] [ CACHE ] INIT File
[ info ] [ DB ] INIT mysql
[ info ] [ BEHAVIOR ] Run \addons\ldcms\Ldcms @app_init [ RunTime:0.036815s ]
[ info ] [ BEHAVIOR ] Run Closure @app_init [ RunTime:0.036853s ]
[ info ] [ BEHAVIOR ] Run app\common\behavior\Common @app_init [ RunTime:0.000164s ]
[ info ] [ LANG ] /var/webstars/sustens/thinkphp/lang/zh-cn.php
[ info ] [ BEHAVIOR ] Run app\common\behavior\Common @app_dispatch [ RunTime:0.000024s ]
[ info ] [ ROUTE ] array (
  'type' => 'module',
  'module' => 
  array (
    0 => 'admin',
    1 => 'ldcms.category',
    2 => NULL,
  ),
)
[ info ] [ HEADER ] array (
  'cookie' => 'thinkphp_show_page_trace=0|0; thinkphp_show_page_trace=0|0; uid=2; token=50446b79-6f1c-4eb2-9abc-2c19eb7a9159; thinkphp_show_page_trace=0|0; frontend_language=en; PHPSESSID=ofs8tivbb8gaklm4f5h75u50sf; keeplogin=1%7C86400%7C1730530545%7Ca1c676c2c4614b5c12311180e43af5dd; backend_language=en',
  'accept-language' => 'zh-CN,zh;q=0.9,en;q=0.8',
  'accept-encoding' => 'gzip, deflate',
  'accept' => 'text/html,application/xhtml+xml,application/xml;q=0.9,image/avif,image/webp,image/apng,*/*;q=0.8,application/signed-exchange;v=b3;q=0.7',
  'user-agent' => 'Mozilla/5.0 (Macintosh; Intel Mac OS X 10_15_7) AppleWebKit/537.36 (KHTML, like Gecko) Chrome/130.0.0.0 Safari/537.36',
  'upgrade-insecure-requests' => '1',
  'connection' => 'keep-alive',
  'host' => 'dev.sustens.com',
  'content-length' => '',
  'content-type' => '',
)
[ info ] [ PARAM ] array (
  'addtabs' => '1',
)
[ info ] [ LANG ] /var/webstars/sustens/public/../application/admin/lang/zh-cn.php
[ info ] [ BEHAVIOR ] Run app\common\behavior\Common @module_init [ RunTime:0.000158s ]
[ info ] [ SESSION ] INIT array (
  'id' => '',
  'var_session_id' => '',
  'prefix' => 'think',
  'type' => '',
  'auto_start' => true,
)
[ info ] [ BEHAVIOR ] Run \addons\ldcms\Ldcms @config_init [ RunTime:0.000046s ]
[ info ] [ LANG ] /var/webstars/sustens/public/../application/admin/lang/zh-cn/ldcms/category.php
[ info ] [ RUN ] app\admin\controller\ldcms\Category->index[ /var/webstars/sustens/application/admin/controller/ldcms/Category.php ]
[ info ] [ VIEW ] /var/webstars/sustens/public/../application/admin/view/ldcms/category/index.html [ array (
  0 => 'breadcrumb',
  1 => 'site',
  2 => 'config',
  3 => 'auth',
  4 => 'admin',
  5 => 'addon_config',
  6 => 'categorys',
) ]
[ info ] [ BEHAVIOR ] Run app\admin\behavior\AdminLog @app_end [ RunTime:0.000034s ]
[ info ] [ LOG ] INIT File
[ error ] [2]Undefined variable $mid[/var/webstars/sustens/runtime/temp/72a3dcf62ef89dd31b0324462355bcbe.php:83]
---------------------------------------------------------------
[ 2024-11-01T15:07:55+08:00 ] 10.211.55.2 GET dev.sustens.com/MTyvDCHVOo.php/ajax/lang?callback=define&controllername=ldcms.category&lang=zh-cn&v=1730444875
[运行时间：0.037932s] [吞吐率：26.36req/s] [内存消耗：393.23kb] [文件加载：91]
[ info ] [ BEHAVIOR ] Run Closure @app_init [ RunTime:0.000023s ]
[ info ] [ CACHE ] INIT File
[ info ] [ DB ] INIT mysql
[ info ] [ BEHAVIOR ] Run \addons\ldcms\Ldcms @app_init [ RunTime:0.011601s ]
[ info ] [ BEHAVIOR ] Run Closure @app_init [ RunTime:0.011621s ]
[ info ] [ BEHAVIOR ] Run app\common\behavior\Common @app_init [ RunTime:0.000048s ]
[ info ] [ LANG ] /var/webstars/sustens/thinkphp/lang/zh-cn.php
[ info ] [ BEHAVIOR ] Run app\common\behavior\Common @app_dispatch [ RunTime:0.000011s ]
[ info ] [ ROUTE ] array (
  'type' => 'module',
  'module' => 
  array (
    0 => 'admin',
    1 => 'ajax',
    2 => 'lang',
  ),
)
[ info ] [ HEADER ] array (
  'cookie' => 'thinkphp_show_page_trace=0|0; uid=2; token=50446b79-6f1c-4eb2-9abc-2c19eb7a9159; thinkphp_show_page_trace=0|0; frontend_language=en; PHPSESSID=ofs8tivbb8gaklm4f5h75u50sf; keeplogin=1%7C86400%7C1730530545%7Ca1c676c2c4614b5c12311180e43af5dd; backend_language=en',
  'accept-language' => 'zh-CN,zh;q=0.9,en;q=0.8',
  'accept-encoding' => 'gzip, deflate',
  'accept' => '*/*',
  'user-agent' => 'Mozilla/5.0 (Macintosh; Intel Mac OS X 10_15_7) AppleWebKit/537.36 (KHTML, like Gecko) Chrome/130.0.0.0 Safari/537.36',
  'connection' => 'keep-alive',
  'host' => 'dev.sustens.com',
  'content-length' => '',
  'content-type' => '',
)
[ info ] [ PARAM ] array (
  'callback' => 'define',
  'controllername' => 'ldcms.category',
  'lang' => 'zh-cn',
  'v' => '1730444875',
)
[ info ] [ LANG ] /var/webstars/sustens/public/../application/admin/lang/zh-cn.php
[ info ] [ BEHAVIOR ] Run app\common\behavior\Common @module_init [ RunTime:0.000053s ]
[ info ] [ SESSION ] INIT array (
  'id' => '',
  'var_session_id' => '',
  'prefix' => 'think',
  'type' => '',
  'auto_start' => true,
)
[ info ] [ BEHAVIOR ] Run \addons\ldcms\Ldcms @config_init [ RunTime:0.000030s ]
[ info ] [ LANG ] /var/webstars/sustens/public/../application/admin/lang/zh-cn/ajax.php
[ info ] [ RUN ] app\admin\controller\Ajax->lang[ /var/webstars/sustens/application/admin/controller/Ajax.php ]
[ info ] [ LANG ] /var/webstars/sustens/public/../application/admin/lang/zh-cn/ldcms/category.php
[ info ] [ BEHAVIOR ] Run app\admin\behavior\AdminLog @app_end [ RunTime:0.000026s ]
[ info ] [ LOG ] INIT File
---------------------------------------------------------------
[ 2024-11-01T15:07:56+08:00 ] 10.211.55.2 GET dev.sustens.com/MTyvDCHVOo.php/ldcms/category/index?addtabs=1&sort=id&order=desc&_=1730444873551
[运行时间：0.134305s] [吞吐率：7.45req/s] [内存消耗：717.50kb] [文件加载：97]
[ info ] [ BEHAVIOR ] Run Closure @app_init [ RunTime:0.000018s ]
[ info ] [ CACHE ] INIT File
[ info ] [ DB ] INIT mysql
[ info ] [ BEHAVIOR ] Run \addons\ldcms\Ldcms @app_init [ RunTime:0.011922s ]
[ info ] [ BEHAVIOR ] Run Closure @app_init [ RunTime:0.011957s ]
[ info ] [ BEHAVIOR ] Run app\common\behavior\Common @app_init [ RunTime:0.000092s ]
[ info ] [ LANG ] /var/webstars/sustens/thinkphp/lang/zh-cn.php
[ info ] [ BEHAVIOR ] Run app\common\behavior\Common @app_dispatch [ RunTime:0.000022s ]
[ info ] [ ROUTE ] array (
  'type' => 'module',
  'module' => 
  array (
    0 => 'admin',
    1 => 'ldcms.category',
    2 => 'index',
  ),
)
[ info ] [ HEADER ] array (
  'cookie' => 'thinkphp_show_page_trace=0|0; thinkphp_show_page_trace=0|0; uid=2; token=50446b79-6f1c-4eb2-9abc-2c19eb7a9159; thinkphp_show_page_trace=0|0; frontend_language=en; PHPSESSID=ofs8tivbb8gaklm4f5h75u50sf; keeplogin=1%7C86400%7C1730530545%7Ca1c676c2c4614b5c12311180e43af5dd; backend_language=en',
  'accept-language' => 'zh-CN,zh;q=0.9,en;q=0.8',
  'accept-encoding' => 'gzip, deflate',
  'content-type' => 'application/json',
  'accept' => 'application/json, text/javascript, */*; q=0.01',
  'user-agent' => 'Mozilla/5.0 (Macintosh; Intel Mac OS X 10_15_7) AppleWebKit/537.36 (KHTML, like Gecko) Chrome/130.0.0.0 Safari/537.36',
  'x-requested-with' => 'XMLHttpRequest',
  'connection' => 'keep-alive',
  'host' => 'dev.sustens.com',
  'content-length' => '',
)
[ info ] [ PARAM ] array (
  'addtabs' => '1',
  'sort' => 'id',
  'order' => 'desc',
  '_' => '1730444873551',
)
[ info ] [ LANG ] /var/webstars/sustens/public/../application/admin/lang/zh-cn.php
[ info ] [ BEHAVIOR ] Run app\common\behavior\Common @module_init [ RunTime:0.000161s ]
[ info ] [ SESSION ] INIT array (
  'id' => '',
  'var_session_id' => '',
  'prefix' => 'think',
  'type' => '',
  'auto_start' => true,
)
[ info ] [ BEHAVIOR ] Run \addons\ldcms\Ldcms @config_init [ RunTime:0.000096s ]
[ info ] [ LANG ] /var/webstars/sustens/public/../application/admin/lang/zh-cn/ldcms/category.php
[ info ] [ RUN ] app\admin\controller\ldcms\Category->index[ /var/webstars/sustens/application/admin/controller/ldcms/Category.php ]
[ info ] [ BEHAVIOR ] Run app\admin\behavior\AdminLog @app_end [ RunTime:0.000035s ]
[ info ] [ LOG ] INIT File
---------------------------------------------------------------
[ 2024-11-01T15:08:02+08:00 ] 10.211.55.2 GET dev.sustens.com/MTyvDCHVOo.php/ldcms/document/index/mid/2?addtabs=1
[运行时间：0.189061s] [吞吐率：5.29req/s] [内存消耗：719.15kb] [文件加载：100]
[ info ] [ BEHAVIOR ] Run Closure @app_init [ RunTime:0.000161s ]
[ info ] [ CACHE ] INIT File
[ info ] [ DB ] INIT mysql
[ info ] [ BEHAVIOR ] Run \addons\ldcms\Ldcms @app_init [ RunTime:0.019230s ]
[ info ] [ BEHAVIOR ] Run Closure @app_init [ RunTime:0.019308s ]
[ info ] [ BEHAVIOR ] Run app\common\behavior\Common @app_init [ RunTime:0.000232s ]
[ info ] [ LANG ] /var/webstars/sustens/thinkphp/lang/zh-cn.php
[ info ] [ BEHAVIOR ] Run app\common\behavior\Common @app_dispatch [ RunTime:0.000277s ]
[ info ] [ ROUTE ] array (
  'type' => 'module',
  'module' => 
  array (
    0 => 'admin',
    1 => 'ldcms.document',
    2 => 'index',
  ),
)
[ info ] [ HEADER ] array (
  'cookie' => 'thinkphp_show_page_trace=0|0; thinkphp_show_page_trace=0|0; thinkphp_show_page_trace=0|0; thinkphp_show_page_trace=0|0; uid=2; token=50446b79-6f1c-4eb2-9abc-2c19eb7a9159; thinkphp_show_page_trace=0|0; frontend_language=en; PHPSESSID=ofs8tivbb8gaklm4f5h75u50sf; keeplogin=1%7C86400%7C1730530545%7Ca1c676c2c4614b5c12311180e43af5dd; backend_language=en',
  'accept-language' => 'zh-CN,zh;q=0.9,en;q=0.8',
  'accept-encoding' => 'gzip, deflate',
  'accept' => 'text/html,application/xhtml+xml,application/xml;q=0.9,image/avif,image/webp,image/apng,*/*;q=0.8,application/signed-exchange;v=b3;q=0.7',
  'user-agent' => 'Mozilla/5.0 (Macintosh; Intel Mac OS X 10_15_7) AppleWebKit/537.36 (KHTML, like Gecko) Chrome/130.0.0.0 Safari/537.36',
  'upgrade-insecure-requests' => '1',
  'connection' => 'keep-alive',
  'host' => 'dev.sustens.com',
  'content-length' => '',
  'content-type' => '',
)
[ info ] [ PARAM ] array (
  'addtabs' => '1',
  'mid' => '2',
)
[ info ] [ LANG ] /var/webstars/sustens/public/../application/admin/lang/zh-cn.php
[ info ] [ BEHAVIOR ] Run app\common\behavior\Common @module_init [ RunTime:0.000128s ]
[ info ] [ SESSION ] INIT array (
  'id' => '',
  'var_session_id' => '',
  'prefix' => 'think',
  'type' => '',
  'auto_start' => true,
)
[ info ] [ BEHAVIOR ] Run \addons\ldcms\Ldcms @config_init [ RunTime:0.000037s ]
[ info ] [ LANG ] /var/webstars/sustens/public/../application/admin/lang/zh-cn/ldcms/document.php
[ info ] [ RUN ] app\admin\controller\ldcms\Document->index[ /var/webstars/sustens/application/admin/controller/ldcms/Document.php ]
[ info ] [ VIEW ] /var/webstars/sustens/public/../application/admin/view/ldcms/document/index.html [ array (
  0 => 'breadcrumb',
  1 => 'site',
  2 => 'config',
  3 => 'auth',
  4 => 'admin',
  5 => 'addon_config',
  6 => 'mid',
  7 => 'models',
  8 => 'fields',
  9 => 'categorys',
) ]
[ info ] [ BEHAVIOR ] Run app\admin\behavior\AdminLog @app_end [ RunTime:0.000068s ]
[ info ] [ LOG ] INIT File
---------------------------------------------------------------
[ 2024-11-01T15:08:02+08:00 ] 10.211.55.2 GET dev.sustens.com/MTyvDCHVOo.php/ajax/lang?callback=define&controllername=ldcms.document&lang=zh-cn&v=1730444882
[运行时间：0.037092s] [吞吐率：26.96req/s] [内存消耗：394.36kb] [文件加载：91]
[ info ] [ BEHAVIOR ] Run Closure @app_init [ RunTime:0.000028s ]
[ info ] [ CACHE ] INIT File
[ info ] [ DB ] INIT mysql
[ info ] [ BEHAVIOR ] Run \addons\ldcms\Ldcms @app_init [ RunTime:0.017401s ]
[ info ] [ BEHAVIOR ] Run Closure @app_init [ RunTime:0.017425s ]
[ info ] [ BEHAVIOR ] Run app\common\behavior\Common @app_init [ RunTime:0.000060s ]
[ info ] [ LANG ] /var/webstars/sustens/thinkphp/lang/zh-cn.php
[ info ] [ BEHAVIOR ] Run app\common\behavior\Common @app_dispatch [ RunTime:0.000013s ]
[ info ] [ ROUTE ] array (
  'type' => 'module',
  'module' => 
  array (
    0 => 'admin',
    1 => 'ajax',
    2 => 'lang',
  ),
)
[ info ] [ HEADER ] array (
  'cookie' => 'thinkphp_show_page_trace=0|0; uid=2; token=50446b79-6f1c-4eb2-9abc-2c19eb7a9159; thinkphp_show_page_trace=0|0; frontend_language=en; PHPSESSID=ofs8tivbb8gaklm4f5h75u50sf; keeplogin=1%7C86400%7C1730530545%7Ca1c676c2c4614b5c12311180e43af5dd; backend_language=en',
  'accept-language' => 'zh-CN,zh;q=0.9,en;q=0.8',
  'accept-encoding' => 'gzip, deflate',
  'accept' => '*/*',
  'user-agent' => 'Mozilla/5.0 (Macintosh; Intel Mac OS X 10_15_7) AppleWebKit/537.36 (KHTML, like Gecko) Chrome/130.0.0.0 Safari/537.36',
  'connection' => 'keep-alive',
  'host' => 'dev.sustens.com',
  'content-length' => '',
  'content-type' => '',
)
[ info ] [ PARAM ] array (
  'callback' => 'define',
  'controllername' => 'ldcms.document',
  'lang' => 'zh-cn',
  'v' => '1730444882',
)
[ info ] [ LANG ] /var/webstars/sustens/public/../application/admin/lang/zh-cn.php
[ info ] [ BEHAVIOR ] Run app\common\behavior\Common @module_init [ RunTime:0.000067s ]
[ info ] [ SESSION ] INIT array (
  'id' => '',
  'var_session_id' => '',
  'prefix' => 'think',
  'type' => '',
  'auto_start' => true,
)
[ info ] [ BEHAVIOR ] Run \addons\ldcms\Ldcms @config_init [ RunTime:0.000074s ]
[ info ] [ LANG ] /var/webstars/sustens/public/../application/admin/lang/zh-cn/ajax.php
[ info ] [ RUN ] app\admin\controller\Ajax->lang[ /var/webstars/sustens/application/admin/controller/Ajax.php ]
[ info ] [ LANG ] /var/webstars/sustens/public/../application/admin/lang/zh-cn/ldcms/document.php
[ info ] [ BEHAVIOR ] Run app\admin\behavior\AdminLog @app_end [ RunTime:0.000300s ]
[ info ] [ LOG ] INIT File
---------------------------------------------------------------
[ 2024-11-01T15:08:02+08:00 ] 10.211.55.2 GET dev.sustens.com/MTyvDCHVOo.php/ldcms/document/index/mid/2?addtabs=1&sort=sort&order=asc&offset=0&limit=10&filter=%7B%7D&op=%7B%7D&_=1730444880462
[运行时间：0.115065s] [吞吐率：8.69req/s] [内存消耗：744.77kb] [文件加载：100]
[ info ] [ BEHAVIOR ] Run Closure @app_init [ RunTime:0.000025s ]
[ info ] [ CACHE ] INIT File
[ info ] [ DB ] INIT mysql
[ info ] [ BEHAVIOR ] Run \addons\ldcms\Ldcms @app_init [ RunTime:0.004202s ]
[ info ] [ BEHAVIOR ] Run Closure @app_init [ RunTime:0.004235s ]
[ info ] [ BEHAVIOR ] Run app\common\behavior\Common @app_init [ RunTime:0.000082s ]
[ info ] [ LANG ] /var/webstars/sustens/thinkphp/lang/zh-cn.php
[ info ] [ BEHAVIOR ] Run app\common\behavior\Common @app_dispatch [ RunTime:0.000021s ]
[ info ] [ ROUTE ] array (
  'type' => 'module',
  'module' => 
  array (
    0 => 'admin',
    1 => 'ldcms.document',
    2 => 'index',
  ),
)
[ info ] [ HEADER ] array (
  'cookie' => 'thinkphp_show_page_trace=0|0; thinkphp_show_page_trace=0|0; thinkphp_show_page_trace=0|0; thinkphp_show_page_trace=0|0; uid=2; token=50446b79-6f1c-4eb2-9abc-2c19eb7a9159; thinkphp_show_page_trace=0|0; frontend_language=en; PHPSESSID=ofs8tivbb8gaklm4f5h75u50sf; keeplogin=1%7C86400%7C1730530545%7Ca1c676c2c4614b5c12311180e43af5dd; backend_language=en',
  'accept-language' => 'zh-CN,zh;q=0.9,en;q=0.8',
  'accept-encoding' => 'gzip, deflate',
  'content-type' => 'application/json',
  'accept' => 'application/json, text/javascript, */*; q=0.01',
  'user-agent' => 'Mozilla/5.0 (Macintosh; Intel Mac OS X 10_15_7) AppleWebKit/537.36 (KHTML, like Gecko) Chrome/130.0.0.0 Safari/537.36',
  'x-requested-with' => 'XMLHttpRequest',
  'connection' => 'keep-alive',
  'host' => 'dev.sustens.com',
  'content-length' => '',
)
[ info ] [ PARAM ] array (
  'addtabs' => '1',
  'sort' => 'sort',
  'order' => 'asc',
  'offset' => '0',
  'limit' => '10',
  'filter' => '{}',
  'op' => '{}',
  '_' => '1730444880462',
  'mid' => '2',
)
[ info ] [ LANG ] /var/webstars/sustens/public/../application/admin/lang/zh-cn.php
[ info ] [ BEHAVIOR ] Run app\common\behavior\Common @module_init [ RunTime:0.000082s ]
[ info ] [ SESSION ] INIT array (
  'id' => '',
  'var_session_id' => '',
  'prefix' => 'think',
  'type' => '',
  'auto_start' => true,
)
[ info ] [ BEHAVIOR ] Run \addons\ldcms\Ldcms @config_init [ RunTime:0.000040s ]
[ info ] [ LANG ] /var/webstars/sustens/public/../application/admin/lang/zh-cn/ldcms/document.php
[ info ] [ RUN ] app\admin\controller\ldcms\Document->index[ /var/webstars/sustens/application/admin/controller/ldcms/Document.php ]
[ info ] [ BEHAVIOR ] Run app\admin\behavior\AdminLog @app_end [ RunTime:0.000066s ]
[ info ] [ LOG ] INIT File
---------------------------------------------------------------
[ 2024-11-01T15:17:32+08:00 ] 10.211.55.2 GET dev.sustens.com/addons/ldcms/api.dimension/lists
[运行时间：0.347665s] [吞吐率：2.88req/s] [内存消耗：814.94kb] [文件加载：178]
[ info ] [ BEHAVIOR ] Run Closure @app_init [ RunTime:0.000022s ]
[ info ] [ CACHE ] INIT File
[ info ] [ DB ] INIT mysql
[ info ] [ BEHAVIOR ] Run \addons\ldcms\Ldcms @app_init [ RunTime:0.024049s ]
[ info ] [ BEHAVIOR ] Run Closure @app_init [ RunTime:0.024072s ]
[ info ] [ BEHAVIOR ] Run app\common\behavior\Common @app_init [ RunTime:0.001852s ]
[ info ] [ LANG ] /var/webstars/sustens/thinkphp/lang/zh-cn.php
[ info ] [ BEHAVIOR ] Run app\common\behavior\Common @app_dispatch [ RunTime:0.000036s ]
[ info ] [ ROUTE ] array (
  'type' => 'method',
  'method' => 
  array (
    0 => '\\think\\addons\\Route',
    1 => 'execute',
  ),
  'var' => 
  array (
  ),
)
[ info ] [ HEADER ] array (
  'cookie' => 'thinkphp_show_page_trace=0|0; uid=2; token=50446b79-6f1c-4eb2-9abc-2c19eb7a9159; thinkphp_show_page_trace=0|0; frontend_language=en; PHPSESSID=ofs8tivbb8gaklm4f5h75u50sf; keeplogin=1%7C86400%7C1730530545%7Ca1c676c2c4614b5c12311180e43af5dd; backend_language=en',
  'accept-language' => 'zh-CN,zh;q=0.9,en;q=0.8',
  'accept-encoding' => 'gzip, deflate',
  'accept' => 'text/html,application/xhtml+xml,application/xml;q=0.9,image/avif,image/webp,image/apng,*/*;q=0.8,application/signed-exchange;v=b3;q=0.7',
  'user-agent' => 'Mozilla/5.0 (Macintosh; Intel Mac OS X 10_15_7) AppleWebKit/537.36 (KHTML, like Gecko) Chrome/130.0.0.0 Safari/537.36',
  'upgrade-insecure-requests' => '1',
  'cache-control' => 'max-age=0',
  'connection' => 'keep-alive',
  'host' => 'dev.sustens.com',
  'content-length' => '',
  'content-type' => '',
)
[ info ] [ PARAM ] array (
  'addon' => 'ldcms',
  'controller' => 'api.dimension',
  'action' => 'lists',
)
[ info ] [ RUN ] think\addons\Route->execute[ /var/webstars/sustens/vendor/karsonzhang/fastadmin-addons/src/addons/Route.php ]
[ info ] [ LANG ] /var/webstars/sustens/public/../application/common/lang/zh-cn/addon.php
[ info ] [ BEHAVIOR ] Run app\common\behavior\Common @addon_begin [ RunTime:0.007899s ]
[ info ] [ TOKEN ] INIT Mysql
[ info ] [ LANG ] /var/webstars/sustens//addons/ldcms/lang/zh-cn.php
[ info ] [ LOG ] INIT File
[ error ] [2]Undefined array key "cid"[/var/webstars/sustens/addons/ldcms/model/Document.php:134]
[ error ] [2]Undefined array key "mid"[/var/webstars/sustens/addons/ldcms/model/Document.php:135]
[ error ] [2]Undefined array key "filterWhere"[/var/webstars/sustens/addons/ldcms/model/Document.php:137]
[ error ] [2]Undefined array key "_where"[/var/webstars/sustens/addons/ldcms/model/Document.php:138]
[ error ] [2]Undefined array key "page"[/var/webstars/sustens/addons/ldcms/model/Document.php:140]
[ error ] [2]Undefined array key "simple"[/var/webstars/sustens/addons/ldcms/model/Document.php:141]
[ error ] [2]Undefined array key "mid"[/var/webstars/sustens/addons/ldcms/model/Document.php:176]
---------------------------------------------------------------
[ 2024-11-01T15:22:20+08:00 ] 10.211.55.2 GET dev.sustens.com/addons/ldcms/api.dimension/lists
[运行时间：0.485390s] [吞吐率：2.06req/s] [内存消耗：757.83kb] [文件加载：182]
[ info ] [ BEHAVIOR ] Run Closure @app_init [ RunTime:0.000032s ]
[ info ] [ CACHE ] INIT File
[ info ] [ DB ] INIT mysql
[ info ] [ BEHAVIOR ] Run \addons\ldcms\Ldcms @app_init [ RunTime:0.026273s ]
[ info ] [ BEHAVIOR ] Run Closure @app_init [ RunTime:0.026303s ]
[ info ] [ BEHAVIOR ] Run app\common\behavior\Common @app_init [ RunTime:0.002818s ]
[ info ] [ LANG ] /var/webstars/sustens/thinkphp/lang/zh-cn.php
[ info ] [ BEHAVIOR ] Run app\common\behavior\Common @app_dispatch [ RunTime:0.000039s ]
[ info ] [ ROUTE ] array (
  'type' => 'method',
  'method' => 
  array (
    0 => '\\think\\addons\\Route',
    1 => 'execute',
  ),
  'var' => 
  array (
  ),
)
[ info ] [ HEADER ] array (
  'cookie' => 'thinkphp_show_page_trace=0|0; uid=2; token=50446b79-6f1c-4eb2-9abc-2c19eb7a9159; thinkphp_show_page_trace=0|0; frontend_language=en; PHPSESSID=ofs8tivbb8gaklm4f5h75u50sf; keeplogin=1%7C86400%7C1730530545%7Ca1c676c2c4614b5c12311180e43af5dd; backend_language=en',
  'accept-language' => 'zh-CN,zh;q=0.9,en;q=0.8',
  'accept-encoding' => 'gzip, deflate',
  'accept' => 'text/html,application/xhtml+xml,application/xml;q=0.9,image/avif,image/webp,image/apng,*/*;q=0.8,application/signed-exchange;v=b3;q=0.7',
  'user-agent' => 'Mozilla/5.0 (Macintosh; Intel Mac OS X 10_15_7) AppleWebKit/537.36 (KHTML, like Gecko) Chrome/130.0.0.0 Safari/537.36',
  'upgrade-insecure-requests' => '1',
  'cache-control' => 'max-age=0',
  'connection' => 'keep-alive',
  'host' => 'dev.sustens.com',
  'content-length' => '',
  'content-type' => '',
)
[ info ] [ PARAM ] array (
  'addon' => 'ldcms',
  'controller' => 'api.dimension',
  'action' => 'lists',
)
[ info ] [ RUN ] think\addons\Route->execute[ /var/webstars/sustens/vendor/karsonzhang/fastadmin-addons/src/addons/Route.php ]
[ info ] [ LANG ] /var/webstars/sustens/public/../application/common/lang/zh-cn/addon.php
[ info ] [ BEHAVIOR ] Run app\common\behavior\Common @addon_begin [ RunTime:0.004352s ]
[ info ] [ TOKEN ] INIT Mysql
[ info ] [ LANG ] /var/webstars/sustens//addons/ldcms/lang/zh-cn.php
[ info ] [ LOG ] INIT File
[ error ] [2]Undefined array key "cid"[/var/webstars/sustens/addons/ldcms/model/Document.php:134]
[ error ] [2]Undefined array key "mid"[/var/webstars/sustens/addons/ldcms/model/Document.php:135]
[ error ] [2]Undefined array key "filterWhere"[/var/webstars/sustens/addons/ldcms/model/Document.php:137]
[ error ] [2]Undefined array key "_where"[/var/webstars/sustens/addons/ldcms/model/Document.php:138]
[ error ] [2]Undefined array key "simple"[/var/webstars/sustens/addons/ldcms/model/Document.php:141]
[ error ] [2]Undefined array key "mid"[/var/webstars/sustens/addons/ldcms/model/Document.php:176]
---------------------------------------------------------------
[ 2024-11-01T15:23:13+08:00 ] 10.211.55.2 GET dev.sustens.com/addons/ldcms/api.dimension/lists
[运行时间：0.117123s] [吞吐率：8.54req/s] [内存消耗：757.83kb] [文件加载：182]
[ info ] [ BEHAVIOR ] Run Closure @app_init [ RunTime:0.000020s ]
[ info ] [ CACHE ] INIT File
[ info ] [ DB ] INIT mysql
[ info ] [ BEHAVIOR ] Run \addons\ldcms\Ldcms @app_init [ RunTime:0.035388s ]
[ info ] [ BEHAVIOR ] Run Closure @app_init [ RunTime:0.035442s ]
[ info ] [ BEHAVIOR ] Run app\common\behavior\Common @app_init [ RunTime:0.000201s ]
[ info ] [ LANG ] /var/webstars/sustens/thinkphp/lang/zh-cn.php
[ info ] [ BEHAVIOR ] Run app\common\behavior\Common @app_dispatch [ RunTime:0.000035s ]
[ info ] [ ROUTE ] array (
  'type' => 'method',
  'method' => 
  array (
    0 => '\\think\\addons\\Route',
    1 => 'execute',
  ),
  'var' => 
  array (
  ),
)
[ info ] [ HEADER ] array (
  'cookie' => 'thinkphp_show_page_trace=0|0; uid=2; token=50446b79-6f1c-4eb2-9abc-2c19eb7a9159; thinkphp_show_page_trace=0|0; frontend_language=en; PHPSESSID=ofs8tivbb8gaklm4f5h75u50sf; keeplogin=1%7C86400%7C1730530545%7Ca1c676c2c4614b5c12311180e43af5dd; backend_language=en',
  'accept-language' => 'zh-CN,zh;q=0.9,en;q=0.8',
  'accept-encoding' => 'gzip, deflate',
  'accept' => 'text/html,application/xhtml+xml,application/xml;q=0.9,image/avif,image/webp,image/apng,*/*;q=0.8,application/signed-exchange;v=b3;q=0.7',
  'user-agent' => 'Mozilla/5.0 (Macintosh; Intel Mac OS X 10_15_7) AppleWebKit/537.36 (KHTML, like Gecko) Chrome/130.0.0.0 Safari/537.36',
  'upgrade-insecure-requests' => '1',
  'cache-control' => 'max-age=0',
  'connection' => 'keep-alive',
  'host' => 'dev.sustens.com',
  'content-length' => '',
  'content-type' => '',
)
[ info ] [ PARAM ] array (
  'addon' => 'ldcms',
  'controller' => 'api.dimension',
  'action' => 'lists',
)
[ info ] [ RUN ] think\addons\Route->execute[ /var/webstars/sustens/vendor/karsonzhang/fastadmin-addons/src/addons/Route.php ]
[ info ] [ LANG ] /var/webstars/sustens/public/../application/common/lang/zh-cn/addon.php
[ info ] [ BEHAVIOR ] Run app\common\behavior\Common @addon_begin [ RunTime:0.000214s ]
[ info ] [ TOKEN ] INIT Mysql
[ info ] [ LANG ] /var/webstars/sustens//addons/ldcms/lang/zh-cn.php
[ info ] [ LOG ] INIT File
[ error ] [2]Undefined array key "cid"[/var/webstars/sustens/addons/ldcms/model/Document.php:134]
[ error ] [2]Undefined array key "mid"[/var/webstars/sustens/addons/ldcms/model/Document.php:135]
[ error ] [2]Undefined array key "filterWhere"[/var/webstars/sustens/addons/ldcms/model/Document.php:137]
[ error ] [2]Undefined array key "_where"[/var/webstars/sustens/addons/ldcms/model/Document.php:138]
[ error ] [2]Undefined array key "simple"[/var/webstars/sustens/addons/ldcms/model/Document.php:141]
[ error ] [2]Undefined array key "mid"[/var/webstars/sustens/addons/ldcms/model/Document.php:176]
---------------------------------------------------------------
[ 2024-11-01T15:24:40+08:00 ] 10.211.55.2 GET dev.sustens.com/addons/ldcms/api.dimension/lists
[运行时间：0.487182s] [吞吐率：2.05req/s] [内存消耗：756.52kb] [文件加载：181]
[ info ] [ BEHAVIOR ] Run Closure @app_init [ RunTime:0.000027s ]
[ info ] [ CACHE ] INIT File
[ info ] [ DB ] INIT mysql
[ info ] [ BEHAVIOR ] Run \addons\ldcms\Ldcms @app_init [ RunTime:0.086095s ]
[ info ] [ BEHAVIOR ] Run Closure @app_init [ RunTime:0.086209s ]
[ info ] [ BEHAVIOR ] Run app\common\behavior\Common @app_init [ RunTime:0.006246s ]
[ info ] [ LANG ] /var/webstars/sustens/thinkphp/lang/zh-cn.php
[ info ] [ BEHAVIOR ] Run app\common\behavior\Common @app_dispatch [ RunTime:0.000041s ]
[ info ] [ ROUTE ] array (
  'type' => 'method',
  'method' => 
  array (
    0 => '\\think\\addons\\Route',
    1 => 'execute',
  ),
  'var' => 
  array (
  ),
)
[ info ] [ HEADER ] array (
  'cookie' => 'thinkphp_show_page_trace=0|0; uid=2; token=50446b79-6f1c-4eb2-9abc-2c19eb7a9159; thinkphp_show_page_trace=0|0; frontend_language=en; PHPSESSID=ofs8tivbb8gaklm4f5h75u50sf; keeplogin=1%7C86400%7C1730530545%7Ca1c676c2c4614b5c12311180e43af5dd; backend_language=en',
  'accept-language' => 'zh-CN,zh;q=0.9,en;q=0.8',
  'accept-encoding' => 'gzip, deflate',
  'accept' => 'text/html,application/xhtml+xml,application/xml;q=0.9,image/avif,image/webp,image/apng,*/*;q=0.8,application/signed-exchange;v=b3;q=0.7',
  'user-agent' => 'Mozilla/5.0 (Macintosh; Intel Mac OS X 10_15_7) AppleWebKit/537.36 (KHTML, like Gecko) Chrome/130.0.0.0 Safari/537.36',
  'upgrade-insecure-requests' => '1',
  'cache-control' => 'max-age=0',
  'connection' => 'keep-alive',
  'host' => 'dev.sustens.com',
  'content-length' => '',
  'content-type' => '',
)
[ info ] [ PARAM ] array (
  'addon' => 'ldcms',
  'controller' => 'api.dimension',
  'action' => 'lists',
)
[ info ] [ RUN ] think\addons\Route->execute[ /var/webstars/sustens/vendor/karsonzhang/fastadmin-addons/src/addons/Route.php ]
[ info ] [ LANG ] /var/webstars/sustens/public/../application/common/lang/zh-cn/addon.php
[ info ] [ BEHAVIOR ] Run app\common\behavior\Common @addon_begin [ RunTime:0.005422s ]
[ info ] [ TOKEN ] INIT Mysql
[ info ] [ LANG ] /var/webstars/sustens//addons/ldcms/lang/zh-cn.php
[ info ] [ LOG ] INIT File
[ error ] [2]Undefined array key "cid"[/var/webstars/sustens/addons/ldcms/model/Document.php:134]
[ error ] [2]Undefined array key "mid"[/var/webstars/sustens/addons/ldcms/model/Document.php:135]
[ error ] [2]Undefined array key "filterWhere"[/var/webstars/sustens/addons/ldcms/model/Document.php:137]
[ error ] [2]Undefined array key "_where"[/var/webstars/sustens/addons/ldcms/model/Document.php:138]
[ error ] [2]Undefined array key "mid"[/var/webstars/sustens/addons/ldcms/model/Document.php:176]
---------------------------------------------------------------
[ 2024-11-01T15:25:00+08:00 ] 10.211.55.2 GET dev.sustens.com/addons/ldcms/api.dimension/lists
[运行时间：0.100228s] [吞吐率：9.98req/s] [内存消耗：756.52kb] [文件加载：181]
[ info ] [ BEHAVIOR ] Run Closure @app_init [ RunTime:0.000029s ]
[ info ] [ CACHE ] INIT File
[ info ] [ DB ] INIT mysql
[ info ] [ BEHAVIOR ] Run \addons\ldcms\Ldcms @app_init [ RunTime:0.005417s ]
[ info ] [ BEHAVIOR ] Run Closure @app_init [ RunTime:0.005544s ]
[ info ] [ BEHAVIOR ] Run app\common\behavior\Common @app_init [ RunTime:0.000399s ]
[ info ] [ LANG ] /var/webstars/sustens/thinkphp/lang/zh-cn.php
[ info ] [ BEHAVIOR ] Run app\common\behavior\Common @app_dispatch [ RunTime:0.000026s ]
[ info ] [ ROUTE ] array (
  'type' => 'method',
  'method' => 
  array (
    0 => '\\think\\addons\\Route',
    1 => 'execute',
  ),
  'var' => 
  array (
  ),
)
[ info ] [ HEADER ] array (
  'cookie' => 'thinkphp_show_page_trace=0|0; uid=2; token=50446b79-6f1c-4eb2-9abc-2c19eb7a9159; thinkphp_show_page_trace=0|0; frontend_language=en; PHPSESSID=ofs8tivbb8gaklm4f5h75u50sf; keeplogin=1%7C86400%7C1730530545%7Ca1c676c2c4614b5c12311180e43af5dd; backend_language=en',
  'accept-language' => 'zh-CN,zh;q=0.9,en;q=0.8',
  'accept-encoding' => 'gzip, deflate',
  'accept' => 'text/html,application/xhtml+xml,application/xml;q=0.9,image/avif,image/webp,image/apng,*/*;q=0.8,application/signed-exchange;v=b3;q=0.7',
  'user-agent' => 'Mozilla/5.0 (Macintosh; Intel Mac OS X 10_15_7) AppleWebKit/537.36 (KHTML, like Gecko) Chrome/130.0.0.0 Safari/537.36',
  'upgrade-insecure-requests' => '1',
  'cache-control' => 'max-age=0',
  'connection' => 'keep-alive',
  'host' => 'dev.sustens.com',
  'content-length' => '',
  'content-type' => '',
)
[ info ] [ PARAM ] array (
  'addon' => 'ldcms',
  'controller' => 'api.dimension',
  'action' => 'lists',
)
[ info ] [ RUN ] think\addons\Route->execute[ /var/webstars/sustens/vendor/karsonzhang/fastadmin-addons/src/addons/Route.php ]
[ info ] [ LANG ] /var/webstars/sustens/public/../application/common/lang/zh-cn/addon.php
[ info ] [ BEHAVIOR ] Run app\common\behavior\Common @addon_begin [ RunTime:0.000373s ]
[ info ] [ TOKEN ] INIT Mysql
[ info ] [ LANG ] /var/webstars/sustens//addons/ldcms/lang/zh-cn.php
[ info ] [ LOG ] INIT File
[ error ] [2]Undefined array key "cid"[/var/webstars/sustens/addons/ldcms/model/Document.php:134]
[ error ] [2]Undefined array key "mid"[/var/webstars/sustens/addons/ldcms/model/Document.php:135]
[ error ] [2]Undefined array key "filterWhere"[/var/webstars/sustens/addons/ldcms/model/Document.php:137]
[ error ] [2]Undefined array key "_where"[/var/webstars/sustens/addons/ldcms/model/Document.php:138]
[ error ] [2]Undefined array key "mid"[/var/webstars/sustens/addons/ldcms/model/Document.php:176]
---------------------------------------------------------------
[ 2024-11-01T15:29:36+08:00 ] 10.211.55.2 GET dev.sustens.com/addons/ldcms/api.dimension/lists
[运行时间：0.498562s] [吞吐率：2.01req/s] [内存消耗：805.55kb] [文件加载：178]
[ info ] [ BEHAVIOR ] Run Closure @app_init [ RunTime:0.000027s ]
[ info ] [ CACHE ] INIT File
[ info ] [ DB ] INIT mysql
[ info ] [ BEHAVIOR ] Run \addons\ldcms\Ldcms @app_init [ RunTime:0.023961s ]
[ info ] [ BEHAVIOR ] Run Closure @app_init [ RunTime:0.023989s ]
[ info ] [ BEHAVIOR ] Run app\common\behavior\Common @app_init [ RunTime:0.002307s ]
[ info ] [ LANG ] /var/webstars/sustens/thinkphp/lang/zh-cn.php
[ info ] [ BEHAVIOR ] Run app\common\behavior\Common @app_dispatch [ RunTime:0.000034s ]
[ info ] [ ROUTE ] array (
  'type' => 'method',
  'method' => 
  array (
    0 => '\\think\\addons\\Route',
    1 => 'execute',
  ),
  'var' => 
  array (
  ),
)
[ info ] [ HEADER ] array (
  'cookie' => 'thinkphp_show_page_trace=0|0; uid=2; token=50446b79-6f1c-4eb2-9abc-2c19eb7a9159; thinkphp_show_page_trace=0|0; frontend_language=en; PHPSESSID=ofs8tivbb8gaklm4f5h75u50sf; keeplogin=1%7C86400%7C1730530545%7Ca1c676c2c4614b5c12311180e43af5dd; backend_language=en',
  'accept-language' => 'zh-CN,zh;q=0.9,en;q=0.8',
  'accept-encoding' => 'gzip, deflate',
  'accept' => 'text/html,application/xhtml+xml,application/xml;q=0.9,image/avif,image/webp,image/apng,*/*;q=0.8,application/signed-exchange;v=b3;q=0.7',
  'user-agent' => 'Mozilla/5.0 (Macintosh; Intel Mac OS X 10_15_7) AppleWebKit/537.36 (KHTML, like Gecko) Chrome/130.0.0.0 Safari/537.36',
  'upgrade-insecure-requests' => '1',
  'cache-control' => 'max-age=0',
  'connection' => 'keep-alive',
  'host' => 'dev.sustens.com',
  'content-length' => '',
  'content-type' => '',
)
[ info ] [ PARAM ] array (
  'addon' => 'ldcms',
  'controller' => 'api.dimension',
  'action' => 'lists',
)
[ info ] [ RUN ] think\addons\Route->execute[ /var/webstars/sustens/vendor/karsonzhang/fastadmin-addons/src/addons/Route.php ]
[ info ] [ LANG ] /var/webstars/sustens/public/../application/common/lang/zh-cn/addon.php
[ info ] [ BEHAVIOR ] Run app\common\behavior\Common @addon_begin [ RunTime:0.004073s ]
[ info ] [ TOKEN ] INIT Mysql
[ info ] [ LANG ] /var/webstars/sustens//addons/ldcms/lang/zh-cn.php
[ info ] [ LOG ] INIT File
[ error ] [2]Undefined array key "cid"[/var/webstars/sustens/addons/ldcms/model/Document.php:134]
[ error ] [2]Undefined array key "mid"[/var/webstars/sustens/addons/ldcms/model/Document.php:135]
[ error ] [2]Undefined array key "filterWhere"[/var/webstars/sustens/addons/ldcms/model/Document.php:137]
[ error ] [2]Undefined array key "_where"[/var/webstars/sustens/addons/ldcms/model/Document.php:138]
[ error ] [2]Undefined array key "page"[/var/webstars/sustens/addons/ldcms/model/Document.php:140]
[ error ] [2]Undefined array key "mid"[/var/webstars/sustens/addons/ldcms/model/Document.php:176]
---------------------------------------------------------------
[ 2024-11-01T15:29:56+08:00 ] 10.211.55.2 GET dev.sustens.com/addons/ldcms/api.dimension/lists
[运行时间：0.069752s] [吞吐率：14.34req/s] [内存消耗：818.01kb] [文件加载：173]
[ info ] [ BEHAVIOR ] Run Closure @app_init [ RunTime:0.000017s ]
[ info ] [ CACHE ] INIT File
[ info ] [ DB ] INIT mysql
[ info ] [ BEHAVIOR ] Run \addons\ldcms\Ldcms @app_init [ RunTime:0.008776s ]
[ info ] [ BEHAVIOR ] Run Closure @app_init [ RunTime:0.008803s ]
[ info ] [ BEHAVIOR ] Run app\common\behavior\Common @app_init [ RunTime:0.000100s ]
[ info ] [ LANG ] /var/webstars/sustens/thinkphp/lang/zh-cn.php
[ info ] [ BEHAVIOR ] Run app\common\behavior\Common @app_dispatch [ RunTime:0.000032s ]
[ info ] [ ROUTE ] array (
  'type' => 'method',
  'method' => 
  array (
    0 => '\\think\\addons\\Route',
    1 => 'execute',
  ),
  'var' => 
  array (
  ),
)
[ info ] [ HEADER ] array (
  'cookie' => 'thinkphp_show_page_trace=0|0; uid=2; token=50446b79-6f1c-4eb2-9abc-2c19eb7a9159; thinkphp_show_page_trace=0|0; frontend_language=en; PHPSESSID=ofs8tivbb8gaklm4f5h75u50sf; keeplogin=1%7C86400%7C1730530545%7Ca1c676c2c4614b5c12311180e43af5dd; backend_language=en',
  'accept-language' => 'zh-CN,zh;q=0.9,en;q=0.8',
  'accept-encoding' => 'gzip, deflate',
  'accept' => 'text/html,application/xhtml+xml,application/xml;q=0.9,image/avif,image/webp,image/apng,*/*;q=0.8,application/signed-exchange;v=b3;q=0.7',
  'user-agent' => 'Mozilla/5.0 (Macintosh; Intel Mac OS X 10_15_7) AppleWebKit/537.36 (KHTML, like Gecko) Chrome/130.0.0.0 Safari/537.36',
  'upgrade-insecure-requests' => '1',
  'cache-control' => 'max-age=0',
  'connection' => 'keep-alive',
  'host' => 'dev.sustens.com',
  'content-length' => '',
  'content-type' => '',
)
[ info ] [ PARAM ] array (
  'addon' => 'ldcms',
  'controller' => 'api.dimension',
  'action' => 'lists',
)
[ info ] [ RUN ] think\addons\Route->execute[ /var/webstars/sustens/vendor/karsonzhang/fastadmin-addons/src/addons/Route.php ]
[ info ] [ LANG ] /var/webstars/sustens/public/../application/common/lang/zh-cn/addon.php
[ info ] [ BEHAVIOR ] Run app\common\behavior\Common @addon_begin [ RunTime:0.000180s ]
[ info ] [ TOKEN ] INIT Mysql
[ info ] [ LANG ] /var/webstars/sustens//addons/ldcms/lang/zh-cn.php
[ info ] [ LOG ] INIT File
[ error ] [2]Undefined array key "cid"[/var/webstars/sustens/addons/ldcms/model/Document.php:134]
[ error ] [2]Undefined array key "mid"[/var/webstars/sustens/addons/ldcms/model/Document.php:135]
[ error ] [2]Undefined array key "filterWhere"[/var/webstars/sustens/addons/ldcms/model/Document.php:137]
[ error ] [2]Undefined array key "_where"[/var/webstars/sustens/addons/ldcms/model/Document.php:138]
[ error ] [2]Undefined array key "page"[/var/webstars/sustens/addons/ldcms/model/Document.php:140]
[ error ] [2]Undefined array key "mid"[/var/webstars/sustens/addons/ldcms/model/Document.php:176]
---------------------------------------------------------------
[ 2024-11-01T15:30:36+08:00 ] 10.211.55.2 GET dev.sustens.com/addons/ldcms/api.dimension/lists
[运行时间：0.295283s] [吞吐率：3.39req/s] [内存消耗：768.98kb] [文件加载：176]
[ info ] [ BEHAVIOR ] Run Closure @app_init [ RunTime:0.000043s ]
[ info ] [ CACHE ] INIT File
[ info ] [ DB ] INIT mysql
[ info ] [ BEHAVIOR ] Run \addons\ldcms\Ldcms @app_init [ RunTime:0.060078s ]
[ info ] [ BEHAVIOR ] Run Closure @app_init [ RunTime:0.060099s ]
[ info ] [ BEHAVIOR ] Run app\common\behavior\Common @app_init [ RunTime:0.001469s ]
[ info ] [ LANG ] /var/webstars/sustens/thinkphp/lang/zh-cn.php
[ info ] [ BEHAVIOR ] Run app\common\behavior\Common @app_dispatch [ RunTime:0.000042s ]
[ info ] [ ROUTE ] array (
  'type' => 'method',
  'method' => 
  array (
    0 => '\\think\\addons\\Route',
    1 => 'execute',
  ),
  'var' => 
  array (
  ),
)
[ info ] [ HEADER ] array (
  'cookie' => 'thinkphp_show_page_trace=0|0; uid=2; token=50446b79-6f1c-4eb2-9abc-2c19eb7a9159; thinkphp_show_page_trace=0|0; frontend_language=en; PHPSESSID=ofs8tivbb8gaklm4f5h75u50sf; keeplogin=1%7C86400%7C1730530545%7Ca1c676c2c4614b5c12311180e43af5dd; backend_language=en',
  'accept-language' => 'zh-CN,zh;q=0.9,en;q=0.8',
  'accept-encoding' => 'gzip, deflate',
  'accept' => 'text/html,application/xhtml+xml,application/xml;q=0.9,image/avif,image/webp,image/apng,*/*;q=0.8,application/signed-exchange;v=b3;q=0.7',
  'user-agent' => 'Mozilla/5.0 (Macintosh; Intel Mac OS X 10_15_7) AppleWebKit/537.36 (KHTML, like Gecko) Chrome/130.0.0.0 Safari/537.36',
  'upgrade-insecure-requests' => '1',
  'cache-control' => 'max-age=0',
  'connection' => 'keep-alive',
  'host' => 'dev.sustens.com',
  'content-length' => '',
  'content-type' => '',
)
[ info ] [ PARAM ] array (
  'addon' => 'ldcms',
  'controller' => 'api.dimension',
  'action' => 'lists',
)
[ info ] [ RUN ] think\addons\Route->execute[ /var/webstars/sustens/vendor/karsonzhang/fastadmin-addons/src/addons/Route.php ]
[ info ] [ LANG ] /var/webstars/sustens/public/../application/common/lang/zh-cn/addon.php
[ info ] [ BEHAVIOR ] Run app\common\behavior\Common @addon_begin [ RunTime:0.002560s ]
[ info ] [ TOKEN ] INIT Mysql
[ info ] [ LANG ] /var/webstars/sustens//addons/ldcms/lang/zh-cn.php
[ info ] [ LOG ] INIT File
[ error ] [2]Undefined array key "cid"[/var/webstars/sustens/addons/ldcms/model/Document.php:134]
[ error ] [2]Undefined array key "mid"[/var/webstars/sustens/addons/ldcms/model/Document.php:135]
[ error ] [2]Undefined array key "filterWhere"[/var/webstars/sustens/addons/ldcms/model/Document.php:137]
[ error ] [2]Undefined array key "_where"[/var/webstars/sustens/addons/ldcms/model/Document.php:138]
[ error ] [2]Undefined array key "mid"[/var/webstars/sustens/addons/ldcms/model/Document.php:176]
---------------------------------------------------------------
[ 2024-11-01T15:34:39+08:00 ] 10.211.55.2 GET dev.sustens.com/addons/ldcms/api.dimension/lists
[运行时间：0.324358s] [吞吐率：3.08req/s] [内存消耗：769.23kb] [文件加载：176]
[ info ] [ BEHAVIOR ] Run Closure @app_init [ RunTime:0.000031s ]
[ info ] [ CACHE ] INIT File
[ info ] [ DB ] INIT mysql
[ info ] [ BEHAVIOR ] Run \addons\ldcms\Ldcms @app_init [ RunTime:0.028772s ]
[ info ] [ BEHAVIOR ] Run Closure @app_init [ RunTime:0.028795s ]
[ info ] [ BEHAVIOR ] Run app\common\behavior\Common @app_init [ RunTime:0.001790s ]
[ info ] [ LANG ] /var/webstars/sustens/thinkphp/lang/zh-cn.php
[ info ] [ BEHAVIOR ] Run app\common\behavior\Common @app_dispatch [ RunTime:0.000035s ]
[ info ] [ ROUTE ] array (
  'type' => 'method',
  'method' => 
  array (
    0 => '\\think\\addons\\Route',
    1 => 'execute',
  ),
  'var' => 
  array (
  ),
)
[ info ] [ HEADER ] array (
  'cookie' => 'thinkphp_show_page_trace=0|0; uid=2; token=50446b79-6f1c-4eb2-9abc-2c19eb7a9159; thinkphp_show_page_trace=0|0; frontend_language=en; PHPSESSID=ofs8tivbb8gaklm4f5h75u50sf; keeplogin=1%7C86400%7C1730530545%7Ca1c676c2c4614b5c12311180e43af5dd; backend_language=en',
  'accept-language' => 'zh-CN,zh;q=0.9,en;q=0.8',
  'accept-encoding' => 'gzip, deflate',
  'accept' => 'text/html,application/xhtml+xml,application/xml;q=0.9,image/avif,image/webp,image/apng,*/*;q=0.8,application/signed-exchange;v=b3;q=0.7',
  'user-agent' => 'Mozilla/5.0 (Macintosh; Intel Mac OS X 10_15_7) AppleWebKit/537.36 (KHTML, like Gecko) Chrome/130.0.0.0 Safari/537.36',
  'upgrade-insecure-requests' => '1',
  'cache-control' => 'max-age=0',
  'connection' => 'keep-alive',
  'host' => 'dev.sustens.com',
  'content-length' => '',
  'content-type' => '',
)
[ info ] [ PARAM ] array (
  'addon' => 'ldcms',
  'controller' => 'api.dimension',
  'action' => 'lists',
)
[ info ] [ RUN ] think\addons\Route->execute[ /var/webstars/sustens/vendor/karsonzhang/fastadmin-addons/src/addons/Route.php ]
[ info ] [ LANG ] /var/webstars/sustens/public/../application/common/lang/zh-cn/addon.php
[ info ] [ BEHAVIOR ] Run app\common\behavior\Common @addon_begin [ RunTime:0.008689s ]
[ info ] [ TOKEN ] INIT Mysql
[ info ] [ LANG ] /var/webstars/sustens//addons/ldcms/lang/zh-cn.php
[ info ] [ LOG ] INIT File
[ error ] [2]Undefined array key "cid"[/var/webstars/sustens/addons/ldcms/model/Document.php:134]
[ error ] [2]Undefined array key "mid"[/var/webstars/sustens/addons/ldcms/model/Document.php:135]
[ error ] [2]Undefined array key "filterWhere"[/var/webstars/sustens/addons/ldcms/model/Document.php:137]
[ error ] [2]Undefined array key "_where"[/var/webstars/sustens/addons/ldcms/model/Document.php:138]
[ error ] [2]Undefined array key "page"[/var/webstars/sustens/addons/ldcms/model/Document.php:140]
[ error ] [2]Undefined array key "mid"[/var/webstars/sustens/addons/ldcms/model/Document.php:177]
---------------------------------------------------------------
[ 2024-11-01T15:34:42+08:00 ] 10.211.55.2 GET dev.sustens.com/addons/ldcms/api.dimension/lists
[运行时间：0.077327s] [吞吐率：12.93req/s] [内存消耗：768.46kb] [文件加载：176]
[ info ] [ BEHAVIOR ] Run Closure @app_init [ RunTime:0.000025s ]
[ info ] [ CACHE ] INIT File
[ info ] [ DB ] INIT mysql
[ info ] [ BEHAVIOR ] Run \addons\ldcms\Ldcms @app_init [ RunTime:0.003956s ]
[ info ] [ BEHAVIOR ] Run Closure @app_init [ RunTime:0.003997s ]
[ info ] [ BEHAVIOR ] Run app\common\behavior\Common @app_init [ RunTime:0.000711s ]
[ info ] [ LANG ] /var/webstars/sustens/thinkphp/lang/zh-cn.php
[ info ] [ BEHAVIOR ] Run app\common\behavior\Common @app_dispatch [ RunTime:0.000086s ]
[ info ] [ ROUTE ] array (
  'type' => 'method',
  'method' => 
  array (
    0 => '\\think\\addons\\Route',
    1 => 'execute',
  ),
  'var' => 
  array (
  ),
)
[ info ] [ HEADER ] array (
  'cookie' => 'thinkphp_show_page_trace=0|0; uid=2; token=50446b79-6f1c-4eb2-9abc-2c19eb7a9159; thinkphp_show_page_trace=0|0; frontend_language=en; PHPSESSID=ofs8tivbb8gaklm4f5h75u50sf; keeplogin=1%7C86400%7C1730530545%7Ca1c676c2c4614b5c12311180e43af5dd; backend_language=en',
  'accept-language' => 'zh-CN,zh;q=0.9,en;q=0.8',
  'accept-encoding' => 'gzip, deflate',
  'accept' => 'text/html,application/xhtml+xml,application/xml;q=0.9,image/avif,image/webp,image/apng,*/*;q=0.8,application/signed-exchange;v=b3;q=0.7',
  'user-agent' => 'Mozilla/5.0 (Macintosh; Intel Mac OS X 10_15_7) AppleWebKit/537.36 (KHTML, like Gecko) Chrome/130.0.0.0 Safari/537.36',
  'upgrade-insecure-requests' => '1',
  'cache-control' => 'max-age=0',
  'connection' => 'keep-alive',
  'host' => 'dev.sustens.com',
  'content-length' => '',
  'content-type' => '',
)
[ info ] [ PARAM ] array (
  'addon' => 'ldcms',
  'controller' => 'api.dimension',
  'action' => 'lists',
)
[ info ] [ RUN ] think\addons\Route->execute[ /var/webstars/sustens/vendor/karsonzhang/fastadmin-addons/src/addons/Route.php ]
[ info ] [ LANG ] /var/webstars/sustens/public/../application/common/lang/zh-cn/addon.php
[ info ] [ BEHAVIOR ] Run app\common\behavior\Common @addon_begin [ RunTime:0.000140s ]
[ info ] [ TOKEN ] INIT Mysql
[ info ] [ LANG ] /var/webstars/sustens//addons/ldcms/lang/zh-cn.php
[ info ] [ LOG ] INIT File
[ error ] [2]Undefined array key "cid"[/var/webstars/sustens/addons/ldcms/model/Document.php:134]
[ error ] [2]Undefined array key "mid"[/var/webstars/sustens/addons/ldcms/model/Document.php:135]
[ error ] [2]Undefined array key "filterWhere"[/var/webstars/sustens/addons/ldcms/model/Document.php:137]
[ error ] [2]Undefined array key "_where"[/var/webstars/sustens/addons/ldcms/model/Document.php:138]
[ error ] [2]Undefined array key "page"[/var/webstars/sustens/addons/ldcms/model/Document.php:140]
[ error ] [2]Undefined array key "mid"[/var/webstars/sustens/addons/ldcms/model/Document.php:177]
---------------------------------------------------------------
[ 2024-11-01T15:34:43+08:00 ] 10.211.55.2 GET dev.sustens.com/addons/ldcms/api.dimension/lists
[运行时间：0.175300s] [吞吐率：5.70req/s] [内存消耗：768.46kb] [文件加载：176]
[ info ] [ BEHAVIOR ] Run Closure @app_init [ RunTime:0.000019s ]
[ info ] [ CACHE ] INIT File
[ info ] [ DB ] INIT mysql
[ info ] [ BEHAVIOR ] Run \addons\ldcms\Ldcms @app_init [ RunTime:0.004063s ]
[ info ] [ BEHAVIOR ] Run Closure @app_init [ RunTime:0.004089s ]
[ info ] [ BEHAVIOR ] Run app\common\behavior\Common @app_init [ RunTime:0.000063s ]
[ info ] [ LANG ] /var/webstars/sustens/thinkphp/lang/zh-cn.php
[ info ] [ BEHAVIOR ] Run app\common\behavior\Common @app_dispatch [ RunTime:0.000017s ]
[ info ] [ ROUTE ] array (
  'type' => 'method',
  'method' => 
  array (
    0 => '\\think\\addons\\Route',
    1 => 'execute',
  ),
  'var' => 
  array (
  ),
)
[ info ] [ HEADER ] array (
  'cookie' => 'thinkphp_show_page_trace=0|0; uid=2; token=50446b79-6f1c-4eb2-9abc-2c19eb7a9159; thinkphp_show_page_trace=0|0; frontend_language=en; PHPSESSID=ofs8tivbb8gaklm4f5h75u50sf; keeplogin=1%7C86400%7C1730530545%7Ca1c676c2c4614b5c12311180e43af5dd; backend_language=en',
  'accept-language' => 'zh-CN,zh;q=0.9,en;q=0.8',
  'accept-encoding' => 'gzip, deflate',
  'accept' => 'text/html,application/xhtml+xml,application/xml;q=0.9,image/avif,image/webp,image/apng,*/*;q=0.8,application/signed-exchange;v=b3;q=0.7',
  'user-agent' => 'Mozilla/5.0 (Macintosh; Intel Mac OS X 10_15_7) AppleWebKit/537.36 (KHTML, like Gecko) Chrome/130.0.0.0 Safari/537.36',
  'upgrade-insecure-requests' => '1',
  'cache-control' => 'max-age=0',
  'connection' => 'keep-alive',
  'host' => 'dev.sustens.com',
  'content-length' => '',
  'content-type' => '',
)
[ info ] [ PARAM ] array (
  'addon' => 'ldcms',
  'controller' => 'api.dimension',
  'action' => 'lists',
)
[ info ] [ RUN ] think\addons\Route->execute[ /var/webstars/sustens/vendor/karsonzhang/fastadmin-addons/src/addons/Route.php ]
[ info ] [ LANG ] /var/webstars/sustens/public/../application/common/lang/zh-cn/addon.php
[ info ] [ BEHAVIOR ] Run app\common\behavior\Common @addon_begin [ RunTime:0.000231s ]
[ info ] [ TOKEN ] INIT Mysql
[ info ] [ LANG ] /var/webstars/sustens//addons/ldcms/lang/zh-cn.php
[ info ] [ LOG ] INIT File
[ error ] [2]Undefined array key "cid"[/var/webstars/sustens/addons/ldcms/model/Document.php:134]
[ error ] [2]Undefined array key "mid"[/var/webstars/sustens/addons/ldcms/model/Document.php:135]
[ error ] [2]Undefined array key "filterWhere"[/var/webstars/sustens/addons/ldcms/model/Document.php:137]
[ error ] [2]Undefined array key "_where"[/var/webstars/sustens/addons/ldcms/model/Document.php:138]
[ error ] [2]Undefined array key "page"[/var/webstars/sustens/addons/ldcms/model/Document.php:140]
[ error ] [2]Undefined array key "mid"[/var/webstars/sustens/addons/ldcms/model/Document.php:177]
---------------------------------------------------------------
[ 2024-11-01T15:34:45+08:00 ] 10.211.55.2 GET dev.sustens.com/addons/ldcms/api.dimension/lists
[运行时间：0.066725s] [吞吐率：14.99req/s] [内存消耗：768.46kb] [文件加载：176]
[ info ] [ BEHAVIOR ] Run Closure @app_init [ RunTime:0.000022s ]
[ info ] [ CACHE ] INIT File
[ info ] [ DB ] INIT mysql
[ info ] [ BEHAVIOR ] Run \addons\ldcms\Ldcms @app_init [ RunTime:0.003764s ]
[ info ] [ BEHAVIOR ] Run Closure @app_init [ RunTime:0.003815s ]
[ info ] [ BEHAVIOR ] Run app\common\behavior\Common @app_init [ RunTime:0.000243s ]
[ info ] [ LANG ] /var/webstars/sustens/thinkphp/lang/zh-cn.php
[ info ] [ BEHAVIOR ] Run app\common\behavior\Common @app_dispatch [ RunTime:0.000114s ]
[ info ] [ ROUTE ] array (
  'type' => 'method',
  'method' => 
  array (
    0 => '\\think\\addons\\Route',
    1 => 'execute',
  ),
  'var' => 
  array (
  ),
)
[ info ] [ HEADER ] array (
  'cookie' => 'thinkphp_show_page_trace=0|0; uid=2; token=50446b79-6f1c-4eb2-9abc-2c19eb7a9159; thinkphp_show_page_trace=0|0; frontend_language=en; PHPSESSID=ofs8tivbb8gaklm4f5h75u50sf; keeplogin=1%7C86400%7C1730530545%7Ca1c676c2c4614b5c12311180e43af5dd; backend_language=en',
  'accept-language' => 'zh-CN,zh;q=0.9,en;q=0.8',
  'accept-encoding' => 'gzip, deflate',
  'accept' => 'text/html,application/xhtml+xml,application/xml;q=0.9,image/avif,image/webp,image/apng,*/*;q=0.8,application/signed-exchange;v=b3;q=0.7',
  'user-agent' => 'Mozilla/5.0 (Macintosh; Intel Mac OS X 10_15_7) AppleWebKit/537.36 (KHTML, like Gecko) Chrome/130.0.0.0 Safari/537.36',
  'upgrade-insecure-requests' => '1',
  'cache-control' => 'max-age=0',
  'connection' => 'keep-alive',
  'host' => 'dev.sustens.com',
  'content-length' => '',
  'content-type' => '',
)
[ info ] [ PARAM ] array (
  'addon' => 'ldcms',
  'controller' => 'api.dimension',
  'action' => 'lists',
)
[ info ] [ RUN ] think\addons\Route->execute[ /var/webstars/sustens/vendor/karsonzhang/fastadmin-addons/src/addons/Route.php ]
[ info ] [ LANG ] /var/webstars/sustens/public/../application/common/lang/zh-cn/addon.php
[ info ] [ BEHAVIOR ] Run app\common\behavior\Common @addon_begin [ RunTime:0.000212s ]
[ info ] [ TOKEN ] INIT Mysql
[ info ] [ LANG ] /var/webstars/sustens//addons/ldcms/lang/zh-cn.php
[ info ] [ LOG ] INIT File
[ error ] [2]Undefined array key "cid"[/var/webstars/sustens/addons/ldcms/model/Document.php:134]
[ error ] [2]Undefined array key "mid"[/var/webstars/sustens/addons/ldcms/model/Document.php:135]
[ error ] [2]Undefined array key "filterWhere"[/var/webstars/sustens/addons/ldcms/model/Document.php:137]
[ error ] [2]Undefined array key "_where"[/var/webstars/sustens/addons/ldcms/model/Document.php:138]
[ error ] [2]Undefined array key "page"[/var/webstars/sustens/addons/ldcms/model/Document.php:140]
[ error ] [2]Undefined array key "mid"[/var/webstars/sustens/addons/ldcms/model/Document.php:177]
---------------------------------------------------------------
[ 2024-11-01T15:34:45+08:00 ] 10.211.55.2 GET dev.sustens.com/addons/ldcms/api.dimension/lists
[运行时间：0.065496s] [吞吐率：15.27req/s] [内存消耗：768.46kb] [文件加载：176]
[ info ] [ BEHAVIOR ] Run Closure @app_init [ RunTime:0.000026s ]
[ info ] [ CACHE ] INIT File
[ info ] [ DB ] INIT mysql
[ info ] [ BEHAVIOR ] Run \addons\ldcms\Ldcms @app_init [ RunTime:0.006109s ]
[ info ] [ BEHAVIOR ] Run Closure @app_init [ RunTime:0.006133s ]
[ info ] [ BEHAVIOR ] Run app\common\behavior\Common @app_init [ RunTime:0.000060s ]
[ info ] [ LANG ] /var/webstars/sustens/thinkphp/lang/zh-cn.php
[ info ] [ BEHAVIOR ] Run app\common\behavior\Common @app_dispatch [ RunTime:0.000016s ]
[ info ] [ ROUTE ] array (
  'type' => 'method',
  'method' => 
  array (
    0 => '\\think\\addons\\Route',
    1 => 'execute',
  ),
  'var' => 
  array (
  ),
)
[ info ] [ HEADER ] array (
  'cookie' => 'thinkphp_show_page_trace=0|0; uid=2; token=50446b79-6f1c-4eb2-9abc-2c19eb7a9159; thinkphp_show_page_trace=0|0; frontend_language=en; PHPSESSID=ofs8tivbb8gaklm4f5h75u50sf; keeplogin=1%7C86400%7C1730530545%7Ca1c676c2c4614b5c12311180e43af5dd; backend_language=en',
  'accept-language' => 'zh-CN,zh;q=0.9,en;q=0.8',
  'accept-encoding' => 'gzip, deflate',
  'accept' => 'text/html,application/xhtml+xml,application/xml;q=0.9,image/avif,image/webp,image/apng,*/*;q=0.8,application/signed-exchange;v=b3;q=0.7',
  'user-agent' => 'Mozilla/5.0 (Macintosh; Intel Mac OS X 10_15_7) AppleWebKit/537.36 (KHTML, like Gecko) Chrome/130.0.0.0 Safari/537.36',
  'upgrade-insecure-requests' => '1',
  'cache-control' => 'max-age=0',
  'connection' => 'keep-alive',
  'host' => 'dev.sustens.com',
  'content-length' => '',
  'content-type' => '',
)
[ info ] [ PARAM ] array (
  'addon' => 'ldcms',
  'controller' => 'api.dimension',
  'action' => 'lists',
)
[ info ] [ RUN ] think\addons\Route->execute[ /var/webstars/sustens/vendor/karsonzhang/fastadmin-addons/src/addons/Route.php ]
[ info ] [ LANG ] /var/webstars/sustens/public/../application/common/lang/zh-cn/addon.php
[ info ] [ BEHAVIOR ] Run app\common\behavior\Common @addon_begin [ RunTime:0.000141s ]
[ info ] [ TOKEN ] INIT Mysql
[ info ] [ LANG ] /var/webstars/sustens//addons/ldcms/lang/zh-cn.php
[ info ] [ LOG ] INIT File
[ error ] [2]Undefined array key "cid"[/var/webstars/sustens/addons/ldcms/model/Document.php:134]
[ error ] [2]Undefined array key "mid"[/var/webstars/sustens/addons/ldcms/model/Document.php:135]
[ error ] [2]Undefined array key "filterWhere"[/var/webstars/sustens/addons/ldcms/model/Document.php:137]
[ error ] [2]Undefined array key "_where"[/var/webstars/sustens/addons/ldcms/model/Document.php:138]
[ error ] [2]Undefined array key "page"[/var/webstars/sustens/addons/ldcms/model/Document.php:140]
[ error ] [2]Undefined array key "mid"[/var/webstars/sustens/addons/ldcms/model/Document.php:177]
---------------------------------------------------------------
[ 2024-11-01T15:34:46+08:00 ] 10.211.55.2 GET dev.sustens.com/addons/ldcms/api.dimension/lists
[运行时间：0.074919s] [吞吐率：13.35req/s] [内存消耗：768.46kb] [文件加载：176]
[ info ] [ BEHAVIOR ] Run Closure @app_init [ RunTime:0.000027s ]
[ info ] [ CACHE ] INIT File
[ info ] [ DB ] INIT mysql
[ info ] [ BEHAVIOR ] Run \addons\ldcms\Ldcms @app_init [ RunTime:0.003195s ]
[ info ] [ BEHAVIOR ] Run Closure @app_init [ RunTime:0.003222s ]
[ info ] [ BEHAVIOR ] Run app\common\behavior\Common @app_init [ RunTime:0.000125s ]
[ info ] [ LANG ] /var/webstars/sustens/thinkphp/lang/zh-cn.php
[ info ] [ BEHAVIOR ] Run app\common\behavior\Common @app_dispatch [ RunTime:0.000024s ]
[ info ] [ ROUTE ] array (
  'type' => 'method',
  'method' => 
  array (
    0 => '\\think\\addons\\Route',
    1 => 'execute',
  ),
  'var' => 
  array (
  ),
)
[ info ] [ HEADER ] array (
  'cookie' => 'thinkphp_show_page_trace=0|0; uid=2; token=50446b79-6f1c-4eb2-9abc-2c19eb7a9159; thinkphp_show_page_trace=0|0; frontend_language=en; PHPSESSID=ofs8tivbb8gaklm4f5h75u50sf; keeplogin=1%7C86400%7C1730530545%7Ca1c676c2c4614b5c12311180e43af5dd; backend_language=en',
  'accept-language' => 'zh-CN,zh;q=0.9,en;q=0.8',
  'accept-encoding' => 'gzip, deflate',
  'accept' => 'text/html,application/xhtml+xml,application/xml;q=0.9,image/avif,image/webp,image/apng,*/*;q=0.8,application/signed-exchange;v=b3;q=0.7',
  'user-agent' => 'Mozilla/5.0 (Macintosh; Intel Mac OS X 10_15_7) AppleWebKit/537.36 (KHTML, like Gecko) Chrome/130.0.0.0 Safari/537.36',
  'upgrade-insecure-requests' => '1',
  'cache-control' => 'max-age=0',
  'connection' => 'keep-alive',
  'host' => 'dev.sustens.com',
  'content-length' => '',
  'content-type' => '',
)
[ info ] [ PARAM ] array (
  'addon' => 'ldcms',
  'controller' => 'api.dimension',
  'action' => 'lists',
)
[ info ] [ RUN ] think\addons\Route->execute[ /var/webstars/sustens/vendor/karsonzhang/fastadmin-addons/src/addons/Route.php ]
[ info ] [ LANG ] /var/webstars/sustens/public/../application/common/lang/zh-cn/addon.php
[ info ] [ BEHAVIOR ] Run app\common\behavior\Common @addon_begin [ RunTime:0.000205s ]
[ info ] [ TOKEN ] INIT Mysql
[ info ] [ LANG ] /var/webstars/sustens//addons/ldcms/lang/zh-cn.php
[ info ] [ LOG ] INIT File
[ error ] [2]Undefined array key "cid"[/var/webstars/sustens/addons/ldcms/model/Document.php:134]
[ error ] [2]Undefined array key "mid"[/var/webstars/sustens/addons/ldcms/model/Document.php:135]
[ error ] [2]Undefined array key "filterWhere"[/var/webstars/sustens/addons/ldcms/model/Document.php:137]
[ error ] [2]Undefined array key "_where"[/var/webstars/sustens/addons/ldcms/model/Document.php:138]
[ error ] [2]Undefined array key "page"[/var/webstars/sustens/addons/ldcms/model/Document.php:140]
[ error ] [2]Undefined array key "mid"[/var/webstars/sustens/addons/ldcms/model/Document.php:177]
---------------------------------------------------------------
[ 2024-11-01T15:35:02+08:00 ] 10.211.55.2 GET dev.sustens.com/addons/ldcms/api.dimension/lists
[运行时间：0.057850s] [吞吐率：17.29req/s] [内存消耗：769.23kb] [文件加载：176]
[ info ] [ BEHAVIOR ] Run Closure @app_init [ RunTime:0.000019s ]
[ info ] [ CACHE ] INIT File
[ info ] [ DB ] INIT mysql
[ info ] [ BEHAVIOR ] Run \addons\ldcms\Ldcms @app_init [ RunTime:0.003351s ]
[ info ] [ BEHAVIOR ] Run Closure @app_init [ RunTime:0.003392s ]
[ info ] [ BEHAVIOR ] Run app\common\behavior\Common @app_init [ RunTime:0.000118s ]
[ info ] [ LANG ] /var/webstars/sustens/thinkphp/lang/zh-cn.php
[ info ] [ BEHAVIOR ] Run app\common\behavior\Common @app_dispatch [ RunTime:0.000043s ]
[ info ] [ ROUTE ] array (
  'type' => 'method',
  'method' => 
  array (
    0 => '\\think\\addons\\Route',
    1 => 'execute',
  ),
  'var' => 
  array (
  ),
)
[ info ] [ HEADER ] array (
  'cookie' => 'thinkphp_show_page_trace=0|0; uid=2; token=50446b79-6f1c-4eb2-9abc-2c19eb7a9159; thinkphp_show_page_trace=0|0; frontend_language=en; PHPSESSID=ofs8tivbb8gaklm4f5h75u50sf; keeplogin=1%7C86400%7C1730530545%7Ca1c676c2c4614b5c12311180e43af5dd; backend_language=en',
  'accept-language' => 'zh-CN,zh;q=0.9,en;q=0.8',
  'accept-encoding' => 'gzip, deflate',
  'accept' => 'text/html,application/xhtml+xml,application/xml;q=0.9,image/avif,image/webp,image/apng,*/*;q=0.8,application/signed-exchange;v=b3;q=0.7',
  'user-agent' => 'Mozilla/5.0 (Macintosh; Intel Mac OS X 10_15_7) AppleWebKit/537.36 (KHTML, like Gecko) Chrome/130.0.0.0 Safari/537.36',
  'upgrade-insecure-requests' => '1',
  'cache-control' => 'max-age=0',
  'connection' => 'keep-alive',
  'host' => 'dev.sustens.com',
  'content-length' => '',
  'content-type' => '',
)
[ info ] [ PARAM ] array (
  'addon' => 'ldcms',
  'controller' => 'api.dimension',
  'action' => 'lists',
)
[ info ] [ RUN ] think\addons\Route->execute[ /var/webstars/sustens/vendor/karsonzhang/fastadmin-addons/src/addons/Route.php ]
[ info ] [ LANG ] /var/webstars/sustens/public/../application/common/lang/zh-cn/addon.php
[ info ] [ BEHAVIOR ] Run app\common\behavior\Common @addon_begin [ RunTime:0.000677s ]
[ info ] [ TOKEN ] INIT Mysql
[ info ] [ LANG ] /var/webstars/sustens//addons/ldcms/lang/zh-cn.php
[ info ] [ LOG ] INIT File
[ error ] [2]Undefined array key "cid"[/var/webstars/sustens/addons/ldcms/model/Document.php:134]
[ error ] [2]Undefined array key "mid"[/var/webstars/sustens/addons/ldcms/model/Document.php:135]
[ error ] [2]Undefined array key "filterWhere"[/var/webstars/sustens/addons/ldcms/model/Document.php:137]
[ error ] [2]Undefined array key "_where"[/var/webstars/sustens/addons/ldcms/model/Document.php:138]
[ error ] [2]Undefined array key "page"[/var/webstars/sustens/addons/ldcms/model/Document.php:140]
[ error ] [2]Undefined array key "mid"[/var/webstars/sustens/addons/ldcms/model/Document.php:177]
---------------------------------------------------------------
[ 2024-11-01T15:35:03+08:00 ] 10.211.55.2 GET dev.sustens.com/addons/ldcms/api.dimension/lists
[运行时间：0.070136s] [吞吐率：14.26req/s] [内存消耗：768.46kb] [文件加载：176]
[ info ] [ BEHAVIOR ] Run Closure @app_init [ RunTime:0.000020s ]
[ info ] [ CACHE ] INIT File
[ info ] [ DB ] INIT mysql
[ info ] [ BEHAVIOR ] Run \addons\ldcms\Ldcms @app_init [ RunTime:0.009740s ]
[ info ] [ BEHAVIOR ] Run Closure @app_init [ RunTime:0.009772s ]
[ info ] [ BEHAVIOR ] Run app\common\behavior\Common @app_init [ RunTime:0.000154s ]
[ info ] [ LANG ] /var/webstars/sustens/thinkphp/lang/zh-cn.php
[ info ] [ BEHAVIOR ] Run app\common\behavior\Common @app_dispatch [ RunTime:0.000033s ]
[ info ] [ ROUTE ] array (
  'type' => 'method',
  'method' => 
  array (
    0 => '\\think\\addons\\Route',
    1 => 'execute',
  ),
  'var' => 
  array (
  ),
)
[ info ] [ HEADER ] array (
  'cookie' => 'thinkphp_show_page_trace=0|0; uid=2; token=50446b79-6f1c-4eb2-9abc-2c19eb7a9159; thinkphp_show_page_trace=0|0; frontend_language=en; PHPSESSID=ofs8tivbb8gaklm4f5h75u50sf; keeplogin=1%7C86400%7C1730530545%7Ca1c676c2c4614b5c12311180e43af5dd; backend_language=en',
  'accept-language' => 'zh-CN,zh;q=0.9,en;q=0.8',
  'accept-encoding' => 'gzip, deflate',
  'accept' => 'text/html,application/xhtml+xml,application/xml;q=0.9,image/avif,image/webp,image/apng,*/*;q=0.8,application/signed-exchange;v=b3;q=0.7',
  'user-agent' => 'Mozilla/5.0 (Macintosh; Intel Mac OS X 10_15_7) AppleWebKit/537.36 (KHTML, like Gecko) Chrome/130.0.0.0 Safari/537.36',
  'upgrade-insecure-requests' => '1',
  'cache-control' => 'max-age=0',
  'connection' => 'keep-alive',
  'host' => 'dev.sustens.com',
  'content-length' => '',
  'content-type' => '',
)
[ info ] [ PARAM ] array (
  'addon' => 'ldcms',
  'controller' => 'api.dimension',
  'action' => 'lists',
)
[ info ] [ RUN ] think\addons\Route->execute[ /var/webstars/sustens/vendor/karsonzhang/fastadmin-addons/src/addons/Route.php ]
[ info ] [ LANG ] /var/webstars/sustens/public/../application/common/lang/zh-cn/addon.php
[ info ] [ BEHAVIOR ] Run app\common\behavior\Common @addon_begin [ RunTime:0.000161s ]
[ info ] [ TOKEN ] INIT Mysql
[ info ] [ LANG ] /var/webstars/sustens//addons/ldcms/lang/zh-cn.php
[ info ] [ LOG ] INIT File
[ error ] [2]Undefined array key "cid"[/var/webstars/sustens/addons/ldcms/model/Document.php:134]
[ error ] [2]Undefined array key "mid"[/var/webstars/sustens/addons/ldcms/model/Document.php:135]
[ error ] [2]Undefined array key "filterWhere"[/var/webstars/sustens/addons/ldcms/model/Document.php:137]
[ error ] [2]Undefined array key "_where"[/var/webstars/sustens/addons/ldcms/model/Document.php:138]
[ error ] [2]Undefined array key "page"[/var/webstars/sustens/addons/ldcms/model/Document.php:140]
[ error ] [2]Undefined array key "mid"[/var/webstars/sustens/addons/ldcms/model/Document.php:177]
---------------------------------------------------------------
[ 2024-11-01T15:35:04+08:00 ] 10.211.55.2 GET dev.sustens.com/addons/ldcms/api.dimension/lists
[运行时间：0.054409s] [吞吐率：18.38req/s] [内存消耗：768.46kb] [文件加载：176]
[ info ] [ BEHAVIOR ] Run Closure @app_init [ RunTime:0.000018s ]
[ info ] [ CACHE ] INIT File
[ info ] [ DB ] INIT mysql
[ info ] [ BEHAVIOR ] Run \addons\ldcms\Ldcms @app_init [ RunTime:0.009324s ]
[ info ] [ BEHAVIOR ] Run Closure @app_init [ RunTime:0.009364s ]
[ info ] [ BEHAVIOR ] Run app\common\behavior\Common @app_init [ RunTime:0.000119s ]
[ info ] [ LANG ] /var/webstars/sustens/thinkphp/lang/zh-cn.php
[ info ] [ BEHAVIOR ] Run app\common\behavior\Common @app_dispatch [ RunTime:0.000046s ]
[ info ] [ ROUTE ] array (
  'type' => 'method',
  'method' => 
  array (
    0 => '\\think\\addons\\Route',
    1 => 'execute',
  ),
  'var' => 
  array (
  ),
)
[ info ] [ HEADER ] array (
  'cookie' => 'thinkphp_show_page_trace=0|0; uid=2; token=50446b79-6f1c-4eb2-9abc-2c19eb7a9159; thinkphp_show_page_trace=0|0; frontend_language=en; PHPSESSID=ofs8tivbb8gaklm4f5h75u50sf; keeplogin=1%7C86400%7C1730530545%7Ca1c676c2c4614b5c12311180e43af5dd; backend_language=en',
  'accept-language' => 'zh-CN,zh;q=0.9,en;q=0.8',
  'accept-encoding' => 'gzip, deflate',
  'accept' => 'text/html,application/xhtml+xml,application/xml;q=0.9,image/avif,image/webp,image/apng,*/*;q=0.8,application/signed-exchange;v=b3;q=0.7',
  'user-agent' => 'Mozilla/5.0 (Macintosh; Intel Mac OS X 10_15_7) AppleWebKit/537.36 (KHTML, like Gecko) Chrome/130.0.0.0 Safari/537.36',
  'upgrade-insecure-requests' => '1',
  'cache-control' => 'max-age=0',
  'connection' => 'keep-alive',
  'host' => 'dev.sustens.com',
  'content-length' => '',
  'content-type' => '',
)
[ info ] [ PARAM ] array (
  'addon' => 'ldcms',
  'controller' => 'api.dimension',
  'action' => 'lists',
)
[ info ] [ RUN ] think\addons\Route->execute[ /var/webstars/sustens/vendor/karsonzhang/fastadmin-addons/src/addons/Route.php ]
[ info ] [ LANG ] /var/webstars/sustens/public/../application/common/lang/zh-cn/addon.php
[ info ] [ BEHAVIOR ] Run app\common\behavior\Common @addon_begin [ RunTime:0.000234s ]
[ info ] [ TOKEN ] INIT Mysql
[ info ] [ LANG ] /var/webstars/sustens//addons/ldcms/lang/zh-cn.php
[ info ] [ LOG ] INIT File
[ error ] [2]Undefined array key "cid"[/var/webstars/sustens/addons/ldcms/model/Document.php:134]
[ error ] [2]Undefined array key "mid"[/var/webstars/sustens/addons/ldcms/model/Document.php:135]
[ error ] [2]Undefined array key "filterWhere"[/var/webstars/sustens/addons/ldcms/model/Document.php:137]
[ error ] [2]Undefined array key "_where"[/var/webstars/sustens/addons/ldcms/model/Document.php:138]
[ error ] [2]Undefined array key "page"[/var/webstars/sustens/addons/ldcms/model/Document.php:140]
[ error ] [2]Undefined array key "mid"[/var/webstars/sustens/addons/ldcms/model/Document.php:177]
---------------------------------------------------------------
[ 2024-11-01T15:35:05+08:00 ] 10.211.55.2 GET dev.sustens.com/addons/ldcms/api.dimension/lists
[运行时间：0.057619s] [吞吐率：17.36req/s] [内存消耗：768.46kb] [文件加载：176]
[ info ] [ BEHAVIOR ] Run Closure @app_init [ RunTime:0.000018s ]
[ info ] [ CACHE ] INIT File
[ info ] [ DB ] INIT mysql
[ info ] [ BEHAVIOR ] Run \addons\ldcms\Ldcms @app_init [ RunTime:0.002332s ]
[ info ] [ BEHAVIOR ] Run Closure @app_init [ RunTime:0.002368s ]
[ info ] [ BEHAVIOR ] Run app\common\behavior\Common @app_init [ RunTime:0.000088s ]
[ info ] [ LANG ] /var/webstars/sustens/thinkphp/lang/zh-cn.php
[ info ] [ BEHAVIOR ] Run app\common\behavior\Common @app_dispatch [ RunTime:0.000092s ]
[ info ] [ ROUTE ] array (
  'type' => 'method',
  'method' => 
  array (
    0 => '\\think\\addons\\Route',
    1 => 'execute',
  ),
  'var' => 
  array (
  ),
)
[ info ] [ HEADER ] array (
  'cookie' => 'thinkphp_show_page_trace=0|0; uid=2; token=50446b79-6f1c-4eb2-9abc-2c19eb7a9159; thinkphp_show_page_trace=0|0; frontend_language=en; PHPSESSID=ofs8tivbb8gaklm4f5h75u50sf; keeplogin=1%7C86400%7C1730530545%7Ca1c676c2c4614b5c12311180e43af5dd; backend_language=en',
  'accept-language' => 'zh-CN,zh;q=0.9,en;q=0.8',
  'accept-encoding' => 'gzip, deflate',
  'accept' => 'text/html,application/xhtml+xml,application/xml;q=0.9,image/avif,image/webp,image/apng,*/*;q=0.8,application/signed-exchange;v=b3;q=0.7',
  'user-agent' => 'Mozilla/5.0 (Macintosh; Intel Mac OS X 10_15_7) AppleWebKit/537.36 (KHTML, like Gecko) Chrome/130.0.0.0 Safari/537.36',
  'upgrade-insecure-requests' => '1',
  'cache-control' => 'max-age=0',
  'connection' => 'keep-alive',
  'host' => 'dev.sustens.com',
  'content-length' => '',
  'content-type' => '',
)
[ info ] [ PARAM ] array (
  'addon' => 'ldcms',
  'controller' => 'api.dimension',
  'action' => 'lists',
)
[ info ] [ RUN ] think\addons\Route->execute[ /var/webstars/sustens/vendor/karsonzhang/fastadmin-addons/src/addons/Route.php ]
[ info ] [ LANG ] /var/webstars/sustens/public/../application/common/lang/zh-cn/addon.php
[ info ] [ BEHAVIOR ] Run app\common\behavior\Common @addon_begin [ RunTime:0.000137s ]
[ info ] [ TOKEN ] INIT Mysql
[ info ] [ LANG ] /var/webstars/sustens//addons/ldcms/lang/zh-cn.php
[ info ] [ LOG ] INIT File
[ error ] [2]Undefined array key "cid"[/var/webstars/sustens/addons/ldcms/model/Document.php:134]
[ error ] [2]Undefined array key "mid"[/var/webstars/sustens/addons/ldcms/model/Document.php:135]
[ error ] [2]Undefined array key "filterWhere"[/var/webstars/sustens/addons/ldcms/model/Document.php:137]
[ error ] [2]Undefined array key "_where"[/var/webstars/sustens/addons/ldcms/model/Document.php:138]
[ error ] [2]Undefined array key "page"[/var/webstars/sustens/addons/ldcms/model/Document.php:140]
[ error ] [2]Undefined array key "mid"[/var/webstars/sustens/addons/ldcms/model/Document.php:177]
---------------------------------------------------------------
[ 2024-11-01T15:35:05+08:00 ] 10.211.55.2 GET dev.sustens.com/addons/ldcms/api.dimension/lists
[运行时间：0.086344s] [吞吐率：11.58req/s] [内存消耗：768.46kb] [文件加载：176]
[ info ] [ BEHAVIOR ] Run Closure @app_init [ RunTime:0.000051s ]
[ info ] [ CACHE ] INIT File
[ info ] [ DB ] INIT mysql
[ info ] [ BEHAVIOR ] Run \addons\ldcms\Ldcms @app_init [ RunTime:0.006250s ]
[ info ] [ BEHAVIOR ] Run Closure @app_init [ RunTime:0.006360s ]
[ info ] [ BEHAVIOR ] Run app\common\behavior\Common @app_init [ RunTime:0.000097s ]
[ info ] [ LANG ] /var/webstars/sustens/thinkphp/lang/zh-cn.php
[ info ] [ BEHAVIOR ] Run app\common\behavior\Common @app_dispatch [ RunTime:0.000030s ]
[ info ] [ ROUTE ] array (
  'type' => 'method',
  'method' => 
  array (
    0 => '\\think\\addons\\Route',
    1 => 'execute',
  ),
  'var' => 
  array (
  ),
)
[ info ] [ HEADER ] array (
  'cookie' => 'thinkphp_show_page_trace=0|0; uid=2; token=50446b79-6f1c-4eb2-9abc-2c19eb7a9159; thinkphp_show_page_trace=0|0; frontend_language=en; PHPSESSID=ofs8tivbb8gaklm4f5h75u50sf; keeplogin=1%7C86400%7C1730530545%7Ca1c676c2c4614b5c12311180e43af5dd; backend_language=en',
  'accept-language' => 'zh-CN,zh;q=0.9,en;q=0.8',
  'accept-encoding' => 'gzip, deflate',
  'accept' => 'text/html,application/xhtml+xml,application/xml;q=0.9,image/avif,image/webp,image/apng,*/*;q=0.8,application/signed-exchange;v=b3;q=0.7',
  'user-agent' => 'Mozilla/5.0 (Macintosh; Intel Mac OS X 10_15_7) AppleWebKit/537.36 (KHTML, like Gecko) Chrome/130.0.0.0 Safari/537.36',
  'upgrade-insecure-requests' => '1',
  'cache-control' => 'max-age=0',
  'connection' => 'keep-alive',
  'host' => 'dev.sustens.com',
  'content-length' => '',
  'content-type' => '',
)
[ info ] [ PARAM ] array (
  'addon' => 'ldcms',
  'controller' => 'api.dimension',
  'action' => 'lists',
)
[ info ] [ RUN ] think\addons\Route->execute[ /var/webstars/sustens/vendor/karsonzhang/fastadmin-addons/src/addons/Route.php ]
[ info ] [ LANG ] /var/webstars/sustens/public/../application/common/lang/zh-cn/addon.php
[ info ] [ BEHAVIOR ] Run app\common\behavior\Common @addon_begin [ RunTime:0.000692s ]
[ info ] [ TOKEN ] INIT Mysql
[ info ] [ LANG ] /var/webstars/sustens//addons/ldcms/lang/zh-cn.php
[ info ] [ LOG ] INIT File
[ error ] [2]Undefined array key "cid"[/var/webstars/sustens/addons/ldcms/model/Document.php:134]
[ error ] [2]Undefined array key "mid"[/var/webstars/sustens/addons/ldcms/model/Document.php:135]
[ error ] [2]Undefined array key "filterWhere"[/var/webstars/sustens/addons/ldcms/model/Document.php:137]
[ error ] [2]Undefined array key "_where"[/var/webstars/sustens/addons/ldcms/model/Document.php:138]
[ error ] [2]Undefined array key "page"[/var/webstars/sustens/addons/ldcms/model/Document.php:140]
[ error ] [2]Undefined array key "mid"[/var/webstars/sustens/addons/ldcms/model/Document.php:177]
---------------------------------------------------------------
[ 2024-11-01T15:35:05+08:00 ] 10.211.55.2 GET dev.sustens.com/addons/ldcms/api.dimension/lists
[运行时间：0.092140s] [吞吐率：10.85req/s] [内存消耗：768.46kb] [文件加载：176]
[ info ] [ BEHAVIOR ] Run Closure @app_init [ RunTime:0.000144s ]
[ info ] [ CACHE ] INIT File
[ info ] [ DB ] INIT mysql
[ info ] [ BEHAVIOR ] Run \addons\ldcms\Ldcms @app_init [ RunTime:0.005132s ]
[ info ] [ BEHAVIOR ] Run Closure @app_init [ RunTime:0.005165s ]
[ info ] [ BEHAVIOR ] Run app\common\behavior\Common @app_init [ RunTime:0.000081s ]
[ info ] [ LANG ] /var/webstars/sustens/thinkphp/lang/zh-cn.php
[ info ] [ BEHAVIOR ] Run app\common\behavior\Common @app_dispatch [ RunTime:0.000023s ]
[ info ] [ ROUTE ] array (
  'type' => 'method',
  'method' => 
  array (
    0 => '\\think\\addons\\Route',
    1 => 'execute',
  ),
  'var' => 
  array (
  ),
)
[ info ] [ HEADER ] array (
  'cookie' => 'thinkphp_show_page_trace=0|0; uid=2; token=50446b79-6f1c-4eb2-9abc-2c19eb7a9159; thinkphp_show_page_trace=0|0; frontend_language=en; PHPSESSID=ofs8tivbb8gaklm4f5h75u50sf; keeplogin=1%7C86400%7C1730530545%7Ca1c676c2c4614b5c12311180e43af5dd; backend_language=en',
  'accept-language' => 'zh-CN,zh;q=0.9,en;q=0.8',
  'accept-encoding' => 'gzip, deflate',
  'accept' => 'text/html,application/xhtml+xml,application/xml;q=0.9,image/avif,image/webp,image/apng,*/*;q=0.8,application/signed-exchange;v=b3;q=0.7',
  'user-agent' => 'Mozilla/5.0 (Macintosh; Intel Mac OS X 10_15_7) AppleWebKit/537.36 (KHTML, like Gecko) Chrome/130.0.0.0 Safari/537.36',
  'upgrade-insecure-requests' => '1',
  'cache-control' => 'max-age=0',
  'connection' => 'keep-alive',
  'host' => 'dev.sustens.com',
  'content-length' => '',
  'content-type' => '',
)
[ info ] [ PARAM ] array (
  'addon' => 'ldcms',
  'controller' => 'api.dimension',
  'action' => 'lists',
)
[ info ] [ RUN ] think\addons\Route->execute[ /var/webstars/sustens/vendor/karsonzhang/fastadmin-addons/src/addons/Route.php ]
[ info ] [ LANG ] /var/webstars/sustens/public/../application/common/lang/zh-cn/addon.php
[ info ] [ BEHAVIOR ] Run app\common\behavior\Common @addon_begin [ RunTime:0.000152s ]
[ info ] [ TOKEN ] INIT Mysql
[ info ] [ LANG ] /var/webstars/sustens//addons/ldcms/lang/zh-cn.php
[ info ] [ LOG ] INIT File
[ error ] [2]Undefined array key "cid"[/var/webstars/sustens/addons/ldcms/model/Document.php:134]
[ error ] [2]Undefined array key "mid"[/var/webstars/sustens/addons/ldcms/model/Document.php:135]
[ error ] [2]Undefined array key "filterWhere"[/var/webstars/sustens/addons/ldcms/model/Document.php:137]
[ error ] [2]Undefined array key "_where"[/var/webstars/sustens/addons/ldcms/model/Document.php:138]
[ error ] [2]Undefined array key "page"[/var/webstars/sustens/addons/ldcms/model/Document.php:140]
[ error ] [2]Undefined array key "mid"[/var/webstars/sustens/addons/ldcms/model/Document.php:177]
---------------------------------------------------------------
[ 2024-11-01T15:35:06+08:00 ] 10.211.55.2 GET dev.sustens.com/addons/ldcms/api.dimension/lists
[运行时间：0.051346s] [吞吐率：19.48req/s] [内存消耗：768.46kb] [文件加载：176]
[ info ] [ BEHAVIOR ] Run Closure @app_init [ RunTime:0.000017s ]
[ info ] [ CACHE ] INIT File
[ info ] [ DB ] INIT mysql
[ info ] [ BEHAVIOR ] Run \addons\ldcms\Ldcms @app_init [ RunTime:0.006451s ]
[ info ] [ BEHAVIOR ] Run Closure @app_init [ RunTime:0.006485s ]
[ info ] [ BEHAVIOR ] Run app\common\behavior\Common @app_init [ RunTime:0.000101s ]
[ info ] [ LANG ] /var/webstars/sustens/thinkphp/lang/zh-cn.php
[ info ] [ BEHAVIOR ] Run app\common\behavior\Common @app_dispatch [ RunTime:0.000028s ]
[ info ] [ ROUTE ] array (
  'type' => 'method',
  'method' => 
  array (
    0 => '\\think\\addons\\Route',
    1 => 'execute',
  ),
  'var' => 
  array (
  ),
)
[ info ] [ HEADER ] array (
  'cookie' => 'thinkphp_show_page_trace=0|0; uid=2; token=50446b79-6f1c-4eb2-9abc-2c19eb7a9159; thinkphp_show_page_trace=0|0; frontend_language=en; PHPSESSID=ofs8tivbb8gaklm4f5h75u50sf; keeplogin=1%7C86400%7C1730530545%7Ca1c676c2c4614b5c12311180e43af5dd; backend_language=en',
  'accept-language' => 'zh-CN,zh;q=0.9,en;q=0.8',
  'accept-encoding' => 'gzip, deflate',
  'accept' => 'text/html,application/xhtml+xml,application/xml;q=0.9,image/avif,image/webp,image/apng,*/*;q=0.8,application/signed-exchange;v=b3;q=0.7',
  'user-agent' => 'Mozilla/5.0 (Macintosh; Intel Mac OS X 10_15_7) AppleWebKit/537.36 (KHTML, like Gecko) Chrome/130.0.0.0 Safari/537.36',
  'upgrade-insecure-requests' => '1',
  'cache-control' => 'max-age=0',
  'connection' => 'keep-alive',
  'host' => 'dev.sustens.com',
  'content-length' => '',
  'content-type' => '',
)
[ info ] [ PARAM ] array (
  'addon' => 'ldcms',
  'controller' => 'api.dimension',
  'action' => 'lists',
)
[ info ] [ RUN ] think\addons\Route->execute[ /var/webstars/sustens/vendor/karsonzhang/fastadmin-addons/src/addons/Route.php ]
[ info ] [ LANG ] /var/webstars/sustens/public/../application/common/lang/zh-cn/addon.php
[ info ] [ BEHAVIOR ] Run app\common\behavior\Common @addon_begin [ RunTime:0.000565s ]
[ info ] [ TOKEN ] INIT Mysql
[ info ] [ LANG ] /var/webstars/sustens//addons/ldcms/lang/zh-cn.php
[ info ] [ LOG ] INIT File
[ error ] [2]Undefined array key "cid"[/var/webstars/sustens/addons/ldcms/model/Document.php:134]
[ error ] [2]Undefined array key "mid"[/var/webstars/sustens/addons/ldcms/model/Document.php:135]
[ error ] [2]Undefined array key "filterWhere"[/var/webstars/sustens/addons/ldcms/model/Document.php:137]
[ error ] [2]Undefined array key "_where"[/var/webstars/sustens/addons/ldcms/model/Document.php:138]
[ error ] [2]Undefined array key "page"[/var/webstars/sustens/addons/ldcms/model/Document.php:140]
[ error ] [2]Undefined array key "mid"[/var/webstars/sustens/addons/ldcms/model/Document.php:177]
---------------------------------------------------------------
[ 2024-11-01T15:35:07+08:00 ] 10.211.55.2 GET dev.sustens.com/addons/ldcms/api.dimension/lists
[运行时间：0.072465s] [吞吐率：13.80req/s] [内存消耗：768.46kb] [文件加载：176]
[ info ] [ BEHAVIOR ] Run Closure @app_init [ RunTime:0.000024s ]
[ info ] [ CACHE ] INIT File
[ info ] [ DB ] INIT mysql
[ info ] [ BEHAVIOR ] Run \addons\ldcms\Ldcms @app_init [ RunTime:0.002332s ]
[ info ] [ BEHAVIOR ] Run Closure @app_init [ RunTime:0.002359s ]
[ info ] [ BEHAVIOR ] Run app\common\behavior\Common @app_init [ RunTime:0.000064s ]
[ info ] [ LANG ] /var/webstars/sustens/thinkphp/lang/zh-cn.php
[ info ] [ BEHAVIOR ] Run app\common\behavior\Common @app_dispatch [ RunTime:0.000019s ]
[ info ] [ ROUTE ] array (
  'type' => 'method',
  'method' => 
  array (
    0 => '\\think\\addons\\Route',
    1 => 'execute',
  ),
  'var' => 
  array (
  ),
)
[ info ] [ HEADER ] array (
  'cookie' => 'thinkphp_show_page_trace=0|0; uid=2; token=50446b79-6f1c-4eb2-9abc-2c19eb7a9159; thinkphp_show_page_trace=0|0; frontend_language=en; PHPSESSID=ofs8tivbb8gaklm4f5h75u50sf; keeplogin=1%7C86400%7C1730530545%7Ca1c676c2c4614b5c12311180e43af5dd; backend_language=en',
  'accept-language' => 'zh-CN,zh;q=0.9,en;q=0.8',
  'accept-encoding' => 'gzip, deflate',
  'accept' => 'text/html,application/xhtml+xml,application/xml;q=0.9,image/avif,image/webp,image/apng,*/*;q=0.8,application/signed-exchange;v=b3;q=0.7',
  'user-agent' => 'Mozilla/5.0 (Macintosh; Intel Mac OS X 10_15_7) AppleWebKit/537.36 (KHTML, like Gecko) Chrome/130.0.0.0 Safari/537.36',
  'upgrade-insecure-requests' => '1',
  'cache-control' => 'max-age=0',
  'connection' => 'keep-alive',
  'host' => 'dev.sustens.com',
  'content-length' => '',
  'content-type' => '',
)
[ info ] [ PARAM ] array (
  'addon' => 'ldcms',
  'controller' => 'api.dimension',
  'action' => 'lists',
)
[ info ] [ RUN ] think\addons\Route->execute[ /var/webstars/sustens/vendor/karsonzhang/fastadmin-addons/src/addons/Route.php ]
[ info ] [ LANG ] /var/webstars/sustens/public/../application/common/lang/zh-cn/addon.php
[ info ] [ BEHAVIOR ] Run app\common\behavior\Common @addon_begin [ RunTime:0.000120s ]
[ info ] [ TOKEN ] INIT Mysql
[ info ] [ LANG ] /var/webstars/sustens//addons/ldcms/lang/zh-cn.php
[ info ] [ LOG ] INIT File
[ error ] [2]Undefined array key "cid"[/var/webstars/sustens/addons/ldcms/model/Document.php:134]
[ error ] [2]Undefined array key "mid"[/var/webstars/sustens/addons/ldcms/model/Document.php:135]
[ error ] [2]Undefined array key "filterWhere"[/var/webstars/sustens/addons/ldcms/model/Document.php:137]
[ error ] [2]Undefined array key "_where"[/var/webstars/sustens/addons/ldcms/model/Document.php:138]
[ error ] [2]Undefined array key "page"[/var/webstars/sustens/addons/ldcms/model/Document.php:140]
[ error ] [2]Undefined array key "mid"[/var/webstars/sustens/addons/ldcms/model/Document.php:177]
---------------------------------------------------------------
[ 2024-11-01T15:35:07+08:00 ] 10.211.55.2 GET dev.sustens.com/addons/ldcms/api.dimension/lists
[运行时间：0.063409s] [吞吐率：15.77req/s] [内存消耗：768.46kb] [文件加载：176]
[ info ] [ BEHAVIOR ] Run Closure @app_init [ RunTime:0.000022s ]
[ info ] [ CACHE ] INIT File
[ info ] [ DB ] INIT mysql
[ info ] [ BEHAVIOR ] Run \addons\ldcms\Ldcms @app_init [ RunTime:0.003515s ]
[ info ] [ BEHAVIOR ] Run Closure @app_init [ RunTime:0.003545s ]
[ info ] [ BEHAVIOR ] Run app\common\behavior\Common @app_init [ RunTime:0.000071s ]
[ info ] [ LANG ] /var/webstars/sustens/thinkphp/lang/zh-cn.php
[ info ] [ BEHAVIOR ] Run app\common\behavior\Common @app_dispatch [ RunTime:0.000022s ]
[ info ] [ ROUTE ] array (
  'type' => 'method',
  'method' => 
  array (
    0 => '\\think\\addons\\Route',
    1 => 'execute',
  ),
  'var' => 
  array (
  ),
)
[ info ] [ HEADER ] array (
  'cookie' => 'thinkphp_show_page_trace=0|0; uid=2; token=50446b79-6f1c-4eb2-9abc-2c19eb7a9159; thinkphp_show_page_trace=0|0; frontend_language=en; PHPSESSID=ofs8tivbb8gaklm4f5h75u50sf; keeplogin=1%7C86400%7C1730530545%7Ca1c676c2c4614b5c12311180e43af5dd; backend_language=en',
  'accept-language' => 'zh-CN,zh;q=0.9,en;q=0.8',
  'accept-encoding' => 'gzip, deflate',
  'accept' => 'text/html,application/xhtml+xml,application/xml;q=0.9,image/avif,image/webp,image/apng,*/*;q=0.8,application/signed-exchange;v=b3;q=0.7',
  'user-agent' => 'Mozilla/5.0 (Macintosh; Intel Mac OS X 10_15_7) AppleWebKit/537.36 (KHTML, like Gecko) Chrome/130.0.0.0 Safari/537.36',
  'upgrade-insecure-requests' => '1',
  'cache-control' => 'max-age=0',
  'connection' => 'keep-alive',
  'host' => 'dev.sustens.com',
  'content-length' => '',
  'content-type' => '',
)
[ info ] [ PARAM ] array (
  'addon' => 'ldcms',
  'controller' => 'api.dimension',
  'action' => 'lists',
)
[ info ] [ RUN ] think\addons\Route->execute[ /var/webstars/sustens/vendor/karsonzhang/fastadmin-addons/src/addons/Route.php ]
[ info ] [ LANG ] /var/webstars/sustens/public/../application/common/lang/zh-cn/addon.php
[ info ] [ BEHAVIOR ] Run app\common\behavior\Common @addon_begin [ RunTime:0.000127s ]
[ info ] [ TOKEN ] INIT Mysql
[ info ] [ LANG ] /var/webstars/sustens//addons/ldcms/lang/zh-cn.php
[ info ] [ LOG ] INIT File
[ error ] [2]Undefined array key "cid"[/var/webstars/sustens/addons/ldcms/model/Document.php:134]
[ error ] [2]Undefined array key "mid"[/var/webstars/sustens/addons/ldcms/model/Document.php:135]
[ error ] [2]Undefined array key "filterWhere"[/var/webstars/sustens/addons/ldcms/model/Document.php:137]
[ error ] [2]Undefined array key "_where"[/var/webstars/sustens/addons/ldcms/model/Document.php:138]
[ error ] [2]Undefined array key "page"[/var/webstars/sustens/addons/ldcms/model/Document.php:140]
[ error ] [2]Undefined array key "mid"[/var/webstars/sustens/addons/ldcms/model/Document.php:177]
---------------------------------------------------------------
[ 2024-11-01T15:35:07+08:00 ] 10.211.55.2 GET dev.sustens.com/addons/ldcms/api.dimension/lists
[运行时间：0.097859s] [吞吐率：10.22req/s] [内存消耗：768.46kb] [文件加载：176]
[ info ] [ BEHAVIOR ] Run Closure @app_init [ RunTime:0.000021s ]
[ info ] [ CACHE ] INIT File
[ info ] [ DB ] INIT mysql
[ info ] [ BEHAVIOR ] Run \addons\ldcms\Ldcms @app_init [ RunTime:0.003909s ]
[ info ] [ BEHAVIOR ] Run Closure @app_init [ RunTime:0.003941s ]
[ info ] [ BEHAVIOR ] Run app\common\behavior\Common @app_init [ RunTime:0.000260s ]
[ info ] [ LANG ] /var/webstars/sustens/thinkphp/lang/zh-cn.php
[ info ] [ BEHAVIOR ] Run app\common\behavior\Common @app_dispatch [ RunTime:0.000027s ]
[ info ] [ ROUTE ] array (
  'type' => 'method',
  'method' => 
  array (
    0 => '\\think\\addons\\Route',
    1 => 'execute',
  ),
  'var' => 
  array (
  ),
)
[ info ] [ HEADER ] array (
  'cookie' => 'thinkphp_show_page_trace=0|0; uid=2; token=50446b79-6f1c-4eb2-9abc-2c19eb7a9159; thinkphp_show_page_trace=0|0; frontend_language=en; PHPSESSID=ofs8tivbb8gaklm4f5h75u50sf; keeplogin=1%7C86400%7C1730530545%7Ca1c676c2c4614b5c12311180e43af5dd; backend_language=en',
  'accept-language' => 'zh-CN,zh;q=0.9,en;q=0.8',
  'accept-encoding' => 'gzip, deflate',
  'accept' => 'text/html,application/xhtml+xml,application/xml;q=0.9,image/avif,image/webp,image/apng,*/*;q=0.8,application/signed-exchange;v=b3;q=0.7',
  'user-agent' => 'Mozilla/5.0 (Macintosh; Intel Mac OS X 10_15_7) AppleWebKit/537.36 (KHTML, like Gecko) Chrome/130.0.0.0 Safari/537.36',
  'upgrade-insecure-requests' => '1',
  'cache-control' => 'max-age=0',
  'connection' => 'keep-alive',
  'host' => 'dev.sustens.com',
  'content-length' => '',
  'content-type' => '',
)
[ info ] [ PARAM ] array (
  'addon' => 'ldcms',
  'controller' => 'api.dimension',
  'action' => 'lists',
)
[ info ] [ RUN ] think\addons\Route->execute[ /var/webstars/sustens/vendor/karsonzhang/fastadmin-addons/src/addons/Route.php ]
[ info ] [ LANG ] /var/webstars/sustens/public/../application/common/lang/zh-cn/addon.php
[ info ] [ BEHAVIOR ] Run app\common\behavior\Common @addon_begin [ RunTime:0.000217s ]
[ info ] [ TOKEN ] INIT Mysql
[ info ] [ LANG ] /var/webstars/sustens//addons/ldcms/lang/zh-cn.php
[ info ] [ LOG ] INIT File
[ error ] [2]Undefined array key "cid"[/var/webstars/sustens/addons/ldcms/model/Document.php:134]
[ error ] [2]Undefined array key "mid"[/var/webstars/sustens/addons/ldcms/model/Document.php:135]
[ error ] [2]Undefined array key "filterWhere"[/var/webstars/sustens/addons/ldcms/model/Document.php:137]
[ error ] [2]Undefined array key "_where"[/var/webstars/sustens/addons/ldcms/model/Document.php:138]
[ error ] [2]Undefined array key "page"[/var/webstars/sustens/addons/ldcms/model/Document.php:140]
[ error ] [2]Undefined array key "mid"[/var/webstars/sustens/addons/ldcms/model/Document.php:177]
---------------------------------------------------------------
[ 2024-11-01T15:35:08+08:00 ] 10.211.55.2 GET dev.sustens.com/addons/ldcms/api.dimension/lists
[运行时间：0.059458s] [吞吐率：16.82req/s] [内存消耗：768.46kb] [文件加载：176]
[ info ] [ BEHAVIOR ] Run Closure @app_init [ RunTime:0.000046s ]
[ info ] [ CACHE ] INIT File
[ info ] [ DB ] INIT mysql
[ info ] [ BEHAVIOR ] Run \addons\ldcms\Ldcms @app_init [ RunTime:0.006195s ]
[ info ] [ BEHAVIOR ] Run Closure @app_init [ RunTime:0.006221s ]
[ info ] [ BEHAVIOR ] Run app\common\behavior\Common @app_init [ RunTime:0.000487s ]
[ info ] [ LANG ] /var/webstars/sustens/thinkphp/lang/zh-cn.php
[ info ] [ BEHAVIOR ] Run app\common\behavior\Common @app_dispatch [ RunTime:0.000032s ]
[ info ] [ ROUTE ] array (
  'type' => 'method',
  'method' => 
  array (
    0 => '\\think\\addons\\Route',
    1 => 'execute',
  ),
  'var' => 
  array (
  ),
)
[ info ] [ HEADER ] array (
  'cookie' => 'thinkphp_show_page_trace=0|0; uid=2; token=50446b79-6f1c-4eb2-9abc-2c19eb7a9159; thinkphp_show_page_trace=0|0; frontend_language=en; PHPSESSID=ofs8tivbb8gaklm4f5h75u50sf; keeplogin=1%7C86400%7C1730530545%7Ca1c676c2c4614b5c12311180e43af5dd; backend_language=en',
  'accept-language' => 'zh-CN,zh;q=0.9,en;q=0.8',
  'accept-encoding' => 'gzip, deflate',
  'accept' => 'text/html,application/xhtml+xml,application/xml;q=0.9,image/avif,image/webp,image/apng,*/*;q=0.8,application/signed-exchange;v=b3;q=0.7',
  'user-agent' => 'Mozilla/5.0 (Macintosh; Intel Mac OS X 10_15_7) AppleWebKit/537.36 (KHTML, like Gecko) Chrome/130.0.0.0 Safari/537.36',
  'upgrade-insecure-requests' => '1',
  'cache-control' => 'max-age=0',
  'connection' => 'keep-alive',
  'host' => 'dev.sustens.com',
  'content-length' => '',
  'content-type' => '',
)
[ info ] [ PARAM ] array (
  'addon' => 'ldcms',
  'controller' => 'api.dimension',
  'action' => 'lists',
)
[ info ] [ RUN ] think\addons\Route->execute[ /var/webstars/sustens/vendor/karsonzhang/fastadmin-addons/src/addons/Route.php ]
[ info ] [ LANG ] /var/webstars/sustens/public/../application/common/lang/zh-cn/addon.php
[ info ] [ BEHAVIOR ] Run app\common\behavior\Common @addon_begin [ RunTime:0.000124s ]
[ info ] [ TOKEN ] INIT Mysql
[ info ] [ LANG ] /var/webstars/sustens//addons/ldcms/lang/zh-cn.php
[ info ] [ LOG ] INIT File
[ error ] [2]Undefined array key "cid"[/var/webstars/sustens/addons/ldcms/model/Document.php:134]
[ error ] [2]Undefined array key "mid"[/var/webstars/sustens/addons/ldcms/model/Document.php:135]
[ error ] [2]Undefined array key "filterWhere"[/var/webstars/sustens/addons/ldcms/model/Document.php:137]
[ error ] [2]Undefined array key "_where"[/var/webstars/sustens/addons/ldcms/model/Document.php:138]
[ error ] [2]Undefined array key "page"[/var/webstars/sustens/addons/ldcms/model/Document.php:140]
[ error ] [2]Undefined array key "mid"[/var/webstars/sustens/addons/ldcms/model/Document.php:177]
---------------------------------------------------------------
[ 2024-11-01T15:35:30+08:00 ] 10.211.55.2 GET dev.sustens.com/addons/ldcms/api.dimension/lists
[运行时间：0.058069s] [吞吐率：17.22req/s] [内存消耗：769.23kb] [文件加载：176]
[ info ] [ BEHAVIOR ] Run Closure @app_init [ RunTime:0.000019s ]
[ info ] [ CACHE ] INIT File
[ info ] [ DB ] INIT mysql
[ info ] [ BEHAVIOR ] Run \addons\ldcms\Ldcms @app_init [ RunTime:0.013580s ]
[ info ] [ BEHAVIOR ] Run Closure @app_init [ RunTime:0.013607s ]
[ info ] [ BEHAVIOR ] Run app\common\behavior\Common @app_init [ RunTime:0.000103s ]
[ info ] [ LANG ] /var/webstars/sustens/thinkphp/lang/zh-cn.php
[ info ] [ BEHAVIOR ] Run app\common\behavior\Common @app_dispatch [ RunTime:0.000033s ]
[ info ] [ ROUTE ] array (
  'type' => 'method',
  'method' => 
  array (
    0 => '\\think\\addons\\Route',
    1 => 'execute',
  ),
  'var' => 
  array (
  ),
)
[ info ] [ HEADER ] array (
  'cookie' => 'thinkphp_show_page_trace=0|0; uid=2; token=50446b79-6f1c-4eb2-9abc-2c19eb7a9159; thinkphp_show_page_trace=0|0; frontend_language=en; PHPSESSID=ofs8tivbb8gaklm4f5h75u50sf; keeplogin=1%7C86400%7C1730530545%7Ca1c676c2c4614b5c12311180e43af5dd; backend_language=en',
  'accept-language' => 'zh-CN,zh;q=0.9,en;q=0.8',
  'accept-encoding' => 'gzip, deflate',
  'accept' => 'text/html,application/xhtml+xml,application/xml;q=0.9,image/avif,image/webp,image/apng,*/*;q=0.8,application/signed-exchange;v=b3;q=0.7',
  'user-agent' => 'Mozilla/5.0 (Macintosh; Intel Mac OS X 10_15_7) AppleWebKit/537.36 (KHTML, like Gecko) Chrome/130.0.0.0 Safari/537.36',
  'upgrade-insecure-requests' => '1',
  'cache-control' => 'max-age=0',
  'connection' => 'keep-alive',
  'host' => 'dev.sustens.com',
  'content-length' => '',
  'content-type' => '',
)
[ info ] [ PARAM ] array (
  'addon' => 'ldcms',
  'controller' => 'api.dimension',
  'action' => 'lists',
)
[ info ] [ RUN ] think\addons\Route->execute[ /var/webstars/sustens/vendor/karsonzhang/fastadmin-addons/src/addons/Route.php ]
[ info ] [ LANG ] /var/webstars/sustens/public/../application/common/lang/zh-cn/addon.php
[ info ] [ BEHAVIOR ] Run app\common\behavior\Common @addon_begin [ RunTime:0.000217s ]
[ info ] [ TOKEN ] INIT Mysql
[ info ] [ LANG ] /var/webstars/sustens//addons/ldcms/lang/zh-cn.php
[ info ] [ LOG ] INIT File
[ error ] [2]Undefined array key "cid"[/var/webstars/sustens/addons/ldcms/model/Document.php:134]
[ error ] [2]Undefined array key "mid"[/var/webstars/sustens/addons/ldcms/model/Document.php:135]
[ error ] [2]Undefined array key "filterWhere"[/var/webstars/sustens/addons/ldcms/model/Document.php:137]
[ error ] [2]Undefined array key "_where"[/var/webstars/sustens/addons/ldcms/model/Document.php:138]
[ error ] [2]Undefined array key "page"[/var/webstars/sustens/addons/ldcms/model/Document.php:140]
[ error ] [2]Undefined array key "mid"[/var/webstars/sustens/addons/ldcms/model/Document.php:177]
---------------------------------------------------------------
[ 2024-11-01T15:35:31+08:00 ] 10.211.55.2 GET dev.sustens.com/addons/ldcms/api.dimension/lists
[运行时间：0.050071s] [吞吐率：19.97req/s] [内存消耗：768.46kb] [文件加载：176]
[ info ] [ BEHAVIOR ] Run Closure @app_init [ RunTime:0.000014s ]
[ info ] [ CACHE ] INIT File
[ info ] [ DB ] INIT mysql
[ info ] [ BEHAVIOR ] Run \addons\ldcms\Ldcms @app_init [ RunTime:0.008385s ]
[ info ] [ BEHAVIOR ] Run Closure @app_init [ RunTime:0.008437s ]
[ info ] [ BEHAVIOR ] Run app\common\behavior\Common @app_init [ RunTime:0.000198s ]
[ info ] [ LANG ] /var/webstars/sustens/thinkphp/lang/zh-cn.php
[ info ] [ BEHAVIOR ] Run app\common\behavior\Common @app_dispatch [ RunTime:0.000106s ]
[ info ] [ ROUTE ] array (
  'type' => 'method',
  'method' => 
  array (
    0 => '\\think\\addons\\Route',
    1 => 'execute',
  ),
  'var' => 
  array (
  ),
)
[ info ] [ HEADER ] array (
  'cookie' => 'thinkphp_show_page_trace=0|0; uid=2; token=50446b79-6f1c-4eb2-9abc-2c19eb7a9159; thinkphp_show_page_trace=0|0; frontend_language=en; PHPSESSID=ofs8tivbb8gaklm4f5h75u50sf; keeplogin=1%7C86400%7C1730530545%7Ca1c676c2c4614b5c12311180e43af5dd; backend_language=en',
  'accept-language' => 'zh-CN,zh;q=0.9,en;q=0.8',
  'accept-encoding' => 'gzip, deflate',
  'accept' => 'text/html,application/xhtml+xml,application/xml;q=0.9,image/avif,image/webp,image/apng,*/*;q=0.8,application/signed-exchange;v=b3;q=0.7',
  'user-agent' => 'Mozilla/5.0 (Macintosh; Intel Mac OS X 10_15_7) AppleWebKit/537.36 (KHTML, like Gecko) Chrome/130.0.0.0 Safari/537.36',
  'upgrade-insecure-requests' => '1',
  'cache-control' => 'max-age=0',
  'connection' => 'keep-alive',
  'host' => 'dev.sustens.com',
  'content-length' => '',
  'content-type' => '',
)
[ info ] [ PARAM ] array (
  'addon' => 'ldcms',
  'controller' => 'api.dimension',
  'action' => 'lists',
)
[ info ] [ RUN ] think\addons\Route->execute[ /var/webstars/sustens/vendor/karsonzhang/fastadmin-addons/src/addons/Route.php ]
[ info ] [ LANG ] /var/webstars/sustens/public/../application/common/lang/zh-cn/addon.php
[ info ] [ BEHAVIOR ] Run app\common\behavior\Common @addon_begin [ RunTime:0.000116s ]
[ info ] [ TOKEN ] INIT Mysql
[ info ] [ LANG ] /var/webstars/sustens//addons/ldcms/lang/zh-cn.php
[ info ] [ LOG ] INIT File
[ error ] [2]Undefined array key "cid"[/var/webstars/sustens/addons/ldcms/model/Document.php:134]
[ error ] [2]Undefined array key "mid"[/var/webstars/sustens/addons/ldcms/model/Document.php:135]
[ error ] [2]Undefined array key "filterWhere"[/var/webstars/sustens/addons/ldcms/model/Document.php:137]
[ error ] [2]Undefined array key "_where"[/var/webstars/sustens/addons/ldcms/model/Document.php:138]
[ error ] [2]Undefined array key "page"[/var/webstars/sustens/addons/ldcms/model/Document.php:140]
[ error ] [2]Undefined array key "mid"[/var/webstars/sustens/addons/ldcms/model/Document.php:177]
---------------------------------------------------------------
[ 2024-11-01T15:35:31+08:00 ] 10.211.55.2 GET dev.sustens.com/addons/ldcms/api.dimension/lists
[运行时间：0.049117s] [吞吐率：20.36req/s] [内存消耗：768.46kb] [文件加载：176]
[ info ] [ BEHAVIOR ] Run Closure @app_init [ RunTime:0.000028s ]
[ info ] [ CACHE ] INIT File
[ info ] [ DB ] INIT mysql
[ info ] [ BEHAVIOR ] Run \addons\ldcms\Ldcms @app_init [ RunTime:0.003509s ]
[ info ] [ BEHAVIOR ] Run Closure @app_init [ RunTime:0.003533s ]
[ info ] [ BEHAVIOR ] Run app\common\behavior\Common @app_init [ RunTime:0.000063s ]
[ info ] [ LANG ] /var/webstars/sustens/thinkphp/lang/zh-cn.php
[ info ] [ BEHAVIOR ] Run app\common\behavior\Common @app_dispatch [ RunTime:0.000017s ]
[ info ] [ ROUTE ] array (
  'type' => 'method',
  'method' => 
  array (
    0 => '\\think\\addons\\Route',
    1 => 'execute',
  ),
  'var' => 
  array (
  ),
)
[ info ] [ HEADER ] array (
  'cookie' => 'thinkphp_show_page_trace=0|0; uid=2; token=50446b79-6f1c-4eb2-9abc-2c19eb7a9159; thinkphp_show_page_trace=0|0; frontend_language=en; PHPSESSID=ofs8tivbb8gaklm4f5h75u50sf; keeplogin=1%7C86400%7C1730530545%7Ca1c676c2c4614b5c12311180e43af5dd; backend_language=en',
  'accept-language' => 'zh-CN,zh;q=0.9,en;q=0.8',
  'accept-encoding' => 'gzip, deflate',
  'accept' => 'text/html,application/xhtml+xml,application/xml;q=0.9,image/avif,image/webp,image/apng,*/*;q=0.8,application/signed-exchange;v=b3;q=0.7',
  'user-agent' => 'Mozilla/5.0 (Macintosh; Intel Mac OS X 10_15_7) AppleWebKit/537.36 (KHTML, like Gecko) Chrome/130.0.0.0 Safari/537.36',
  'upgrade-insecure-requests' => '1',
  'cache-control' => 'max-age=0',
  'connection' => 'keep-alive',
  'host' => 'dev.sustens.com',
  'content-length' => '',
  'content-type' => '',
)
[ info ] [ PARAM ] array (
  'addon' => 'ldcms',
  'controller' => 'api.dimension',
  'action' => 'lists',
)
[ info ] [ RUN ] think\addons\Route->execute[ /var/webstars/sustens/vendor/karsonzhang/fastadmin-addons/src/addons/Route.php ]
[ info ] [ LANG ] /var/webstars/sustens/public/../application/common/lang/zh-cn/addon.php
[ info ] [ BEHAVIOR ] Run app\common\behavior\Common @addon_begin [ RunTime:0.000122s ]
[ info ] [ TOKEN ] INIT Mysql
[ info ] [ LANG ] /var/webstars/sustens//addons/ldcms/lang/zh-cn.php
[ info ] [ LOG ] INIT File
[ error ] [2]Undefined array key "cid"[/var/webstars/sustens/addons/ldcms/model/Document.php:134]
[ error ] [2]Undefined array key "mid"[/var/webstars/sustens/addons/ldcms/model/Document.php:135]
[ error ] [2]Undefined array key "filterWhere"[/var/webstars/sustens/addons/ldcms/model/Document.php:137]
[ error ] [2]Undefined array key "_where"[/var/webstars/sustens/addons/ldcms/model/Document.php:138]
[ error ] [2]Undefined array key "page"[/var/webstars/sustens/addons/ldcms/model/Document.php:140]
[ error ] [2]Undefined array key "mid"[/var/webstars/sustens/addons/ldcms/model/Document.php:177]
---------------------------------------------------------------
[ 2024-11-01T15:35:32+08:00 ] 10.211.55.2 GET dev.sustens.com/addons/ldcms/api.dimension/lists
[运行时间：0.041408s] [吞吐率：24.15req/s] [内存消耗：768.46kb] [文件加载：176]
[ info ] [ BEHAVIOR ] Run Closure @app_init [ RunTime:0.000014s ]
[ info ] [ CACHE ] INIT File
[ info ] [ DB ] INIT mysql
[ info ] [ BEHAVIOR ] Run \addons\ldcms\Ldcms @app_init [ RunTime:0.007632s ]
[ info ] [ BEHAVIOR ] Run Closure @app_init [ RunTime:0.007675s ]
[ info ] [ BEHAVIOR ] Run app\common\behavior\Common @app_init [ RunTime:0.000314s ]
[ info ] [ LANG ] /var/webstars/sustens/thinkphp/lang/zh-cn.php
[ info ] [ BEHAVIOR ] Run app\common\behavior\Common @app_dispatch [ RunTime:0.000027s ]
[ info ] [ ROUTE ] array (
  'type' => 'method',
  'method' => 
  array (
    0 => '\\think\\addons\\Route',
    1 => 'execute',
  ),
  'var' => 
  array (
  ),
)
[ info ] [ HEADER ] array (
  'cookie' => 'thinkphp_show_page_trace=0|0; uid=2; token=50446b79-6f1c-4eb2-9abc-2c19eb7a9159; thinkphp_show_page_trace=0|0; frontend_language=en; PHPSESSID=ofs8tivbb8gaklm4f5h75u50sf; keeplogin=1%7C86400%7C1730530545%7Ca1c676c2c4614b5c12311180e43af5dd; backend_language=en',
  'accept-language' => 'zh-CN,zh;q=0.9,en;q=0.8',
  'accept-encoding' => 'gzip, deflate',
  'accept' => 'text/html,application/xhtml+xml,application/xml;q=0.9,image/avif,image/webp,image/apng,*/*;q=0.8,application/signed-exchange;v=b3;q=0.7',
  'user-agent' => 'Mozilla/5.0 (Macintosh; Intel Mac OS X 10_15_7) AppleWebKit/537.36 (KHTML, like Gecko) Chrome/130.0.0.0 Safari/537.36',
  'upgrade-insecure-requests' => '1',
  'cache-control' => 'max-age=0',
  'connection' => 'keep-alive',
  'host' => 'dev.sustens.com',
  'content-length' => '',
  'content-type' => '',
)
[ info ] [ PARAM ] array (
  'addon' => 'ldcms',
  'controller' => 'api.dimension',
  'action' => 'lists',
)
[ info ] [ RUN ] think\addons\Route->execute[ /var/webstars/sustens/vendor/karsonzhang/fastadmin-addons/src/addons/Route.php ]
[ info ] [ LANG ] /var/webstars/sustens/public/../application/common/lang/zh-cn/addon.php
[ info ] [ BEHAVIOR ] Run app\common\behavior\Common @addon_begin [ RunTime:0.000118s ]
[ info ] [ TOKEN ] INIT Mysql
[ info ] [ LANG ] /var/webstars/sustens//addons/ldcms/lang/zh-cn.php
[ info ] [ LOG ] INIT File
[ error ] [2]Undefined array key "cid"[/var/webstars/sustens/addons/ldcms/model/Document.php:134]
[ error ] [2]Undefined array key "mid"[/var/webstars/sustens/addons/ldcms/model/Document.php:135]
[ error ] [2]Undefined array key "filterWhere"[/var/webstars/sustens/addons/ldcms/model/Document.php:137]
[ error ] [2]Undefined array key "_where"[/var/webstars/sustens/addons/ldcms/model/Document.php:138]
[ error ] [2]Undefined array key "page"[/var/webstars/sustens/addons/ldcms/model/Document.php:140]
[ error ] [2]Undefined array key "mid"[/var/webstars/sustens/addons/ldcms/model/Document.php:177]
---------------------------------------------------------------
[ 2024-11-01T15:45:47+08:00 ] 10.211.55.2 GET dev.sustens.com/?lg=zh-cn
[运行时间：0.458887s] [吞吐率：2.18req/s] [内存消耗：896.30kb] [文件加载：192]
[ info ] [ BEHAVIOR ] Run Closure @app_init [ RunTime:0.000023s ]
[ info ] [ CACHE ] INIT File
[ info ] [ DB ] INIT mysql
[ info ] [ BEHAVIOR ] Run \addons\ldcms\Ldcms @app_init [ RunTime:0.017435s ]
[ info ] [ BEHAVIOR ] Run Closure @app_init [ RunTime:0.017467s ]
[ info ] [ BEHAVIOR ] Run app\common\behavior\Common @app_init [ RunTime:0.002261s ]
[ info ] [ LANG ] /var/webstars/sustens/thinkphp/lang/zh-cn.php
[ info ] [ BEHAVIOR ] Run app\common\behavior\Common @app_dispatch [ RunTime:0.000035s ]
[ info ] [ ROUTE ] array (
  'type' => 'method',
  'method' => 
  array (
    0 => '\\think\\addons\\Route',
    1 => 'execute',
  ),
  'var' => 
  array (
    'addon' => 'ldcms',
    'controller' => 'index',
    'action' => 'index',
  ),
)
[ info ] [ HEADER ] array (
  'cookie' => 'uid=2; token=50446b79-6f1c-4eb2-9abc-2c19eb7a9159; thinkphp_show_page_trace=0|0; frontend_language=en; PHPSESSID=ofs8tivbb8gaklm4f5h75u50sf; keeplogin=1%7C86400%7C1730530545%7Ca1c676c2c4614b5c12311180e43af5dd; backend_language=en',
  'accept-language' => 'zh-CN,zh;q=0.9,en;q=0.8',
  'accept-encoding' => 'gzip, deflate',
  'referer' => 'http://dev.sustens.com/message.html',
  'accept' => 'text/html,application/xhtml+xml,application/xml;q=0.9,image/avif,image/webp,image/apng,*/*;q=0.8,application/signed-exchange;v=b3;q=0.7',
  'user-agent' => 'Mozilla/5.0 (Macintosh; Intel Mac OS X 10_15_7) AppleWebKit/537.36 (KHTML, like Gecko) Chrome/130.0.0.0 Safari/537.36',
  'upgrade-insecure-requests' => '1',
  'connection' => 'keep-alive',
  'host' => 'dev.sustens.com',
  'content-length' => '',
  'content-type' => '',
)
[ info ] [ PARAM ] array (
  'lg' => 'zh-cn',
)
[ info ] [ RUN ] think\addons\Route->execute[ /var/webstars/sustens/vendor/karsonzhang/fastadmin-addons/src/addons/Route.php ]
[ info ] [ LANG ] /var/webstars/sustens/public/../application/common/lang/zh-cn/addon.php
[ info ] [ BEHAVIOR ] Run app\common\behavior\Common @addon_begin [ RunTime:0.002701s ]
[ info ] [ TOKEN ] INIT Mysql
[ info ] [ BEHAVIOR ] Run \addons\ldcms\Ldcms @config_init [ RunTime:0.000041s ]
[ info ] [ LANG ] /var/webstars/sustens/addons/ldcms/lang/zh-cn.php
[ info ] [ VIEW ] /var/webstars/sustens/addons/ldcms/view/default/index.html [ array (
  0 => 'user',
  1 => 'site',
  2 => 'config',
  3 => 'ld',
  4 => 'topid',
) ]
[ info ] [ LOG ] INIT File
[ error ] [2]foreach() argument must be of type array|object, null given[/var/webstars/sustens/thinkphp/library/think/db/Query.php:746]
[ error ] [2]foreach() argument must be of type array|object, null given[/var/webstars/sustens/thinkphp/library/think/db/Query.php:746]
[ error ] [2]foreach() argument must be of type array|object, null given[/var/webstars/sustens/thinkphp/library/think/db/Query.php:746]
[ error ] [2]foreach() argument must be of type array|object, null given[/var/webstars/sustens/thinkphp/library/think/db/Query.php:746]
[ error ] [2]foreach() argument must be of type array|object, null given[/var/webstars/sustens/thinkphp/library/think/db/Query.php:746]
---------------------------------------------------------------
[ 2024-11-01T15:45:48+08:00 ] 10.211.55.2 GET dev.sustens.com/assets/addons/ldcms/images/cbg.jpg
[运行时间：0.018342s] [吞吐率：54.52req/s] [内存消耗：240.73kb] [文件加载：77]
[ info ] [ BEHAVIOR ] Run Closure @app_init [ RunTime:0.000016s ]
[ info ] [ CACHE ] INIT File
[ info ] [ DB ] INIT mysql
[ info ] [ BEHAVIOR ] Run \addons\ldcms\Ldcms @app_init [ RunTime:0.003644s ]
[ info ] [ BEHAVIOR ] Run Closure @app_init [ RunTime:0.003669s ]
[ info ] [ BEHAVIOR ] Run app\common\behavior\Common @app_init [ RunTime:0.000061s ]
[ info ] [ LANG ] /var/webstars/sustens/thinkphp/lang/zh-cn.php
[ info ] [ BEHAVIOR ] Run app\common\behavior\Common @app_dispatch [ RunTime:0.000024s ]
[ info ] [ ROUTE ] array (
  'type' => 'module',
  'module' => 
  array (
    0 => 'assets',
    1 => 'addons',
    2 => 'ldcms',
  ),
)
[ info ] [ HEADER ] array (
  'cookie' => 'uid=2; token=50446b79-6f1c-4eb2-9abc-2c19eb7a9159; thinkphp_show_page_trace=0|0; PHPSESSID=ofs8tivbb8gaklm4f5h75u50sf; keeplogin=1%7C86400%7C1730530545%7Ca1c676c2c4614b5c12311180e43af5dd; backend_language=en; frontend_language=zh-cn',
  'accept-language' => 'zh-CN,zh;q=0.9,en;q=0.8',
  'accept-encoding' => 'gzip, deflate',
  'referer' => 'http://dev.sustens.com/?lg=zh-cn',
  'accept' => 'image/avif,image/webp,image/apng,image/svg+xml,image/*,*/*;q=0.8',
  'user-agent' => 'Mozilla/5.0 (Macintosh; Intel Mac OS X 10_15_7) AppleWebKit/537.36 (KHTML, like Gecko) Chrome/130.0.0.0 Safari/537.36',
  'connection' => 'keep-alive',
  'host' => 'dev.sustens.com',
  'content-length' => '',
  'content-type' => '',
)
[ info ] [ PARAM ] array (
  'images' => 'cbg.jpg',
)
[ info ] [ LOG ] INIT File
---------------------------------------------------------------
[ 2024-11-01T15:45:52+08:00 ] 10.211.55.2 GET dev.sustens.com/addons/ldcms/api.dimension/lists
[运行时间：0.100118s] [吞吐率：9.99req/s] [内存消耗：815.19kb] [文件加载：178]
[ info ] [ BEHAVIOR ] Run Closure @app_init [ RunTime:0.000027s ]
[ info ] [ CACHE ] INIT File
[ info ] [ DB ] INIT mysql
[ info ] [ BEHAVIOR ] Run \addons\ldcms\Ldcms @app_init [ RunTime:0.004431s ]
[ info ] [ BEHAVIOR ] Run Closure @app_init [ RunTime:0.004468s ]
[ info ] [ BEHAVIOR ] Run app\common\behavior\Common @app_init [ RunTime:0.000200s ]
[ info ] [ LANG ] /var/webstars/sustens/thinkphp/lang/zh-cn.php
[ info ] [ BEHAVIOR ] Run app\common\behavior\Common @app_dispatch [ RunTime:0.000061s ]
[ info ] [ ROUTE ] array (
  'type' => 'method',
  'method' => 
  array (
    0 => '\\think\\addons\\Route',
    1 => 'execute',
  ),
  'var' => 
  array (
  ),
)
[ info ] [ HEADER ] array (
  'cookie' => 'thinkphp_show_page_trace=0|0; uid=2; token=50446b79-6f1c-4eb2-9abc-2c19eb7a9159; thinkphp_show_page_trace=0|0; PHPSESSID=ofs8tivbb8gaklm4f5h75u50sf; keeplogin=1%7C86400%7C1730530545%7Ca1c676c2c4614b5c12311180e43af5dd; backend_language=en; frontend_language=zh-cn',
  'accept-language' => 'zh-CN,zh;q=0.9,en;q=0.8',
  'accept-encoding' => 'gzip, deflate',
  'accept' => 'text/html,application/xhtml+xml,application/xml;q=0.9,image/avif,image/webp,image/apng,*/*;q=0.8,application/signed-exchange;v=b3;q=0.7',
  'user-agent' => 'Mozilla/5.0 (Macintosh; Intel Mac OS X 10_15_7) AppleWebKit/537.36 (KHTML, like Gecko) Chrome/130.0.0.0 Safari/537.36',
  'upgrade-insecure-requests' => '1',
  'cache-control' => 'max-age=0',
  'connection' => 'keep-alive',
  'host' => 'dev.sustens.com',
  'content-length' => '',
  'content-type' => '',
)
[ info ] [ PARAM ] array (
  'addon' => 'ldcms',
  'controller' => 'api.dimension',
  'action' => 'lists',
)
[ info ] [ RUN ] think\addons\Route->execute[ /var/webstars/sustens/vendor/karsonzhang/fastadmin-addons/src/addons/Route.php ]
[ info ] [ LANG ] /var/webstars/sustens/public/../application/common/lang/zh-cn/addon.php
[ info ] [ BEHAVIOR ] Run app\common\behavior\Common @addon_begin [ RunTime:0.000343s ]
[ info ] [ TOKEN ] INIT Mysql
[ info ] [ LANG ] /var/webstars/sustens//addons/ldcms/lang/zh-cn.php
[ info ] [ LOG ] INIT File
[ error ] [2]Undefined array key "cid"[/var/webstars/sustens/addons/ldcms/model/Document.php:134]
[ error ] [2]Undefined array key "mid"[/var/webstars/sustens/addons/ldcms/model/Document.php:135]
[ error ] [2]Undefined array key "filterWhere"[/var/webstars/sustens/addons/ldcms/model/Document.php:137]
[ error ] [2]Undefined array key "_where"[/var/webstars/sustens/addons/ldcms/model/Document.php:138]
[ error ] [2]Undefined array key "page"[/var/webstars/sustens/addons/ldcms/model/Document.php:140]
[ error ] [2]Undefined array key "simple"[/var/webstars/sustens/addons/ldcms/model/Document.php:141]
[ error ] [2]Undefined array key "mid"[/var/webstars/sustens/addons/ldcms/model/Document.php:176]
---------------------------------------------------------------
[ 2024-11-01T15:47:06+08:00 ] 10.211.55.2 GET dev.sustens.com/addons/ldcms/api.dimension/lists
[运行时间：0.489899s] [吞吐率：2.04req/s] [内存消耗：815.38kb] [文件加载：178]
[ info ] [ BEHAVIOR ] Run Closure @app_init [ RunTime:0.000027s ]
[ info ] [ CACHE ] INIT File
[ info ] [ DB ] INIT mysql
[ info ] [ BEHAVIOR ] Run \addons\ldcms\Ldcms @app_init [ RunTime:0.012407s ]
[ info ] [ BEHAVIOR ] Run Closure @app_init [ RunTime:0.012430s ]
[ info ] [ BEHAVIOR ] Run app\common\behavior\Common @app_init [ RunTime:0.001631s ]
[ info ] [ LANG ] /var/webstars/sustens/thinkphp/lang/zh-cn.php
[ info ] [ BEHAVIOR ] Run app\common\behavior\Common @app_dispatch [ RunTime:0.000037s ]
[ info ] [ ROUTE ] array (
  'type' => 'method',
  'method' => 
  array (
    0 => '\\think\\addons\\Route',
    1 => 'execute',
  ),
  'var' => 
  array (
  ),
)
[ info ] [ HEADER ] array (
  'cookie' => 'thinkphp_show_page_trace=0|0; uid=2; token=50446b79-6f1c-4eb2-9abc-2c19eb7a9159; thinkphp_show_page_trace=0|0; PHPSESSID=ofs8tivbb8gaklm4f5h75u50sf; keeplogin=1%7C86400%7C1730530545%7Ca1c676c2c4614b5c12311180e43af5dd; backend_language=en; frontend_language=zh-cn',
  'accept-language' => 'zh-CN,zh;q=0.9,en;q=0.8',
  'accept-encoding' => 'gzip, deflate',
  'accept' => 'text/html,application/xhtml+xml,application/xml;q=0.9,image/avif,image/webp,image/apng,*/*;q=0.8,application/signed-exchange;v=b3;q=0.7',
  'user-agent' => 'Mozilla/5.0 (Macintosh; Intel Mac OS X 10_15_7) AppleWebKit/537.36 (KHTML, like Gecko) Chrome/130.0.0.0 Safari/537.36',
  'upgrade-insecure-requests' => '1',
  'cache-control' => 'no-cache',
  'pragma' => 'no-cache',
  'connection' => 'keep-alive',
  'host' => 'dev.sustens.com',
  'content-length' => '',
  'content-type' => '',
)
[ info ] [ PARAM ] array (
  'addon' => 'ldcms',
  'controller' => 'api.dimension',
  'action' => 'lists',
)
[ info ] [ RUN ] think\addons\Route->execute[ /var/webstars/sustens/vendor/karsonzhang/fastadmin-addons/src/addons/Route.php ]
[ info ] [ LANG ] /var/webstars/sustens/public/../application/common/lang/zh-cn/addon.php
[ info ] [ BEHAVIOR ] Run app\common\behavior\Common @addon_begin [ RunTime:0.002884s ]
[ info ] [ TOKEN ] INIT Mysql
[ info ] [ LANG ] /var/webstars/sustens//addons/ldcms/lang/zh-cn.php
[ info ] [ LOG ] INIT File
[ error ] [2]Undefined array key "cid"[/var/webstars/sustens/addons/ldcms/model/Document.php:134]
[ error ] [2]Undefined array key "mid"[/var/webstars/sustens/addons/ldcms/model/Document.php:135]
[ error ] [2]Undefined array key "filterWhere"[/var/webstars/sustens/addons/ldcms/model/Document.php:137]
[ error ] [2]Undefined array key "_where"[/var/webstars/sustens/addons/ldcms/model/Document.php:138]
[ error ] [2]Undefined array key "page"[/var/webstars/sustens/addons/ldcms/model/Document.php:140]
[ error ] [2]Undefined array key "simple"[/var/webstars/sustens/addons/ldcms/model/Document.php:141]
[ error ] [2]Undefined array key "mid"[/var/webstars/sustens/addons/ldcms/model/Document.php:176]
---------------------------------------------------------------
[ 2024-11-01T15:47:54+08:00 ] 10.211.55.2 GET dev.sustens.com/addons/ldcms/api.dimension/lists
[运行时间：0.132558s] [吞吐率：7.54req/s] [内存消耗：815.38kb] [文件加载：178]
[ info ] [ BEHAVIOR ] Run Closure @app_init [ RunTime:0.000016s ]
[ info ] [ CACHE ] INIT File
[ info ] [ DB ] INIT mysql
[ info ] [ BEHAVIOR ] Run \addons\ldcms\Ldcms @app_init [ RunTime:0.002748s ]
[ info ] [ BEHAVIOR ] Run Closure @app_init [ RunTime:0.002767s ]
[ info ] [ BEHAVIOR ] Run app\common\behavior\Common @app_init [ RunTime:0.000092s ]
[ info ] [ LANG ] /var/webstars/sustens/thinkphp/lang/zh-cn.php
[ info ] [ BEHAVIOR ] Run app\common\behavior\Common @app_dispatch [ RunTime:0.000018s ]
[ info ] [ ROUTE ] array (
  'type' => 'method',
  'method' => 
  array (
    0 => '\\think\\addons\\Route',
    1 => 'execute',
  ),
  'var' => 
  array (
  ),
)
[ info ] [ HEADER ] array (
  'cookie' => 'thinkphp_show_page_trace=0|0; uid=2; token=50446b79-6f1c-4eb2-9abc-2c19eb7a9159; thinkphp_show_page_trace=0|0; PHPSESSID=ofs8tivbb8gaklm4f5h75u50sf; keeplogin=1%7C86400%7C1730530545%7Ca1c676c2c4614b5c12311180e43af5dd; backend_language=en; frontend_language=zh-cn',
  'accept-language' => 'zh-CN,zh;q=0.9,en;q=0.8',
  'accept-encoding' => 'gzip, deflate',
  'accept' => 'text/html,application/xhtml+xml,application/xml;q=0.9,image/avif,image/webp,image/apng,*/*;q=0.8,application/signed-exchange;v=b3;q=0.7',
  'user-agent' => 'Mozilla/5.0 (Macintosh; Intel Mac OS X 10_15_7) AppleWebKit/537.36 (KHTML, like Gecko) Chrome/130.0.0.0 Safari/537.36',
  'upgrade-insecure-requests' => '1',
  'cache-control' => 'no-cache',
  'pragma' => 'no-cache',
  'connection' => 'keep-alive',
  'host' => 'dev.sustens.com',
  'content-length' => '',
  'content-type' => '',
)
[ info ] [ PARAM ] array (
  'addon' => 'ldcms',
  'controller' => 'api.dimension',
  'action' => 'lists',
)
[ info ] [ RUN ] think\addons\Route->execute[ /var/webstars/sustens/vendor/karsonzhang/fastadmin-addons/src/addons/Route.php ]
[ info ] [ LANG ] /var/webstars/sustens/public/../application/common/lang/zh-cn/addon.php
[ info ] [ BEHAVIOR ] Run app\common\behavior\Common @addon_begin [ RunTime:0.000113s ]
[ info ] [ TOKEN ] INIT Mysql
[ info ] [ LANG ] /var/webstars/sustens//addons/ldcms/lang/zh-cn.php
[ info ] [ LOG ] INIT File
[ error ] [2]Undefined array key "cid"[/var/webstars/sustens/addons/ldcms/model/Document.php:134]
[ error ] [2]Undefined array key "mid"[/var/webstars/sustens/addons/ldcms/model/Document.php:135]
[ error ] [2]Undefined array key "filterWhere"[/var/webstars/sustens/addons/ldcms/model/Document.php:137]
[ error ] [2]Undefined array key "_where"[/var/webstars/sustens/addons/ldcms/model/Document.php:138]
[ error ] [2]Undefined array key "page"[/var/webstars/sustens/addons/ldcms/model/Document.php:140]
[ error ] [2]Undefined array key "simple"[/var/webstars/sustens/addons/ldcms/model/Document.php:141]
[ error ] [2]Undefined array key "mid"[/var/webstars/sustens/addons/ldcms/model/Document.php:176]
---------------------------------------------------------------
[ 2024-11-01T15:48:17+08:00 ] 10.211.55.2 GET dev.sustens.com/?lg=zh-cn
[运行时间：0.361335s] [吞吐率：2.77req/s] [内存消耗：891.93kb] [文件加载：192]
[ info ] [ BEHAVIOR ] Run Closure @app_init [ RunTime:0.000039s ]
[ info ] [ CACHE ] INIT File
[ info ] [ DB ] INIT mysql
[ info ] [ BEHAVIOR ] Run \addons\ldcms\Ldcms @app_init [ RunTime:0.012909s ]
[ info ] [ BEHAVIOR ] Run Closure @app_init [ RunTime:0.012933s ]
[ info ] [ BEHAVIOR ] Run app\common\behavior\Common @app_init [ RunTime:0.002341s ]
[ info ] [ LANG ] /var/webstars/sustens/thinkphp/lang/zh-cn.php
[ info ] [ BEHAVIOR ] Run app\common\behavior\Common @app_dispatch [ RunTime:0.000114s ]
[ info ] [ ROUTE ] array (
  'type' => 'method',
  'method' => 
  array (
    0 => '\\think\\addons\\Route',
    1 => 'execute',
  ),
  'var' => 
  array (
    'addon' => 'ldcms',
    'controller' => 'index',
    'action' => 'index',
  ),
)
[ info ] [ HEADER ] array (
  'cookie' => 'uid=2; token=50446b79-6f1c-4eb2-9abc-2c19eb7a9159; thinkphp_show_page_trace=0|0; PHPSESSID=ofs8tivbb8gaklm4f5h75u50sf; keeplogin=1%7C86400%7C1730530545%7Ca1c676c2c4614b5c12311180e43af5dd; backend_language=en; frontend_language=zh-cn',
  'accept-language' => 'zh-CN,zh;q=0.9,en;q=0.8',
  'accept-encoding' => 'gzip, deflate',
  'accept' => 'text/html,application/xhtml+xml,application/xml;q=0.9,image/avif,image/webp,image/apng,*/*;q=0.8,application/signed-exchange;v=b3;q=0.7',
  'user-agent' => 'Mozilla/5.0 (Macintosh; Intel Mac OS X 10_15_7) AppleWebKit/537.36 (KHTML, like Gecko) Chrome/130.0.0.0 Safari/537.36',
  'upgrade-insecure-requests' => '1',
  'cache-control' => 'max-age=0',
  'connection' => 'keep-alive',
  'host' => 'dev.sustens.com',
  'content-length' => '',
  'content-type' => '',
)
[ info ] [ PARAM ] array (
  'lg' => 'zh-cn',
)
[ info ] [ RUN ] think\addons\Route->execute[ /var/webstars/sustens/vendor/karsonzhang/fastadmin-addons/src/addons/Route.php ]
[ info ] [ LANG ] /var/webstars/sustens/public/../application/common/lang/zh-cn/addon.php
[ info ] [ BEHAVIOR ] Run app\common\behavior\Common @addon_begin [ RunTime:0.003185s ]
[ info ] [ TOKEN ] INIT Mysql
[ info ] [ BEHAVIOR ] Run \addons\ldcms\Ldcms @config_init [ RunTime:0.000040s ]
[ info ] [ LANG ] /var/webstars/sustens/addons/ldcms/lang/zh-cn.php
[ info ] [ VIEW ] /var/webstars/sustens/addons/ldcms/view/default/index.html [ array (
  0 => 'user',
  1 => 'site',
  2 => 'config',
  3 => 'ld',
  4 => 'topid',
) ]
[ info ] [ LOG ] INIT File
[ error ] [2]foreach() argument must be of type array|object, null given[/var/webstars/sustens/thinkphp/library/think/db/Query.php:746]
[ error ] [2]foreach() argument must be of type array|object, null given[/var/webstars/sustens/thinkphp/library/think/db/Query.php:746]
[ error ] [2]foreach() argument must be of type array|object, null given[/var/webstars/sustens/thinkphp/library/think/db/Query.php:746]
[ error ] [2]foreach() argument must be of type array|object, null given[/var/webstars/sustens/thinkphp/library/think/db/Query.php:746]
[ error ] [2]foreach() argument must be of type array|object, null given[/var/webstars/sustens/thinkphp/library/think/db/Query.php:746]
---------------------------------------------------------------
[ 2024-11-01T15:48:17+08:00 ] 10.211.55.2 GET dev.sustens.com/assets/addons/ldcms/images/cbg.jpg
[运行时间：0.027306s] [吞吐率：36.62req/s] [内存消耗：240.73kb] [文件加载：77]
[ info ] [ BEHAVIOR ] Run Closure @app_init [ RunTime:0.000021s ]
[ info ] [ CACHE ] INIT File
[ info ] [ DB ] INIT mysql
[ info ] [ BEHAVIOR ] Run \addons\ldcms\Ldcms @app_init [ RunTime:0.005330s ]
[ info ] [ BEHAVIOR ] Run Closure @app_init [ RunTime:0.005350s ]
[ info ] [ BEHAVIOR ] Run app\common\behavior\Common @app_init [ RunTime:0.000094s ]
[ info ] [ LANG ] /var/webstars/sustens/thinkphp/lang/zh-cn.php
[ info ] [ BEHAVIOR ] Run app\common\behavior\Common @app_dispatch [ RunTime:0.000015s ]
[ info ] [ ROUTE ] array (
  'type' => 'module',
  'module' => 
  array (
    0 => 'assets',
    1 => 'addons',
    2 => 'ldcms',
  ),
)
[ info ] [ HEADER ] array (
  'cookie' => 'uid=2; token=50446b79-6f1c-4eb2-9abc-2c19eb7a9159; thinkphp_show_page_trace=0|0; PHPSESSID=ofs8tivbb8gaklm4f5h75u50sf; keeplogin=1%7C86400%7C1730530545%7Ca1c676c2c4614b5c12311180e43af5dd; backend_language=en; frontend_language=zh-cn',
  'accept-language' => 'zh-CN,zh;q=0.9,en;q=0.8',
  'accept-encoding' => 'gzip, deflate',
  'referer' => 'http://dev.sustens.com/?lg=zh-cn',
  'accept' => 'image/avif,image/webp,image/apng,image/svg+xml,image/*,*/*;q=0.8',
  'user-agent' => 'Mozilla/5.0 (Macintosh; Intel Mac OS X 10_15_7) AppleWebKit/537.36 (KHTML, like Gecko) Chrome/130.0.0.0 Safari/537.36',
  'connection' => 'keep-alive',
  'host' => 'dev.sustens.com',
  'content-length' => '',
  'content-type' => '',
)
[ info ] [ PARAM ] array (
  'images' => 'cbg.jpg',
)
[ info ] [ LOG ] INIT File
---------------------------------------------------------------
[ 2024-11-01T15:48:21+08:00 ] 10.211.55.2 GET dev.sustens.com/?lg=en
[运行时间：0.167351s] [吞吐率：5.98req/s] [内存消耗：894.55kb] [文件加载：192]
[ info ] [ BEHAVIOR ] Run Closure @app_init [ RunTime:0.000019s ]
[ info ] [ CACHE ] INIT File
[ info ] [ DB ] INIT mysql
[ info ] [ BEHAVIOR ] Run \addons\ldcms\Ldcms @app_init [ RunTime:0.004864s ]
[ info ] [ BEHAVIOR ] Run Closure @app_init [ RunTime:0.004895s ]
[ info ] [ BEHAVIOR ] Run app\common\behavior\Common @app_init [ RunTime:0.000072s ]
[ info ] [ LANG ] /var/webstars/sustens/thinkphp/lang/zh-cn.php
[ info ] [ BEHAVIOR ] Run app\common\behavior\Common @app_dispatch [ RunTime:0.000013s ]
[ info ] [ ROUTE ] array (
  'type' => 'method',
  'method' => 
  array (
    0 => '\\think\\addons\\Route',
    1 => 'execute',
  ),
  'var' => 
  array (
    'addon' => 'ldcms',
    'controller' => 'index',
    'action' => 'index',
  ),
)
[ info ] [ HEADER ] array (
  'cookie' => 'uid=2; token=50446b79-6f1c-4eb2-9abc-2c19eb7a9159; thinkphp_show_page_trace=0|0; PHPSESSID=ofs8tivbb8gaklm4f5h75u50sf; keeplogin=1%7C86400%7C1730530545%7Ca1c676c2c4614b5c12311180e43af5dd; backend_language=en; frontend_language=zh-cn',
  'accept-language' => 'zh-CN,zh;q=0.9,en;q=0.8',
  'accept-encoding' => 'gzip, deflate',
  'referer' => 'http://dev.sustens.com/?lg=zh-cn',
  'accept' => 'text/html,application/xhtml+xml,application/xml;q=0.9,image/avif,image/webp,image/apng,*/*;q=0.8,application/signed-exchange;v=b3;q=0.7',
  'user-agent' => 'Mozilla/5.0 (Macintosh; Intel Mac OS X 10_15_7) AppleWebKit/537.36 (KHTML, like Gecko) Chrome/130.0.0.0 Safari/537.36',
  'upgrade-insecure-requests' => '1',
  'connection' => 'keep-alive',
  'host' => 'dev.sustens.com',
  'content-length' => '',
  'content-type' => '',
)
[ info ] [ PARAM ] array (
  'lg' => 'en',
)
[ info ] [ RUN ] think\addons\Route->execute[ /var/webstars/sustens/vendor/karsonzhang/fastadmin-addons/src/addons/Route.php ]
[ info ] [ LANG ] /var/webstars/sustens/public/../application/common/lang/zh-cn/addon.php
[ info ] [ BEHAVIOR ] Run app\common\behavior\Common @addon_begin [ RunTime:0.000101s ]
[ info ] [ TOKEN ] INIT Mysql
[ info ] [ BEHAVIOR ] Run \addons\ldcms\Ldcms @config_init [ RunTime:0.000029s ]
[ info ] [ LANG ] /var/webstars/sustens/addons/ldcms/lang/en.php
[ info ] [ VIEW ] /var/webstars/sustens/addons/ldcms/view/en/index.html [ array (
  0 => 'user',
  1 => 'site',
  2 => 'config',
  3 => 'ld',
  4 => 'topid',
) ]
[ info ] [ LOG ] INIT File
[ error ] [2]foreach() argument must be of type array|object, null given[/var/webstars/sustens/thinkphp/library/think/db/Query.php:746]
[ error ] [2]foreach() argument must be of type array|object, null given[/var/webstars/sustens/thinkphp/library/think/db/Query.php:746]
[ error ] [2]foreach() argument must be of type array|object, null given[/var/webstars/sustens/thinkphp/library/think/db/Query.php:746]
[ error ] [2]foreach() argument must be of type array|object, null given[/var/webstars/sustens/thinkphp/library/think/db/Query.php:746]
[ error ] [2]foreach() argument must be of type array|object, null given[/var/webstars/sustens/thinkphp/library/think/db/Query.php:746]
---------------------------------------------------------------
[ 2024-11-01T15:48:21+08:00 ] 10.211.55.2 GET dev.sustens.com/assets/addons/ldcms/images/cbg.jpg
[运行时间：0.060791s] [吞吐率：16.45req/s] [内存消耗：240.54kb] [文件加载：77]
[ info ] [ BEHAVIOR ] Run Closure @app_init [ RunTime:0.000017s ]
[ info ] [ CACHE ] INIT File
[ info ] [ DB ] INIT mysql
[ info ] [ BEHAVIOR ] Run \addons\ldcms\Ldcms @app_init [ RunTime:0.005727s ]
[ info ] [ BEHAVIOR ] Run Closure @app_init [ RunTime:0.005747s ]
[ info ] [ BEHAVIOR ] Run app\common\behavior\Common @app_init [ RunTime:0.000730s ]
[ info ] [ LANG ] /var/webstars/sustens/thinkphp/lang/zh-cn.php
[ info ] [ BEHAVIOR ] Run app\common\behavior\Common @app_dispatch [ RunTime:0.000022s ]
[ info ] [ ROUTE ] array (
  'type' => 'module',
  'module' => 
  array (
    0 => 'assets',
    1 => 'addons',
    2 => 'ldcms',
  ),
)
[ info ] [ HEADER ] array (
  'cookie' => 'uid=2; token=50446b79-6f1c-4eb2-9abc-2c19eb7a9159; thinkphp_show_page_trace=0|0; PHPSESSID=ofs8tivbb8gaklm4f5h75u50sf; keeplogin=1%7C86400%7C1730530545%7Ca1c676c2c4614b5c12311180e43af5dd; backend_language=en; frontend_language=en',
  'accept-language' => 'zh-CN,zh;q=0.9,en;q=0.8',
  'accept-encoding' => 'gzip, deflate',
  'referer' => 'http://dev.sustens.com/?lg=en',
  'accept' => 'image/avif,image/webp,image/apng,image/svg+xml,image/*,*/*;q=0.8',
  'user-agent' => 'Mozilla/5.0 (Macintosh; Intel Mac OS X 10_15_7) AppleWebKit/537.36 (KHTML, like Gecko) Chrome/130.0.0.0 Safari/537.36',
  'connection' => 'keep-alive',
  'host' => 'dev.sustens.com',
  'content-length' => '',
  'content-type' => '',
)
[ info ] [ PARAM ] array (
  'images' => 'cbg.jpg',
)
[ info ] [ LOG ] INIT File
---------------------------------------------------------------
[ 2024-11-01T15:48:25+08:00 ] 10.211.55.2 GET dev.sustens.com/addons/ldcms/api.dimension/lists
[运行时间：0.331692s] [吞吐率：3.01req/s] [内存消耗：805.36kb] [文件加载：178]
[ info ] [ BEHAVIOR ] Run Closure @app_init [ RunTime:0.000028s ]
[ info ] [ CACHE ] INIT File
[ info ] [ DB ] INIT mysql
[ info ] [ BEHAVIOR ] Run \addons\ldcms\Ldcms @app_init [ RunTime:0.002603s ]
[ info ] [ BEHAVIOR ] Run Closure @app_init [ RunTime:0.002626s ]
[ info ] [ BEHAVIOR ] Run app\common\behavior\Common @app_init [ RunTime:0.000066s ]
[ info ] [ LANG ] /var/webstars/sustens/thinkphp/lang/zh-cn.php
[ info ] [ BEHAVIOR ] Run app\common\behavior\Common @app_dispatch [ RunTime:0.000017s ]
[ info ] [ ROUTE ] array (
  'type' => 'method',
  'method' => 
  array (
    0 => '\\think\\addons\\Route',
    1 => 'execute',
  ),
  'var' => 
  array (
  ),
)
[ info ] [ HEADER ] array (
  'cookie' => 'thinkphp_show_page_trace=0|0; uid=2; token=50446b79-6f1c-4eb2-9abc-2c19eb7a9159; thinkphp_show_page_trace=0|0; PHPSESSID=ofs8tivbb8gaklm4f5h75u50sf; keeplogin=1%7C86400%7C1730530545%7Ca1c676c2c4614b5c12311180e43af5dd; backend_language=en; frontend_language=en',
  'accept-language' => 'zh-CN,zh;q=0.9,en;q=0.8',
  'accept-encoding' => 'gzip, deflate',
  'accept' => 'text/html,application/xhtml+xml,application/xml;q=0.9,image/avif,image/webp,image/apng,*/*;q=0.8,application/signed-exchange;v=b3;q=0.7',
  'user-agent' => 'Mozilla/5.0 (Macintosh; Intel Mac OS X 10_15_7) AppleWebKit/537.36 (KHTML, like Gecko) Chrome/130.0.0.0 Safari/537.36',
  'upgrade-insecure-requests' => '1',
  'cache-control' => 'no-cache',
  'pragma' => 'no-cache',
  'connection' => 'keep-alive',
  'host' => 'dev.sustens.com',
  'content-length' => '',
  'content-type' => '',
)
[ info ] [ PARAM ] array (
  'addon' => 'ldcms',
  'controller' => 'api.dimension',
  'action' => 'lists',
)
[ info ] [ RUN ] think\addons\Route->execute[ /var/webstars/sustens/vendor/karsonzhang/fastadmin-addons/src/addons/Route.php ]
[ info ] [ LANG ] /var/webstars/sustens/public/../application/common/lang/zh-cn/addon.php
[ info ] [ BEHAVIOR ] Run app\common\behavior\Common @addon_begin [ RunTime:0.000103s ]
[ info ] [ TOKEN ] INIT Mysql
[ info ] [ LANG ] /var/webstars/sustens//addons/ldcms/lang/zh-cn.php
[ info ] [ LOG ] INIT File
[ error ] [2]Undefined array key "cid"[/var/webstars/sustens/addons/ldcms/model/Document.php:134]
[ error ] [2]Undefined array key "mid"[/var/webstars/sustens/addons/ldcms/model/Document.php:135]
[ error ] [2]Undefined array key "filterWhere"[/var/webstars/sustens/addons/ldcms/model/Document.php:137]
[ error ] [2]Undefined array key "_where"[/var/webstars/sustens/addons/ldcms/model/Document.php:138]
[ error ] [2]Undefined array key "page"[/var/webstars/sustens/addons/ldcms/model/Document.php:140]
[ error ] [2]Undefined array key "simple"[/var/webstars/sustens/addons/ldcms/model/Document.php:141]
[ error ] [2]Undefined array key "mid"[/var/webstars/sustens/addons/ldcms/model/Document.php:176]
