---------------------------------------------------------------
[ 2024-11-18T11:04:16+08:00 ] 10.211.55.2 GET dev.sustens.com/
[运行时间：0.676991s] [吞吐率：1.48req/s] [内存消耗：891.23kb] [文件加载：192]
[ info ] [ BEHAVIOR ] Run Closure @app_init [ RunTime:0.000028s ]
[ info ] [ CACHE ] INIT File
[ info ] [ DB ] INIT mysql
[ info ] [ BEHAVIOR ] Run \addons\ldcms\Ldcms @app_init [ RunTime:0.023249s ]
[ info ] [ BEHAVIOR ] Run Closure @app_init [ RunTime:0.023269s ]
[ info ] [ BEHAVIOR ] Run app\common\behavior\Common @app_init [ RunTime:0.005198s ]
[ info ] [ LANG ] /var/webstars/sustens/thinkphp/lang/zh-cn.php
[ info ] [ BEHAVIOR ] Run app\common\behavior\Common @app_dispatch [ RunTime:0.000031s ]
[ info ] [ ROUTE ] array (
  'type' => 'method',
  'method' => 
  array (
    0 => '\\think\\addons\\Route',
    1 => 'execute',
  ),
  'var' => 
  array (
    'addon' => 'ldcms',
    'controller' => 'index',
    'action' => 'index',
  ),
)
[ info ] [ HEADER ] array (
  'cookie' => 'uid=2; token=50446b79-6f1c-4eb2-9abc-2c19eb7a9159',
  'accept-language' => 'zh-CN,zh;q=0.9,en;q=0.8',
  'accept-encoding' => 'gzip, deflate',
  'accept' => 'text/html,application/xhtml+xml,application/xml;q=0.9,image/avif,image/webp,image/apng,*/*;q=0.8,application/signed-exchange;v=b3;q=0.7',
  'purpose' => 'prefetch',
  'sec-purpose' => 'prefetch;prerender',
  'user-agent' => 'Mozilla/5.0 (Macintosh; Intel Mac OS X 10_15_7) AppleWebKit/537.36 (KHTML, like Gecko) Chrome/130.0.0.0 Safari/537.36',
  'upgrade-insecure-requests' => '1',
  'connection' => 'keep-alive',
  'host' => 'dev.sustens.com',
  'content-length' => '',
  'content-type' => '',
)
[ info ] [ PARAM ] array (
)
[ info ] [ RUN ] think\addons\Route->execute[ /var/webstars/sustens/vendor/karsonzhang/fastadmin-addons/src/addons/Route.php ]
[ info ] [ LANG ] /var/webstars/sustens/public/../application/common/lang/zh-cn/addon.php
[ info ] [ BEHAVIOR ] Run app\common\behavior\Common @addon_begin [ RunTime:0.007894s ]
[ info ] [ TOKEN ] INIT Mysql
[ info ] [ BEHAVIOR ] Run \addons\ldcms\Ldcms @config_init [ RunTime:0.000544s ]
[ info ] [ LANG ] /var/webstars/sustens/addons/ldcms/lang/zh-cn.php
[ info ] [ VIEW ] /var/webstars/sustens/addons/ldcms/view/default/index.html [ array (
  0 => 'user',
  1 => 'site',
  2 => 'config',
  3 => 'ld',
  4 => 'topid',
) ]
[ info ] [ LOG ] INIT File
[ error ] [2]foreach() argument must be of type array|object, null given[/var/webstars/sustens/thinkphp/library/think/db/Query.php:746]
[ error ] [2]foreach() argument must be of type array|object, null given[/var/webstars/sustens/thinkphp/library/think/db/Query.php:746]
[ error ] [2]foreach() argument must be of type array|object, null given[/var/webstars/sustens/thinkphp/library/think/db/Query.php:746]
[ error ] [2]foreach() argument must be of type array|object, null given[/var/webstars/sustens/thinkphp/library/think/db/Query.php:746]
[ error ] [2]foreach() argument must be of type array|object, null given[/var/webstars/sustens/thinkphp/library/think/db/Query.php:746]
---------------------------------------------------------------
[ 2024-11-18T11:04:17+08:00 ] 10.211.55.2 GET dev.sustens.com/assets/addons/ldcms/images/cbg.jpg
[运行时间：0.017481s] [吞吐率：57.20req/s] [内存消耗：240.47kb] [文件加载：77]
[ info ] [ BEHAVIOR ] Run Closure @app_init [ RunTime:0.000022s ]
[ info ] [ CACHE ] INIT File
[ info ] [ DB ] INIT mysql
[ info ] [ BEHAVIOR ] Run \addons\ldcms\Ldcms @app_init [ RunTime:0.002710s ]
[ info ] [ BEHAVIOR ] Run Closure @app_init [ RunTime:0.002738s ]
[ info ] [ BEHAVIOR ] Run app\common\behavior\Common @app_init [ RunTime:0.000069s ]
[ info ] [ LANG ] /var/webstars/sustens/thinkphp/lang/zh-cn.php
[ info ] [ BEHAVIOR ] Run app\common\behavior\Common @app_dispatch [ RunTime:0.000022s ]
[ info ] [ ROUTE ] array (
  'type' => 'module',
  'module' => 
  array (
    0 => 'assets',
    1 => 'addons',
    2 => 'ldcms',
  ),
)
[ info ] [ HEADER ] array (
  'cookie' => 'uid=2; token=50446b79-6f1c-4eb2-9abc-2c19eb7a9159; frontend_language=zh-cn; backend_language=zh-cn; thinkphp_show_page_trace=0|0',
  'accept-language' => 'zh-CN,zh;q=0.9,en;q=0.8',
  'accept-encoding' => 'gzip, deflate',
  'referer' => 'http://dev.sustens.com/',
  'purpose' => 'prefetch',
  'accept' => 'image/avif,image/webp,image/apng,image/svg+xml,image/*,*/*;q=0.8',
  'sec-purpose' => 'prefetch;prerender',
  'user-agent' => 'Mozilla/5.0 (Macintosh; Intel Mac OS X 10_15_7) AppleWebKit/537.36 (KHTML, like Gecko) Chrome/130.0.0.0 Safari/537.36',
  'connection' => 'keep-alive',
  'host' => 'dev.sustens.com',
  'content-length' => '',
  'content-type' => '',
)
[ info ] [ PARAM ] array (
  'images' => 'cbg.jpg',
)
[ info ] [ LOG ] INIT File
---------------------------------------------------------------
[ 2024-11-18T11:04:24+08:00 ] 10.211.55.2 GET dev.sustens.com/addons/ldcms/api.v1/test
[运行时间：0.428845s] [吞吐率：2.33req/s] [内存消耗：681.00kb] [文件加载：171]
[ info ] [ BEHAVIOR ] Run Closure @app_init [ RunTime:0.000022s ]
[ info ] [ CACHE ] INIT File
[ info ] [ DB ] INIT mysql
[ info ] [ BEHAVIOR ] Run \addons\ldcms\Ldcms @app_init [ RunTime:0.012530s ]
[ info ] [ BEHAVIOR ] Run Closure @app_init [ RunTime:0.012583s ]
[ info ] [ BEHAVIOR ] Run app\common\behavior\Common @app_init [ RunTime:0.004073s ]
[ info ] [ LANG ] /var/webstars/sustens/thinkphp/lang/zh-cn.php
[ info ] [ BEHAVIOR ] Run app\common\behavior\Common @app_dispatch [ RunTime:0.000044s ]
[ info ] [ ROUTE ] array (
  'type' => 'method',
  'method' => 
  array (
    0 => '\\think\\addons\\Route',
    1 => 'execute',
  ),
  'var' => 
  array (
  ),
)
[ info ] [ HEADER ] array (
  'cookie' => 'uid=2; token=50446b79-6f1c-4eb2-9abc-2c19eb7a9159; frontend_language=zh-cn; backend_language=zh-cn; thinkphp_show_page_trace=0|0',
  'accept-language' => 'zh-CN,zh;q=0.9,en;q=0.8',
  'accept-encoding' => 'gzip, deflate',
  'accept' => 'text/html,application/xhtml+xml,application/xml;q=0.9,image/avif,image/webp,image/apng,*/*;q=0.8,application/signed-exchange;v=b3;q=0.7',
  'user-agent' => 'Mozilla/5.0 (Macintosh; Intel Mac OS X 10_15_7) AppleWebKit/537.36 (KHTML, like Gecko) Chrome/130.0.0.0 Safari/537.36',
  'upgrade-insecure-requests' => '1',
  'connection' => 'keep-alive',
  'host' => 'dev.sustens.com',
  'content-length' => '',
  'content-type' => '',
)
[ info ] [ PARAM ] array (
  'addon' => 'ldcms',
  'controller' => 'api.v1',
  'action' => 'test',
)
[ info ] [ RUN ] think\addons\Route->execute[ /var/webstars/sustens/vendor/karsonzhang/fastadmin-addons/src/addons/Route.php ]
[ info ] [ LANG ] /var/webstars/sustens/public/../application/common/lang/zh-cn/addon.php
[ info ] [ BEHAVIOR ] Run app\common\behavior\Common @addon_begin [ RunTime:0.000280s ]
[ info ] [ TOKEN ] INIT Mysql
[ info ] [ LANG ] /var/webstars/sustens//addons/ldcms/lang/zh-cn.php
[ info ] [ LOG ] INIT File
---------------------------------------------------------------
[ 2024-11-18T11:04:25+08:00 ] 10.211.55.2 GET dev.sustens.com/favicon.ico
[运行时间：0.080908s] [吞吐率：12.36req/s] [内存消耗：688.21kb] [文件加载：174]
[ info ] [ BEHAVIOR ] Run Closure @app_init [ RunTime:0.000021s ]
[ info ] [ CACHE ] INIT File
[ info ] [ DB ] INIT mysql
[ info ] [ BEHAVIOR ] Run \addons\ldcms\Ldcms @app_init [ RunTime:0.007403s ]
[ info ] [ BEHAVIOR ] Run Closure @app_init [ RunTime:0.007433s ]
[ info ] [ BEHAVIOR ] Run app\common\behavior\Common @app_init [ RunTime:0.000082s ]
[ info ] [ LANG ] /var/webstars/sustens/thinkphp/lang/zh-cn.php
[ info ] [ BEHAVIOR ] Run app\common\behavior\Common @app_dispatch [ RunTime:0.000022s ]
[ info ] [ ROUTE ] array (
  'type' => 'method',
  'method' => 
  array (
    0 => '\\think\\addons\\Route',
    1 => 'execute',
  ),
  'var' => 
  array (
    'addon' => 'ldcms',
    'controller' => 'lists',
    'action' => 'index',
  ),
)
[ info ] [ HEADER ] array (
  'cookie' => 'uid=2; token=50446b79-6f1c-4eb2-9abc-2c19eb7a9159; frontend_language=zh-cn; backend_language=zh-cn; thinkphp_show_page_trace=0|0',
  'accept-language' => 'zh-CN,zh;q=0.9,en;q=0.8',
  'accept-encoding' => 'gzip, deflate',
  'referer' => 'http://dev.sustens.com/addons/ldcms/api.v1/test',
  'accept' => 'image/avif,image/webp,image/apng,image/svg+xml,image/*,*/*;q=0.8',
  'user-agent' => 'Mozilla/5.0 (Macintosh; Intel Mac OS X 10_15_7) AppleWebKit/537.36 (KHTML, like Gecko) Chrome/130.0.0.0 Safari/537.36',
  'connection' => 'keep-alive',
  'host' => 'dev.sustens.com',
  'content-length' => '',
  'content-type' => '',
)
[ info ] [ PARAM ] array (
  'category' => 'favicon.ico',
)
[ info ] [ RUN ] think\addons\Route->execute[ /var/webstars/sustens/vendor/karsonzhang/fastadmin-addons/src/addons/Route.php ]
[ info ] [ LANG ] /var/webstars/sustens/public/../application/common/lang/zh-cn/addon.php
[ info ] [ BEHAVIOR ] Run app\common\behavior\Common @addon_begin [ RunTime:0.000135s ]
[ info ] [ TOKEN ] INIT Mysql
[ info ] [ BEHAVIOR ] Run \addons\ldcms\Ldcms @config_init [ RunTime:0.000049s ]
[ info ] [ LOG ] INIT File
---------------------------------------------------------------
[ 2024-11-18T11:04:52+08:00 ] 10.211.55.2 GET dev.sustens.com/addons/ldcms/api.dimension/test
[运行时间：0.108201s] [吞吐率：9.24req/s] [内存消耗：683.87kb] [文件加载：172]
[ info ] [ BEHAVIOR ] Run Closure @app_init [ RunTime:0.000026s ]
[ info ] [ CACHE ] INIT File
[ info ] [ DB ] INIT mysql
[ info ] [ BEHAVIOR ] Run \addons\ldcms\Ldcms @app_init [ RunTime:0.003875s ]
[ info ] [ BEHAVIOR ] Run Closure @app_init [ RunTime:0.003901s ]
[ info ] [ BEHAVIOR ] Run app\common\behavior\Common @app_init [ RunTime:0.000886s ]
[ info ] [ LANG ] /var/webstars/sustens/thinkphp/lang/zh-cn.php
[ info ] [ BEHAVIOR ] Run app\common\behavior\Common @app_dispatch [ RunTime:0.000022s ]
[ info ] [ ROUTE ] array (
  'type' => 'method',
  'method' => 
  array (
    0 => '\\think\\addons\\Route',
    1 => 'execute',
  ),
  'var' => 
  array (
  ),
)
[ info ] [ HEADER ] array (
  'cookie' => 'uid=2; token=50446b79-6f1c-4eb2-9abc-2c19eb7a9159; frontend_language=zh-cn; backend_language=zh-cn; thinkphp_show_page_trace=0|0',
  'accept-language' => 'zh-CN,zh;q=0.9,en;q=0.8',
  'accept-encoding' => 'gzip, deflate',
  'accept' => 'text/html,application/xhtml+xml,application/xml;q=0.9,image/avif,image/webp,image/apng,*/*;q=0.8,application/signed-exchange;v=b3;q=0.7',
  'user-agent' => 'Mozilla/5.0 (Macintosh; Intel Mac OS X 10_15_7) AppleWebKit/537.36 (KHTML, like Gecko) Chrome/130.0.0.0 Safari/537.36',
  'upgrade-insecure-requests' => '1',
  'connection' => 'keep-alive',
  'host' => 'dev.sustens.com',
  'content-length' => '',
  'content-type' => '',
)
[ info ] [ PARAM ] array (
  'addon' => 'ldcms',
  'controller' => 'api.dimension',
  'action' => 'test',
)
[ info ] [ RUN ] think\addons\Route->execute[ /var/webstars/sustens/vendor/karsonzhang/fastadmin-addons/src/addons/Route.php ]
[ info ] [ LANG ] /var/webstars/sustens/public/../application/common/lang/zh-cn/addon.php
[ info ] [ BEHAVIOR ] Run app\common\behavior\Common @addon_begin [ RunTime:0.000115s ]
[ info ] [ TOKEN ] INIT Mysql
[ info ] [ LANG ] /var/webstars/sustens//addons/ldcms/lang/zh-cn.php
[ info ] [ LOG ] INIT File
---------------------------------------------------------------
[ 2024-11-18T11:06:43+08:00 ] 10.211.55.2 GET dev.sustens.com/
[运行时间：0.802550s] [吞吐率：1.25req/s] [内存消耗：890.48kb] [文件加载：192]
[ info ] [ BEHAVIOR ] Run Closure @app_init [ RunTime:0.000028s ]
[ info ] [ CACHE ] INIT File
[ info ] [ DB ] INIT mysql
[ info ] [ BEHAVIOR ] Run \addons\ldcms\Ldcms @app_init [ RunTime:0.019423s ]
[ info ] [ BEHAVIOR ] Run Closure @app_init [ RunTime:0.019460s ]
[ info ] [ BEHAVIOR ] Run app\common\behavior\Common @app_init [ RunTime:0.002668s ]
[ info ] [ LANG ] /var/webstars/sustens/thinkphp/lang/zh-cn.php
[ info ] [ BEHAVIOR ] Run app\common\behavior\Common @app_dispatch [ RunTime:0.000039s ]
[ info ] [ ROUTE ] array (
  'type' => 'method',
  'method' => 
  array (
    0 => '\\think\\addons\\Route',
    1 => 'execute',
  ),
  'var' => 
  array (
    'addon' => 'ldcms',
    'controller' => 'index',
    'action' => 'index',
  ),
)
[ info ] [ HEADER ] array (
  'cookie' => 'uid=2; token=50446b79-6f1c-4eb2-9abc-2c19eb7a9159; frontend_language=zh-cn; backend_language=zh-cn; thinkphp_show_page_trace=0|0',
  'accept-language' => 'zh-CN,zh;q=0.9,en;q=0.8',
  'accept-encoding' => 'gzip, deflate',
  'accept' => 'text/html,application/xhtml+xml,application/xml;q=0.9,image/avif,image/webp,image/apng,*/*;q=0.8,application/signed-exchange;v=b3;q=0.7',
  'user-agent' => 'Mozilla/5.0 (Macintosh; Intel Mac OS X 10_15_7) AppleWebKit/537.36 (KHTML, like Gecko) Chrome/130.0.0.0 Safari/537.36',
  'upgrade-insecure-requests' => '1',
  'connection' => 'keep-alive',
  'host' => 'dev.sustens.com',
  'content-length' => '',
  'content-type' => '',
)
[ info ] [ PARAM ] array (
)
[ info ] [ RUN ] think\addons\Route->execute[ /var/webstars/sustens/vendor/karsonzhang/fastadmin-addons/src/addons/Route.php ]
[ info ] [ LANG ] /var/webstars/sustens/public/../application/common/lang/zh-cn/addon.php
[ info ] [ BEHAVIOR ] Run app\common\behavior\Common @addon_begin [ RunTime:0.007360s ]
[ info ] [ TOKEN ] INIT Mysql
[ info ] [ BEHAVIOR ] Run \addons\ldcms\Ldcms @config_init [ RunTime:0.000107s ]
[ info ] [ LANG ] /var/webstars/sustens/addons/ldcms/lang/zh-cn.php
[ info ] [ VIEW ] /var/webstars/sustens/addons/ldcms/view/default/index.html [ array (
  0 => 'user',
  1 => 'site',
  2 => 'config',
  3 => 'ld',
  4 => 'topid',
) ]
[ info ] [ LOG ] INIT File
[ error ] [2]foreach() argument must be of type array|object, null given[/var/webstars/sustens/thinkphp/library/think/db/Query.php:746]
[ error ] [2]foreach() argument must be of type array|object, null given[/var/webstars/sustens/thinkphp/library/think/db/Query.php:746]
[ error ] [2]foreach() argument must be of type array|object, null given[/var/webstars/sustens/thinkphp/library/think/db/Query.php:746]
[ error ] [2]foreach() argument must be of type array|object, null given[/var/webstars/sustens/thinkphp/library/think/db/Query.php:746]
[ error ] [2]foreach() argument must be of type array|object, null given[/var/webstars/sustens/thinkphp/library/think/db/Query.php:746]
---------------------------------------------------------------
[ 2024-11-18T11:06:44+08:00 ] 10.211.55.2 GET dev.sustens.com/assets/addons/ldcms/images/cbg.jpg
[运行时间：0.033139s] [吞吐率：30.18req/s] [内存消耗：240.31kb] [文件加载：77]
[ info ] [ BEHAVIOR ] Run Closure @app_init [ RunTime:0.000096s ]
[ info ] [ CACHE ] INIT File
[ info ] [ DB ] INIT mysql
[ info ] [ BEHAVIOR ] Run \addons\ldcms\Ldcms @app_init [ RunTime:0.003974s ]
[ info ] [ BEHAVIOR ] Run Closure @app_init [ RunTime:0.004007s ]
[ info ] [ BEHAVIOR ] Run app\common\behavior\Common @app_init [ RunTime:0.000284s ]
[ info ] [ LANG ] /var/webstars/sustens/thinkphp/lang/zh-cn.php
[ info ] [ BEHAVIOR ] Run app\common\behavior\Common @app_dispatch [ RunTime:0.000027s ]
[ info ] [ ROUTE ] array (
  'type' => 'module',
  'module' => 
  array (
    0 => 'assets',
    1 => 'addons',
    2 => 'ldcms',
  ),
)
[ info ] [ HEADER ] array (
  'cookie' => 'uid=2; token=50446b79-6f1c-4eb2-9abc-2c19eb7a9159; frontend_language=zh-cn; backend_language=zh-cn; thinkphp_show_page_trace=0|0',
  'accept-language' => 'zh-CN,zh;q=0.9,en;q=0.8',
  'accept-encoding' => 'gzip, deflate',
  'referer' => 'http://dev.sustens.com/',
  'accept' => 'image/avif,image/webp,image/apng,image/svg+xml,image/*,*/*;q=0.8',
  'user-agent' => 'Mozilla/5.0 (Macintosh; Intel Mac OS X 10_15_7) AppleWebKit/537.36 (KHTML, like Gecko) Chrome/130.0.0.0 Safari/537.36',
  'connection' => 'keep-alive',
  'host' => 'dev.sustens.com',
  'content-length' => '',
  'content-type' => '',
)
[ info ] [ PARAM ] array (
  'images' => 'cbg.jpg',
)
[ info ] [ LOG ] INIT File
---------------------------------------------------------------
[ 2024-11-18T11:06:58+08:00 ] 10.211.55.2 GET dev.sustens.com/chanpinxilie2/290.html
[运行时间：0.161171s] [吞吐率：6.20req/s] [内存消耗：847.70kb] [文件加载：186]
[ info ] [ BEHAVIOR ] Run Closure @app_init [ RunTime:0.000039s ]
[ info ] [ CACHE ] INIT File
[ info ] [ DB ] INIT mysql
[ info ] [ BEHAVIOR ] Run \addons\ldcms\Ldcms @app_init [ RunTime:0.003043s ]
[ info ] [ BEHAVIOR ] Run Closure @app_init [ RunTime:0.003066s ]
[ info ] [ BEHAVIOR ] Run app\common\behavior\Common @app_init [ RunTime:0.000086s ]
[ info ] [ LANG ] /var/webstars/sustens/thinkphp/lang/zh-cn.php
[ info ] [ BEHAVIOR ] Run app\common\behavior\Common @app_dispatch [ RunTime:0.000016s ]
[ info ] [ ROUTE ] array (
  'type' => 'method',
  'method' => 
  array (
    0 => '\\think\\addons\\Route',
    1 => 'execute',
  ),
  'var' => 
  array (
    'addon' => 'ldcms',
    'controller' => 'detail',
    'action' => 'index',
  ),
)
[ info ] [ HEADER ] array (
  'cookie' => 'uid=2; token=50446b79-6f1c-4eb2-9abc-2c19eb7a9159; frontend_language=zh-cn; backend_language=zh-cn; thinkphp_show_page_trace=0|0',
  'accept-language' => 'zh-CN,zh;q=0.9,en;q=0.8',
  'accept-encoding' => 'gzip, deflate',
  'referer' => 'http://dev.sustens.com/',
  'accept' => 'text/html,application/xhtml+xml,application/xml;q=0.9,image/avif,image/webp,image/apng,*/*;q=0.8,application/signed-exchange;v=b3;q=0.7',
  'user-agent' => 'Mozilla/5.0 (Macintosh; Intel Mac OS X 10_15_7) AppleWebKit/537.36 (KHTML, like Gecko) Chrome/130.0.0.0 Safari/537.36',
  'upgrade-insecure-requests' => '1',
  'connection' => 'keep-alive',
  'host' => 'dev.sustens.com',
  'content-length' => '',
  'content-type' => '',
)
[ info ] [ PARAM ] array (
  'category' => 'chanpinxilie2',
  'id' => '290',
)
[ info ] [ RUN ] think\addons\Route->execute[ /var/webstars/sustens/vendor/karsonzhang/fastadmin-addons/src/addons/Route.php ]
[ info ] [ LANG ] /var/webstars/sustens/public/../application/common/lang/zh-cn/addon.php
[ info ] [ BEHAVIOR ] Run app\common\behavior\Common @addon_begin [ RunTime:0.000155s ]
[ info ] [ TOKEN ] INIT Mysql
[ info ] [ BEHAVIOR ] Run \addons\ldcms\Ldcms @config_init [ RunTime:0.000030s ]
[ info ] [ LANG ] /var/webstars/sustens/addons/ldcms/lang/zh-cn.php
[ info ] [ VIEW ] /var/webstars/sustens/addons/ldcms/view/default/detail_product.html [ array (
  0 => 'user',
  1 => 'site',
  2 => 'config',
  3 => 'category',
  4 => 'parentsid',
  5 => 'childids',
  6 => 'ld',
  7 => 'topid',
  8 => 'content',
) ]
[ info ] [ LOG ] INIT File
---------------------------------------------------------------
[ 2024-11-18T11:07:09+08:00 ] 10.211.55.2 GET dev.sustens.com/chanpinxilie2/287.html
[运行时间：0.149033s] [吞吐率：6.71req/s] [内存消耗：812.59kb] [文件加载：182]
[ info ] [ BEHAVIOR ] Run Closure @app_init [ RunTime:0.000031s ]
[ info ] [ CACHE ] INIT File
[ info ] [ DB ] INIT mysql
[ info ] [ BEHAVIOR ] Run \addons\ldcms\Ldcms @app_init [ RunTime:0.005261s ]
[ info ] [ BEHAVIOR ] Run Closure @app_init [ RunTime:0.005300s ]
[ info ] [ BEHAVIOR ] Run app\common\behavior\Common @app_init [ RunTime:0.000096s ]
[ info ] [ LANG ] /var/webstars/sustens/thinkphp/lang/zh-cn.php
[ info ] [ BEHAVIOR ] Run app\common\behavior\Common @app_dispatch [ RunTime:0.000022s ]
[ info ] [ ROUTE ] array (
  'type' => 'method',
  'method' => 
  array (
    0 => '\\think\\addons\\Route',
    1 => 'execute',
  ),
  'var' => 
  array (
    'addon' => 'ldcms',
    'controller' => 'detail',
    'action' => 'index',
  ),
)
[ info ] [ HEADER ] array (
  'cookie' => 'thinkphp_show_page_trace=0|0; uid=2; token=50446b79-6f1c-4eb2-9abc-2c19eb7a9159; frontend_language=zh-cn; backend_language=zh-cn; thinkphp_show_page_trace=0|0',
  'accept-language' => 'zh-CN,zh;q=0.9,en;q=0.8',
  'accept-encoding' => 'gzip, deflate',
  'referer' => 'http://dev.sustens.com/chanpinxilie2/290.html',
  'accept' => 'text/html,application/xhtml+xml,application/xml;q=0.9,image/avif,image/webp,image/apng,*/*;q=0.8,application/signed-exchange;v=b3;q=0.7',
  'user-agent' => 'Mozilla/5.0 (Macintosh; Intel Mac OS X 10_15_7) AppleWebKit/537.36 (KHTML, like Gecko) Chrome/130.0.0.0 Safari/537.36',
  'upgrade-insecure-requests' => '1',
  'connection' => 'keep-alive',
  'host' => 'dev.sustens.com',
  'content-length' => '',
  'content-type' => '',
)
[ info ] [ PARAM ] array (
  'category' => 'chanpinxilie2',
  'id' => '287',
)
[ info ] [ RUN ] think\addons\Route->execute[ /var/webstars/sustens/vendor/karsonzhang/fastadmin-addons/src/addons/Route.php ]
[ info ] [ LANG ] /var/webstars/sustens/public/../application/common/lang/zh-cn/addon.php
[ info ] [ BEHAVIOR ] Run app\common\behavior\Common @addon_begin [ RunTime:0.000114s ]
[ info ] [ TOKEN ] INIT Mysql
[ info ] [ BEHAVIOR ] Run \addons\ldcms\Ldcms @config_init [ RunTime:0.000053s ]
[ info ] [ LANG ] /var/webstars/sustens/addons/ldcms/lang/zh-cn.php
[ info ] [ VIEW ] /var/webstars/sustens/addons/ldcms/view/default/detail_product.html [ array (
  0 => 'user',
  1 => 'site',
  2 => 'config',
  3 => 'category',
  4 => 'parentsid',
  5 => 'childids',
  6 => 'ld',
  7 => 'topid',
  8 => 'content',
) ]
[ info ] [ LOG ] INIT File
---------------------------------------------------------------
[ 2024-11-18T11:07:13+08:00 ] 10.211.55.2 GET dev.sustens.com/chanpinxilie2/284.html
[运行时间：0.157367s] [吞吐率：6.35req/s] [内存消耗：811.81kb] [文件加载：182]
[ info ] [ BEHAVIOR ] Run Closure @app_init [ RunTime:0.000023s ]
[ info ] [ CACHE ] INIT File
[ info ] [ DB ] INIT mysql
[ info ] [ BEHAVIOR ] Run \addons\ldcms\Ldcms @app_init [ RunTime:0.008141s ]
[ info ] [ BEHAVIOR ] Run Closure @app_init [ RunTime:0.008164s ]
[ info ] [ BEHAVIOR ] Run app\common\behavior\Common @app_init [ RunTime:0.000084s ]
[ info ] [ LANG ] /var/webstars/sustens/thinkphp/lang/zh-cn.php
[ info ] [ BEHAVIOR ] Run app\common\behavior\Common @app_dispatch [ RunTime:0.000016s ]
[ info ] [ ROUTE ] array (
  'type' => 'method',
  'method' => 
  array (
    0 => '\\think\\addons\\Route',
    1 => 'execute',
  ),
  'var' => 
  array (
    'addon' => 'ldcms',
    'controller' => 'detail',
    'action' => 'index',
  ),
)
[ info ] [ HEADER ] array (
  'cookie' => 'thinkphp_show_page_trace=0|0; uid=2; token=50446b79-6f1c-4eb2-9abc-2c19eb7a9159; frontend_language=zh-cn; backend_language=zh-cn; thinkphp_show_page_trace=0|0',
  'accept-language' => 'zh-CN,zh;q=0.9,en;q=0.8',
  'accept-encoding' => 'gzip, deflate',
  'referer' => 'http://dev.sustens.com/chanpinxilie2/287.html',
  'accept' => 'text/html,application/xhtml+xml,application/xml;q=0.9,image/avif,image/webp,image/apng,*/*;q=0.8,application/signed-exchange;v=b3;q=0.7',
  'user-agent' => 'Mozilla/5.0 (Macintosh; Intel Mac OS X 10_15_7) AppleWebKit/537.36 (KHTML, like Gecko) Chrome/130.0.0.0 Safari/537.36',
  'upgrade-insecure-requests' => '1',
  'connection' => 'keep-alive',
  'host' => 'dev.sustens.com',
  'content-length' => '',
  'content-type' => '',
)
[ info ] [ PARAM ] array (
  'category' => 'chanpinxilie2',
  'id' => '284',
)
[ info ] [ RUN ] think\addons\Route->execute[ /var/webstars/sustens/vendor/karsonzhang/fastadmin-addons/src/addons/Route.php ]
[ info ] [ LANG ] /var/webstars/sustens/public/../application/common/lang/zh-cn/addon.php
[ info ] [ BEHAVIOR ] Run app\common\behavior\Common @addon_begin [ RunTime:0.000192s ]
[ info ] [ TOKEN ] INIT Mysql
[ info ] [ BEHAVIOR ] Run \addons\ldcms\Ldcms @config_init [ RunTime:0.000047s ]
[ info ] [ LANG ] /var/webstars/sustens/addons/ldcms/lang/zh-cn.php
[ info ] [ VIEW ] /var/webstars/sustens/addons/ldcms/view/default/detail_product.html [ array (
  0 => 'user',
  1 => 'site',
  2 => 'config',
  3 => 'category',
  4 => 'parentsid',
  5 => 'childids',
  6 => 'ld',
  7 => 'topid',
  8 => 'content',
) ]
[ info ] [ LOG ] INIT File
---------------------------------------------------------------
[ 2024-11-18T11:08:39+08:00 ] 10.211.55.2 GET dev.sustens.com/lianxiwomen.html
[运行时间：1.287201s] [吞吐率：0.78req/s] [内存消耗：796.36kb] [文件加载：181]
[ info ] [ BEHAVIOR ] Run Closure @app_init [ RunTime:0.000026s ]
[ info ] [ CACHE ] INIT File
[ info ] [ DB ] INIT mysql
[ info ] [ BEHAVIOR ] Run \addons\ldcms\Ldcms @app_init [ RunTime:0.294512s ]
[ info ] [ BEHAVIOR ] Run Closure @app_init [ RunTime:0.294713s ]
[ info ] [ BEHAVIOR ] Run app\common\behavior\Common @app_init [ RunTime:0.009753s ]
[ info ] [ LANG ] /var/webstars/sustens/thinkphp/lang/zh-cn.php
[ info ] [ BEHAVIOR ] Run app\common\behavior\Common @app_dispatch [ RunTime:0.000053s ]
[ info ] [ ROUTE ] array (
  'type' => 'method',
  'method' => 
  array (
    0 => '\\think\\addons\\Route',
    1 => 'execute',
  ),
  'var' => 
  array (
    'addon' => 'ldcms',
    'controller' => 'lists',
    'action' => 'index',
  ),
)
[ info ] [ HEADER ] array (
  'cookie' => 'uid=2; token=50446b79-6f1c-4eb2-9abc-2c19eb7a9159; frontend_language=zh-cn; backend_language=zh-cn; thinkphp_show_page_trace=0|0',
  'accept-language' => 'zh-CN,zh;q=0.9,en;q=0.8',
  'accept-encoding' => 'gzip, deflate',
  'referer' => 'http://dev.sustens.com/chanpinxilie2/284.html',
  'accept' => 'text/html,application/xhtml+xml,application/xml;q=0.9,image/avif,image/webp,image/apng,*/*;q=0.8,application/signed-exchange;v=b3;q=0.7',
  'user-agent' => 'Mozilla/5.0 (Macintosh; Intel Mac OS X 10_15_7) AppleWebKit/537.36 (KHTML, like Gecko) Chrome/130.0.0.0 Safari/537.36',
  'upgrade-insecure-requests' => '1',
  'connection' => 'keep-alive',
  'host' => 'dev.sustens.com',
  'content-length' => '',
  'content-type' => '',
)
[ info ] [ PARAM ] array (
  'category' => 'lianxiwomen',
)
[ info ] [ RUN ] think\addons\Route->execute[ /var/webstars/sustens/vendor/karsonzhang/fastadmin-addons/src/addons/Route.php ]
[ info ] [ LANG ] /var/webstars/sustens/public/../application/common/lang/zh-cn/addon.php
[ info ] [ BEHAVIOR ] Run app\common\behavior\Common @addon_begin [ RunTime:0.004872s ]
[ info ] [ TOKEN ] INIT Mysql
[ info ] [ BEHAVIOR ] Run \addons\ldcms\Ldcms @config_init [ RunTime:0.000070s ]
[ info ] [ LANG ] /var/webstars/sustens/addons/ldcms/lang/zh-cn.php
[ info ] [ VIEW ] /var/webstars/sustens/addons/ldcms/view/default/detail_page.html [ array (
  0 => 'user',
  1 => 'site',
  2 => 'config',
  3 => 'category',
  4 => 'parentsid',
  5 => 'childids',
  6 => 'content',
  7 => 'ld',
  8 => 'topid',
) ]
[ info ] [ LOG ] INIT File
---------------------------------------------------------------
[ 2024-11-18T11:10:32+08:00 ] 10.211.55.2 GET dev.sustens.com/
[运行时间：0.612323s] [吞吐率：1.63req/s] [内存消耗：890.83kb] [文件加载：192]
[ info ] [ BEHAVIOR ] Run Closure @app_init [ RunTime:0.000036s ]
[ info ] [ CACHE ] INIT File
[ info ] [ DB ] INIT mysql
[ info ] [ BEHAVIOR ] Run \addons\ldcms\Ldcms @app_init [ RunTime:0.032509s ]
[ info ] [ BEHAVIOR ] Run Closure @app_init [ RunTime:0.032534s ]
[ info ] [ BEHAVIOR ] Run app\common\behavior\Common @app_init [ RunTime:0.002110s ]
[ info ] [ LANG ] /var/webstars/sustens/thinkphp/lang/zh-cn.php
[ info ] [ BEHAVIOR ] Run app\common\behavior\Common @app_dispatch [ RunTime:0.000033s ]
[ info ] [ ROUTE ] array (
  'type' => 'method',
  'method' => 
  array (
    0 => '\\think\\addons\\Route',
    1 => 'execute',
  ),
  'var' => 
  array (
    'addon' => 'ldcms',
    'controller' => 'index',
    'action' => 'index',
  ),
)
[ info ] [ HEADER ] array (
  'cookie' => 'uid=2; token=50446b79-6f1c-4eb2-9abc-2c19eb7a9159; frontend_language=zh-cn; backend_language=zh-cn; thinkphp_show_page_trace=0|0',
  'accept-language' => 'zh-CN,zh;q=0.9,en;q=0.8',
  'accept-encoding' => 'gzip, deflate',
  'referer' => 'http://dev.sustens.com/lianxiwomen.html',
  'accept' => 'text/html,application/xhtml+xml,application/xml;q=0.9,image/avif,image/webp,image/apng,*/*;q=0.8,application/signed-exchange;v=b3;q=0.7',
  'user-agent' => 'Mozilla/5.0 (Macintosh; Intel Mac OS X 10_15_7) AppleWebKit/537.36 (KHTML, like Gecko) Chrome/130.0.0.0 Safari/537.36',
  'upgrade-insecure-requests' => '1',
  'connection' => 'keep-alive',
  'host' => 'dev.sustens.com',
  'content-length' => '',
  'content-type' => '',
)
[ info ] [ PARAM ] array (
)
[ info ] [ RUN ] think\addons\Route->execute[ /var/webstars/sustens/vendor/karsonzhang/fastadmin-addons/src/addons/Route.php ]
[ info ] [ LANG ] /var/webstars/sustens/public/../application/common/lang/zh-cn/addon.php
[ info ] [ BEHAVIOR ] Run app\common\behavior\Common @addon_begin [ RunTime:0.006434s ]
[ info ] [ TOKEN ] INIT Mysql
[ info ] [ BEHAVIOR ] Run \addons\ldcms\Ldcms @config_init [ RunTime:0.000048s ]
[ info ] [ LANG ] /var/webstars/sustens/addons/ldcms/lang/zh-cn.php
[ info ] [ VIEW ] /var/webstars/sustens/addons/ldcms/view/default/index.html [ array (
  0 => 'user',
  1 => 'site',
  2 => 'config',
  3 => 'ld',
  4 => 'topid',
) ]
[ info ] [ LOG ] INIT File
[ error ] [2]foreach() argument must be of type array|object, null given[/var/webstars/sustens/thinkphp/library/think/db/Query.php:746]
[ error ] [2]foreach() argument must be of type array|object, null given[/var/webstars/sustens/thinkphp/library/think/db/Query.php:746]
[ error ] [2]foreach() argument must be of type array|object, null given[/var/webstars/sustens/thinkphp/library/think/db/Query.php:746]
[ error ] [2]foreach() argument must be of type array|object, null given[/var/webstars/sustens/thinkphp/library/think/db/Query.php:746]
[ error ] [2]foreach() argument must be of type array|object, null given[/var/webstars/sustens/thinkphp/library/think/db/Query.php:746]
---------------------------------------------------------------
[ 2024-11-18T11:10:32+08:00 ] 10.211.55.2 GET dev.sustens.com/assets/addons/ldcms/images/cbg.jpg
[运行时间：0.111970s] [吞吐率：8.93req/s] [内存消耗：240.31kb] [文件加载：77]
[ info ] [ BEHAVIOR ] Run Closure @app_init [ RunTime:0.000019s ]
[ info ] [ CACHE ] INIT File
[ info ] [ DB ] INIT mysql
[ info ] [ BEHAVIOR ] Run \addons\ldcms\Ldcms @app_init [ RunTime:0.002333s ]
[ info ] [ BEHAVIOR ] Run Closure @app_init [ RunTime:0.002357s ]
[ info ] [ BEHAVIOR ] Run app\common\behavior\Common @app_init [ RunTime:0.000058s ]
[ info ] [ LANG ] /var/webstars/sustens/thinkphp/lang/zh-cn.php
[ info ] [ BEHAVIOR ] Run app\common\behavior\Common @app_dispatch [ RunTime:0.000018s ]
[ info ] [ ROUTE ] array (
  'type' => 'module',
  'module' => 
  array (
    0 => 'assets',
    1 => 'addons',
    2 => 'ldcms',
  ),
)
[ info ] [ HEADER ] array (
  'cookie' => 'uid=2; token=50446b79-6f1c-4eb2-9abc-2c19eb7a9159; frontend_language=zh-cn; backend_language=zh-cn; thinkphp_show_page_trace=0|0',
  'accept-language' => 'zh-CN,zh;q=0.9,en;q=0.8',
  'accept-encoding' => 'gzip, deflate',
  'referer' => 'http://dev.sustens.com/',
  'accept' => 'image/avif,image/webp,image/apng,image/svg+xml,image/*,*/*;q=0.8',
  'user-agent' => 'Mozilla/5.0 (Macintosh; Intel Mac OS X 10_15_7) AppleWebKit/537.36 (KHTML, like Gecko) Chrome/130.0.0.0 Safari/537.36',
  'connection' => 'keep-alive',
  'host' => 'dev.sustens.com',
  'content-length' => '',
  'content-type' => '',
)
[ info ] [ PARAM ] array (
  'images' => 'cbg.jpg',
)
[ info ] [ LOG ] INIT File
---------------------------------------------------------------
[ 2024-11-18T11:11:39+08:00 ] 10.211.55.2 GET dev.sustens.com/anlizhanshi.html
[运行时间：0.498977s] [吞吐率：2.00req/s] [内存消耗：822.91kb] [文件加载：185]
[ info ] [ BEHAVIOR ] Run Closure @app_init [ RunTime:0.000022s ]
[ info ] [ CACHE ] INIT File
[ info ] [ DB ] INIT mysql
[ info ] [ BEHAVIOR ] Run \addons\ldcms\Ldcms @app_init [ RunTime:0.020492s ]
[ info ] [ BEHAVIOR ] Run Closure @app_init [ RunTime:0.020513s ]
[ info ] [ BEHAVIOR ] Run app\common\behavior\Common @app_init [ RunTime:0.001698s ]
[ info ] [ LANG ] /var/webstars/sustens/thinkphp/lang/zh-cn.php
[ info ] [ BEHAVIOR ] Run app\common\behavior\Common @app_dispatch [ RunTime:0.000026s ]
[ info ] [ ROUTE ] array (
  'type' => 'method',
  'method' => 
  array (
    0 => '\\think\\addons\\Route',
    1 => 'execute',
  ),
  'var' => 
  array (
    'addon' => 'ldcms',
    'controller' => 'lists',
    'action' => 'index',
  ),
)
[ info ] [ HEADER ] array (
  'cookie' => 'uid=2; token=50446b79-6f1c-4eb2-9abc-2c19eb7a9159; frontend_language=zh-cn; backend_language=zh-cn; thinkphp_show_page_trace=0|0',
  'accept-language' => 'zh-CN,zh;q=0.9,en;q=0.8',
  'accept-encoding' => 'gzip, deflate',
  'referer' => 'http://dev.sustens.com/',
  'accept' => 'text/html,application/xhtml+xml,application/xml;q=0.9,image/avif,image/webp,image/apng,*/*;q=0.8,application/signed-exchange;v=b3;q=0.7',
  'user-agent' => 'Mozilla/5.0 (Macintosh; Intel Mac OS X 10_15_7) AppleWebKit/537.36 (KHTML, like Gecko) Chrome/130.0.0.0 Safari/537.36',
  'upgrade-insecure-requests' => '1',
  'connection' => 'keep-alive',
  'host' => 'dev.sustens.com',
  'content-length' => '',
  'content-type' => '',
)
[ info ] [ PARAM ] array (
  'category' => 'anlizhanshi',
)
[ info ] [ RUN ] think\addons\Route->execute[ /var/webstars/sustens/vendor/karsonzhang/fastadmin-addons/src/addons/Route.php ]
[ info ] [ LANG ] /var/webstars/sustens/public/../application/common/lang/zh-cn/addon.php
[ info ] [ BEHAVIOR ] Run app\common\behavior\Common @addon_begin [ RunTime:0.003614s ]
[ info ] [ TOKEN ] INIT Mysql
[ info ] [ BEHAVIOR ] Run \addons\ldcms\Ldcms @config_init [ RunTime:0.000056s ]
[ info ] [ LANG ] /var/webstars/sustens/addons/ldcms/lang/zh-cn.php
[ info ] [ VIEW ] /var/webstars/sustens/addons/ldcms/view/default/list_case.html [ array (
  0 => 'user',
  1 => 'site',
  2 => 'config',
  3 => 'category',
  4 => 'parentsid',
  5 => 'childids',
  6 => 'ld',
  7 => 'topid',
) ]
[ info ] [ LOG ] INIT File
---------------------------------------------------------------
[ 2024-11-18T11:11:50+08:00 ] 10.211.55.2 GET dev.sustens.com/chanpinxilie2.html
[运行时间：0.119742s] [吞吐率：8.35req/s] [内存消耗：965.38kb] [文件加载：191]
[ info ] [ BEHAVIOR ] Run Closure @app_init [ RunTime:0.000018s ]
[ info ] [ CACHE ] INIT File
[ info ] [ DB ] INIT mysql
[ info ] [ BEHAVIOR ] Run \addons\ldcms\Ldcms @app_init [ RunTime:0.003042s ]
[ info ] [ BEHAVIOR ] Run Closure @app_init [ RunTime:0.003065s ]
[ info ] [ BEHAVIOR ] Run app\common\behavior\Common @app_init [ RunTime:0.000069s ]
[ info ] [ LANG ] /var/webstars/sustens/thinkphp/lang/zh-cn.php
[ info ] [ BEHAVIOR ] Run app\common\behavior\Common @app_dispatch [ RunTime:0.000016s ]
[ info ] [ ROUTE ] array (
  'type' => 'method',
  'method' => 
  array (
    0 => '\\think\\addons\\Route',
    1 => 'execute',
  ),
  'var' => 
  array (
    'addon' => 'ldcms',
    'controller' => 'lists',
    'action' => 'index',
  ),
)
[ info ] [ HEADER ] array (
  'cookie' => 'uid=2; token=50446b79-6f1c-4eb2-9abc-2c19eb7a9159; frontend_language=zh-cn; backend_language=zh-cn; thinkphp_show_page_trace=0|0',
  'accept-language' => 'zh-CN,zh;q=0.9,en;q=0.8',
  'accept-encoding' => 'gzip, deflate',
  'referer' => 'http://dev.sustens.com/anlizhanshi.html',
  'accept' => 'text/html,application/xhtml+xml,application/xml;q=0.9,image/avif,image/webp,image/apng,*/*;q=0.8,application/signed-exchange;v=b3;q=0.7',
  'user-agent' => 'Mozilla/5.0 (Macintosh; Intel Mac OS X 10_15_7) AppleWebKit/537.36 (KHTML, like Gecko) Chrome/130.0.0.0 Safari/537.36',
  'upgrade-insecure-requests' => '1',
  'connection' => 'keep-alive',
  'host' => 'dev.sustens.com',
  'content-length' => '',
  'content-type' => '',
)
[ info ] [ PARAM ] array (
  'category' => 'chanpinxilie2',
)
[ info ] [ RUN ] think\addons\Route->execute[ /var/webstars/sustens/vendor/karsonzhang/fastadmin-addons/src/addons/Route.php ]
[ info ] [ LANG ] /var/webstars/sustens/public/../application/common/lang/zh-cn/addon.php
[ info ] [ BEHAVIOR ] Run app\common\behavior\Common @addon_begin [ RunTime:0.000120s ]
[ info ] [ TOKEN ] INIT Mysql
[ info ] [ BEHAVIOR ] Run \addons\ldcms\Ldcms @config_init [ RunTime:0.000035s ]
[ info ] [ LANG ] /var/webstars/sustens/addons/ldcms/lang/zh-cn.php
[ info ] [ VIEW ] /var/webstars/sustens/addons/ldcms/view/default/list_product.html [ array (
  0 => 'user',
  1 => 'site',
  2 => 'config',
  3 => 'category',
  4 => 'parentsid',
  5 => 'childids',
  6 => 'ld',
  7 => 'topid',
) ]
[ info ] [ LOG ] INIT File
---------------------------------------------------------------
[ 2024-11-18T11:11:52+08:00 ] 10.211.55.2 GET dev.sustens.com/chanpinxilie1.html
[运行时间：0.117732s] [吞吐率：8.49req/s] [内存消耗：843.55kb] [文件加载：187]
[ info ] [ BEHAVIOR ] Run Closure @app_init [ RunTime:0.000053s ]
[ info ] [ CACHE ] INIT File
[ info ] [ DB ] INIT mysql
[ info ] [ BEHAVIOR ] Run \addons\ldcms\Ldcms @app_init [ RunTime:0.009413s ]
[ info ] [ BEHAVIOR ] Run Closure @app_init [ RunTime:0.009438s ]
[ info ] [ BEHAVIOR ] Run app\common\behavior\Common @app_init [ RunTime:0.000066s ]
[ info ] [ LANG ] /var/webstars/sustens/thinkphp/lang/zh-cn.php
[ info ] [ BEHAVIOR ] Run app\common\behavior\Common @app_dispatch [ RunTime:0.000018s ]
[ info ] [ ROUTE ] array (
  'type' => 'method',
  'method' => 
  array (
    0 => '\\think\\addons\\Route',
    1 => 'execute',
  ),
  'var' => 
  array (
    'addon' => 'ldcms',
    'controller' => 'lists',
    'action' => 'index',
  ),
)
[ info ] [ HEADER ] array (
  'cookie' => 'uid=2; token=50446b79-6f1c-4eb2-9abc-2c19eb7a9159; frontend_language=zh-cn; backend_language=zh-cn; thinkphp_show_page_trace=0|0',
  'accept-language' => 'zh-CN,zh;q=0.9,en;q=0.8',
  'accept-encoding' => 'gzip, deflate',
  'referer' => 'http://dev.sustens.com/chanpinxilie2.html',
  'accept' => 'text/html,application/xhtml+xml,application/xml;q=0.9,image/avif,image/webp,image/apng,*/*;q=0.8,application/signed-exchange;v=b3;q=0.7',
  'user-agent' => 'Mozilla/5.0 (Macintosh; Intel Mac OS X 10_15_7) AppleWebKit/537.36 (KHTML, like Gecko) Chrome/130.0.0.0 Safari/537.36',
  'upgrade-insecure-requests' => '1',
  'connection' => 'keep-alive',
  'host' => 'dev.sustens.com',
  'content-length' => '',
  'content-type' => '',
)
[ info ] [ PARAM ] array (
  'category' => 'chanpinxilie1',
)
[ info ] [ RUN ] think\addons\Route->execute[ /var/webstars/sustens/vendor/karsonzhang/fastadmin-addons/src/addons/Route.php ]
[ info ] [ LANG ] /var/webstars/sustens/public/../application/common/lang/zh-cn/addon.php
[ info ] [ BEHAVIOR ] Run app\common\behavior\Common @addon_begin [ RunTime:0.000156s ]
[ info ] [ TOKEN ] INIT Mysql
[ info ] [ BEHAVIOR ] Run \addons\ldcms\Ldcms @config_init [ RunTime:0.000040s ]
[ info ] [ LANG ] /var/webstars/sustens/addons/ldcms/lang/zh-cn.php
[ info ] [ VIEW ] /var/webstars/sustens/addons/ldcms/view/default/list_product.html [ array (
  0 => 'user',
  1 => 'site',
  2 => 'config',
  3 => 'category',
  4 => 'parentsid',
  5 => 'childids',
  6 => 'ld',
  7 => 'topid',
) ]
[ info ] [ LOG ] INIT File
---------------------------------------------------------------
[ 2024-11-18T11:11:55+08:00 ] 10.211.55.2 GET dev.sustens.com/chanpinxilie1.html?color=3
[运行时间：0.131584s] [吞吐率：7.60req/s] [内存消耗：842.84kb] [文件加载：187]
[ info ] [ BEHAVIOR ] Run Closure @app_init [ RunTime:0.000027s ]
[ info ] [ CACHE ] INIT File
[ info ] [ DB ] INIT mysql
[ info ] [ BEHAVIOR ] Run \addons\ldcms\Ldcms @app_init [ RunTime:0.002955s ]
[ info ] [ BEHAVIOR ] Run Closure @app_init [ RunTime:0.002988s ]
[ info ] [ BEHAVIOR ] Run app\common\behavior\Common @app_init [ RunTime:0.000092s ]
[ info ] [ LANG ] /var/webstars/sustens/thinkphp/lang/zh-cn.php
[ info ] [ BEHAVIOR ] Run app\common\behavior\Common @app_dispatch [ RunTime:0.000133s ]
[ info ] [ ROUTE ] array (
  'type' => 'method',
  'method' => 
  array (
    0 => '\\think\\addons\\Route',
    1 => 'execute',
  ),
  'var' => 
  array (
    'addon' => 'ldcms',
    'controller' => 'lists',
    'action' => 'index',
  ),
)
[ info ] [ HEADER ] array (
  'cookie' => 'uid=2; token=50446b79-6f1c-4eb2-9abc-2c19eb7a9159; frontend_language=zh-cn; backend_language=zh-cn; thinkphp_show_page_trace=0|0',
  'accept-language' => 'zh-CN,zh;q=0.9,en;q=0.8',
  'accept-encoding' => 'gzip, deflate',
  'referer' => 'http://dev.sustens.com/chanpinxilie1.html',
  'accept' => 'text/html,application/xhtml+xml,application/xml;q=0.9,image/avif,image/webp,image/apng,*/*;q=0.8,application/signed-exchange;v=b3;q=0.7',
  'user-agent' => 'Mozilla/5.0 (Macintosh; Intel Mac OS X 10_15_7) AppleWebKit/537.36 (KHTML, like Gecko) Chrome/130.0.0.0 Safari/537.36',
  'upgrade-insecure-requests' => '1',
  'connection' => 'keep-alive',
  'host' => 'dev.sustens.com',
  'content-length' => '',
  'content-type' => '',
)
[ info ] [ PARAM ] array (
  'color' => '3',
  'category' => 'chanpinxilie1',
)
[ info ] [ RUN ] think\addons\Route->execute[ /var/webstars/sustens/vendor/karsonzhang/fastadmin-addons/src/addons/Route.php ]
[ info ] [ LANG ] /var/webstars/sustens/public/../application/common/lang/zh-cn/addon.php
[ info ] [ BEHAVIOR ] Run app\common\behavior\Common @addon_begin [ RunTime:0.000159s ]
[ info ] [ TOKEN ] INIT Mysql
[ info ] [ BEHAVIOR ] Run \addons\ldcms\Ldcms @config_init [ RunTime:0.000052s ]
[ info ] [ LANG ] /var/webstars/sustens/addons/ldcms/lang/zh-cn.php
[ info ] [ VIEW ] /var/webstars/sustens/addons/ldcms/view/default/list_product.html [ array (
  0 => 'user',
  1 => 'site',
  2 => 'config',
  3 => 'category',
  4 => 'parentsid',
  5 => 'childids',
  6 => 'ld',
  7 => 'topid',
) ]
[ info ] [ LOG ] INIT File
---------------------------------------------------------------
[ 2024-11-18T11:11:58+08:00 ] 10.211.55.2 GET dev.sustens.com/chanpinxilie1.html?color=3&types=2
[运行时间：0.198578s] [吞吐率：5.04req/s] [内存消耗：842.89kb] [文件加载：187]
[ info ] [ BEHAVIOR ] Run Closure @app_init [ RunTime:0.000019s ]
[ info ] [ CACHE ] INIT File
[ info ] [ DB ] INIT mysql
[ info ] [ BEHAVIOR ] Run \addons\ldcms\Ldcms @app_init [ RunTime:0.002798s ]
[ info ] [ BEHAVIOR ] Run Closure @app_init [ RunTime:0.002819s ]
[ info ] [ BEHAVIOR ] Run app\common\behavior\Common @app_init [ RunTime:0.000216s ]
[ info ] [ LANG ] /var/webstars/sustens/thinkphp/lang/zh-cn.php
[ info ] [ BEHAVIOR ] Run app\common\behavior\Common @app_dispatch [ RunTime:0.000019s ]
[ info ] [ ROUTE ] array (
  'type' => 'method',
  'method' => 
  array (
    0 => '\\think\\addons\\Route',
    1 => 'execute',
  ),
  'var' => 
  array (
    'addon' => 'ldcms',
    'controller' => 'lists',
    'action' => 'index',
  ),
)
[ info ] [ HEADER ] array (
  'cookie' => 'uid=2; token=50446b79-6f1c-4eb2-9abc-2c19eb7a9159; frontend_language=zh-cn; backend_language=zh-cn; thinkphp_show_page_trace=0|0',
  'accept-language' => 'zh-CN,zh;q=0.9,en;q=0.8',
  'accept-encoding' => 'gzip, deflate',
  'referer' => 'http://dev.sustens.com/chanpinxilie1.html?color=3',
  'accept' => 'text/html,application/xhtml+xml,application/xml;q=0.9,image/avif,image/webp,image/apng,*/*;q=0.8,application/signed-exchange;v=b3;q=0.7',
  'user-agent' => 'Mozilla/5.0 (Macintosh; Intel Mac OS X 10_15_7) AppleWebKit/537.36 (KHTML, like Gecko) Chrome/130.0.0.0 Safari/537.36',
  'upgrade-insecure-requests' => '1',
  'connection' => 'keep-alive',
  'host' => 'dev.sustens.com',
  'content-length' => '',
  'content-type' => '',
)
[ info ] [ PARAM ] array (
  'color' => '3',
  'types' => '2',
  'category' => 'chanpinxilie1',
)
[ info ] [ RUN ] think\addons\Route->execute[ /var/webstars/sustens/vendor/karsonzhang/fastadmin-addons/src/addons/Route.php ]
[ info ] [ LANG ] /var/webstars/sustens/public/../application/common/lang/zh-cn/addon.php
[ info ] [ BEHAVIOR ] Run app\common\behavior\Common @addon_begin [ RunTime:0.000104s ]
[ info ] [ TOKEN ] INIT Mysql
[ info ] [ BEHAVIOR ] Run \addons\ldcms\Ldcms @config_init [ RunTime:0.000049s ]
[ info ] [ LANG ] /var/webstars/sustens/addons/ldcms/lang/zh-cn.php
[ info ] [ VIEW ] /var/webstars/sustens/addons/ldcms/view/default/list_product.html [ array (
  0 => 'user',
  1 => 'site',
  2 => 'config',
  3 => 'category',
  4 => 'parentsid',
  5 => 'childids',
  6 => 'ld',
  7 => 'topid',
) ]
[ info ] [ LOG ] INIT File
---------------------------------------------------------------
[ 2024-11-18T11:12:03+08:00 ] 10.211.55.2 GET dev.sustens.com/chanpinxilie1.html?color=3&types=0
[运行时间：0.185867s] [吞吐率：5.38req/s] [内存消耗：842.91kb] [文件加载：187]
[ info ] [ BEHAVIOR ] Run Closure @app_init [ RunTime:0.000029s ]
[ info ] [ CACHE ] INIT File
[ info ] [ DB ] INIT mysql
[ info ] [ BEHAVIOR ] Run \addons\ldcms\Ldcms @app_init [ RunTime:0.003175s ]
[ info ] [ BEHAVIOR ] Run Closure @app_init [ RunTime:0.003202s ]
[ info ] [ BEHAVIOR ] Run app\common\behavior\Common @app_init [ RunTime:0.000107s ]
[ info ] [ LANG ] /var/webstars/sustens/thinkphp/lang/zh-cn.php
[ info ] [ BEHAVIOR ] Run app\common\behavior\Common @app_dispatch [ RunTime:0.000018s ]
[ info ] [ ROUTE ] array (
  'type' => 'method',
  'method' => 
  array (
    0 => '\\think\\addons\\Route',
    1 => 'execute',
  ),
  'var' => 
  array (
    'addon' => 'ldcms',
    'controller' => 'lists',
    'action' => 'index',
  ),
)
[ info ] [ HEADER ] array (
  'cookie' => 'uid=2; token=50446b79-6f1c-4eb2-9abc-2c19eb7a9159; frontend_language=zh-cn; backend_language=zh-cn; thinkphp_show_page_trace=0|0',
  'accept-language' => 'zh-CN,zh;q=0.9,en;q=0.8',
  'accept-encoding' => 'gzip, deflate',
  'referer' => 'http://dev.sustens.com/chanpinxilie1.html?color=3&types=2',
  'accept' => 'text/html,application/xhtml+xml,application/xml;q=0.9,image/avif,image/webp,image/apng,*/*;q=0.8,application/signed-exchange;v=b3;q=0.7',
  'user-agent' => 'Mozilla/5.0 (Macintosh; Intel Mac OS X 10_15_7) AppleWebKit/537.36 (KHTML, like Gecko) Chrome/130.0.0.0 Safari/537.36',
  'upgrade-insecure-requests' => '1',
  'connection' => 'keep-alive',
  'host' => 'dev.sustens.com',
  'content-length' => '',
  'content-type' => '',
)
[ info ] [ PARAM ] array (
  'color' => '3',
  'types' => '0',
  'category' => 'chanpinxilie1',
)
[ info ] [ RUN ] think\addons\Route->execute[ /var/webstars/sustens/vendor/karsonzhang/fastadmin-addons/src/addons/Route.php ]
[ info ] [ LANG ] /var/webstars/sustens/public/../application/common/lang/zh-cn/addon.php
[ info ] [ BEHAVIOR ] Run app\common\behavior\Common @addon_begin [ RunTime:0.000407s ]
[ info ] [ TOKEN ] INIT Mysql
[ info ] [ BEHAVIOR ] Run \addons\ldcms\Ldcms @config_init [ RunTime:0.000042s ]
[ info ] [ LANG ] /var/webstars/sustens/addons/ldcms/lang/zh-cn.php
[ info ] [ VIEW ] /var/webstars/sustens/addons/ldcms/view/default/list_product.html [ array (
  0 => 'user',
  1 => 'site',
  2 => 'config',
  3 => 'category',
  4 => 'parentsid',
  5 => 'childids',
  6 => 'ld',
  7 => 'topid',
) ]
[ info ] [ LOG ] INIT File
---------------------------------------------------------------
[ 2024-11-18T11:12:07+08:00 ] 10.211.55.2 GET dev.sustens.com/chanpinxilie2.html
[运行时间：0.114196s] [吞吐率：8.76req/s] [内存消耗：842.78kb] [文件加载：187]
[ info ] [ BEHAVIOR ] Run Closure @app_init [ RunTime:0.000027s ]
[ info ] [ CACHE ] INIT File
[ info ] [ DB ] INIT mysql
[ info ] [ BEHAVIOR ] Run \addons\ldcms\Ldcms @app_init [ RunTime:0.004624s ]
[ info ] [ BEHAVIOR ] Run Closure @app_init [ RunTime:0.004669s ]
[ info ] [ BEHAVIOR ] Run app\common\behavior\Common @app_init [ RunTime:0.000918s ]
[ info ] [ LANG ] /var/webstars/sustens/thinkphp/lang/zh-cn.php
[ info ] [ BEHAVIOR ] Run app\common\behavior\Common @app_dispatch [ RunTime:0.000102s ]
[ info ] [ ROUTE ] array (
  'type' => 'method',
  'method' => 
  array (
    0 => '\\think\\addons\\Route',
    1 => 'execute',
  ),
  'var' => 
  array (
    'addon' => 'ldcms',
    'controller' => 'lists',
    'action' => 'index',
  ),
)
[ info ] [ HEADER ] array (
  'cookie' => 'uid=2; token=50446b79-6f1c-4eb2-9abc-2c19eb7a9159; frontend_language=zh-cn; backend_language=zh-cn; thinkphp_show_page_trace=0|0',
  'accept-language' => 'zh-CN,zh;q=0.9,en;q=0.8',
  'accept-encoding' => 'gzip, deflate',
  'referer' => 'http://dev.sustens.com/chanpinxilie1.html?color=3&types=0',
  'accept' => 'text/html,application/xhtml+xml,application/xml;q=0.9,image/avif,image/webp,image/apng,*/*;q=0.8,application/signed-exchange;v=b3;q=0.7',
  'user-agent' => 'Mozilla/5.0 (Macintosh; Intel Mac OS X 10_15_7) AppleWebKit/537.36 (KHTML, like Gecko) Chrome/130.0.0.0 Safari/537.36',
  'upgrade-insecure-requests' => '1',
  'connection' => 'keep-alive',
  'host' => 'dev.sustens.com',
  'content-length' => '',
  'content-type' => '',
)
[ info ] [ PARAM ] array (
  'category' => 'chanpinxilie2',
)
[ info ] [ RUN ] think\addons\Route->execute[ /var/webstars/sustens/vendor/karsonzhang/fastadmin-addons/src/addons/Route.php ]
[ info ] [ LANG ] /var/webstars/sustens/public/../application/common/lang/zh-cn/addon.php
[ info ] [ BEHAVIOR ] Run app\common\behavior\Common @addon_begin [ RunTime:0.000281s ]
[ info ] [ TOKEN ] INIT Mysql
[ info ] [ BEHAVIOR ] Run \addons\ldcms\Ldcms @config_init [ RunTime:0.000039s ]
[ info ] [ LANG ] /var/webstars/sustens/addons/ldcms/lang/zh-cn.php
[ info ] [ VIEW ] /var/webstars/sustens/addons/ldcms/view/default/list_product.html [ array (
  0 => 'user',
  1 => 'site',
  2 => 'config',
  3 => 'category',
  4 => 'parentsid',
  5 => 'childids',
  6 => 'ld',
  7 => 'topid',
) ]
[ info ] [ LOG ] INIT File
---------------------------------------------------------------
[ 2024-11-18T11:12:10+08:00 ] 10.211.55.2 GET dev.sustens.com/chanpinxilie2.html?color=4
[运行时间：0.200885s] [吞吐率：4.98req/s] [内存消耗：842.84kb] [文件加载：187]
[ info ] [ BEHAVIOR ] Run Closure @app_init [ RunTime:0.000024s ]
[ info ] [ CACHE ] INIT File
[ info ] [ DB ] INIT mysql
[ info ] [ BEHAVIOR ] Run \addons\ldcms\Ldcms @app_init [ RunTime:0.002351s ]
[ info ] [ BEHAVIOR ] Run Closure @app_init [ RunTime:0.002372s ]
[ info ] [ BEHAVIOR ] Run app\common\behavior\Common @app_init [ RunTime:0.000069s ]
[ info ] [ LANG ] /var/webstars/sustens/thinkphp/lang/zh-cn.php
[ info ] [ BEHAVIOR ] Run app\common\behavior\Common @app_dispatch [ RunTime:0.000058s ]
[ info ] [ ROUTE ] array (
  'type' => 'method',
  'method' => 
  array (
    0 => '\\think\\addons\\Route',
    1 => 'execute',
  ),
  'var' => 
  array (
    'addon' => 'ldcms',
    'controller' => 'lists',
    'action' => 'index',
  ),
)
[ info ] [ HEADER ] array (
  'cookie' => 'uid=2; token=50446b79-6f1c-4eb2-9abc-2c19eb7a9159; frontend_language=zh-cn; backend_language=zh-cn; thinkphp_show_page_trace=0|0',
  'accept-language' => 'zh-CN,zh;q=0.9,en;q=0.8',
  'accept-encoding' => 'gzip, deflate',
  'referer' => 'http://dev.sustens.com/chanpinxilie2.html',
  'accept' => 'text/html,application/xhtml+xml,application/xml;q=0.9,image/avif,image/webp,image/apng,*/*;q=0.8,application/signed-exchange;v=b3;q=0.7',
  'user-agent' => 'Mozilla/5.0 (Macintosh; Intel Mac OS X 10_15_7) AppleWebKit/537.36 (KHTML, like Gecko) Chrome/130.0.0.0 Safari/537.36',
  'upgrade-insecure-requests' => '1',
  'connection' => 'keep-alive',
  'host' => 'dev.sustens.com',
  'content-length' => '',
  'content-type' => '',
)
[ info ] [ PARAM ] array (
  'color' => '4',
  'category' => 'chanpinxilie2',
)
[ info ] [ RUN ] think\addons\Route->execute[ /var/webstars/sustens/vendor/karsonzhang/fastadmin-addons/src/addons/Route.php ]
[ info ] [ LANG ] /var/webstars/sustens/public/../application/common/lang/zh-cn/addon.php
[ info ] [ BEHAVIOR ] Run app\common\behavior\Common @addon_begin [ RunTime:0.000129s ]
[ info ] [ TOKEN ] INIT Mysql
[ info ] [ BEHAVIOR ] Run \addons\ldcms\Ldcms @config_init [ RunTime:0.000057s ]
[ info ] [ LANG ] /var/webstars/sustens/addons/ldcms/lang/zh-cn.php
[ info ] [ VIEW ] /var/webstars/sustens/addons/ldcms/view/default/list_product.html [ array (
  0 => 'user',
  1 => 'site',
  2 => 'config',
  3 => 'category',
  4 => 'parentsid',
  5 => 'childids',
  6 => 'ld',
  7 => 'topid',
) ]
[ info ] [ LOG ] INIT File
---------------------------------------------------------------
[ 2024-11-18T11:12:15+08:00 ] 10.211.55.2 GET dev.sustens.com/chanpinxilie2.html?color=4&types=2
[运行时间：0.198700s] [吞吐率：5.03req/s] [内存消耗：842.89kb] [文件加载：187]
[ info ] [ BEHAVIOR ] Run Closure @app_init [ RunTime:0.000024s ]
[ info ] [ CACHE ] INIT File
[ info ] [ DB ] INIT mysql
[ info ] [ BEHAVIOR ] Run \addons\ldcms\Ldcms @app_init [ RunTime:0.009933s ]
[ info ] [ BEHAVIOR ] Run Closure @app_init [ RunTime:0.009959s ]
[ info ] [ BEHAVIOR ] Run app\common\behavior\Common @app_init [ RunTime:0.000076s ]
[ info ] [ LANG ] /var/webstars/sustens/thinkphp/lang/zh-cn.php
[ info ] [ BEHAVIOR ] Run app\common\behavior\Common @app_dispatch [ RunTime:0.000019s ]
[ info ] [ ROUTE ] array (
  'type' => 'method',
  'method' => 
  array (
    0 => '\\think\\addons\\Route',
    1 => 'execute',
  ),
  'var' => 
  array (
    'addon' => 'ldcms',
    'controller' => 'lists',
    'action' => 'index',
  ),
)
[ info ] [ HEADER ] array (
  'cookie' => 'uid=2; token=50446b79-6f1c-4eb2-9abc-2c19eb7a9159; frontend_language=zh-cn; backend_language=zh-cn; thinkphp_show_page_trace=0|0',
  'accept-language' => 'zh-CN,zh;q=0.9,en;q=0.8',
  'accept-encoding' => 'gzip, deflate',
  'referer' => 'http://dev.sustens.com/chanpinxilie2.html?color=4',
  'accept' => 'text/html,application/xhtml+xml,application/xml;q=0.9,image/avif,image/webp,image/apng,*/*;q=0.8,application/signed-exchange;v=b3;q=0.7',
  'user-agent' => 'Mozilla/5.0 (Macintosh; Intel Mac OS X 10_15_7) AppleWebKit/537.36 (KHTML, like Gecko) Chrome/130.0.0.0 Safari/537.36',
  'upgrade-insecure-requests' => '1',
  'connection' => 'keep-alive',
  'host' => 'dev.sustens.com',
  'content-length' => '',
  'content-type' => '',
)
[ info ] [ PARAM ] array (
  'color' => '4',
  'types' => '2',
  'category' => 'chanpinxilie2',
)
[ info ] [ RUN ] think\addons\Route->execute[ /var/webstars/sustens/vendor/karsonzhang/fastadmin-addons/src/addons/Route.php ]
[ info ] [ LANG ] /var/webstars/sustens/public/../application/common/lang/zh-cn/addon.php
[ info ] [ BEHAVIOR ] Run app\common\behavior\Common @addon_begin [ RunTime:0.000125s ]
[ info ] [ TOKEN ] INIT Mysql
[ info ] [ BEHAVIOR ] Run \addons\ldcms\Ldcms @config_init [ RunTime:0.000048s ]
[ info ] [ LANG ] /var/webstars/sustens/addons/ldcms/lang/zh-cn.php
[ info ] [ VIEW ] /var/webstars/sustens/addons/ldcms/view/default/list_product.html [ array (
  0 => 'user',
  1 => 'site',
  2 => 'config',
  3 => 'category',
  4 => 'parentsid',
  5 => 'childids',
  6 => 'ld',
  7 => 'topid',
) ]
[ info ] [ LOG ] INIT File
---------------------------------------------------------------
[ 2024-11-18T11:12:17+08:00 ] 10.211.55.2 GET dev.sustens.com/chanpinxilie2.html?color=4&types=1
[运行时间：0.150984s] [吞吐率：6.62req/s] [内存消耗：842.91kb] [文件加载：187]
[ info ] [ BEHAVIOR ] Run Closure @app_init [ RunTime:0.000098s ]
[ info ] [ CACHE ] INIT File
[ info ] [ DB ] INIT mysql
[ info ] [ BEHAVIOR ] Run \addons\ldcms\Ldcms @app_init [ RunTime:0.003107s ]
[ info ] [ BEHAVIOR ] Run Closure @app_init [ RunTime:0.003128s ]
[ info ] [ BEHAVIOR ] Run app\common\behavior\Common @app_init [ RunTime:0.000055s ]
[ info ] [ LANG ] /var/webstars/sustens/thinkphp/lang/zh-cn.php
[ info ] [ BEHAVIOR ] Run app\common\behavior\Common @app_dispatch [ RunTime:0.000019s ]
[ info ] [ ROUTE ] array (
  'type' => 'method',
  'method' => 
  array (
    0 => '\\think\\addons\\Route',
    1 => 'execute',
  ),
  'var' => 
  array (
    'addon' => 'ldcms',
    'controller' => 'lists',
    'action' => 'index',
  ),
)
[ info ] [ HEADER ] array (
  'cookie' => 'uid=2; token=50446b79-6f1c-4eb2-9abc-2c19eb7a9159; frontend_language=zh-cn; backend_language=zh-cn; thinkphp_show_page_trace=0|0',
  'accept-language' => 'zh-CN,zh;q=0.9,en;q=0.8',
  'accept-encoding' => 'gzip, deflate',
  'referer' => 'http://dev.sustens.com/chanpinxilie2.html?color=4&types=2',
  'accept' => 'text/html,application/xhtml+xml,application/xml;q=0.9,image/avif,image/webp,image/apng,*/*;q=0.8,application/signed-exchange;v=b3;q=0.7',
  'user-agent' => 'Mozilla/5.0 (Macintosh; Intel Mac OS X 10_15_7) AppleWebKit/537.36 (KHTML, like Gecko) Chrome/130.0.0.0 Safari/537.36',
  'upgrade-insecure-requests' => '1',
  'connection' => 'keep-alive',
  'host' => 'dev.sustens.com',
  'content-length' => '',
  'content-type' => '',
)
[ info ] [ PARAM ] array (
  'color' => '4',
  'types' => '1',
  'category' => 'chanpinxilie2',
)
[ info ] [ RUN ] think\addons\Route->execute[ /var/webstars/sustens/vendor/karsonzhang/fastadmin-addons/src/addons/Route.php ]
[ info ] [ LANG ] /var/webstars/sustens/public/../application/common/lang/zh-cn/addon.php
[ info ] [ BEHAVIOR ] Run app\common\behavior\Common @addon_begin [ RunTime:0.000194s ]
[ info ] [ TOKEN ] INIT Mysql
[ info ] [ BEHAVIOR ] Run \addons\ldcms\Ldcms @config_init [ RunTime:0.000078s ]
[ info ] [ LANG ] /var/webstars/sustens/addons/ldcms/lang/zh-cn.php
[ info ] [ VIEW ] /var/webstars/sustens/addons/ldcms/view/default/list_product.html [ array (
  0 => 'user',
  1 => 'site',
  2 => 'config',
  3 => 'category',
  4 => 'parentsid',
  5 => 'childids',
  6 => 'ld',
  7 => 'topid',
) ]
[ info ] [ LOG ] INIT File
---------------------------------------------------------------
[ 2024-11-18T11:12:21+08:00 ] 10.211.55.2 GET dev.sustens.com/anlizhanshi.html
[运行时间：0.094277s] [吞吐率：10.61req/s] [内存消耗：822.30kb] [文件加载：185]
[ info ] [ BEHAVIOR ] Run Closure @app_init [ RunTime:0.000026s ]
[ info ] [ CACHE ] INIT File
[ info ] [ DB ] INIT mysql
[ info ] [ BEHAVIOR ] Run \addons\ldcms\Ldcms @app_init [ RunTime:0.010507s ]
[ info ] [ BEHAVIOR ] Run Closure @app_init [ RunTime:0.010534s ]
[ info ] [ BEHAVIOR ] Run app\common\behavior\Common @app_init [ RunTime:0.000090s ]
[ info ] [ LANG ] /var/webstars/sustens/thinkphp/lang/zh-cn.php
[ info ] [ BEHAVIOR ] Run app\common\behavior\Common @app_dispatch [ RunTime:0.000018s ]
[ info ] [ ROUTE ] array (
  'type' => 'method',
  'method' => 
  array (
    0 => '\\think\\addons\\Route',
    1 => 'execute',
  ),
  'var' => 
  array (
    'addon' => 'ldcms',
    'controller' => 'lists',
    'action' => 'index',
  ),
)
[ info ] [ HEADER ] array (
  'cookie' => 'uid=2; token=50446b79-6f1c-4eb2-9abc-2c19eb7a9159; frontend_language=zh-cn; backend_language=zh-cn; thinkphp_show_page_trace=0|0',
  'accept-language' => 'zh-CN,zh;q=0.9,en;q=0.8',
  'accept-encoding' => 'gzip, deflate',
  'referer' => 'http://dev.sustens.com/chanpinxilie2.html?color=4&types=1',
  'accept' => 'text/html,application/xhtml+xml,application/xml;q=0.9,image/avif,image/webp,image/apng,*/*;q=0.8,application/signed-exchange;v=b3;q=0.7',
  'user-agent' => 'Mozilla/5.0 (Macintosh; Intel Mac OS X 10_15_7) AppleWebKit/537.36 (KHTML, like Gecko) Chrome/130.0.0.0 Safari/537.36',
  'upgrade-insecure-requests' => '1',
  'connection' => 'keep-alive',
  'host' => 'dev.sustens.com',
  'content-length' => '',
  'content-type' => '',
)
[ info ] [ PARAM ] array (
  'category' => 'anlizhanshi',
)
[ info ] [ RUN ] think\addons\Route->execute[ /var/webstars/sustens/vendor/karsonzhang/fastadmin-addons/src/addons/Route.php ]
[ info ] [ LANG ] /var/webstars/sustens/public/../application/common/lang/zh-cn/addon.php
[ info ] [ BEHAVIOR ] Run app\common\behavior\Common @addon_begin [ RunTime:0.000333s ]
[ info ] [ TOKEN ] INIT Mysql
[ info ] [ BEHAVIOR ] Run \addons\ldcms\Ldcms @config_init [ RunTime:0.000033s ]
[ info ] [ LANG ] /var/webstars/sustens/addons/ldcms/lang/zh-cn.php
[ info ] [ VIEW ] /var/webstars/sustens/addons/ldcms/view/default/list_case.html [ array (
  0 => 'user',
  1 => 'site',
  2 => 'config',
  3 => 'category',
  4 => 'parentsid',
  5 => 'childids',
  6 => 'ld',
  7 => 'topid',
) ]
[ info ] [ LOG ] INIT File
---------------------------------------------------------------
[ 2024-11-18T11:12:22+08:00 ] 10.211.55.2 GET dev.sustens.com/xinwenzhongxin.html
[运行时间：0.117977s] [吞吐率：8.48req/s] [内存消耗：823.08kb] [文件加载：186]
[ info ] [ BEHAVIOR ] Run Closure @app_init [ RunTime:0.000025s ]
[ info ] [ CACHE ] INIT File
[ info ] [ DB ] INIT mysql
[ info ] [ BEHAVIOR ] Run \addons\ldcms\Ldcms @app_init [ RunTime:0.002882s ]
[ info ] [ BEHAVIOR ] Run Closure @app_init [ RunTime:0.002909s ]
[ info ] [ BEHAVIOR ] Run app\common\behavior\Common @app_init [ RunTime:0.000074s ]
[ info ] [ LANG ] /var/webstars/sustens/thinkphp/lang/zh-cn.php
[ info ] [ BEHAVIOR ] Run app\common\behavior\Common @app_dispatch [ RunTime:0.000023s ]
[ info ] [ ROUTE ] array (
  'type' => 'method',
  'method' => 
  array (
    0 => '\\think\\addons\\Route',
    1 => 'execute',
  ),
  'var' => 
  array (
    'addon' => 'ldcms',
    'controller' => 'lists',
    'action' => 'index',
  ),
)
[ info ] [ HEADER ] array (
  'cookie' => 'uid=2; token=50446b79-6f1c-4eb2-9abc-2c19eb7a9159; frontend_language=zh-cn; backend_language=zh-cn; thinkphp_show_page_trace=0|0',
  'accept-language' => 'zh-CN,zh;q=0.9,en;q=0.8',
  'accept-encoding' => 'gzip, deflate',
  'referer' => 'http://dev.sustens.com/anlizhanshi.html',
  'accept' => 'text/html,application/xhtml+xml,application/xml;q=0.9,image/avif,image/webp,image/apng,*/*;q=0.8,application/signed-exchange;v=b3;q=0.7',
  'user-agent' => 'Mozilla/5.0 (Macintosh; Intel Mac OS X 10_15_7) AppleWebKit/537.36 (KHTML, like Gecko) Chrome/130.0.0.0 Safari/537.36',
  'upgrade-insecure-requests' => '1',
  'connection' => 'keep-alive',
  'host' => 'dev.sustens.com',
  'content-length' => '',
  'content-type' => '',
)
[ info ] [ PARAM ] array (
  'category' => 'xinwenzhongxin',
)
[ info ] [ RUN ] think\addons\Route->execute[ /var/webstars/sustens/vendor/karsonzhang/fastadmin-addons/src/addons/Route.php ]
[ info ] [ LANG ] /var/webstars/sustens/public/../application/common/lang/zh-cn/addon.php
[ info ] [ BEHAVIOR ] Run app\common\behavior\Common @addon_begin [ RunTime:0.000132s ]
[ info ] [ TOKEN ] INIT Mysql
[ info ] [ BEHAVIOR ] Run \addons\ldcms\Ldcms @config_init [ RunTime:0.000034s ]
[ info ] [ LANG ] /var/webstars/sustens/addons/ldcms/lang/zh-cn.php
[ info ] [ VIEW ] /var/webstars/sustens/addons/ldcms/view/default/list_news.html [ array (
  0 => 'user',
  1 => 'site',
  2 => 'config',
  3 => 'category',
  4 => 'parentsid',
  5 => 'childids',
  6 => 'ld',
  7 => 'topid',
) ]
[ info ] [ LOG ] INIT File
---------------------------------------------------------------
[ 2024-11-18T11:12:32+08:00 ] 10.211.55.2 GET dev.sustens.com/gongsixinwen.html
[运行时间：0.257510s] [吞吐率：3.88req/s] [内存消耗：822.00kb] [文件加载：186]
[ info ] [ BEHAVIOR ] Run Closure @app_init [ RunTime:0.000035s ]
[ info ] [ CACHE ] INIT File
[ info ] [ DB ] INIT mysql
[ info ] [ BEHAVIOR ] Run \addons\ldcms\Ldcms @app_init [ RunTime:0.017745s ]
[ info ] [ BEHAVIOR ] Run Closure @app_init [ RunTime:0.017828s ]
[ info ] [ BEHAVIOR ] Run app\common\behavior\Common @app_init [ RunTime:0.000130s ]
[ info ] [ LANG ] /var/webstars/sustens/thinkphp/lang/zh-cn.php
[ info ] [ BEHAVIOR ] Run app\common\behavior\Common @app_dispatch [ RunTime:0.000034s ]
[ info ] [ ROUTE ] array (
  'type' => 'method',
  'method' => 
  array (
    0 => '\\think\\addons\\Route',
    1 => 'execute',
  ),
  'var' => 
  array (
    'addon' => 'ldcms',
    'controller' => 'lists',
    'action' => 'index',
  ),
)
[ info ] [ HEADER ] array (
  'cookie' => 'uid=2; token=50446b79-6f1c-4eb2-9abc-2c19eb7a9159; frontend_language=zh-cn; backend_language=zh-cn; thinkphp_show_page_trace=0|0',
  'accept-language' => 'zh-CN,zh;q=0.9,en;q=0.8',
  'accept-encoding' => 'gzip, deflate',
  'referer' => 'http://dev.sustens.com/xinwenzhongxin.html',
  'accept' => 'text/html,application/xhtml+xml,application/xml;q=0.9,image/avif,image/webp,image/apng,*/*;q=0.8,application/signed-exchange;v=b3;q=0.7',
  'user-agent' => 'Mozilla/5.0 (Macintosh; Intel Mac OS X 10_15_7) AppleWebKit/537.36 (KHTML, like Gecko) Chrome/130.0.0.0 Safari/537.36',
  'upgrade-insecure-requests' => '1',
  'connection' => 'keep-alive',
  'host' => 'dev.sustens.com',
  'content-length' => '',
  'content-type' => '',
)
[ info ] [ PARAM ] array (
  'category' => 'gongsixinwen',
)
[ info ] [ RUN ] think\addons\Route->execute[ /var/webstars/sustens/vendor/karsonzhang/fastadmin-addons/src/addons/Route.php ]
[ info ] [ LANG ] /var/webstars/sustens/public/../application/common/lang/zh-cn/addon.php
[ info ] [ BEHAVIOR ] Run app\common\behavior\Common @addon_begin [ RunTime:0.000158s ]
[ info ] [ TOKEN ] INIT Mysql
[ info ] [ BEHAVIOR ] Run \addons\ldcms\Ldcms @config_init [ RunTime:0.000050s ]
[ info ] [ LANG ] /var/webstars/sustens/addons/ldcms/lang/zh-cn.php
[ info ] [ VIEW ] /var/webstars/sustens/addons/ldcms/view/default/list_news.html [ array (
  0 => 'user',
  1 => 'site',
  2 => 'config',
  3 => 'category',
  4 => 'parentsid',
  5 => 'childids',
  6 => 'ld',
  7 => 'topid',
) ]
[ info ] [ LOG ] INIT File
---------------------------------------------------------------
[ 2024-11-18T11:12:34+08:00 ] 10.211.55.2 GET dev.sustens.com/hangyezixun.html
[运行时间：0.212275s] [吞吐率：4.71req/s] [内存消耗：822.01kb] [文件加载：186]
[ info ] [ BEHAVIOR ] Run Closure @app_init [ RunTime:0.000023s ]
[ info ] [ CACHE ] INIT File
[ info ] [ DB ] INIT mysql
[ info ] [ BEHAVIOR ] Run \addons\ldcms\Ldcms @app_init [ RunTime:0.009409s ]
[ info ] [ BEHAVIOR ] Run Closure @app_init [ RunTime:0.009440s ]
[ info ] [ BEHAVIOR ] Run app\common\behavior\Common @app_init [ RunTime:0.000081s ]
[ info ] [ LANG ] /var/webstars/sustens/thinkphp/lang/zh-cn.php
[ info ] [ BEHAVIOR ] Run app\common\behavior\Common @app_dispatch [ RunTime:0.000024s ]
[ info ] [ ROUTE ] array (
  'type' => 'method',
  'method' => 
  array (
    0 => '\\think\\addons\\Route',
    1 => 'execute',
  ),
  'var' => 
  array (
    'addon' => 'ldcms',
    'controller' => 'lists',
    'action' => 'index',
  ),
)
[ info ] [ HEADER ] array (
  'cookie' => 'uid=2; token=50446b79-6f1c-4eb2-9abc-2c19eb7a9159; frontend_language=zh-cn; backend_language=zh-cn; thinkphp_show_page_trace=0|0',
  'accept-language' => 'zh-CN,zh;q=0.9,en;q=0.8',
  'accept-encoding' => 'gzip, deflate',
  'referer' => 'http://dev.sustens.com/gongsixinwen.html',
  'accept' => 'text/html,application/xhtml+xml,application/xml;q=0.9,image/avif,image/webp,image/apng,*/*;q=0.8,application/signed-exchange;v=b3;q=0.7',
  'user-agent' => 'Mozilla/5.0 (Macintosh; Intel Mac OS X 10_15_7) AppleWebKit/537.36 (KHTML, like Gecko) Chrome/130.0.0.0 Safari/537.36',
  'upgrade-insecure-requests' => '1',
  'connection' => 'keep-alive',
  'host' => 'dev.sustens.com',
  'content-length' => '',
  'content-type' => '',
)
[ info ] [ PARAM ] array (
  'category' => 'hangyezixun',
)
[ info ] [ RUN ] think\addons\Route->execute[ /var/webstars/sustens/vendor/karsonzhang/fastadmin-addons/src/addons/Route.php ]
[ info ] [ LANG ] /var/webstars/sustens/public/../application/common/lang/zh-cn/addon.php
[ info ] [ BEHAVIOR ] Run app\common\behavior\Common @addon_begin [ RunTime:0.000139s ]
[ info ] [ TOKEN ] INIT Mysql
[ info ] [ BEHAVIOR ] Run \addons\ldcms\Ldcms @config_init [ RunTime:0.000061s ]
[ info ] [ LANG ] /var/webstars/sustens/addons/ldcms/lang/zh-cn.php
[ info ] [ VIEW ] /var/webstars/sustens/addons/ldcms/view/default/list_news.html [ array (
  0 => 'user',
  1 => 'site',
  2 => 'config',
  3 => 'category',
  4 => 'parentsid',
  5 => 'childids',
  6 => 'ld',
  7 => 'topid',
) ]
[ info ] [ LOG ] INIT File
---------------------------------------------------------------
[ 2024-11-18T11:12:38+08:00 ] 10.211.55.2 GET dev.sustens.com/?lg=en
[运行时间：0.461591s] [吞吐率：2.17req/s] [内存消耗：894.40kb] [文件加载：192]
[ info ] [ BEHAVIOR ] Run Closure @app_init [ RunTime:0.000026s ]
[ info ] [ CACHE ] INIT File
[ info ] [ DB ] INIT mysql
[ info ] [ BEHAVIOR ] Run \addons\ldcms\Ldcms @app_init [ RunTime:0.012019s ]
[ info ] [ BEHAVIOR ] Run Closure @app_init [ RunTime:0.012051s ]
[ info ] [ BEHAVIOR ] Run app\common\behavior\Common @app_init [ RunTime:0.000097s ]
[ info ] [ LANG ] /var/webstars/sustens/thinkphp/lang/zh-cn.php
[ info ] [ BEHAVIOR ] Run app\common\behavior\Common @app_dispatch [ RunTime:0.000018s ]
[ info ] [ ROUTE ] array (
  'type' => 'method',
  'method' => 
  array (
    0 => '\\think\\addons\\Route',
    1 => 'execute',
  ),
  'var' => 
  array (
    'addon' => 'ldcms',
    'controller' => 'index',
    'action' => 'index',
  ),
)
[ info ] [ HEADER ] array (
  'cookie' => 'uid=2; token=50446b79-6f1c-4eb2-9abc-2c19eb7a9159; frontend_language=zh-cn; backend_language=zh-cn; thinkphp_show_page_trace=0|0',
  'accept-language' => 'zh-CN,zh;q=0.9,en;q=0.8',
  'accept-encoding' => 'gzip, deflate',
  'referer' => 'http://dev.sustens.com/hangyezixun.html',
  'accept' => 'text/html,application/xhtml+xml,application/xml;q=0.9,image/avif,image/webp,image/apng,*/*;q=0.8,application/signed-exchange;v=b3;q=0.7',
  'user-agent' => 'Mozilla/5.0 (Macintosh; Intel Mac OS X 10_15_7) AppleWebKit/537.36 (KHTML, like Gecko) Chrome/130.0.0.0 Safari/537.36',
  'upgrade-insecure-requests' => '1',
  'connection' => 'keep-alive',
  'host' => 'dev.sustens.com',
  'content-length' => '',
  'content-type' => '',
)
[ info ] [ PARAM ] array (
  'lg' => 'en',
)
[ info ] [ RUN ] think\addons\Route->execute[ /var/webstars/sustens/vendor/karsonzhang/fastadmin-addons/src/addons/Route.php ]
[ info ] [ LANG ] /var/webstars/sustens/public/../application/common/lang/zh-cn/addon.php
[ info ] [ BEHAVIOR ] Run app\common\behavior\Common @addon_begin [ RunTime:0.000478s ]
[ info ] [ TOKEN ] INIT Mysql
[ info ] [ BEHAVIOR ] Run \addons\ldcms\Ldcms @config_init [ RunTime:0.000053s ]
[ info ] [ LANG ] /var/webstars/sustens/addons/ldcms/lang/en.php
[ info ] [ VIEW ] /var/webstars/sustens/addons/ldcms/view/en/index.html [ array (
  0 => 'user',
  1 => 'site',
  2 => 'config',
  3 => 'ld',
  4 => 'topid',
) ]
[ info ] [ LOG ] INIT File
[ error ] [2]foreach() argument must be of type array|object, null given[/var/webstars/sustens/thinkphp/library/think/db/Query.php:746]
[ error ] [2]foreach() argument must be of type array|object, null given[/var/webstars/sustens/thinkphp/library/think/db/Query.php:746]
[ error ] [2]foreach() argument must be of type array|object, null given[/var/webstars/sustens/thinkphp/library/think/db/Query.php:746]
[ error ] [2]foreach() argument must be of type array|object, null given[/var/webstars/sustens/thinkphp/library/think/db/Query.php:746]
[ error ] [2]foreach() argument must be of type array|object, null given[/var/webstars/sustens/thinkphp/library/think/db/Query.php:746]
---------------------------------------------------------------
[ 2024-11-18T11:12:39+08:00 ] 10.211.55.2 GET dev.sustens.com/assets/addons/ldcms/images/cbg.jpg
[运行时间：0.403846s] [吞吐率：2.48req/s] [内存消耗：240.32kb] [文件加载：77]
[ info ] [ BEHAVIOR ] Run Closure @app_init [ RunTime:0.000035s ]
[ info ] [ CACHE ] INIT File
[ info ] [ DB ] INIT mysql
[ info ] [ BEHAVIOR ] Run \addons\ldcms\Ldcms @app_init [ RunTime:0.191366s ]
[ info ] [ BEHAVIOR ] Run Closure @app_init [ RunTime:0.191398s ]
[ info ] [ BEHAVIOR ] Run app\common\behavior\Common @app_init [ RunTime:0.003183s ]
[ info ] [ LANG ] /var/webstars/sustens/thinkphp/lang/zh-cn.php
[ info ] [ BEHAVIOR ] Run app\common\behavior\Common @app_dispatch [ RunTime:0.000040s ]
[ info ] [ ROUTE ] array (
  'type' => 'module',
  'module' => 
  array (
    0 => 'assets',
    1 => 'addons',
    2 => 'ldcms',
  ),
)
[ info ] [ HEADER ] array (
  'cookie' => 'uid=2; token=50446b79-6f1c-4eb2-9abc-2c19eb7a9159; backend_language=zh-cn; thinkphp_show_page_trace=0|0; frontend_language=en',
  'accept-language' => 'zh-CN,zh;q=0.9,en;q=0.8',
  'accept-encoding' => 'gzip, deflate',
  'referer' => 'http://dev.sustens.com/?lg=en',
  'accept' => 'image/avif,image/webp,image/apng,image/svg+xml,image/*,*/*;q=0.8',
  'user-agent' => 'Mozilla/5.0 (Macintosh; Intel Mac OS X 10_15_7) AppleWebKit/537.36 (KHTML, like Gecko) Chrome/130.0.0.0 Safari/537.36',
  'connection' => 'keep-alive',
  'host' => 'dev.sustens.com',
  'content-length' => '',
  'content-type' => '',
)
[ info ] [ PARAM ] array (
  'images' => 'cbg.jpg',
)
[ info ] [ LOG ] INIT File
---------------------------------------------------------------
[ 2024-11-18T11:12:44+08:00 ] 10.211.55.2 GET dev.sustens.com/news.html
[运行时间：0.231391s] [吞吐率：4.32req/s] [内存消耗：821.98kb] [文件加载：186]
[ info ] [ BEHAVIOR ] Run Closure @app_init [ RunTime:0.000023s ]
[ info ] [ CACHE ] INIT File
[ info ] [ DB ] INIT mysql
[ info ] [ BEHAVIOR ] Run \addons\ldcms\Ldcms @app_init [ RunTime:0.007059s ]
[ info ] [ BEHAVIOR ] Run Closure @app_init [ RunTime:0.007087s ]
[ info ] [ BEHAVIOR ] Run app\common\behavior\Common @app_init [ RunTime:0.000148s ]
[ info ] [ LANG ] /var/webstars/sustens/thinkphp/lang/zh-cn.php
[ info ] [ BEHAVIOR ] Run app\common\behavior\Common @app_dispatch [ RunTime:0.000021s ]
[ info ] [ ROUTE ] array (
  'type' => 'method',
  'method' => 
  array (
    0 => '\\think\\addons\\Route',
    1 => 'execute',
  ),
  'var' => 
  array (
    'addon' => 'ldcms',
    'controller' => 'lists',
    'action' => 'index',
  ),
)
[ info ] [ HEADER ] array (
  'cookie' => 'uid=2; token=50446b79-6f1c-4eb2-9abc-2c19eb7a9159; backend_language=zh-cn; thinkphp_show_page_trace=0|0; frontend_language=en',
  'accept-language' => 'zh-CN,zh;q=0.9,en;q=0.8',
  'accept-encoding' => 'gzip, deflate',
  'referer' => 'http://dev.sustens.com/?lg=en',
  'accept' => 'text/html,application/xhtml+xml,application/xml;q=0.9,image/avif,image/webp,image/apng,*/*;q=0.8,application/signed-exchange;v=b3;q=0.7',
  'user-agent' => 'Mozilla/5.0 (Macintosh; Intel Mac OS X 10_15_7) AppleWebKit/537.36 (KHTML, like Gecko) Chrome/130.0.0.0 Safari/537.36',
  'upgrade-insecure-requests' => '1',
  'connection' => 'keep-alive',
  'host' => 'dev.sustens.com',
  'content-length' => '',
  'content-type' => '',
)
[ info ] [ PARAM ] array (
  'category' => 'news',
)
[ info ] [ RUN ] think\addons\Route->execute[ /var/webstars/sustens/vendor/karsonzhang/fastadmin-addons/src/addons/Route.php ]
[ info ] [ LANG ] /var/webstars/sustens/public/../application/common/lang/zh-cn/addon.php
[ info ] [ BEHAVIOR ] Run app\common\behavior\Common @addon_begin [ RunTime:0.003001s ]
[ info ] [ TOKEN ] INIT Mysql
[ info ] [ BEHAVIOR ] Run \addons\ldcms\Ldcms @config_init [ RunTime:0.000047s ]
[ info ] [ LANG ] /var/webstars/sustens/addons/ldcms/lang/en.php
[ info ] [ VIEW ] /var/webstars/sustens/addons/ldcms/view/en/list_news.html [ array (
  0 => 'user',
  1 => 'site',
  2 => 'config',
  3 => 'category',
  4 => 'parentsid',
  5 => 'childids',
  6 => 'ld',
  7 => 'topid',
) ]
[ info ] [ LOG ] INIT File
---------------------------------------------------------------
[ 2024-11-18T11:12:46+08:00 ] 10.211.55.2 GET dev.sustens.com/case.html
[运行时间：0.176192s] [吞吐率：5.68req/s] [内存消耗：821.19kb] [文件加载：185]
[ info ] [ BEHAVIOR ] Run Closure @app_init [ RunTime:0.000026s ]
[ info ] [ CACHE ] INIT File
[ info ] [ DB ] INIT mysql
[ info ] [ BEHAVIOR ] Run \addons\ldcms\Ldcms @app_init [ RunTime:0.006716s ]
[ info ] [ BEHAVIOR ] Run Closure @app_init [ RunTime:0.006814s ]
[ info ] [ BEHAVIOR ] Run app\common\behavior\Common @app_init [ RunTime:0.000092s ]
[ info ] [ LANG ] /var/webstars/sustens/thinkphp/lang/zh-cn.php
[ info ] [ BEHAVIOR ] Run app\common\behavior\Common @app_dispatch [ RunTime:0.000019s ]
[ info ] [ ROUTE ] array (
  'type' => 'method',
  'method' => 
  array (
    0 => '\\think\\addons\\Route',
    1 => 'execute',
  ),
  'var' => 
  array (
    'addon' => 'ldcms',
    'controller' => 'lists',
    'action' => 'index',
  ),
)
[ info ] [ HEADER ] array (
  'cookie' => 'uid=2; token=50446b79-6f1c-4eb2-9abc-2c19eb7a9159; backend_language=zh-cn; thinkphp_show_page_trace=0|0; frontend_language=en',
  'accept-language' => 'zh-CN,zh;q=0.9,en;q=0.8',
  'accept-encoding' => 'gzip, deflate',
  'referer' => 'http://dev.sustens.com/news.html',
  'accept' => 'text/html,application/xhtml+xml,application/xml;q=0.9,image/avif,image/webp,image/apng,*/*;q=0.8,application/signed-exchange;v=b3;q=0.7',
  'user-agent' => 'Mozilla/5.0 (Macintosh; Intel Mac OS X 10_15_7) AppleWebKit/537.36 (KHTML, like Gecko) Chrome/130.0.0.0 Safari/537.36',
  'upgrade-insecure-requests' => '1',
  'connection' => 'keep-alive',
  'host' => 'dev.sustens.com',
  'content-length' => '',
  'content-type' => '',
)
[ info ] [ PARAM ] array (
  'category' => 'case',
)
[ info ] [ RUN ] think\addons\Route->execute[ /var/webstars/sustens/vendor/karsonzhang/fastadmin-addons/src/addons/Route.php ]
[ info ] [ LANG ] /var/webstars/sustens/public/../application/common/lang/zh-cn/addon.php
[ info ] [ BEHAVIOR ] Run app\common\behavior\Common @addon_begin [ RunTime:0.000113s ]
[ info ] [ TOKEN ] INIT Mysql
[ info ] [ BEHAVIOR ] Run \addons\ldcms\Ldcms @config_init [ RunTime:0.000054s ]
[ info ] [ LANG ] /var/webstars/sustens/addons/ldcms/lang/en.php
[ info ] [ VIEW ] /var/webstars/sustens/addons/ldcms/view/en/list_case.html [ array (
  0 => 'user',
  1 => 'site',
  2 => 'config',
  3 => 'category',
  4 => 'parentsid',
  5 => 'childids',
  6 => 'ld',
  7 => 'topid',
) ]
[ info ] [ LOG ] INIT File
---------------------------------------------------------------
[ 2024-11-18T11:12:47+08:00 ] 10.211.55.2 GET dev.sustens.com/team.html
[运行时间：0.106161s] [吞吐率：9.42req/s] [内存消耗：926.01kb] [文件加载：189]
[ info ] [ BEHAVIOR ] Run Closure @app_init [ RunTime:0.000017s ]
[ info ] [ CACHE ] INIT File
[ info ] [ DB ] INIT mysql
[ info ] [ BEHAVIOR ] Run \addons\ldcms\Ldcms @app_init [ RunTime:0.003527s ]
[ info ] [ BEHAVIOR ] Run Closure @app_init [ RunTime:0.003550s ]
[ info ] [ BEHAVIOR ] Run app\common\behavior\Common @app_init [ RunTime:0.000069s ]
[ info ] [ LANG ] /var/webstars/sustens/thinkphp/lang/zh-cn.php
[ info ] [ BEHAVIOR ] Run app\common\behavior\Common @app_dispatch [ RunTime:0.000016s ]
[ info ] [ ROUTE ] array (
  'type' => 'method',
  'method' => 
  array (
    0 => '\\think\\addons\\Route',
    1 => 'execute',
  ),
  'var' => 
  array (
    'addon' => 'ldcms',
    'controller' => 'lists',
    'action' => 'index',
  ),
)
[ info ] [ HEADER ] array (
  'cookie' => 'uid=2; token=50446b79-6f1c-4eb2-9abc-2c19eb7a9159; backend_language=zh-cn; thinkphp_show_page_trace=0|0; frontend_language=en',
  'accept-language' => 'zh-CN,zh;q=0.9,en;q=0.8',
  'accept-encoding' => 'gzip, deflate',
  'referer' => 'http://dev.sustens.com/case.html',
  'accept' => 'text/html,application/xhtml+xml,application/xml;q=0.9,image/avif,image/webp,image/apng,*/*;q=0.8,application/signed-exchange;v=b3;q=0.7',
  'user-agent' => 'Mozilla/5.0 (Macintosh; Intel Mac OS X 10_15_7) AppleWebKit/537.36 (KHTML, like Gecko) Chrome/130.0.0.0 Safari/537.36',
  'upgrade-insecure-requests' => '1',
  'connection' => 'keep-alive',
  'host' => 'dev.sustens.com',
  'content-length' => '',
  'content-type' => '',
)
[ info ] [ PARAM ] array (
  'category' => 'team',
)
[ info ] [ RUN ] think\addons\Route->execute[ /var/webstars/sustens/vendor/karsonzhang/fastadmin-addons/src/addons/Route.php ]
[ info ] [ LANG ] /var/webstars/sustens/public/../application/common/lang/zh-cn/addon.php
[ info ] [ BEHAVIOR ] Run app\common\behavior\Common @addon_begin [ RunTime:0.000103s ]
[ info ] [ TOKEN ] INIT Mysql
[ info ] [ BEHAVIOR ] Run \addons\ldcms\Ldcms @config_init [ RunTime:0.000039s ]
[ info ] [ LANG ] /var/webstars/sustens/addons/ldcms/lang/en.php
[ info ] [ VIEW ] /var/webstars/sustens/addons/ldcms/view/en/list_team.html [ array (
  0 => 'user',
  1 => 'site',
  2 => 'config',
  3 => 'category',
  4 => 'parentsid',
  5 => 'childids',
  6 => 'ld',
  7 => 'topid',
) ]
[ info ] [ LOG ] INIT File
---------------------------------------------------------------
[ 2024-11-18T11:12:53+08:00 ] 10.211.55.2 GET dev.sustens.com/
[运行时间：0.404869s] [吞吐率：2.47req/s] [内存消耗：889.45kb] [文件加载：192]
[ info ] [ BEHAVIOR ] Run Closure @app_init [ RunTime:0.000028s ]
[ info ] [ CACHE ] INIT File
[ info ] [ DB ] INIT mysql
[ info ] [ BEHAVIOR ] Run \addons\ldcms\Ldcms @app_init [ RunTime:0.036294s ]
[ info ] [ BEHAVIOR ] Run Closure @app_init [ RunTime:0.036357s ]
[ info ] [ BEHAVIOR ] Run app\common\behavior\Common @app_init [ RunTime:0.001937s ]
[ info ] [ LANG ] /var/webstars/sustens/thinkphp/lang/zh-cn.php
[ info ] [ BEHAVIOR ] Run app\common\behavior\Common @app_dispatch [ RunTime:0.000032s ]
[ info ] [ ROUTE ] array (
  'type' => 'method',
  'method' => 
  array (
    0 => '\\think\\addons\\Route',
    1 => 'execute',
  ),
  'var' => 
  array (
    'addon' => 'ldcms',
    'controller' => 'index',
    'action' => 'index',
  ),
)
[ info ] [ HEADER ] array (
  'cookie' => 'uid=2; token=50446b79-6f1c-4eb2-9abc-2c19eb7a9159; backend_language=zh-cn; thinkphp_show_page_trace=0|0; frontend_language=en',
  'accept-language' => 'zh-CN,zh;q=0.9,en;q=0.8',
  'accept-encoding' => 'gzip, deflate',
  'accept' => 'text/html,application/xhtml+xml,application/xml;q=0.9,image/avif,image/webp,image/apng,*/*;q=0.8,application/signed-exchange;v=b3;q=0.7',
  'user-agent' => 'Mozilla/5.0 (Macintosh; Intel Mac OS X 10_15_7) AppleWebKit/537.36 (KHTML, like Gecko) Chrome/130.0.0.0 Safari/537.36',
  'upgrade-insecure-requests' => '1',
  'connection' => 'keep-alive',
  'host' => 'dev.sustens.com',
  'content-length' => '',
  'content-type' => '',
)
[ info ] [ PARAM ] array (
)
[ info ] [ RUN ] think\addons\Route->execute[ /var/webstars/sustens/vendor/karsonzhang/fastadmin-addons/src/addons/Route.php ]
[ info ] [ LANG ] /var/webstars/sustens/public/../application/common/lang/zh-cn/addon.php
[ info ] [ BEHAVIOR ] Run app\common\behavior\Common @addon_begin [ RunTime:0.001242s ]
[ info ] [ TOKEN ] INIT Mysql
[ info ] [ BEHAVIOR ] Run \addons\ldcms\Ldcms @config_init [ RunTime:0.000045s ]
[ info ] [ LANG ] /var/webstars/sustens/addons/ldcms/lang/en.php
[ info ] [ VIEW ] /var/webstars/sustens/addons/ldcms/view/en/index.html [ array (
  0 => 'user',
  1 => 'site',
  2 => 'config',
  3 => 'ld',
  4 => 'topid',
) ]
[ info ] [ LOG ] INIT File
[ error ] [2]foreach() argument must be of type array|object, null given[/var/webstars/sustens/thinkphp/library/think/db/Query.php:746]
[ error ] [2]foreach() argument must be of type array|object, null given[/var/webstars/sustens/thinkphp/library/think/db/Query.php:746]
[ error ] [2]foreach() argument must be of type array|object, null given[/var/webstars/sustens/thinkphp/library/think/db/Query.php:746]
[ error ] [2]foreach() argument must be of type array|object, null given[/var/webstars/sustens/thinkphp/library/think/db/Query.php:746]
[ error ] [2]foreach() argument must be of type array|object, null given[/var/webstars/sustens/thinkphp/library/think/db/Query.php:746]
---------------------------------------------------------------
[ 2024-11-18T11:12:53+08:00 ] 10.211.55.2 GET dev.sustens.com/assets/addons/ldcms/images/cbg.jpg
[运行时间：0.025277s] [吞吐率：39.56req/s] [内存消耗：240.31kb] [文件加载：77]
[ info ] [ BEHAVIOR ] Run Closure @app_init [ RunTime:0.000018s ]
[ info ] [ CACHE ] INIT File
[ info ] [ DB ] INIT mysql
[ info ] [ BEHAVIOR ] Run \addons\ldcms\Ldcms @app_init [ RunTime:0.006313s ]
[ info ] [ BEHAVIOR ] Run Closure @app_init [ RunTime:0.006447s ]
[ info ] [ BEHAVIOR ] Run app\common\behavior\Common @app_init [ RunTime:0.000354s ]
[ info ] [ LANG ] /var/webstars/sustens/thinkphp/lang/zh-cn.php
[ info ] [ BEHAVIOR ] Run app\common\behavior\Common @app_dispatch [ RunTime:0.000278s ]
[ info ] [ ROUTE ] array (
  'type' => 'module',
  'module' => 
  array (
    0 => 'assets',
    1 => 'addons',
    2 => 'ldcms',
  ),
)
[ info ] [ HEADER ] array (
  'cookie' => 'uid=2; token=50446b79-6f1c-4eb2-9abc-2c19eb7a9159; backend_language=zh-cn; thinkphp_show_page_trace=0|0; frontend_language=en',
  'accept-language' => 'zh-CN,zh;q=0.9,en;q=0.8',
  'accept-encoding' => 'gzip, deflate',
  'referer' => 'http://dev.sustens.com/',
  'accept' => 'image/avif,image/webp,image/apng,image/svg+xml,image/*,*/*;q=0.8',
  'user-agent' => 'Mozilla/5.0 (Macintosh; Intel Mac OS X 10_15_7) AppleWebKit/537.36 (KHTML, like Gecko) Chrome/130.0.0.0 Safari/537.36',
  'connection' => 'keep-alive',
  'host' => 'dev.sustens.com',
  'content-length' => '',
  'content-type' => '',
)
[ info ] [ PARAM ] array (
  'images' => 'cbg.jpg',
)
[ info ] [ LOG ] INIT File
---------------------------------------------------------------
[ 2024-11-18T11:13:04+08:00 ] 10.211.55.2 GET dev.sustens.com/
[运行时间：0.390051s] [吞吐率：2.56req/s] [内存消耗：889.65kb] [文件加载：192]
[ info ] [ BEHAVIOR ] Run Closure @app_init [ RunTime:0.000029s ]
[ info ] [ CACHE ] INIT File
[ info ] [ DB ] INIT mysql
[ info ] [ BEHAVIOR ] Run \addons\ldcms\Ldcms @app_init [ RunTime:0.006202s ]
[ info ] [ BEHAVIOR ] Run Closure @app_init [ RunTime:0.006257s ]
[ info ] [ BEHAVIOR ] Run app\common\behavior\Common @app_init [ RunTime:0.000157s ]
[ info ] [ LANG ] /var/webstars/sustens/thinkphp/lang/zh-cn.php
[ info ] [ BEHAVIOR ] Run app\common\behavior\Common @app_dispatch [ RunTime:0.000029s ]
[ info ] [ ROUTE ] array (
  'type' => 'method',
  'method' => 
  array (
    0 => '\\think\\addons\\Route',
    1 => 'execute',
  ),
  'var' => 
  array (
    'addon' => 'ldcms',
    'controller' => 'index',
    'action' => 'index',
  ),
)
[ info ] [ HEADER ] array (
  'cookie' => 'uid=2; token=50446b79-6f1c-4eb2-9abc-2c19eb7a9159; backend_language=zh-cn; thinkphp_show_page_trace=0|0; frontend_language=en',
  'accept-language' => 'zh-CN,zh;q=0.9,en;q=0.8',
  'accept-encoding' => 'gzip, deflate',
  'referer' => 'http://dev.sustens.com/',
  'accept' => 'text/html,application/xhtml+xml,application/xml;q=0.9,image/avif,image/webp,image/apng,*/*;q=0.8,application/signed-exchange;v=b3;q=0.7',
  'user-agent' => 'Mozilla/5.0 (Macintosh; Intel Mac OS X 10_15_7) AppleWebKit/537.36 (KHTML, like Gecko) Chrome/130.0.0.0 Safari/537.36',
  'upgrade-insecure-requests' => '1',
  'connection' => 'keep-alive',
  'host' => 'dev.sustens.com',
  'content-length' => '',
  'content-type' => '',
)
[ info ] [ PARAM ] array (
)
[ info ] [ RUN ] think\addons\Route->execute[ /var/webstars/sustens/vendor/karsonzhang/fastadmin-addons/src/addons/Route.php ]
[ info ] [ LANG ] /var/webstars/sustens/public/../application/common/lang/zh-cn/addon.php
[ info ] [ BEHAVIOR ] Run app\common\behavior\Common @addon_begin [ RunTime:0.000472s ]
[ info ] [ TOKEN ] INIT Mysql
[ info ] [ BEHAVIOR ] Run \addons\ldcms\Ldcms @config_init [ RunTime:0.000070s ]
[ info ] [ LANG ] /var/webstars/sustens/addons/ldcms/lang/en.php
[ info ] [ VIEW ] /var/webstars/sustens/addons/ldcms/view/en/index.html [ array (
  0 => 'user',
  1 => 'site',
  2 => 'config',
  3 => 'ld',
  4 => 'topid',
) ]
[ info ] [ LOG ] INIT File
[ error ] [2]foreach() argument must be of type array|object, null given[/var/webstars/sustens/thinkphp/library/think/db/Query.php:746]
[ error ] [2]foreach() argument must be of type array|object, null given[/var/webstars/sustens/thinkphp/library/think/db/Query.php:746]
[ error ] [2]foreach() argument must be of type array|object, null given[/var/webstars/sustens/thinkphp/library/think/db/Query.php:746]
[ error ] [2]foreach() argument must be of type array|object, null given[/var/webstars/sustens/thinkphp/library/think/db/Query.php:746]
[ error ] [2]foreach() argument must be of type array|object, null given[/var/webstars/sustens/thinkphp/library/think/db/Query.php:746]
---------------------------------------------------------------
[ 2024-11-18T11:13:04+08:00 ] 10.211.55.2 GET dev.sustens.com/assets/addons/ldcms/images/cbg.jpg
[运行时间：0.026214s] [吞吐率：38.15req/s] [内存消耗：240.31kb] [文件加载：77]
[ info ] [ BEHAVIOR ] Run Closure @app_init [ RunTime:0.000017s ]
[ info ] [ CACHE ] INIT File
[ info ] [ DB ] INIT mysql
[ info ] [ BEHAVIOR ] Run \addons\ldcms\Ldcms @app_init [ RunTime:0.004071s ]
[ info ] [ BEHAVIOR ] Run Closure @app_init [ RunTime:0.004101s ]
[ info ] [ BEHAVIOR ] Run app\common\behavior\Common @app_init [ RunTime:0.000079s ]
[ info ] [ LANG ] /var/webstars/sustens/thinkphp/lang/zh-cn.php
[ info ] [ BEHAVIOR ] Run app\common\behavior\Common @app_dispatch [ RunTime:0.000025s ]
[ info ] [ ROUTE ] array (
  'type' => 'module',
  'module' => 
  array (
    0 => 'assets',
    1 => 'addons',
    2 => 'ldcms',
  ),
)
[ info ] [ HEADER ] array (
  'cookie' => 'uid=2; token=50446b79-6f1c-4eb2-9abc-2c19eb7a9159; backend_language=zh-cn; thinkphp_show_page_trace=0|0; frontend_language=en',
  'accept-language' => 'zh-CN,zh;q=0.9,en;q=0.8',
  'accept-encoding' => 'gzip, deflate',
  'referer' => 'http://dev.sustens.com/',
  'accept' => 'image/avif,image/webp,image/apng,image/svg+xml,image/*,*/*;q=0.8',
  'user-agent' => 'Mozilla/5.0 (Macintosh; Intel Mac OS X 10_15_7) AppleWebKit/537.36 (KHTML, like Gecko) Chrome/130.0.0.0 Safari/537.36',
  'connection' => 'keep-alive',
  'host' => 'dev.sustens.com',
  'content-length' => '',
  'content-type' => '',
)
[ info ] [ PARAM ] array (
  'images' => 'cbg.jpg',
)
[ info ] [ LOG ] INIT File
---------------------------------------------------------------
[ 2024-11-18T11:13:44+08:00 ] 10.211.55.2 GET dev.sustens.com/about.html
[运行时间：0.888181s] [吞吐率：1.13req/s] [内存消耗：795.43kb] [文件加载：181]
[ info ] [ BEHAVIOR ] Run Closure @app_init [ RunTime:0.000103s ]
[ info ] [ CACHE ] INIT File
[ info ] [ DB ] INIT mysql
[ info ] [ BEHAVIOR ] Run \addons\ldcms\Ldcms @app_init [ RunTime:0.023484s ]
[ info ] [ BEHAVIOR ] Run Closure @app_init [ RunTime:0.023506s ]
[ info ] [ BEHAVIOR ] Run app\common\behavior\Common @app_init [ RunTime:0.002599s ]
[ info ] [ LANG ] /var/webstars/sustens/thinkphp/lang/zh-cn.php
[ info ] [ BEHAVIOR ] Run app\common\behavior\Common @app_dispatch [ RunTime:0.000043s ]
[ info ] [ ROUTE ] array (
  'type' => 'method',
  'method' => 
  array (
    0 => '\\think\\addons\\Route',
    1 => 'execute',
  ),
  'var' => 
  array (
    'addon' => 'ldcms',
    'controller' => 'lists',
    'action' => 'index',
  ),
)
[ info ] [ HEADER ] array (
  'cookie' => 'uid=2; token=50446b79-6f1c-4eb2-9abc-2c19eb7a9159; backend_language=zh-cn; thinkphp_show_page_trace=0|0; frontend_language=en',
  'accept-language' => 'zh-CN,zh;q=0.9,en;q=0.8',
  'accept-encoding' => 'gzip, deflate',
  'referer' => 'http://dev.sustens.com/',
  'accept' => 'text/html,application/xhtml+xml,application/xml;q=0.9,image/avif,image/webp,image/apng,*/*;q=0.8,application/signed-exchange;v=b3;q=0.7',
  'user-agent' => 'Mozilla/5.0 (Macintosh; Intel Mac OS X 10_15_7) AppleWebKit/537.36 (KHTML, like Gecko) Chrome/130.0.0.0 Safari/537.36',
  'upgrade-insecure-requests' => '1',
  'connection' => 'keep-alive',
  'host' => 'dev.sustens.com',
  'content-length' => '',
  'content-type' => '',
)
[ info ] [ PARAM ] array (
  'category' => 'about',
)
[ info ] [ RUN ] think\addons\Route->execute[ /var/webstars/sustens/vendor/karsonzhang/fastadmin-addons/src/addons/Route.php ]
[ info ] [ LANG ] /var/webstars/sustens/public/../application/common/lang/zh-cn/addon.php
[ info ] [ BEHAVIOR ] Run app\common\behavior\Common @addon_begin [ RunTime:0.000155s ]
[ info ] [ TOKEN ] INIT Mysql
[ info ] [ BEHAVIOR ] Run \addons\ldcms\Ldcms @config_init [ RunTime:0.000196s ]
[ info ] [ LANG ] /var/webstars/sustens/addons/ldcms/lang/en.php
[ info ] [ VIEW ] /var/webstars/sustens/addons/ldcms/view/en/detail_page.html [ array (
  0 => 'user',
  1 => 'site',
  2 => 'config',
  3 => 'category',
  4 => 'parentsid',
  5 => 'childids',
  6 => 'content',
  7 => 'ld',
  8 => 'topid',
) ]
[ info ] [ LOG ] INIT File
---------------------------------------------------------------
[ 2024-11-18T11:13:47+08:00 ] 10.211.55.2 GET dev.sustens.com/product.html
[运行时间：0.120633s] [吞吐率：8.29req/s] [内存消耗：841.96kb] [文件加载：187]
[ info ] [ BEHAVIOR ] Run Closure @app_init [ RunTime:0.000024s ]
[ info ] [ CACHE ] INIT File
[ info ] [ DB ] INIT mysql
[ info ] [ BEHAVIOR ] Run \addons\ldcms\Ldcms @app_init [ RunTime:0.008553s ]
[ info ] [ BEHAVIOR ] Run Closure @app_init [ RunTime:0.008584s ]
[ info ] [ BEHAVIOR ] Run app\common\behavior\Common @app_init [ RunTime:0.000124s ]
[ info ] [ LANG ] /var/webstars/sustens/thinkphp/lang/zh-cn.php
[ info ] [ BEHAVIOR ] Run app\common\behavior\Common @app_dispatch [ RunTime:0.000023s ]
[ info ] [ ROUTE ] array (
  'type' => 'method',
  'method' => 
  array (
    0 => '\\think\\addons\\Route',
    1 => 'execute',
  ),
  'var' => 
  array (
    'addon' => 'ldcms',
    'controller' => 'lists',
    'action' => 'index',
  ),
)
[ info ] [ HEADER ] array (
  'cookie' => 'uid=2; token=50446b79-6f1c-4eb2-9abc-2c19eb7a9159; backend_language=zh-cn; thinkphp_show_page_trace=0|0; frontend_language=en',
  'accept-language' => 'zh-CN,zh;q=0.9,en;q=0.8',
  'accept-encoding' => 'gzip, deflate',
  'referer' => 'http://dev.sustens.com/about.html',
  'accept' => 'text/html,application/xhtml+xml,application/xml;q=0.9,image/avif,image/webp,image/apng,*/*;q=0.8,application/signed-exchange;v=b3;q=0.7',
  'user-agent' => 'Mozilla/5.0 (Macintosh; Intel Mac OS X 10_15_7) AppleWebKit/537.36 (KHTML, like Gecko) Chrome/130.0.0.0 Safari/537.36',
  'upgrade-insecure-requests' => '1',
  'connection' => 'keep-alive',
  'host' => 'dev.sustens.com',
  'content-length' => '',
  'content-type' => '',
)
[ info ] [ PARAM ] array (
  'category' => 'product',
)
[ info ] [ RUN ] think\addons\Route->execute[ /var/webstars/sustens/vendor/karsonzhang/fastadmin-addons/src/addons/Route.php ]
[ info ] [ LANG ] /var/webstars/sustens/public/../application/common/lang/zh-cn/addon.php
[ info ] [ BEHAVIOR ] Run app\common\behavior\Common @addon_begin [ RunTime:0.000185s ]
[ info ] [ TOKEN ] INIT Mysql
[ info ] [ BEHAVIOR ] Run \addons\ldcms\Ldcms @config_init [ RunTime:0.000046s ]
[ info ] [ LANG ] /var/webstars/sustens/addons/ldcms/lang/en.php
[ info ] [ VIEW ] /var/webstars/sustens/addons/ldcms/view/en/list_product.html [ array (
  0 => 'user',
  1 => 'site',
  2 => 'config',
  3 => 'category',
  4 => 'parentsid',
  5 => 'childids',
  6 => 'ld',
  7 => 'topid',
) ]
[ info ] [ LOG ] INIT File
---------------------------------------------------------------
[ 2024-11-18T11:14:39+08:00 ] 10.211.55.2 GET dev.sustens.com/product.html?page=2
[运行时间：0.130846s] [吞吐率：7.64req/s] [内存消耗：842.20kb] [文件加载：187]
[ info ] [ BEHAVIOR ] Run Closure @app_init [ RunTime:0.000022s ]
[ info ] [ CACHE ] INIT File
[ info ] [ DB ] INIT mysql
[ info ] [ BEHAVIOR ] Run \addons\ldcms\Ldcms @app_init [ RunTime:0.003976s ]
[ info ] [ BEHAVIOR ] Run Closure @app_init [ RunTime:0.004005s ]
[ info ] [ BEHAVIOR ] Run app\common\behavior\Common @app_init [ RunTime:0.000092s ]
[ info ] [ LANG ] /var/webstars/sustens/thinkphp/lang/zh-cn.php
[ info ] [ BEHAVIOR ] Run app\common\behavior\Common @app_dispatch [ RunTime:0.000022s ]
[ info ] [ ROUTE ] array (
  'type' => 'method',
  'method' => 
  array (
    0 => '\\think\\addons\\Route',
    1 => 'execute',
  ),
  'var' => 
  array (
    'addon' => 'ldcms',
    'controller' => 'lists',
    'action' => 'index',
  ),
)
[ info ] [ HEADER ] array (
  'cookie' => 'uid=2; token=50446b79-6f1c-4eb2-9abc-2c19eb7a9159; backend_language=zh-cn; thinkphp_show_page_trace=0|0; frontend_language=en',
  'accept-language' => 'zh-CN,zh;q=0.9,en;q=0.8',
  'accept-encoding' => 'gzip, deflate',
  'referer' => 'http://dev.sustens.com/product.html',
  'accept' => 'text/html,application/xhtml+xml,application/xml;q=0.9,image/avif,image/webp,image/apng,*/*;q=0.8,application/signed-exchange;v=b3;q=0.7',
  'user-agent' => 'Mozilla/5.0 (Macintosh; Intel Mac OS X 10_15_7) AppleWebKit/537.36 (KHTML, like Gecko) Chrome/130.0.0.0 Safari/537.36',
  'upgrade-insecure-requests' => '1',
  'cache-control' => 'no-cache',
  'pragma' => 'no-cache',
  'connection' => 'keep-alive',
  'host' => 'dev.sustens.com',
  'content-length' => '',
  'content-type' => '',
)
[ info ] [ PARAM ] array (
  'page' => '2',
  'category' => 'product',
)
[ info ] [ RUN ] think\addons\Route->execute[ /var/webstars/sustens/vendor/karsonzhang/fastadmin-addons/src/addons/Route.php ]
[ info ] [ LANG ] /var/webstars/sustens/public/../application/common/lang/zh-cn/addon.php
[ info ] [ BEHAVIOR ] Run app\common\behavior\Common @addon_begin [ RunTime:0.000158s ]
[ info ] [ TOKEN ] INIT Mysql
[ info ] [ BEHAVIOR ] Run \addons\ldcms\Ldcms @config_init [ RunTime:0.000034s ]
[ info ] [ LANG ] /var/webstars/sustens/addons/ldcms/lang/en.php
[ info ] [ VIEW ] /var/webstars/sustens/addons/ldcms/view/en/list_product.html [ array (
  0 => 'user',
  1 => 'site',
  2 => 'config',
  3 => 'category',
  4 => 'parentsid',
  5 => 'childids',
  6 => 'ld',
  7 => 'topid',
) ]
[ info ] [ LOG ] INIT File
---------------------------------------------------------------
[ 2024-11-18T11:19:21+08:00 ] 10.211.55.2 GET dev.sustens.com/MTyvDCHVOo.php/index/login
[运行时间：0.256144s] [吞吐率：3.90req/s] [内存消耗：297.02kb] [文件加载：89]
[ info ] [ BEHAVIOR ] Run Closure @app_init [ RunTime:0.000032s ]
[ info ] [ CACHE ] INIT File
[ info ] [ DB ] INIT mysql
[ info ] [ BEHAVIOR ] Run \addons\ldcms\Ldcms @app_init [ RunTime:0.022796s ]
[ info ] [ BEHAVIOR ] Run Closure @app_init [ RunTime:0.022826s ]
[ info ] [ BEHAVIOR ] Run app\common\behavior\Common @app_init [ RunTime:0.001830s ]
[ info ] [ LANG ] /var/webstars/sustens/thinkphp/lang/zh-cn.php
[ info ] [ BEHAVIOR ] Run app\common\behavior\Common @app_dispatch [ RunTime:0.000037s ]
[ info ] [ ROUTE ] array (
  'type' => 'module',
  'module' => 
  array (
    0 => 'admin',
    1 => 'index',
    2 => 'login',
  ),
)
[ info ] [ HEADER ] array (
  'cookie' => 'uid=2; token=50446b79-6f1c-4eb2-9abc-2c19eb7a9159; backend_language=zh-cn; thinkphp_show_page_trace=0|0; frontend_language=en',
  'accept-language' => 'zh-CN,zh;q=0.9,en;q=0.8',
  'accept-encoding' => 'gzip, deflate',
  'accept' => 'text/html,application/xhtml+xml,application/xml;q=0.9,image/avif,image/webp,image/apng,*/*;q=0.8,application/signed-exchange;v=b3;q=0.7',
  'user-agent' => 'Mozilla/5.0 (Macintosh; Intel Mac OS X 10_15_7) AppleWebKit/537.36 (KHTML, like Gecko) Chrome/130.0.0.0 Safari/537.36',
  'upgrade-insecure-requests' => '1',
  'connection' => 'keep-alive',
  'host' => 'dev.sustens.com',
  'content-length' => '',
  'content-type' => '',
)
[ info ] [ PARAM ] array (
)
[ info ] [ LANG ] /var/webstars/sustens/public/../application/admin/lang/zh-cn.php
[ info ] [ BEHAVIOR ] Run app\common\behavior\Common @module_init [ RunTime:0.001650s ]
[ info ] [ SESSION ] INIT array (
  'id' => '',
  'var_session_id' => '',
  'prefix' => 'think',
  'type' => '',
  'auto_start' => true,
)
[ info ] [ BEHAVIOR ] Run \addons\ldcms\Ldcms @config_init [ RunTime:0.000046s ]
[ info ] [ LANG ] /var/webstars/sustens/public/../application/admin/lang/zh-cn/index.php
[ info ] [ RUN ] app\admin\controller\Index->login[ /var/webstars/sustens/application/admin/controller/Index.php ]
[ info ] [ VIEW ] /var/webstars/sustens/public/../application/admin/view/index/login.html [ array (
  0 => 'breadcrumb',
  1 => 'site',
  2 => 'config',
  3 => 'auth',
  4 => 'admin',
  5 => 'keeyloginhours',
  6 => 'background',
  7 => 'title',
) ]
[ info ] [ BEHAVIOR ] Run app\admin\behavior\AdminLog @app_end [ RunTime:0.000931s ]
[ info ] [ LOG ] INIT File
---------------------------------------------------------------
[ 2024-11-18T11:19:22+08:00 ] 10.211.55.2 GET dev.sustens.com/index.php?s=/captcha
[运行时间：0.042128s] [吞吐率：23.74req/s] [内存消耗：241.91kb] [文件加载：75]
[ info ] [ BEHAVIOR ] Run Closure @app_init [ RunTime:0.000024s ]
[ info ] [ CACHE ] INIT File
[ info ] [ DB ] INIT mysql
[ info ] [ BEHAVIOR ] Run \addons\ldcms\Ldcms @app_init [ RunTime:0.003501s ]
[ info ] [ BEHAVIOR ] Run Closure @app_init [ RunTime:0.003642s ]
[ info ] [ BEHAVIOR ] Run app\common\behavior\Common @app_init [ RunTime:0.000078s ]
[ info ] [ LANG ] /var/webstars/sustens/thinkphp/lang/zh-cn.php
[ info ] [ BEHAVIOR ] Run app\common\behavior\Common @app_dispatch [ RunTime:0.000025s ]
[ info ] [ ROUTE ] array (
  'type' => 'method',
  'method' => 
  array (
    0 => '\\think\\captcha\\CaptchaController',
    1 => 'index',
  ),
  'var' => 
  array (
  ),
)
[ info ] [ HEADER ] array (
  'cookie' => 'uid=2; token=50446b79-6f1c-4eb2-9abc-2c19eb7a9159; backend_language=zh-cn; thinkphp_show_page_trace=0|0; frontend_language=en; PHPSESSID=40vsve0haqvtacvur4afbs4v0t',
  'accept-language' => 'zh-CN,zh;q=0.9,en;q=0.8',
  'accept-encoding' => 'gzip, deflate',
  'accept' => 'image/avif,image/webp,image/apng,image/svg+xml,image/*,*/*;q=0.8',
  'user-agent' => 'Mozilla/5.0 (Macintosh; Intel Mac OS X 10_15_7) AppleWebKit/537.36 (KHTML, like Gecko) Chrome/130.0.0.0 Safari/537.36',
  'connection' => 'keep-alive',
  'host' => 'dev.sustens.com',
  'content-length' => '',
  'content-type' => '',
)
[ info ] [ PARAM ] array (
  'id' => NULL,
)
[ info ] [ RUN ] think\captcha\CaptchaController->index[ /var/webstars/sustens/vendor/topthink/think-captcha/src/CaptchaController.php ]
[ info ] [ SESSION ] INIT array (
  'id' => '',
  'var_session_id' => '',
  'prefix' => 'think',
  'type' => '',
  'auto_start' => true,
)
[ info ] [ LOG ] INIT File
---------------------------------------------------------------
[ 2024-11-18T11:19:22+08:00 ] 10.211.55.2 GET dev.sustens.com/MTyvDCHVOo.php/ajax/lang?callback=define&controllername=index&lang=zh-cn&v=1731899961
[运行时间：0.017295s] [吞吐率：57.82req/s] [内存消耗：301.61kb] [文件加载：90]
[ info ] [ BEHAVIOR ] Run Closure @app_init [ RunTime:0.000018s ]
[ info ] [ CACHE ] INIT File
[ info ] [ DB ] INIT mysql
[ info ] [ BEHAVIOR ] Run \addons\ldcms\Ldcms @app_init [ RunTime:0.002759s ]
[ info ] [ BEHAVIOR ] Run Closure @app_init [ RunTime:0.002779s ]
[ info ] [ BEHAVIOR ] Run app\common\behavior\Common @app_init [ RunTime:0.000049s ]
[ info ] [ LANG ] /var/webstars/sustens/thinkphp/lang/zh-cn.php
[ info ] [ BEHAVIOR ] Run app\common\behavior\Common @app_dispatch [ RunTime:0.000012s ]
[ info ] [ ROUTE ] array (
  'type' => 'module',
  'module' => 
  array (
    0 => 'admin',
    1 => 'ajax',
    2 => 'lang',
  ),
)
[ info ] [ HEADER ] array (
  'cookie' => 'uid=2; token=50446b79-6f1c-4eb2-9abc-2c19eb7a9159; backend_language=zh-cn; thinkphp_show_page_trace=0|0; frontend_language=en; PHPSESSID=40vsve0haqvtacvur4afbs4v0t',
  'accept-language' => 'zh-CN,zh;q=0.9,en;q=0.8',
  'accept-encoding' => 'gzip, deflate',
  'accept' => '*/*',
  'user-agent' => 'Mozilla/5.0 (Macintosh; Intel Mac OS X 10_15_7) AppleWebKit/537.36 (KHTML, like Gecko) Chrome/130.0.0.0 Safari/537.36',
  'connection' => 'keep-alive',
  'host' => 'dev.sustens.com',
  'content-length' => '',
  'content-type' => '',
)
[ info ] [ PARAM ] array (
  'callback' => 'define',
  'controllername' => 'index',
  'lang' => 'zh-cn',
  'v' => '1731899961',
)
[ info ] [ LANG ] /var/webstars/sustens/public/../application/admin/lang/zh-cn.php
[ info ] [ BEHAVIOR ] Run app\common\behavior\Common @module_init [ RunTime:0.000056s ]
[ info ] [ SESSION ] INIT array (
  'id' => '',
  'var_session_id' => '',
  'prefix' => 'think',
  'type' => '',
  'auto_start' => true,
)
[ info ] [ BEHAVIOR ] Run \addons\ldcms\Ldcms @config_init [ RunTime:0.000022s ]
[ info ] [ LANG ] /var/webstars/sustens/public/../application/admin/lang/zh-cn/ajax.php
[ info ] [ RUN ] app\admin\controller\Ajax->lang[ /var/webstars/sustens/application/admin/controller/Ajax.php ]
[ info ] [ LANG ] /var/webstars/sustens/public/../application/admin/lang/zh-cn/index.php
[ info ] [ BEHAVIOR ] Run app\admin\behavior\AdminLog @app_end [ RunTime:0.000032s ]
[ info ] [ LOG ] INIT File
---------------------------------------------------------------
[ 2024-11-18T11:19:34+08:00 ] 10.211.55.2 POST dev.sustens.com/MTyvDCHVOo.php/index/login
[运行时间：0.063318s] [吞吐率：15.79req/s] [内存消耗：457.57kb] [文件加载：93]
[ info ] [ BEHAVIOR ] Run Closure @app_init [ RunTime:0.000075s ]
[ info ] [ CACHE ] INIT File
[ info ] [ DB ] INIT mysql
[ info ] [ BEHAVIOR ] Run \addons\ldcms\Ldcms @app_init [ RunTime:0.003886s ]
[ info ] [ BEHAVIOR ] Run Closure @app_init [ RunTime:0.003916s ]
[ info ] [ BEHAVIOR ] Run app\common\behavior\Common @app_init [ RunTime:0.000082s ]
[ info ] [ LANG ] /var/webstars/sustens/thinkphp/lang/zh-cn.php
[ info ] [ BEHAVIOR ] Run app\common\behavior\Common @app_dispatch [ RunTime:0.000015s ]
[ info ] [ ROUTE ] array (
  'type' => 'module',
  'module' => 
  array (
    0 => 'admin',
    1 => 'index',
    2 => 'login',
  ),
)
[ info ] [ HEADER ] array (
  'cookie' => 'thinkphp_show_page_trace=0|0; uid=2; token=50446b79-6f1c-4eb2-9abc-2c19eb7a9159; backend_language=zh-cn; thinkphp_show_page_trace=0|0; frontend_language=en; PHPSESSID=40vsve0haqvtacvur4afbs4v0t',
  'accept-language' => 'zh-CN,zh;q=0.9,en;q=0.8',
  'accept-encoding' => 'gzip, deflate',
  'origin' => 'http://dev.sustens.com',
  'content-type' => 'application/x-www-form-urlencoded; charset=UTF-8',
  'accept' => 'application/json, text/javascript, */*; q=0.01',
  'user-agent' => 'Mozilla/5.0 (Macintosh; Intel Mac OS X 10_15_7) AppleWebKit/537.36 (KHTML, like Gecko) Chrome/130.0.0.0 Safari/537.36',
  'x-requested-with' => 'XMLHttpRequest',
  'content-length' => '117',
  'connection' => 'keep-alive',
  'host' => 'dev.sustens.com',
)
[ info ] [ PARAM ] array (
  '__token__' => '808567b5d0a2046bd8801feda0ee60b5',
  'username' => 'sustensadmin',
  'password' => 'sustensadmin@pwd',
  'captcha' => '7FIY',
  'keeplogin' => '1',
)
[ info ] [ LANG ] /var/webstars/sustens/public/../application/admin/lang/zh-cn.php
[ info ] [ BEHAVIOR ] Run app\common\behavior\Common @module_init [ RunTime:0.000148s ]
[ info ] [ SESSION ] INIT array (
  'id' => '',
  'var_session_id' => '',
  'prefix' => 'think',
  'type' => '',
  'auto_start' => true,
)
[ info ] [ BEHAVIOR ] Run \addons\ldcms\Ldcms @config_init [ RunTime:0.000031s ]
[ info ] [ LANG ] /var/webstars/sustens/public/../application/admin/lang/zh-cn/index.php
[ info ] [ RUN ] app\admin\controller\Index->login[ /var/webstars/sustens/application/admin/controller/Index.php ]
[ info ] [ BEHAVIOR ] Run app\admin\behavior\AdminLog @app_end [ RunTime:0.017843s ]
[ info ] [ LOG ] INIT File
---------------------------------------------------------------
[ 2024-11-18T11:19:35+08:00 ] 10.211.55.2 GET dev.sustens.com/MTyvDCHVOo.php/index/index
[运行时间：0.093216s] [吞吐率：10.73req/s] [内存消耗：711.67kb] [文件加载：96]
[ info ] [ BEHAVIOR ] Run Closure @app_init [ RunTime:0.001336s ]
[ info ] [ CACHE ] INIT File
[ info ] [ DB ] INIT mysql
[ info ] [ BEHAVIOR ] Run \addons\ldcms\Ldcms @app_init [ RunTime:0.007424s ]
[ info ] [ BEHAVIOR ] Run Closure @app_init [ RunTime:0.007537s ]
[ info ] [ BEHAVIOR ] Run app\common\behavior\Common @app_init [ RunTime:0.000180s ]
[ info ] [ LANG ] /var/webstars/sustens/thinkphp/lang/zh-cn.php
[ info ] [ BEHAVIOR ] Run app\common\behavior\Common @app_dispatch [ RunTime:0.000028s ]
[ info ] [ ROUTE ] array (
  'type' => 'module',
  'module' => 
  array (
    0 => 'admin',
    1 => 'index',
    2 => 'index',
  ),
)
[ info ] [ HEADER ] array (
  'cookie' => 'thinkphp_show_page_trace=0|0; uid=2; token=50446b79-6f1c-4eb2-9abc-2c19eb7a9159; backend_language=zh-cn; thinkphp_show_page_trace=0|0; frontend_language=en; PHPSESSID=40vsve0haqvtacvur4afbs4v0t; keeplogin=1%7C86400%7C1731986374%7Cc033686637a60cbe64c2f8276a802fb1',
  'accept-language' => 'zh-CN,zh;q=0.9,en;q=0.8',
  'accept-encoding' => 'gzip, deflate',
  'accept' => 'text/html,application/xhtml+xml,application/xml;q=0.9,image/avif,image/webp,image/apng,*/*;q=0.8,application/signed-exchange;v=b3;q=0.7',
  'user-agent' => 'Mozilla/5.0 (Macintosh; Intel Mac OS X 10_15_7) AppleWebKit/537.36 (KHTML, like Gecko) Chrome/130.0.0.0 Safari/537.36',
  'upgrade-insecure-requests' => '1',
  'connection' => 'keep-alive',
  'host' => 'dev.sustens.com',
  'content-length' => '',
  'content-type' => '',
)
[ info ] [ PARAM ] array (
)
[ info ] [ LANG ] /var/webstars/sustens/public/../application/admin/lang/zh-cn.php
[ info ] [ BEHAVIOR ] Run app\common\behavior\Common @module_init [ RunTime:0.000081s ]
[ info ] [ SESSION ] INIT array (
  'id' => '',
  'var_session_id' => '',
  'prefix' => 'think',
  'type' => '',
  'auto_start' => true,
)
[ info ] [ BEHAVIOR ] Run \addons\ldcms\Ldcms @config_init [ RunTime:0.000088s ]
[ info ] [ LANG ] /var/webstars/sustens/public/../application/admin/lang/zh-cn/index.php
[ info ] [ RUN ] app\admin\controller\Index->index[ /var/webstars/sustens/application/admin/controller/Index.php ]
[ info ] [ VIEW ] /var/webstars/sustens/public/../application/admin/view/index/index.html [ array (
  0 => 'breadcrumb',
  1 => 'site',
  2 => 'config',
  3 => 'auth',
  4 => 'admin',
  5 => 'menulist',
  6 => 'navlist',
  7 => 'fixedmenu',
  8 => 'referermenu',
  9 => 'title',
) ]
[ info ] [ BEHAVIOR ] Run app\admin\behavior\AdminLog @app_end [ RunTime:0.000024s ]
[ info ] [ LOG ] INIT File
---------------------------------------------------------------
[ 2024-11-18T11:19:35+08:00 ] 10.211.55.2 GET dev.sustens.com/MTyvDCHVOo.php/dashboard?addtabs=1
[运行时间：0.340636s] [吞吐率：2.94req/s] [内存消耗：682.73kb] [文件加载：96]
[ info ] [ BEHAVIOR ] Run Closure @app_init [ RunTime:0.000014s ]
[ info ] [ CACHE ] INIT File
[ info ] [ DB ] INIT mysql
[ info ] [ BEHAVIOR ] Run \addons\ldcms\Ldcms @app_init [ RunTime:0.018417s ]
[ info ] [ BEHAVIOR ] Run Closure @app_init [ RunTime:0.018447s ]
[ info ] [ BEHAVIOR ] Run app\common\behavior\Common @app_init [ RunTime:0.000122s ]
[ info ] [ LANG ] /var/webstars/sustens/thinkphp/lang/zh-cn.php
[ info ] [ BEHAVIOR ] Run app\common\behavior\Common @app_dispatch [ RunTime:0.000017s ]
[ info ] [ ROUTE ] array (
  'type' => 'module',
  'module' => 
  array (
    0 => 'admin',
    1 => 'dashboard',
    2 => NULL,
  ),
)
[ info ] [ HEADER ] array (
  'cookie' => 'uid=2; token=50446b79-6f1c-4eb2-9abc-2c19eb7a9159; backend_language=zh-cn; thinkphp_show_page_trace=0|0; frontend_language=en; PHPSESSID=40vsve0haqvtacvur4afbs4v0t; keeplogin=1%7C86400%7C1731986374%7Cc033686637a60cbe64c2f8276a802fb1',
  'accept-language' => 'zh-CN,zh;q=0.9,en;q=0.8',
  'accept-encoding' => 'gzip, deflate',
  'accept' => 'text/html,application/xhtml+xml,application/xml;q=0.9,image/avif,image/webp,image/apng,*/*;q=0.8,application/signed-exchange;v=b3;q=0.7',
  'user-agent' => 'Mozilla/5.0 (Macintosh; Intel Mac OS X 10_15_7) AppleWebKit/537.36 (KHTML, like Gecko) Chrome/130.0.0.0 Safari/537.36',
  'upgrade-insecure-requests' => '1',
  'connection' => 'keep-alive',
  'host' => 'dev.sustens.com',
  'content-length' => '',
  'content-type' => '',
)
[ info ] [ PARAM ] array (
  'addtabs' => '1',
)
[ info ] [ LANG ] /var/webstars/sustens/public/../application/admin/lang/zh-cn.php
[ info ] [ BEHAVIOR ] Run app\common\behavior\Common @module_init [ RunTime:0.000142s ]
[ info ] [ SESSION ] INIT array (
  'id' => '',
  'var_session_id' => '',
  'prefix' => 'think',
  'type' => '',
  'auto_start' => true,
)
[ info ] [ BEHAVIOR ] Run \addons\ldcms\Ldcms @config_init [ RunTime:0.000113s ]
[ info ] [ LANG ] /var/webstars/sustens/public/../application/admin/lang/zh-cn/dashboard.php
[ info ] [ RUN ] app\admin\controller\Dashboard->index[ /var/webstars/sustens/application/admin/controller/Dashboard.php ]
[ info ] [ VIEW ] /var/webstars/sustens/public/../application/admin/view/dashboard/index.html [ array (
  0 => 'breadcrumb',
  1 => 'site',
  2 => 'config',
  3 => 'auth',
  4 => 'admin',
  5 => 'totaluser',
  6 => 'totaladdon',
  7 => 'totaladmin',
  8 => 'totalcategory',
  9 => 'todayusersignup',
  10 => 'todayuserlogin',
  11 => 'sevendau',
  12 => 'thirtydau',
  13 => 'threednu',
  14 => 'sevendnu',
  15 => 'dbtablenums',
  16 => 'dbsize',
  17 => 'totalworkingaddon',
  18 => 'attachmentnums',
  19 => 'attachmentsize',
  20 => 'picturenums',
  21 => 'picturesize',
) ]
[ info ] [ BEHAVIOR ] Run app\admin\behavior\AdminLog @app_end [ RunTime:0.000032s ]
[ info ] [ LOG ] INIT File
---------------------------------------------------------------
[ 2024-11-18T11:19:35+08:00 ] 10.211.55.2 GET dev.sustens.com/MTyvDCHVOo.php/ajax/lang?callback=define&controllername=index&lang=zh-cn&v=1731899975
[运行时间：0.174390s] [吞吐率：5.73req/s] [内存消耗：302.90kb] [文件加载：90]
[ info ] [ BEHAVIOR ] Run Closure @app_init [ RunTime:0.000019s ]
[ info ] [ CACHE ] INIT File
[ info ] [ DB ] INIT mysql
[ info ] [ BEHAVIOR ] Run \addons\ldcms\Ldcms @app_init [ RunTime:0.004924s ]
[ info ] [ BEHAVIOR ] Run Closure @app_init [ RunTime:0.004948s ]
[ info ] [ BEHAVIOR ] Run app\common\behavior\Common @app_init [ RunTime:0.000062s ]
[ info ] [ LANG ] /var/webstars/sustens/thinkphp/lang/zh-cn.php
[ info ] [ BEHAVIOR ] Run app\common\behavior\Common @app_dispatch [ RunTime:0.000021s ]
[ info ] [ ROUTE ] array (
  'type' => 'module',
  'module' => 
  array (
    0 => 'admin',
    1 => 'ajax',
    2 => 'lang',
  ),
)
[ info ] [ HEADER ] array (
  'cookie' => 'uid=2; token=50446b79-6f1c-4eb2-9abc-2c19eb7a9159; backend_language=zh-cn; thinkphp_show_page_trace=0|0; frontend_language=en; PHPSESSID=40vsve0haqvtacvur4afbs4v0t; keeplogin=1%7C86400%7C1731986374%7Cc033686637a60cbe64c2f8276a802fb1',
  'accept-language' => 'zh-CN,zh;q=0.9,en;q=0.8',
  'accept-encoding' => 'gzip, deflate',
  'accept' => '*/*',
  'user-agent' => 'Mozilla/5.0 (Macintosh; Intel Mac OS X 10_15_7) AppleWebKit/537.36 (KHTML, like Gecko) Chrome/130.0.0.0 Safari/537.36',
  'connection' => 'keep-alive',
  'host' => 'dev.sustens.com',
  'content-length' => '',
  'content-type' => '',
)
[ info ] [ PARAM ] array (
  'callback' => 'define',
  'controllername' => 'index',
  'lang' => 'zh-cn',
  'v' => '1731899975',
)
[ info ] [ LANG ] /var/webstars/sustens/public/../application/admin/lang/zh-cn.php
[ info ] [ BEHAVIOR ] Run app\common\behavior\Common @module_init [ RunTime:0.000091s ]
[ info ] [ SESSION ] INIT array (
  'id' => '',
  'var_session_id' => '',
  'prefix' => 'think',
  'type' => '',
  'auto_start' => true,
)
[ info ] [ BEHAVIOR ] Run \addons\ldcms\Ldcms @config_init [ RunTime:0.000074s ]
[ info ] [ LANG ] /var/webstars/sustens/public/../application/admin/lang/zh-cn/ajax.php
[ info ] [ RUN ] app\admin\controller\Ajax->lang[ /var/webstars/sustens/application/admin/controller/Ajax.php ]
[ info ] [ LANG ] /var/webstars/sustens/public/../application/admin/lang/zh-cn/index.php
[ info ] [ BEHAVIOR ] Run app\admin\behavior\AdminLog @app_end [ RunTime:0.000052s ]
[ info ] [ LOG ] INIT File
---------------------------------------------------------------
[ 2024-11-18T11:19:36+08:00 ] 10.211.55.2 GET dev.sustens.com/MTyvDCHVOo.php/ajax/lang?callback=define&controllername=dashboard&lang=zh-cn&v=1731899975
[运行时间：0.013070s] [吞吐率：76.51req/s] [内存消耗：300.36kb] [文件加载：90]
[ info ] [ BEHAVIOR ] Run Closure @app_init [ RunTime:0.000015s ]
[ info ] [ CACHE ] INIT File
[ info ] [ DB ] INIT mysql
[ info ] [ BEHAVIOR ] Run \addons\ldcms\Ldcms @app_init [ RunTime:0.002490s ]
[ info ] [ BEHAVIOR ] Run Closure @app_init [ RunTime:0.002510s ]
[ info ] [ BEHAVIOR ] Run app\common\behavior\Common @app_init [ RunTime:0.000051s ]
[ info ] [ LANG ] /var/webstars/sustens/thinkphp/lang/zh-cn.php
[ info ] [ BEHAVIOR ] Run app\common\behavior\Common @app_dispatch [ RunTime:0.000010s ]
[ info ] [ ROUTE ] array (
  'type' => 'module',
  'module' => 
  array (
    0 => 'admin',
    1 => 'ajax',
    2 => 'lang',
  ),
)
[ info ] [ HEADER ] array (
  'cookie' => 'thinkphp_show_page_trace=0|0; uid=2; token=50446b79-6f1c-4eb2-9abc-2c19eb7a9159; backend_language=zh-cn; thinkphp_show_page_trace=0|0; frontend_language=en; PHPSESSID=40vsve0haqvtacvur4afbs4v0t; keeplogin=1%7C86400%7C1731986374%7Cc033686637a60cbe64c2f8276a802fb1',
  'accept-language' => 'zh-CN,zh;q=0.9,en;q=0.8',
  'accept-encoding' => 'gzip, deflate',
  'accept' => '*/*',
  'user-agent' => 'Mozilla/5.0 (Macintosh; Intel Mac OS X 10_15_7) AppleWebKit/537.36 (KHTML, like Gecko) Chrome/130.0.0.0 Safari/537.36',
  'connection' => 'keep-alive',
  'host' => 'dev.sustens.com',
  'content-length' => '',
  'content-type' => '',
)
[ info ] [ PARAM ] array (
  'callback' => 'define',
  'controllername' => 'dashboard',
  'lang' => 'zh-cn',
  'v' => '1731899975',
)
[ info ] [ LANG ] /var/webstars/sustens/public/../application/admin/lang/zh-cn.php
[ info ] [ BEHAVIOR ] Run app\common\behavior\Common @module_init [ RunTime:0.000074s ]
[ info ] [ SESSION ] INIT array (
  'id' => '',
  'var_session_id' => '',
  'prefix' => 'think',
  'type' => '',
  'auto_start' => true,
)
[ info ] [ BEHAVIOR ] Run \addons\ldcms\Ldcms @config_init [ RunTime:0.000034s ]
[ info ] [ LANG ] /var/webstars/sustens/public/../application/admin/lang/zh-cn/ajax.php
[ info ] [ RUN ] app\admin\controller\Ajax->lang[ /var/webstars/sustens/application/admin/controller/Ajax.php ]
[ info ] [ LANG ] /var/webstars/sustens/public/../application/admin/lang/zh-cn/dashboard.php
[ info ] [ BEHAVIOR ] Run app\admin\behavior\AdminLog @app_end [ RunTime:0.000040s ]
[ info ] [ LOG ] INIT File
---------------------------------------------------------------
[ 2024-11-18T11:19:47+08:00 ] 10.211.55.2 GET dev.sustens.com/MTyvDCHVOo.php/ldcms/diyform/index?addtabs=1
[运行时间：0.082502s] [吞吐率：12.12req/s] [内存消耗：662.79kb] [文件加载：97]
[ info ] [ BEHAVIOR ] Run Closure @app_init [ RunTime:0.000084s ]
[ info ] [ CACHE ] INIT File
[ info ] [ DB ] INIT mysql
[ info ] [ BEHAVIOR ] Run \addons\ldcms\Ldcms @app_init [ RunTime:0.004237s ]
[ info ] [ BEHAVIOR ] Run Closure @app_init [ RunTime:0.004262s ]
[ info ] [ BEHAVIOR ] Run app\common\behavior\Common @app_init [ RunTime:0.000100s ]
[ info ] [ LANG ] /var/webstars/sustens/thinkphp/lang/zh-cn.php
[ info ] [ BEHAVIOR ] Run app\common\behavior\Common @app_dispatch [ RunTime:0.000087s ]
[ info ] [ ROUTE ] array (
  'type' => 'module',
  'module' => 
  array (
    0 => 'admin',
    1 => 'ldcms.diyform',
    2 => 'index',
  ),
)
[ info ] [ HEADER ] array (
  'cookie' => 'thinkphp_show_page_trace=0|0; uid=2; token=50446b79-6f1c-4eb2-9abc-2c19eb7a9159; backend_language=zh-cn; thinkphp_show_page_trace=0|0; frontend_language=en; PHPSESSID=40vsve0haqvtacvur4afbs4v0t; keeplogin=1%7C86400%7C1731986374%7Cc033686637a60cbe64c2f8276a802fb1',
  'accept-language' => 'zh-CN,zh;q=0.9,en;q=0.8',
  'accept-encoding' => 'gzip, deflate',
  'accept' => 'text/html,application/xhtml+xml,application/xml;q=0.9,image/avif,image/webp,image/apng,*/*;q=0.8,application/signed-exchange;v=b3;q=0.7',
  'user-agent' => 'Mozilla/5.0 (Macintosh; Intel Mac OS X 10_15_7) AppleWebKit/537.36 (KHTML, like Gecko) Chrome/130.0.0.0 Safari/537.36',
  'upgrade-insecure-requests' => '1',
  'connection' => 'keep-alive',
  'host' => 'dev.sustens.com',
  'content-length' => '',
  'content-type' => '',
)
[ info ] [ PARAM ] array (
  'addtabs' => '1',
)
[ info ] [ LANG ] /var/webstars/sustens/public/../application/admin/lang/zh-cn.php
[ info ] [ BEHAVIOR ] Run app\common\behavior\Common @module_init [ RunTime:0.000107s ]
[ info ] [ SESSION ] INIT array (
  'id' => '',
  'var_session_id' => '',
  'prefix' => 'think',
  'type' => '',
  'auto_start' => true,
)
[ info ] [ BEHAVIOR ] Run \addons\ldcms\Ldcms @config_init [ RunTime:0.000097s ]
[ info ] [ LANG ] /var/webstars/sustens/public/../application/admin/lang/zh-cn/ldcms/diyform.php
[ info ] [ RUN ] app\common\controller\Backend->index[ /var/webstars/sustens/application/admin/library/traits/Backend.php ]
[ info ] [ VIEW ] /var/webstars/sustens/public/../application/admin/view/ldcms/diyform/index.html [ array (
  0 => 'breadcrumb',
  1 => 'site',
  2 => 'config',
  3 => 'auth',
  4 => 'admin',
  5 => 'addon_config',
) ]
[ info ] [ BEHAVIOR ] Run app\admin\behavior\AdminLog @app_end [ RunTime:0.000044s ]
[ info ] [ LOG ] INIT File
---------------------------------------------------------------
[ 2024-11-18T11:19:48+08:00 ] 10.211.55.2 GET dev.sustens.com/MTyvDCHVOo.php/ajax/lang?callback=define&controllername=ldcms.diyform&lang=zh-cn&v=1731899987
[运行时间：0.015842s] [吞吐率：63.12req/s] [内存消耗：304.52kb] [文件加载：91]
[ info ] [ BEHAVIOR ] Run Closure @app_init [ RunTime:0.000024s ]
[ info ] [ CACHE ] INIT File
[ info ] [ DB ] INIT mysql
[ info ] [ BEHAVIOR ] Run \addons\ldcms\Ldcms @app_init [ RunTime:0.003699s ]
[ info ] [ BEHAVIOR ] Run Closure @app_init [ RunTime:0.003917s ]
[ info ] [ BEHAVIOR ] Run app\common\behavior\Common @app_init [ RunTime:0.000102s ]
[ info ] [ LANG ] /var/webstars/sustens/thinkphp/lang/zh-cn.php
[ info ] [ BEHAVIOR ] Run app\common\behavior\Common @app_dispatch [ RunTime:0.000020s ]
[ info ] [ ROUTE ] array (
  'type' => 'module',
  'module' => 
  array (
    0 => 'admin',
    1 => 'ajax',
    2 => 'lang',
  ),
)
[ info ] [ HEADER ] array (
  'cookie' => 'thinkphp_show_page_trace=0|0; uid=2; token=50446b79-6f1c-4eb2-9abc-2c19eb7a9159; backend_language=zh-cn; thinkphp_show_page_trace=0|0; frontend_language=en; PHPSESSID=40vsve0haqvtacvur4afbs4v0t; keeplogin=1%7C86400%7C1731986374%7Cc033686637a60cbe64c2f8276a802fb1',
  'accept-language' => 'zh-CN,zh;q=0.9,en;q=0.8',
  'accept-encoding' => 'gzip, deflate',
  'accept' => '*/*',
  'user-agent' => 'Mozilla/5.0 (Macintosh; Intel Mac OS X 10_15_7) AppleWebKit/537.36 (KHTML, like Gecko) Chrome/130.0.0.0 Safari/537.36',
  'connection' => 'keep-alive',
  'host' => 'dev.sustens.com',
  'content-length' => '',
  'content-type' => '',
)
[ info ] [ PARAM ] array (
  'callback' => 'define',
  'controllername' => 'ldcms.diyform',
  'lang' => 'zh-cn',
  'v' => '1731899987',
)
[ info ] [ LANG ] /var/webstars/sustens/public/../application/admin/lang/zh-cn.php
[ info ] [ BEHAVIOR ] Run app\common\behavior\Common @module_init [ RunTime:0.000089s ]
[ info ] [ SESSION ] INIT array (
  'id' => '',
  'var_session_id' => '',
  'prefix' => 'think',
  'type' => '',
  'auto_start' => true,
)
[ info ] [ BEHAVIOR ] Run \addons\ldcms\Ldcms @config_init [ RunTime:0.000044s ]
[ info ] [ LANG ] /var/webstars/sustens/public/../application/admin/lang/zh-cn/ajax.php
[ info ] [ RUN ] app\admin\controller\Ajax->lang[ /var/webstars/sustens/application/admin/controller/Ajax.php ]
[ info ] [ LANG ] /var/webstars/sustens/public/../application/admin/lang/zh-cn/ldcms/diyform.php
[ info ] [ BEHAVIOR ] Run app\admin\behavior\AdminLog @app_end [ RunTime:0.000030s ]
[ info ] [ LOG ] INIT File
---------------------------------------------------------------
[ 2024-11-18T11:19:48+08:00 ] 10.211.55.2 GET dev.sustens.com/MTyvDCHVOo.php/ldcms/diyform/index?addtabs=1&sort=id&order=desc&offset=0&limit=10&filter=%7B%7D&op=%7B%7D&_=1731899987988
[运行时间：0.114461s] [吞吐率：8.74req/s] [内存消耗：646.81kb] [文件加载：95]
[ info ] [ BEHAVIOR ] Run Closure @app_init [ RunTime:0.000038s ]
[ info ] [ CACHE ] INIT File
[ info ] [ DB ] INIT mysql
[ info ] [ BEHAVIOR ] Run \addons\ldcms\Ldcms @app_init [ RunTime:0.027007s ]
[ info ] [ BEHAVIOR ] Run Closure @app_init [ RunTime:0.027040s ]
[ info ] [ BEHAVIOR ] Run app\common\behavior\Common @app_init [ RunTime:0.000100s ]
[ info ] [ LANG ] /var/webstars/sustens/thinkphp/lang/zh-cn.php
[ info ] [ BEHAVIOR ] Run app\common\behavior\Common @app_dispatch [ RunTime:0.000020s ]
[ info ] [ ROUTE ] array (
  'type' => 'module',
  'module' => 
  array (
    0 => 'admin',
    1 => 'ldcms.diyform',
    2 => 'index',
  ),
)
[ info ] [ HEADER ] array (
  'cookie' => 'thinkphp_show_page_trace=0|0; thinkphp_show_page_trace=0|0; uid=2; token=50446b79-6f1c-4eb2-9abc-2c19eb7a9159; backend_language=zh-cn; thinkphp_show_page_trace=0|0; frontend_language=en; PHPSESSID=40vsve0haqvtacvur4afbs4v0t; keeplogin=1%7C86400%7C1731986374%7Cc033686637a60cbe64c2f8276a802fb1',
  'accept-language' => 'zh-CN,zh;q=0.9,en;q=0.8',
  'accept-encoding' => 'gzip, deflate',
  'content-type' => 'application/json',
  'accept' => 'application/json, text/javascript, */*; q=0.01',
  'user-agent' => 'Mozilla/5.0 (Macintosh; Intel Mac OS X 10_15_7) AppleWebKit/537.36 (KHTML, like Gecko) Chrome/130.0.0.0 Safari/537.36',
  'x-requested-with' => 'XMLHttpRequest',
  'connection' => 'keep-alive',
  'host' => 'dev.sustens.com',
  'content-length' => '',
)
[ info ] [ PARAM ] array (
  'addtabs' => '1',
  'sort' => 'id',
  'order' => 'desc',
  'offset' => '0',
  'limit' => '10',
  'filter' => '{}',
  'op' => '{}',
  '_' => '1731899987988',
)
[ info ] [ LANG ] /var/webstars/sustens/public/../application/admin/lang/zh-cn.php
[ info ] [ BEHAVIOR ] Run app\common\behavior\Common @module_init [ RunTime:0.000112s ]
[ info ] [ SESSION ] INIT array (
  'id' => '',
  'var_session_id' => '',
  'prefix' => 'think',
  'type' => '',
  'auto_start' => true,
)
[ info ] [ BEHAVIOR ] Run \addons\ldcms\Ldcms @config_init [ RunTime:0.000106s ]
[ info ] [ LANG ] /var/webstars/sustens/public/../application/admin/lang/zh-cn/ldcms/diyform.php
[ info ] [ RUN ] app\common\controller\Backend->index[ /var/webstars/sustens/application/admin/library/traits/Backend.php ]
[ info ] [ BEHAVIOR ] Run app\admin\behavior\AdminLog @app_end [ RunTime:0.000032s ]
[ info ] [ LOG ] INIT File
---------------------------------------------------------------
[ 2024-11-18T11:19:52+08:00 ] 10.211.55.2 GET dev.sustens.com/MTyvDCHVOo.php/ldcms/content_url?addtabs=1
[运行时间：0.041767s] [吞吐率：23.94req/s] [内存消耗：651.90kb] [文件加载：97]
[ info ] [ BEHAVIOR ] Run Closure @app_init [ RunTime:0.000017s ]
[ info ] [ CACHE ] INIT File
[ info ] [ DB ] INIT mysql
[ info ] [ BEHAVIOR ] Run \addons\ldcms\Ldcms @app_init [ RunTime:0.002252s ]
[ info ] [ BEHAVIOR ] Run Closure @app_init [ RunTime:0.002275s ]
[ info ] [ BEHAVIOR ] Run app\common\behavior\Common @app_init [ RunTime:0.000072s ]
[ info ] [ LANG ] /var/webstars/sustens/thinkphp/lang/zh-cn.php
[ info ] [ BEHAVIOR ] Run app\common\behavior\Common @app_dispatch [ RunTime:0.000014s ]
[ info ] [ ROUTE ] array (
  'type' => 'module',
  'module' => 
  array (
    0 => 'admin',
    1 => 'ldcms.content_url',
    2 => NULL,
  ),
)
[ info ] [ HEADER ] array (
  'cookie' => 'thinkphp_show_page_trace=0|0; uid=2; token=50446b79-6f1c-4eb2-9abc-2c19eb7a9159; backend_language=zh-cn; thinkphp_show_page_trace=0|0; frontend_language=en; PHPSESSID=40vsve0haqvtacvur4afbs4v0t; keeplogin=1%7C86400%7C1731986374%7Cc033686637a60cbe64c2f8276a802fb1',
  'accept-language' => 'zh-CN,zh;q=0.9,en;q=0.8',
  'accept-encoding' => 'gzip, deflate',
  'accept' => 'text/html,application/xhtml+xml,application/xml;q=0.9,image/avif,image/webp,image/apng,*/*;q=0.8,application/signed-exchange;v=b3;q=0.7',
  'user-agent' => 'Mozilla/5.0 (Macintosh; Intel Mac OS X 10_15_7) AppleWebKit/537.36 (KHTML, like Gecko) Chrome/130.0.0.0 Safari/537.36',
  'upgrade-insecure-requests' => '1',
  'connection' => 'keep-alive',
  'host' => 'dev.sustens.com',
  'content-length' => '',
  'content-type' => '',
)
[ info ] [ PARAM ] array (
  'addtabs' => '1',
)
[ info ] [ LANG ] /var/webstars/sustens/public/../application/admin/lang/zh-cn.php
[ info ] [ BEHAVIOR ] Run app\common\behavior\Common @module_init [ RunTime:0.000081s ]
[ info ] [ SESSION ] INIT array (
  'id' => '',
  'var_session_id' => '',
  'prefix' => 'think',
  'type' => '',
  'auto_start' => true,
)
[ info ] [ BEHAVIOR ] Run \addons\ldcms\Ldcms @config_init [ RunTime:0.000104s ]
[ info ] [ LANG ] /var/webstars/sustens/public/../application/admin/lang/zh-cn/ldcms/content_url.php
[ info ] [ RUN ] app\admin\controller\ldcms\ContentUrl->index[ /var/webstars/sustens/application/admin/controller/ldcms/ContentUrl.php ]
[ info ] [ VIEW ] /var/webstars/sustens/public/../application/admin/view/ldcms/content_url/index.html [ array (
  0 => 'breadcrumb',
  1 => 'site',
  2 => 'config',
  3 => 'auth',
  4 => 'admin',
  5 => 'addon_config',
) ]
[ info ] [ BEHAVIOR ] Run app\admin\behavior\AdminLog @app_end [ RunTime:0.000064s ]
[ info ] [ LOG ] INIT File
---------------------------------------------------------------
[ 2024-11-18T11:19:52+08:00 ] 10.211.55.2 GET dev.sustens.com/MTyvDCHVOo.php/ajax/lang?callback=define&controllername=ldcms.content_url&lang=zh-cn&v=1731899992
[运行时间：0.015233s] [吞吐率：65.65req/s] [内存消耗：304.24kb] [文件加载：91]
[ info ] [ BEHAVIOR ] Run Closure @app_init [ RunTime:0.000024s ]
[ info ] [ CACHE ] INIT File
[ info ] [ DB ] INIT mysql
[ info ] [ BEHAVIOR ] Run \addons\ldcms\Ldcms @app_init [ RunTime:0.003239s ]
[ info ] [ BEHAVIOR ] Run Closure @app_init [ RunTime:0.003275s ]
[ info ] [ BEHAVIOR ] Run app\common\behavior\Common @app_init [ RunTime:0.000083s ]
[ info ] [ LANG ] /var/webstars/sustens/thinkphp/lang/zh-cn.php
[ info ] [ BEHAVIOR ] Run app\common\behavior\Common @app_dispatch [ RunTime:0.000020s ]
[ info ] [ ROUTE ] array (
  'type' => 'module',
  'module' => 
  array (
    0 => 'admin',
    1 => 'ajax',
    2 => 'lang',
  ),
)
[ info ] [ HEADER ] array (
  'cookie' => 'thinkphp_show_page_trace=0|0; uid=2; token=50446b79-6f1c-4eb2-9abc-2c19eb7a9159; backend_language=zh-cn; thinkphp_show_page_trace=0|0; frontend_language=en; PHPSESSID=40vsve0haqvtacvur4afbs4v0t; keeplogin=1%7C86400%7C1731986374%7Cc033686637a60cbe64c2f8276a802fb1',
  'accept-language' => 'zh-CN,zh;q=0.9,en;q=0.8',
  'accept-encoding' => 'gzip, deflate',
  'accept' => '*/*',
  'user-agent' => 'Mozilla/5.0 (Macintosh; Intel Mac OS X 10_15_7) AppleWebKit/537.36 (KHTML, like Gecko) Chrome/130.0.0.0 Safari/537.36',
  'connection' => 'keep-alive',
  'host' => 'dev.sustens.com',
  'content-length' => '',
  'content-type' => '',
)
[ info ] [ PARAM ] array (
  'callback' => 'define',
  'controllername' => 'ldcms.content_url',
  'lang' => 'zh-cn',
  'v' => '1731899992',
)
[ info ] [ LANG ] /var/webstars/sustens/public/../application/admin/lang/zh-cn.php
[ info ] [ BEHAVIOR ] Run app\common\behavior\Common @module_init [ RunTime:0.000079s ]
[ info ] [ SESSION ] INIT array (
  'id' => '',
  'var_session_id' => '',
  'prefix' => 'think',
  'type' => '',
  'auto_start' => true,
)
[ info ] [ BEHAVIOR ] Run \addons\ldcms\Ldcms @config_init [ RunTime:0.000031s ]
[ info ] [ LANG ] /var/webstars/sustens/public/../application/admin/lang/zh-cn/ajax.php
[ info ] [ RUN ] app\admin\controller\Ajax->lang[ /var/webstars/sustens/application/admin/controller/Ajax.php ]
[ info ] [ LANG ] /var/webstars/sustens/public/../application/admin/lang/zh-cn/ldcms/content_url.php
[ info ] [ BEHAVIOR ] Run app\admin\behavior\AdminLog @app_end [ RunTime:0.000032s ]
[ info ] [ LOG ] INIT File
---------------------------------------------------------------
[ 2024-11-18T11:19:53+08:00 ] 10.211.55.2 GET dev.sustens.com/MTyvDCHVOo.php/ldcms/content_url/index?addtabs=1&sort=id&order=desc&offset=0&limit=10&filter=%7B%7D&op=%7B%7D&_=1731899992601
[运行时间：0.189561s] [吞吐率：5.28req/s] [内存消耗：644.25kb] [文件加载：95]
[ info ] [ BEHAVIOR ] Run Closure @app_init [ RunTime:0.000025s ]
[ info ] [ CACHE ] INIT File
[ info ] [ DB ] INIT mysql
[ info ] [ BEHAVIOR ] Run \addons\ldcms\Ldcms @app_init [ RunTime:0.099461s ]
[ info ] [ BEHAVIOR ] Run Closure @app_init [ RunTime:0.099495s ]
[ info ] [ BEHAVIOR ] Run app\common\behavior\Common @app_init [ RunTime:0.000093s ]
[ info ] [ LANG ] /var/webstars/sustens/thinkphp/lang/zh-cn.php
[ info ] [ BEHAVIOR ] Run app\common\behavior\Common @app_dispatch [ RunTime:0.000020s ]
[ info ] [ ROUTE ] array (
  'type' => 'module',
  'module' => 
  array (
    0 => 'admin',
    1 => 'ldcms.content_url',
    2 => 'index',
  ),
)
[ info ] [ HEADER ] array (
  'cookie' => 'thinkphp_show_page_trace=0|0; thinkphp_show_page_trace=0|0; uid=2; token=50446b79-6f1c-4eb2-9abc-2c19eb7a9159; backend_language=zh-cn; thinkphp_show_page_trace=0|0; frontend_language=en; PHPSESSID=40vsve0haqvtacvur4afbs4v0t; keeplogin=1%7C86400%7C1731986374%7Cc033686637a60cbe64c2f8276a802fb1',
  'accept-language' => 'zh-CN,zh;q=0.9,en;q=0.8',
  'accept-encoding' => 'gzip, deflate',
  'content-type' => 'application/json',
  'accept' => 'application/json, text/javascript, */*; q=0.01',
  'user-agent' => 'Mozilla/5.0 (Macintosh; Intel Mac OS X 10_15_7) AppleWebKit/537.36 (KHTML, like Gecko) Chrome/130.0.0.0 Safari/537.36',
  'x-requested-with' => 'XMLHttpRequest',
  'connection' => 'keep-alive',
  'host' => 'dev.sustens.com',
  'content-length' => '',
)
[ info ] [ PARAM ] array (
  'addtabs' => '1',
  'sort' => 'id',
  'order' => 'desc',
  'offset' => '0',
  'limit' => '10',
  'filter' => '{}',
  'op' => '{}',
  '_' => '1731899992601',
)
[ info ] [ LANG ] /var/webstars/sustens/public/../application/admin/lang/zh-cn.php
[ info ] [ BEHAVIOR ] Run app\common\behavior\Common @module_init [ RunTime:0.000092s ]
[ info ] [ SESSION ] INIT array (
  'id' => '',
  'var_session_id' => '',
  'prefix' => 'think',
  'type' => '',
  'auto_start' => true,
)
[ info ] [ BEHAVIOR ] Run \addons\ldcms\Ldcms @config_init [ RunTime:0.000057s ]
[ info ] [ LANG ] /var/webstars/sustens/public/../application/admin/lang/zh-cn/ldcms/content_url.php
[ info ] [ RUN ] app\admin\controller\ldcms\ContentUrl->index[ /var/webstars/sustens/application/admin/controller/ldcms/ContentUrl.php ]
[ info ] [ BEHAVIOR ] Run app\admin\behavior\AdminLog @app_end [ RunTime:0.000048s ]
[ info ] [ LOG ] INIT File
---------------------------------------------------------------
[ 2024-11-18T11:19:53+08:00 ] 10.211.55.2 GET dev.sustens.com/MTyvDCHVOo.php/ldcms/langs?addtabs=1
[运行时间：0.141897s] [吞吐率：7.05req/s] [内存消耗：661.33kb] [文件加载：97]
[ info ] [ BEHAVIOR ] Run Closure @app_init [ RunTime:0.000035s ]
[ info ] [ CACHE ] INIT File
[ info ] [ DB ] INIT mysql
[ info ] [ BEHAVIOR ] Run \addons\ldcms\Ldcms @app_init [ RunTime:0.003471s ]
[ info ] [ BEHAVIOR ] Run Closure @app_init [ RunTime:0.003504s ]
[ info ] [ BEHAVIOR ] Run app\common\behavior\Common @app_init [ RunTime:0.000074s ]
[ info ] [ LANG ] /var/webstars/sustens/thinkphp/lang/zh-cn.php
[ info ] [ BEHAVIOR ] Run app\common\behavior\Common @app_dispatch [ RunTime:0.000072s ]
[ info ] [ ROUTE ] array (
  'type' => 'module',
  'module' => 
  array (
    0 => 'admin',
    1 => 'ldcms.langs',
    2 => NULL,
  ),
)
[ info ] [ HEADER ] array (
  'cookie' => 'thinkphp_show_page_trace=0|0; thinkphp_show_page_trace=0|0; uid=2; token=50446b79-6f1c-4eb2-9abc-2c19eb7a9159; backend_language=zh-cn; thinkphp_show_page_trace=0|0; frontend_language=en; PHPSESSID=40vsve0haqvtacvur4afbs4v0t; keeplogin=1%7C86400%7C1731986374%7Cc033686637a60cbe64c2f8276a802fb1',
  'accept-language' => 'zh-CN,zh;q=0.9,en;q=0.8',
  'accept-encoding' => 'gzip, deflate',
  'accept' => 'text/html,application/xhtml+xml,application/xml;q=0.9,image/avif,image/webp,image/apng,*/*;q=0.8,application/signed-exchange;v=b3;q=0.7',
  'user-agent' => 'Mozilla/5.0 (Macintosh; Intel Mac OS X 10_15_7) AppleWebKit/537.36 (KHTML, like Gecko) Chrome/130.0.0.0 Safari/537.36',
  'upgrade-insecure-requests' => '1',
  'connection' => 'keep-alive',
  'host' => 'dev.sustens.com',
  'content-length' => '',
  'content-type' => '',
)
[ info ] [ PARAM ] array (
  'addtabs' => '1',
)
[ info ] [ LANG ] /var/webstars/sustens/public/../application/admin/lang/zh-cn.php
[ info ] [ BEHAVIOR ] Run app\common\behavior\Common @module_init [ RunTime:0.000098s ]
[ info ] [ SESSION ] INIT array (
  'id' => '',
  'var_session_id' => '',
  'prefix' => 'think',
  'type' => '',
  'auto_start' => true,
)
[ info ] [ BEHAVIOR ] Run \addons\ldcms\Ldcms @config_init [ RunTime:0.000051s ]
[ info ] [ LANG ] /var/webstars/sustens/public/../application/admin/lang/zh-cn/ldcms/langs.php
[ info ] [ RUN ] app\admin\controller\ldcms\Langs->index[ /var/webstars/sustens/application/admin/controller/ldcms/Langs.php ]
[ info ] [ VIEW ] /var/webstars/sustens/public/../application/admin/view/ldcms/langs/index.html [ array (
  0 => 'breadcrumb',
  1 => 'site',
  2 => 'config',
  3 => 'auth',
  4 => 'admin',
  5 => 'addon_config',
) ]
[ info ] [ BEHAVIOR ] Run app\admin\behavior\AdminLog @app_end [ RunTime:0.000039s ]
[ info ] [ LOG ] INIT File
---------------------------------------------------------------
[ 2024-11-18T11:19:53+08:00 ] 10.211.55.2 GET dev.sustens.com/MTyvDCHVOo.php/ajax/lang?callback=define&controllername=ldcms.langs&lang=zh-cn&v=1731899993
[运行时间：0.022643s] [吞吐率：44.16req/s] [内存消耗：391.96kb] [文件加载：91]
[ info ] [ BEHAVIOR ] Run Closure @app_init [ RunTime:0.000024s ]
[ info ] [ CACHE ] INIT File
[ info ] [ DB ] INIT mysql
[ info ] [ BEHAVIOR ] Run \addons\ldcms\Ldcms @app_init [ RunTime:0.010002s ]
[ info ] [ BEHAVIOR ] Run Closure @app_init [ RunTime:0.010024s ]
[ info ] [ BEHAVIOR ] Run app\common\behavior\Common @app_init [ RunTime:0.000059s ]
[ info ] [ LANG ] /var/webstars/sustens/thinkphp/lang/zh-cn.php
[ info ] [ BEHAVIOR ] Run app\common\behavior\Common @app_dispatch [ RunTime:0.000013s ]
[ info ] [ ROUTE ] array (
  'type' => 'module',
  'module' => 
  array (
    0 => 'admin',
    1 => 'ajax',
    2 => 'lang',
  ),
)
[ info ] [ HEADER ] array (
  'cookie' => 'thinkphp_show_page_trace=0|0; uid=2; token=50446b79-6f1c-4eb2-9abc-2c19eb7a9159; backend_language=zh-cn; thinkphp_show_page_trace=0|0; frontend_language=en; PHPSESSID=40vsve0haqvtacvur4afbs4v0t; keeplogin=1%7C86400%7C1731986374%7Cc033686637a60cbe64c2f8276a802fb1',
  'accept-language' => 'zh-CN,zh;q=0.9,en;q=0.8',
  'accept-encoding' => 'gzip, deflate',
  'accept' => '*/*',
  'user-agent' => 'Mozilla/5.0 (Macintosh; Intel Mac OS X 10_15_7) AppleWebKit/537.36 (KHTML, like Gecko) Chrome/130.0.0.0 Safari/537.36',
  'connection' => 'keep-alive',
  'host' => 'dev.sustens.com',
  'content-length' => '',
  'content-type' => '',
)
[ info ] [ PARAM ] array (
  'callback' => 'define',
  'controllername' => 'ldcms.langs',
  'lang' => 'zh-cn',
  'v' => '1731899993',
)
[ info ] [ LANG ] /var/webstars/sustens/public/../application/admin/lang/zh-cn.php
[ info ] [ BEHAVIOR ] Run app\common\behavior\Common @module_init [ RunTime:0.000067s ]
[ info ] [ SESSION ] INIT array (
  'id' => '',
  'var_session_id' => '',
  'prefix' => 'think',
  'type' => '',
  'auto_start' => true,
)
[ info ] [ BEHAVIOR ] Run \addons\ldcms\Ldcms @config_init [ RunTime:0.000044s ]
[ info ] [ LANG ] /var/webstars/sustens/public/../application/admin/lang/zh-cn/ajax.php
[ info ] [ RUN ] app\admin\controller\Ajax->lang[ /var/webstars/sustens/application/admin/controller/Ajax.php ]
[ info ] [ LANG ] /var/webstars/sustens/public/../application/admin/lang/zh-cn/ldcms/langs.php
[ info ] [ BEHAVIOR ] Run app\admin\behavior\AdminLog @app_end [ RunTime:0.000026s ]
[ info ] [ LOG ] INIT File
---------------------------------------------------------------
[ 2024-11-18T11:19:54+08:00 ] 10.211.55.2 GET dev.sustens.com/MTyvDCHVOo.php/ldcms/langs/index?addtabs=1&sort=sort&order=asc&offset=0&limit=10&filter=%7B%7D&op=%7B%7D&_=1731899993731
[运行时间：0.117349s] [吞吐率：8.52req/s] [内存消耗：649.41kb] [文件加载：95]
[ info ] [ BEHAVIOR ] Run Closure @app_init [ RunTime:0.000025s ]
[ info ] [ CACHE ] INIT File
[ info ] [ DB ] INIT mysql
[ info ] [ BEHAVIOR ] Run \addons\ldcms\Ldcms @app_init [ RunTime:0.006206s ]
[ info ] [ BEHAVIOR ] Run Closure @app_init [ RunTime:0.006240s ]
[ info ] [ BEHAVIOR ] Run app\common\behavior\Common @app_init [ RunTime:0.000071s ]
[ info ] [ LANG ] /var/webstars/sustens/thinkphp/lang/zh-cn.php
[ info ] [ BEHAVIOR ] Run app\common\behavior\Common @app_dispatch [ RunTime:0.000032s ]
[ info ] [ ROUTE ] array (
  'type' => 'module',
  'module' => 
  array (
    0 => 'admin',
    1 => 'ldcms.langs',
    2 => 'index',
  ),
)
[ info ] [ HEADER ] array (
  'cookie' => 'thinkphp_show_page_trace=0|0; thinkphp_show_page_trace=0|0; uid=2; token=50446b79-6f1c-4eb2-9abc-2c19eb7a9159; backend_language=zh-cn; thinkphp_show_page_trace=0|0; frontend_language=en; PHPSESSID=40vsve0haqvtacvur4afbs4v0t; keeplogin=1%7C86400%7C1731986374%7Cc033686637a60cbe64c2f8276a802fb1',
  'accept-language' => 'zh-CN,zh;q=0.9,en;q=0.8',
  'accept-encoding' => 'gzip, deflate',
  'content-type' => 'application/json',
  'accept' => 'application/json, text/javascript, */*; q=0.01',
  'user-agent' => 'Mozilla/5.0 (Macintosh; Intel Mac OS X 10_15_7) AppleWebKit/537.36 (KHTML, like Gecko) Chrome/130.0.0.0 Safari/537.36',
  'x-requested-with' => 'XMLHttpRequest',
  'connection' => 'keep-alive',
  'host' => 'dev.sustens.com',
  'content-length' => '',
)
[ info ] [ PARAM ] array (
  'addtabs' => '1',
  'sort' => 'sort',
  'order' => 'asc',
  'offset' => '0',
  'limit' => '10',
  'filter' => '{}',
  'op' => '{}',
  '_' => '1731899993731',
)
[ info ] [ LANG ] /var/webstars/sustens/public/../application/admin/lang/zh-cn.php
[ info ] [ BEHAVIOR ] Run app\common\behavior\Common @module_init [ RunTime:0.000103s ]
[ info ] [ SESSION ] INIT array (
  'id' => '',
  'var_session_id' => '',
  'prefix' => 'think',
  'type' => '',
  'auto_start' => true,
)
[ info ] [ BEHAVIOR ] Run \addons\ldcms\Ldcms @config_init [ RunTime:0.000049s ]
[ info ] [ LANG ] /var/webstars/sustens/public/../application/admin/lang/zh-cn/ldcms/langs.php
[ info ] [ RUN ] app\admin\controller\ldcms\Langs->index[ /var/webstars/sustens/application/admin/controller/ldcms/Langs.php ]
[ info ] [ BEHAVIOR ] Run app\admin\behavior\AdminLog @app_end [ RunTime:0.000041s ]
[ info ] [ LOG ] INIT File
---------------------------------------------------------------
[ 2024-11-18T11:20:28+08:00 ] 10.211.55.2 GET dev.sustens.com/MTyvDCHVOo.php/ldcms/langs/editLangFile/code/en/ids/2?dialog=1
[运行时间：0.285395s] [吞吐率：3.50req/s] [内存消耗：507.64kb] [文件加载：94]
[ info ] [ BEHAVIOR ] Run Closure @app_init [ RunTime:0.000032s ]
[ info ] [ CACHE ] INIT File
[ info ] [ DB ] INIT mysql
[ info ] [ BEHAVIOR ] Run \addons\ldcms\Ldcms @app_init [ RunTime:0.101013s ]
[ info ] [ BEHAVIOR ] Run Closure @app_init [ RunTime:0.101043s ]
[ info ] [ BEHAVIOR ] Run app\common\behavior\Common @app_init [ RunTime:0.001910s ]
[ info ] [ LANG ] /var/webstars/sustens/thinkphp/lang/zh-cn.php
[ info ] [ BEHAVIOR ] Run app\common\behavior\Common @app_dispatch [ RunTime:0.000133s ]
[ info ] [ ROUTE ] array (
  'type' => 'module',
  'module' => 
  array (
    0 => 'admin',
    1 => 'ldcms.langs',
    2 => 'editLangFile',
  ),
)
[ info ] [ HEADER ] array (
  'cookie' => 'thinkphp_show_page_trace=0|0; thinkphp_show_page_trace=0|0; uid=2; token=50446b79-6f1c-4eb2-9abc-2c19eb7a9159; backend_language=zh-cn; thinkphp_show_page_trace=0|0; frontend_language=en; PHPSESSID=40vsve0haqvtacvur4afbs4v0t; keeplogin=1%7C86400%7C1731986374%7Cc033686637a60cbe64c2f8276a802fb1',
  'accept-language' => 'zh-CN,zh;q=0.9,en;q=0.8',
  'accept-encoding' => 'gzip, deflate',
  'accept' => 'text/html,application/xhtml+xml,application/xml;q=0.9,image/avif,image/webp,image/apng,*/*;q=0.8,application/signed-exchange;v=b3;q=0.7',
  'user-agent' => 'Mozilla/5.0 (Macintosh; Intel Mac OS X 10_15_7) AppleWebKit/537.36 (KHTML, like Gecko) Chrome/130.0.0.0 Safari/537.36',
  'upgrade-insecure-requests' => '1',
  'connection' => 'keep-alive',
  'host' => 'dev.sustens.com',
  'content-length' => '',
  'content-type' => '',
)
[ info ] [ PARAM ] array (
  'dialog' => '1',
  'code' => 'en',
  'ids' => '2',
)
[ info ] [ LANG ] /var/webstars/sustens/public/../application/admin/lang/zh-cn.php
[ info ] [ BEHAVIOR ] Run app\common\behavior\Common @module_init [ RunTime:0.001920s ]
[ info ] [ SESSION ] INIT array (
  'id' => '',
  'var_session_id' => '',
  'prefix' => 'think',
  'type' => '',
  'auto_start' => true,
)
[ info ] [ BEHAVIOR ] Run \addons\ldcms\Ldcms @config_init [ RunTime:0.000055s ]
[ info ] [ LANG ] /var/webstars/sustens/public/../application/admin/lang/zh-cn/ldcms/langs.php
[ info ] [ RUN ] app\admin\controller\ldcms\Langs->editLangFile[ /var/webstars/sustens/application/admin/controller/ldcms/Langs.php ]
[ info ] [ VIEW ] /var/webstars/sustens/public/../application/admin/view/../../../addons/ldcms/utils/builder/view/fields.html [ array (
  0 => 'breadcrumb',
  1 => 'site',
  2 => 'config',
  3 => 'auth',
  4 => 'admin',
  5 => 'addon_config',
  6 => 'isForm',
  7 => 'fields',
  8 => 'tab_group',
  9 => 'item_group',
  10 => 'field_show',
) ]
[ info ] [ BEHAVIOR ] Run app\admin\behavior\AdminLog @app_end [ RunTime:0.001106s ]
[ info ] [ LOG ] INIT File
---------------------------------------------------------------
[ 2024-11-18T11:20:29+08:00 ] 10.211.55.2 GET dev.sustens.com/MTyvDCHVOo.php/ajax/lang?callback=define&controllername=ldcms.langs&lang=zh-cn&v=1731900028
[运行时间：0.204180s] [吞吐率：4.90req/s] [内存消耗：391.96kb] [文件加载：91]
[ info ] [ BEHAVIOR ] Run Closure @app_init [ RunTime:0.000091s ]
[ info ] [ CACHE ] INIT File
[ info ] [ DB ] INIT mysql
[ info ] [ BEHAVIOR ] Run \addons\ldcms\Ldcms @app_init [ RunTime:0.167388s ]
[ info ] [ BEHAVIOR ] Run Closure @app_init [ RunTime:0.167423s ]
[ info ] [ BEHAVIOR ] Run app\common\behavior\Common @app_init [ RunTime:0.000087s ]
[ info ] [ LANG ] /var/webstars/sustens/thinkphp/lang/zh-cn.php
[ info ] [ BEHAVIOR ] Run app\common\behavior\Common @app_dispatch [ RunTime:0.000025s ]
[ info ] [ ROUTE ] array (
  'type' => 'module',
  'module' => 
  array (
    0 => 'admin',
    1 => 'ajax',
    2 => 'lang',
  ),
)
[ info ] [ HEADER ] array (
  'cookie' => 'thinkphp_show_page_trace=0|0; uid=2; token=50446b79-6f1c-4eb2-9abc-2c19eb7a9159; backend_language=zh-cn; thinkphp_show_page_trace=0|0; frontend_language=en; PHPSESSID=40vsve0haqvtacvur4afbs4v0t; keeplogin=1%7C86400%7C1731986374%7Cc033686637a60cbe64c2f8276a802fb1',
  'accept-language' => 'zh-CN,zh;q=0.9,en;q=0.8',
  'accept-encoding' => 'gzip, deflate',
  'accept' => '*/*',
  'user-agent' => 'Mozilla/5.0 (Macintosh; Intel Mac OS X 10_15_7) AppleWebKit/537.36 (KHTML, like Gecko) Chrome/130.0.0.0 Safari/537.36',
  'connection' => 'keep-alive',
  'host' => 'dev.sustens.com',
  'content-length' => '',
  'content-type' => '',
)
[ info ] [ PARAM ] array (
  'callback' => 'define',
  'controllername' => 'ldcms.langs',
  'lang' => 'zh-cn',
  'v' => '1731900028',
)
[ info ] [ LANG ] /var/webstars/sustens/public/../application/admin/lang/zh-cn.php
[ info ] [ BEHAVIOR ] Run app\common\behavior\Common @module_init [ RunTime:0.000095s ]
[ info ] [ SESSION ] INIT array (
  'id' => '',
  'var_session_id' => '',
  'prefix' => 'think',
  'type' => '',
  'auto_start' => true,
)
[ info ] [ BEHAVIOR ] Run \addons\ldcms\Ldcms @config_init [ RunTime:0.000039s ]
[ info ] [ LANG ] /var/webstars/sustens/public/../application/admin/lang/zh-cn/ajax.php
[ info ] [ RUN ] app\admin\controller\Ajax->lang[ /var/webstars/sustens/application/admin/controller/Ajax.php ]
[ info ] [ LANG ] /var/webstars/sustens/public/../application/admin/lang/zh-cn/ldcms/langs.php
[ info ] [ BEHAVIOR ] Run app\admin\behavior\AdminLog @app_end [ RunTime:0.000076s ]
[ info ] [ LOG ] INIT File
---------------------------------------------------------------
[ 2024-11-18T11:20:29+08:00 ] 10.211.55.2 GET dev.sustens.com/MTyvDCHVOo.php/ldcms/langs/getLangContent?lang_file=lang%2Fen.php
[运行时间：0.057630s] [吞吐率：17.35req/s] [内存消耗：496.70kb] [文件加载：93]
[ info ] [ BEHAVIOR ] Run Closure @app_init [ RunTime:0.000058s ]
[ info ] [ CACHE ] INIT File
[ info ] [ DB ] INIT mysql
[ info ] [ BEHAVIOR ] Run \addons\ldcms\Ldcms @app_init [ RunTime:0.004793s ]
[ info ] [ BEHAVIOR ] Run Closure @app_init [ RunTime:0.004820s ]
[ info ] [ BEHAVIOR ] Run app\common\behavior\Common @app_init [ RunTime:0.000070s ]
[ info ] [ LANG ] /var/webstars/sustens/thinkphp/lang/zh-cn.php
[ info ] [ BEHAVIOR ] Run app\common\behavior\Common @app_dispatch [ RunTime:0.000038s ]
[ info ] [ ROUTE ] array (
  'type' => 'module',
  'module' => 
  array (
    0 => 'admin',
    1 => 'ldcms.langs',
    2 => 'getLangContent',
  ),
)
[ info ] [ HEADER ] array (
  'cookie' => 'thinkphp_show_page_trace=0|0; thinkphp_show_page_trace=0|0; uid=2; token=50446b79-6f1c-4eb2-9abc-2c19eb7a9159; backend_language=zh-cn; thinkphp_show_page_trace=0|0; frontend_language=en; PHPSESSID=40vsve0haqvtacvur4afbs4v0t; keeplogin=1%7C86400%7C1731986374%7Cc033686637a60cbe64c2f8276a802fb1',
  'accept-language' => 'zh-CN,zh;q=0.9,en;q=0.8',
  'accept-encoding' => 'gzip, deflate',
  'x-requested-with' => 'XMLHttpRequest',
  'accept' => '*/*',
  'user-agent' => 'Mozilla/5.0 (Macintosh; Intel Mac OS X 10_15_7) AppleWebKit/537.36 (KHTML, like Gecko) Chrome/130.0.0.0 Safari/537.36',
  'connection' => 'keep-alive',
  'host' => 'dev.sustens.com',
  'content-length' => '',
  'content-type' => '',
)
[ info ] [ PARAM ] array (
  'lang_file' => 'lang/en.php',
)
[ info ] [ LANG ] /var/webstars/sustens/public/../application/admin/lang/zh-cn.php
[ info ] [ BEHAVIOR ] Run app\common\behavior\Common @module_init [ RunTime:0.000110s ]
[ info ] [ SESSION ] INIT array (
  'id' => '',
  'var_session_id' => '',
  'prefix' => 'think',
  'type' => '',
  'auto_start' => true,
)
[ info ] [ BEHAVIOR ] Run \addons\ldcms\Ldcms @config_init [ RunTime:0.000034s ]
[ info ] [ LANG ] /var/webstars/sustens/public/../application/admin/lang/zh-cn/ldcms/langs.php
[ info ] [ RUN ] app\admin\controller\ldcms\Langs->getLangContent[ /var/webstars/sustens/application/admin/controller/ldcms/Langs.php ]
[ info ] [ BEHAVIOR ] Run app\admin\behavior\AdminLog @app_end [ RunTime:0.000081s ]
[ info ] [ LOG ] INIT File
---------------------------------------------------------------
[ 2024-11-18T11:20:55+08:00 ] 10.211.55.2 GET dev.sustens.com/MTyvDCHVOo.php/ldcms/tagaction?addtabs=1
[运行时间：0.245283s] [吞吐率：4.08req/s] [内存消耗：622.33kb] [文件加载：92]
[ info ] [ BEHAVIOR ] Run Closure @app_init [ RunTime:0.000023s ]
[ info ] [ CACHE ] INIT File
[ info ] [ DB ] INIT mysql
[ info ] [ BEHAVIOR ] Run \addons\ldcms\Ldcms @app_init [ RunTime:0.017917s ]
[ info ] [ BEHAVIOR ] Run Closure @app_init [ RunTime:0.017945s ]
[ info ] [ BEHAVIOR ] Run app\common\behavior\Common @app_init [ RunTime:0.000118s ]
[ info ] [ LANG ] /var/webstars/sustens/thinkphp/lang/zh-cn.php
[ info ] [ BEHAVIOR ] Run app\common\behavior\Common @app_dispatch [ RunTime:0.000019s ]
[ info ] [ ROUTE ] array (
  'type' => 'module',
  'module' => 
  array (
    0 => 'admin',
    1 => 'ldcms.tagaction',
    2 => NULL,
  ),
)
[ info ] [ HEADER ] array (
  'cookie' => 'thinkphp_show_page_trace=0|0; thinkphp_show_page_trace=0|0; uid=2; token=50446b79-6f1c-4eb2-9abc-2c19eb7a9159; backend_language=zh-cn; thinkphp_show_page_trace=0|0; frontend_language=en; PHPSESSID=40vsve0haqvtacvur4afbs4v0t; keeplogin=1%7C86400%7C1731986374%7Cc033686637a60cbe64c2f8276a802fb1',
  'accept-language' => 'zh-CN,zh;q=0.9,en;q=0.8',
  'accept-encoding' => 'gzip, deflate',
  'accept' => 'text/html,application/xhtml+xml,application/xml;q=0.9,image/avif,image/webp,image/apng,*/*;q=0.8,application/signed-exchange;v=b3;q=0.7',
  'user-agent' => 'Mozilla/5.0 (Macintosh; Intel Mac OS X 10_15_7) AppleWebKit/537.36 (KHTML, like Gecko) Chrome/130.0.0.0 Safari/537.36',
  'upgrade-insecure-requests' => '1',
  'connection' => 'keep-alive',
  'host' => 'dev.sustens.com',
  'content-length' => '',
  'content-type' => '',
)
[ info ] [ PARAM ] array (
  'addtabs' => '1',
)
[ info ] [ LANG ] /var/webstars/sustens/public/../application/admin/lang/zh-cn.php
[ info ] [ BEHAVIOR ] Run app\common\behavior\Common @module_init [ RunTime:0.000132s ]
[ info ] [ SESSION ] INIT array (
  'id' => '',
  'var_session_id' => '',
  'prefix' => 'think',
  'type' => '',
  'auto_start' => true,
)
[ info ] [ BEHAVIOR ] Run \addons\ldcms\Ldcms @config_init [ RunTime:0.000055s ]
[ info ] [ LANG ] /var/webstars/sustens/public/../application/admin/lang/zh-cn/ldcms/tagaction.php
[ info ] [ RUN ] app\common\controller\Backend->index[ /var/webstars/sustens/application/admin/library/traits/Backend.php ]
[ info ] [ VIEW ] /var/webstars/sustens/public/../application/admin/view/ldcms/tagaction/index.html [ array (
  0 => 'breadcrumb',
  1 => 'site',
  2 => 'config',
  3 => 'auth',
  4 => 'admin',
  5 => 'typeList',
  6 => 'conditionList',
) ]
[ info ] [ BEHAVIOR ] Run app\admin\behavior\AdminLog @app_end [ RunTime:0.000058s ]
[ info ] [ LOG ] INIT File
---------------------------------------------------------------
[ 2024-11-18T11:20:55+08:00 ] 10.211.55.2 GET dev.sustens.com/MTyvDCHVOo.php/ajax/lang?callback=define&controllername=ldcms.tagaction&lang=zh-cn&v=1731900055
[运行时间：0.019449s] [吞吐率：51.42req/s] [内存消耗：300.11kb] [文件加载：90]
[ info ] [ BEHAVIOR ] Run Closure @app_init [ RunTime:0.000014s ]
[ info ] [ CACHE ] INIT File
[ info ] [ DB ] INIT mysql
[ info ] [ BEHAVIOR ] Run \addons\ldcms\Ldcms @app_init [ RunTime:0.002475s ]
[ info ] [ BEHAVIOR ] Run Closure @app_init [ RunTime:0.002493s ]
[ info ] [ BEHAVIOR ] Run app\common\behavior\Common @app_init [ RunTime:0.000302s ]
[ info ] [ LANG ] /var/webstars/sustens/thinkphp/lang/zh-cn.php
[ info ] [ BEHAVIOR ] Run app\common\behavior\Common @app_dispatch [ RunTime:0.000016s ]
[ info ] [ ROUTE ] array (
  'type' => 'module',
  'module' => 
  array (
    0 => 'admin',
    1 => 'ajax',
    2 => 'lang',
  ),
)
[ info ] [ HEADER ] array (
  'cookie' => 'thinkphp_show_page_trace=0|0; uid=2; token=50446b79-6f1c-4eb2-9abc-2c19eb7a9159; backend_language=zh-cn; thinkphp_show_page_trace=0|0; frontend_language=en; PHPSESSID=40vsve0haqvtacvur4afbs4v0t; keeplogin=1%7C86400%7C1731986374%7Cc033686637a60cbe64c2f8276a802fb1',
  'accept-language' => 'zh-CN,zh;q=0.9,en;q=0.8',
  'accept-encoding' => 'gzip, deflate',
  'accept' => '*/*',
  'user-agent' => 'Mozilla/5.0 (Macintosh; Intel Mac OS X 10_15_7) AppleWebKit/537.36 (KHTML, like Gecko) Chrome/130.0.0.0 Safari/537.36',
  'connection' => 'keep-alive',
  'host' => 'dev.sustens.com',
  'content-length' => '',
  'content-type' => '',
)
[ info ] [ PARAM ] array (
  'callback' => 'define',
  'controllername' => 'ldcms.tagaction',
  'lang' => 'zh-cn',
  'v' => '1731900055',
)
[ info ] [ LANG ] /var/webstars/sustens/public/../application/admin/lang/zh-cn.php
[ info ] [ BEHAVIOR ] Run app\common\behavior\Common @module_init [ RunTime:0.000049s ]
[ info ] [ SESSION ] INIT array (
  'id' => '',
  'var_session_id' => '',
  'prefix' => 'think',
  'type' => '',
  'auto_start' => true,
)
[ info ] [ BEHAVIOR ] Run \addons\ldcms\Ldcms @config_init [ RunTime:0.000020s ]
[ info ] [ LANG ] /var/webstars/sustens/public/../application/admin/lang/zh-cn/ajax.php
[ info ] [ RUN ] app\admin\controller\Ajax->lang[ /var/webstars/sustens/application/admin/controller/Ajax.php ]
[ info ] [ LANG ] /var/webstars/sustens/public/../application/admin/lang/zh-cn/ldcms/tagaction.php
[ info ] [ BEHAVIOR ] Run app\admin\behavior\AdminLog @app_end [ RunTime:0.000014s ]
[ info ] [ LOG ] INIT File
---------------------------------------------------------------
[ 2024-11-18T11:20:56+08:00 ] 10.211.55.2 GET dev.sustens.com/MTyvDCHVOo.php/ldcms/tagaction/index?addtabs=1&sort=id&order=desc&offset=0&limit=10&filter=%7B%7D&op=%7B%7D&_=1731900055661
[运行时间：0.238491s] [吞吐率：4.19req/s] [内存消耗：628.58kb] [文件加载：93]
[ info ] [ BEHAVIOR ] Run Closure @app_init [ RunTime:0.000019s ]
[ info ] [ CACHE ] INIT File
[ info ] [ DB ] INIT mysql
[ info ] [ BEHAVIOR ] Run \addons\ldcms\Ldcms @app_init [ RunTime:0.003468s ]
[ info ] [ BEHAVIOR ] Run Closure @app_init [ RunTime:0.003494s ]
[ info ] [ BEHAVIOR ] Run app\common\behavior\Common @app_init [ RunTime:0.000062s ]
[ info ] [ LANG ] /var/webstars/sustens/thinkphp/lang/zh-cn.php
[ info ] [ BEHAVIOR ] Run app\common\behavior\Common @app_dispatch [ RunTime:0.000016s ]
[ info ] [ ROUTE ] array (
  'type' => 'module',
  'module' => 
  array (
    0 => 'admin',
    1 => 'ldcms.tagaction',
    2 => 'index',
  ),
)
[ info ] [ HEADER ] array (
  'cookie' => 'thinkphp_show_page_trace=0|0; thinkphp_show_page_trace=0|0; uid=2; token=50446b79-6f1c-4eb2-9abc-2c19eb7a9159; backend_language=zh-cn; thinkphp_show_page_trace=0|0; frontend_language=en; PHPSESSID=40vsve0haqvtacvur4afbs4v0t; keeplogin=1%7C86400%7C1731986374%7Cc033686637a60cbe64c2f8276a802fb1',
  'accept-language' => 'zh-CN,zh;q=0.9,en;q=0.8',
  'accept-encoding' => 'gzip, deflate',
  'content-type' => 'application/json',
  'accept' => 'application/json, text/javascript, */*; q=0.01',
  'user-agent' => 'Mozilla/5.0 (Macintosh; Intel Mac OS X 10_15_7) AppleWebKit/537.36 (KHTML, like Gecko) Chrome/130.0.0.0 Safari/537.36',
  'x-requested-with' => 'XMLHttpRequest',
  'connection' => 'keep-alive',
  'host' => 'dev.sustens.com',
  'content-length' => '',
)
[ info ] [ PARAM ] array (
  'addtabs' => '1',
  'sort' => 'id',
  'order' => 'desc',
  'offset' => '0',
  'limit' => '10',
  'filter' => '{}',
  'op' => '{}',
  '_' => '1731900055661',
)
[ info ] [ LANG ] /var/webstars/sustens/public/../application/admin/lang/zh-cn.php
[ info ] [ BEHAVIOR ] Run app\common\behavior\Common @module_init [ RunTime:0.000082s ]
[ info ] [ SESSION ] INIT array (
  'id' => '',
  'var_session_id' => '',
  'prefix' => 'think',
  'type' => '',
  'auto_start' => true,
)
[ info ] [ BEHAVIOR ] Run \addons\ldcms\Ldcms @config_init [ RunTime:0.000044s ]
[ info ] [ LANG ] /var/webstars/sustens/public/../application/admin/lang/zh-cn/ldcms/tagaction.php
[ info ] [ RUN ] app\common\controller\Backend->index[ /var/webstars/sustens/application/admin/library/traits/Backend.php ]
[ info ] [ BEHAVIOR ] Run app\admin\behavior\AdminLog @app_end [ RunTime:0.000045s ]
[ info ] [ LOG ] INIT File
---------------------------------------------------------------
[ 2024-11-18T11:21:07+08:00 ] 10.211.55.2 GET dev.sustens.com/MTyvDCHVOo.php/ldcms/themes?addtabs=1
[运行时间：0.069344s] [吞吐率：14.42req/s] [内存消耗：636.38kb] [文件加载：95]
[ info ] [ BEHAVIOR ] Run Closure @app_init [ RunTime:0.000125s ]
[ info ] [ CACHE ] INIT File
[ info ] [ DB ] INIT mysql
[ info ] [ BEHAVIOR ] Run \addons\ldcms\Ldcms @app_init [ RunTime:0.004007s ]
[ info ] [ BEHAVIOR ] Run Closure @app_init [ RunTime:0.004033s ]
[ info ] [ BEHAVIOR ] Run app\common\behavior\Common @app_init [ RunTime:0.000141s ]
[ info ] [ LANG ] /var/webstars/sustens/thinkphp/lang/zh-cn.php
[ info ] [ BEHAVIOR ] Run app\common\behavior\Common @app_dispatch [ RunTime:0.000018s ]
[ info ] [ ROUTE ] array (
  'type' => 'module',
  'module' => 
  array (
    0 => 'admin',
    1 => 'ldcms.themes',
    2 => NULL,
  ),
)
[ info ] [ HEADER ] array (
  'cookie' => 'thinkphp_show_page_trace=0|0; thinkphp_show_page_trace=0|0; uid=2; token=50446b79-6f1c-4eb2-9abc-2c19eb7a9159; backend_language=zh-cn; thinkphp_show_page_trace=0|0; frontend_language=en; PHPSESSID=40vsve0haqvtacvur4afbs4v0t; keeplogin=1%7C86400%7C1731986374%7Cc033686637a60cbe64c2f8276a802fb1',
  'accept-language' => 'zh-CN,zh;q=0.9,en;q=0.8',
  'accept-encoding' => 'gzip, deflate',
  'accept' => 'text/html,application/xhtml+xml,application/xml;q=0.9,image/avif,image/webp,image/apng,*/*;q=0.8,application/signed-exchange;v=b3;q=0.7',
  'user-agent' => 'Mozilla/5.0 (Macintosh; Intel Mac OS X 10_15_7) AppleWebKit/537.36 (KHTML, like Gecko) Chrome/130.0.0.0 Safari/537.36',
  'upgrade-insecure-requests' => '1',
  'connection' => 'keep-alive',
  'host' => 'dev.sustens.com',
  'content-length' => '',
  'content-type' => '',
)
[ info ] [ PARAM ] array (
  'addtabs' => '1',
)
[ info ] [ LANG ] /var/webstars/sustens/public/../application/admin/lang/zh-cn.php
[ info ] [ BEHAVIOR ] Run app\common\behavior\Common @module_init [ RunTime:0.000072s ]
[ info ] [ SESSION ] INIT array (
  'id' => '',
  'var_session_id' => '',
  'prefix' => 'think',
  'type' => '',
  'auto_start' => true,
)
[ info ] [ BEHAVIOR ] Run \addons\ldcms\Ldcms @config_init [ RunTime:0.000066s ]
[ info ] [ LANG ] /var/webstars/sustens/public/../application/admin/lang/zh-cn/ldcms/themes.php
[ info ] [ RUN ] app\admin\controller\ldcms\Themes->index[ /var/webstars/sustens/application/admin/controller/ldcms/Themes.php ]
[ info ] [ VIEW ] /var/webstars/sustens/public/../application/admin/view/ldcms/themes/index.html [ array (
  0 => 'breadcrumb',
  1 => 'site',
  2 => 'config',
  3 => 'auth',
  4 => 'admin',
  5 => 'addon_config',
) ]
[ info ] [ BEHAVIOR ] Run app\admin\behavior\AdminLog @app_end [ RunTime:0.000050s ]
[ info ] [ LOG ] INIT File
---------------------------------------------------------------
[ 2024-11-18T11:21:08+08:00 ] 10.211.55.2 GET dev.sustens.com/MTyvDCHVOo.php/ajax/lang?callback=define&controllername=ldcms.themes&lang=zh-cn&v=1731900067
[运行时间：0.022452s] [吞吐率：44.54req/s] [内存消耗：304.48kb] [文件加载：91]
[ info ] [ BEHAVIOR ] Run Closure @app_init [ RunTime:0.000023s ]
[ info ] [ CACHE ] INIT File
[ info ] [ DB ] INIT mysql
[ info ] [ BEHAVIOR ] Run \addons\ldcms\Ldcms @app_init [ RunTime:0.002481s ]
[ info ] [ BEHAVIOR ] Run Closure @app_init [ RunTime:0.002502s ]
[ info ] [ BEHAVIOR ] Run app\common\behavior\Common @app_init [ RunTime:0.000053s ]
[ info ] [ LANG ] /var/webstars/sustens/thinkphp/lang/zh-cn.php
[ info ] [ BEHAVIOR ] Run app\common\behavior\Common @app_dispatch [ RunTime:0.000014s ]
[ info ] [ ROUTE ] array (
  'type' => 'module',
  'module' => 
  array (
    0 => 'admin',
    1 => 'ajax',
    2 => 'lang',
  ),
)
[ info ] [ HEADER ] array (
  'cookie' => 'thinkphp_show_page_trace=0|0; uid=2; token=50446b79-6f1c-4eb2-9abc-2c19eb7a9159; backend_language=zh-cn; thinkphp_show_page_trace=0|0; frontend_language=en; PHPSESSID=40vsve0haqvtacvur4afbs4v0t; keeplogin=1%7C86400%7C1731986374%7Cc033686637a60cbe64c2f8276a802fb1',
  'accept-language' => 'zh-CN,zh;q=0.9,en;q=0.8',
  'accept-encoding' => 'gzip, deflate',
  'accept' => '*/*',
  'user-agent' => 'Mozilla/5.0 (Macintosh; Intel Mac OS X 10_15_7) AppleWebKit/537.36 (KHTML, like Gecko) Chrome/130.0.0.0 Safari/537.36',
  'connection' => 'keep-alive',
  'host' => 'dev.sustens.com',
  'content-length' => '',
  'content-type' => '',
)
[ info ] [ PARAM ] array (
  'callback' => 'define',
  'controllername' => 'ldcms.themes',
  'lang' => 'zh-cn',
  'v' => '1731900067',
)
[ info ] [ LANG ] /var/webstars/sustens/public/../application/admin/lang/zh-cn.php
[ info ] [ BEHAVIOR ] Run app\common\behavior\Common @module_init [ RunTime:0.000068s ]
[ info ] [ SESSION ] INIT array (
  'id' => '',
  'var_session_id' => '',
  'prefix' => 'think',
  'type' => '',
  'auto_start' => true,
)
[ info ] [ BEHAVIOR ] Run \addons\ldcms\Ldcms @config_init [ RunTime:0.000071s ]
[ info ] [ LANG ] /var/webstars/sustens/public/../application/admin/lang/zh-cn/ajax.php
[ info ] [ RUN ] app\admin\controller\Ajax->lang[ /var/webstars/sustens/application/admin/controller/Ajax.php ]
[ info ] [ LANG ] /var/webstars/sustens/public/../application/admin/lang/zh-cn/ldcms/themes.php
[ info ] [ BEHAVIOR ] Run app\admin\behavior\AdminLog @app_end [ RunTime:0.000031s ]
[ info ] [ LOG ] INIT File
---------------------------------------------------------------
[ 2024-11-18T11:21:08+08:00 ] 10.211.55.2 GET dev.sustens.com/MTyvDCHVOo.php/ldcms/themes/index?sort=id&order=desc&offset=0&limit=12&_=1731900068159
[运行时间：0.092636s] [吞吐率：10.79req/s] [内存消耗：640.99kb] [文件加载：94]
[ info ] [ BEHAVIOR ] Run Closure @app_init [ RunTime:0.000025s ]
[ info ] [ CACHE ] INIT File
[ info ] [ DB ] INIT mysql
[ info ] [ BEHAVIOR ] Run \addons\ldcms\Ldcms @app_init [ RunTime:0.005110s ]
[ info ] [ BEHAVIOR ] Run Closure @app_init [ RunTime:0.005138s ]
[ info ] [ BEHAVIOR ] Run app\common\behavior\Common @app_init [ RunTime:0.000074s ]
[ info ] [ LANG ] /var/webstars/sustens/thinkphp/lang/zh-cn.php
[ info ] [ BEHAVIOR ] Run app\common\behavior\Common @app_dispatch [ RunTime:0.000019s ]
[ info ] [ ROUTE ] array (
  'type' => 'module',
  'module' => 
  array (
    0 => 'admin',
    1 => 'ldcms.themes',
    2 => 'index',
  ),
)
[ info ] [ HEADER ] array (
  'cookie' => 'thinkphp_show_page_trace=0|0; thinkphp_show_page_trace=0|0; uid=2; token=50446b79-6f1c-4eb2-9abc-2c19eb7a9159; backend_language=zh-cn; thinkphp_show_page_trace=0|0; frontend_language=en; PHPSESSID=40vsve0haqvtacvur4afbs4v0t; keeplogin=1%7C86400%7C1731986374%7Cc033686637a60cbe64c2f8276a802fb1',
  'accept-language' => 'zh-CN,zh;q=0.9,en;q=0.8',
  'accept-encoding' => 'gzip, deflate',
  'content-type' => 'application/json',
  'accept' => 'application/json, text/javascript, */*; q=0.01',
  'user-agent' => 'Mozilla/5.0 (Macintosh; Intel Mac OS X 10_15_7) AppleWebKit/537.36 (KHTML, like Gecko) Chrome/130.0.0.0 Safari/537.36',
  'x-requested-with' => 'XMLHttpRequest',
  'connection' => 'keep-alive',
  'host' => 'dev.sustens.com',
  'content-length' => '',
)
[ info ] [ PARAM ] array (
  'sort' => 'id',
  'order' => 'desc',
  'offset' => '0',
  'limit' => '12',
  '_' => '1731900068159',
)
[ info ] [ LANG ] /var/webstars/sustens/public/../application/admin/lang/zh-cn.php
[ info ] [ BEHAVIOR ] Run app\common\behavior\Common @module_init [ RunTime:0.000097s ]
[ info ] [ SESSION ] INIT array (
  'id' => '',
  'var_session_id' => '',
  'prefix' => 'think',
  'type' => '',
  'auto_start' => true,
)
[ info ] [ BEHAVIOR ] Run \addons\ldcms\Ldcms @config_init [ RunTime:0.000052s ]
[ info ] [ LANG ] /var/webstars/sustens/public/../application/admin/lang/zh-cn/ldcms/themes.php
[ info ] [ RUN ] app\admin\controller\ldcms\Themes->index[ /var/webstars/sustens/application/admin/controller/ldcms/Themes.php ]
[ info ] [ BEHAVIOR ] Run app\admin\behavior\AdminLog @app_end [ RunTime:0.000037s ]
[ info ] [ LOG ] INIT File
---------------------------------------------------------------
[ 2024-11-18T11:21:34+08:00 ] 10.211.55.2 GET dev.sustens.com/MTyvDCHVOo.php/ldcms/themes/enable?name=ldcms2024&title=ldcms2024%E6%A8%A1%E6%9D%BF&is_testdata=1&dialog=1
[运行时间：0.326031s] [吞吐率：3.07req/s] [内存消耗：665.68kb] [文件加载：95]
[ info ] [ BEHAVIOR ] Run Closure @app_init [ RunTime:0.000035s ]
[ info ] [ CACHE ] INIT File
[ info ] [ DB ] INIT mysql
[ info ] [ BEHAVIOR ] Run \addons\ldcms\Ldcms @app_init [ RunTime:0.026469s ]
[ info ] [ BEHAVIOR ] Run Closure @app_init [ RunTime:0.026501s ]
[ info ] [ BEHAVIOR ] Run app\common\behavior\Common @app_init [ RunTime:0.001918s ]
[ info ] [ LANG ] /var/webstars/sustens/thinkphp/lang/zh-cn.php
[ info ] [ BEHAVIOR ] Run app\common\behavior\Common @app_dispatch [ RunTime:0.000036s ]
[ info ] [ ROUTE ] array (
  'type' => 'module',
  'module' => 
  array (
    0 => 'admin',
    1 => 'ldcms.themes',
    2 => 'enable',
  ),
)
[ info ] [ HEADER ] array (
  'cookie' => 'thinkphp_show_page_trace=0|0; thinkphp_show_page_trace=0|0; uid=2; token=50446b79-6f1c-4eb2-9abc-2c19eb7a9159; backend_language=zh-cn; thinkphp_show_page_trace=0|0; frontend_language=en; PHPSESSID=40vsve0haqvtacvur4afbs4v0t; keeplogin=1%7C86400%7C1731986374%7Cc033686637a60cbe64c2f8276a802fb1',
  'accept-language' => 'zh-CN,zh;q=0.9,en;q=0.8',
  'accept-encoding' => 'gzip, deflate',
  'accept' => 'text/html,application/xhtml+xml,application/xml;q=0.9,image/avif,image/webp,image/apng,*/*;q=0.8,application/signed-exchange;v=b3;q=0.7',
  'user-agent' => 'Mozilla/5.0 (Macintosh; Intel Mac OS X 10_15_7) AppleWebKit/537.36 (KHTML, like Gecko) Chrome/130.0.0.0 Safari/537.36',
  'upgrade-insecure-requests' => '1',
  'connection' => 'keep-alive',
  'host' => 'dev.sustens.com',
  'content-length' => '',
  'content-type' => '',
)
[ info ] [ PARAM ] array (
  'name' => 'ldcms2024',
  'title' => 'ldcms2024模板',
  'is_testdata' => '1',
  'dialog' => '1',
)
[ info ] [ LANG ] /var/webstars/sustens/public/../application/admin/lang/zh-cn.php
[ info ] [ BEHAVIOR ] Run app\common\behavior\Common @module_init [ RunTime:0.001475s ]
[ info ] [ SESSION ] INIT array (
  'id' => '',
  'var_session_id' => '',
  'prefix' => 'think',
  'type' => '',
  'auto_start' => true,
)
[ info ] [ BEHAVIOR ] Run \addons\ldcms\Ldcms @config_init [ RunTime:0.000057s ]
[ info ] [ LANG ] /var/webstars/sustens/public/../application/admin/lang/zh-cn/ldcms/themes.php
[ info ] [ RUN ] app\admin\controller\ldcms\Themes->enable[ /var/webstars/sustens/application/admin/controller/ldcms/Themes.php ]
[ info ] [ VIEW ] /var/webstars/sustens/public/../application/admin/view/ldcms/themes/enable.html [ array (
  0 => 'breadcrumb',
  1 => 'site',
  2 => 'config',
  3 => 'auth',
  4 => 'admin',
  5 => 'addon_config',
  6 => 'langs',
  7 => 'name',
  8 => 'title',
  9 => 'is_testdata',
) ]
[ info ] [ BEHAVIOR ] Run app\admin\behavior\AdminLog @app_end [ RunTime:0.001244s ]
[ info ] [ LOG ] INIT File
---------------------------------------------------------------
[ 2024-11-18T11:21:35+08:00 ] 10.211.55.2 GET dev.sustens.com/MTyvDCHVOo.php/ajax/lang?callback=define&controllername=ldcms.themes&lang=zh-cn&v=1731900094
[运行时间：0.016289s] [吞吐率：61.39req/s] [内存消耗：304.48kb] [文件加载：91]
[ info ] [ BEHAVIOR ] Run Closure @app_init [ RunTime:0.000018s ]
[ info ] [ CACHE ] INIT File
[ info ] [ DB ] INIT mysql
[ info ] [ BEHAVIOR ] Run \addons\ldcms\Ldcms @app_init [ RunTime:0.002361s ]
[ info ] [ BEHAVIOR ] Run Closure @app_init [ RunTime:0.002382s ]
[ info ] [ BEHAVIOR ] Run app\common\behavior\Common @app_init [ RunTime:0.000066s ]
[ info ] [ LANG ] /var/webstars/sustens/thinkphp/lang/zh-cn.php
[ info ] [ BEHAVIOR ] Run app\common\behavior\Common @app_dispatch [ RunTime:0.000018s ]
[ info ] [ ROUTE ] array (
  'type' => 'module',
  'module' => 
  array (
    0 => 'admin',
    1 => 'ajax',
    2 => 'lang',
  ),
)
[ info ] [ HEADER ] array (
  'cookie' => 'thinkphp_show_page_trace=0|0; uid=2; token=50446b79-6f1c-4eb2-9abc-2c19eb7a9159; backend_language=zh-cn; thinkphp_show_page_trace=0|0; frontend_language=en; PHPSESSID=40vsve0haqvtacvur4afbs4v0t; keeplogin=1%7C86400%7C1731986374%7Cc033686637a60cbe64c2f8276a802fb1',
  'accept-language' => 'zh-CN,zh;q=0.9,en;q=0.8',
  'accept-encoding' => 'gzip, deflate',
  'accept' => '*/*',
  'user-agent' => 'Mozilla/5.0 (Macintosh; Intel Mac OS X 10_15_7) AppleWebKit/537.36 (KHTML, like Gecko) Chrome/130.0.0.0 Safari/537.36',
  'connection' => 'keep-alive',
  'host' => 'dev.sustens.com',
  'content-length' => '',
  'content-type' => '',
)
[ info ] [ PARAM ] array (
  'callback' => 'define',
  'controllername' => 'ldcms.themes',
  'lang' => 'zh-cn',
  'v' => '1731900094',
)
[ info ] [ LANG ] /var/webstars/sustens/public/../application/admin/lang/zh-cn.php
[ info ] [ BEHAVIOR ] Run app\common\behavior\Common @module_init [ RunTime:0.000066s ]
[ info ] [ SESSION ] INIT array (
  'id' => '',
  'var_session_id' => '',
  'prefix' => 'think',
  'type' => '',
  'auto_start' => true,
)
[ info ] [ BEHAVIOR ] Run \addons\ldcms\Ldcms @config_init [ RunTime:0.000027s ]
[ info ] [ LANG ] /var/webstars/sustens/public/../application/admin/lang/zh-cn/ajax.php
[ info ] [ RUN ] app\admin\controller\Ajax->lang[ /var/webstars/sustens/application/admin/controller/Ajax.php ]
[ info ] [ LANG ] /var/webstars/sustens/public/../application/admin/lang/zh-cn/ldcms/themes.php
[ info ] [ BEHAVIOR ] Run app\admin\behavior\AdminLog @app_end [ RunTime:0.000040s ]
[ info ] [ LOG ] INIT File
---------------------------------------------------------------
[ 2024-11-18T11:21:48+08:00 ] 10.211.55.2 POST dev.sustens.com/MTyvDCHVOo.php/ldcms/themes/enable?name=ldcms2024&title=ldcms2024%E6%A8%A1%E6%9D%BF&is_testdata=1&dialog=1
[运行时间：1.899821s] [吞吐率：0.53req/s] [内存消耗：678.38kb] [文件加载：94]
[ info ] [ BEHAVIOR ] Run Closure @app_init [ RunTime:0.000023s ]
[ info ] [ CACHE ] INIT File
[ info ] [ DB ] INIT mysql
[ info ] [ BEHAVIOR ] Run \addons\ldcms\Ldcms @app_init [ RunTime:0.004318s ]
[ info ] [ BEHAVIOR ] Run Closure @app_init [ RunTime:0.004344s ]
[ info ] [ BEHAVIOR ] Run app\common\behavior\Common @app_init [ RunTime:0.000094s ]
[ info ] [ LANG ] /var/webstars/sustens/thinkphp/lang/zh-cn.php
[ info ] [ BEHAVIOR ] Run app\common\behavior\Common @app_dispatch [ RunTime:0.000016s ]
[ info ] [ ROUTE ] array (
  'type' => 'module',
  'module' => 
  array (
    0 => 'admin',
    1 => 'ldcms.themes',
    2 => 'enable',
  ),
)
[ info ] [ HEADER ] array (
  'cookie' => 'thinkphp_show_page_trace=0|0; thinkphp_show_page_trace=0|0; thinkphp_show_page_trace=0|0; uid=2; token=50446b79-6f1c-4eb2-9abc-2c19eb7a9159; backend_language=zh-cn; thinkphp_show_page_trace=0|0; frontend_language=en; PHPSESSID=40vsve0haqvtacvur4afbs4v0t; keeplogin=1%7C86400%7C1731986374%7Cc033686637a60cbe64c2f8276a802fb1',
  'accept-language' => 'zh-CN,zh;q=0.9,en;q=0.8',
  'accept-encoding' => 'gzip, deflate',
  'origin' => 'http://dev.sustens.com',
  'content-type' => 'application/x-www-form-urlencoded; charset=UTF-8',
  'accept' => 'application/json, text/javascript, */*; q=0.01',
  'user-agent' => 'Mozilla/5.0 (Macintosh; Intel Mac OS X 10_15_7) AppleWebKit/537.36 (KHTML, like Gecko) Chrome/130.0.0.0 Safari/537.36',
  'x-requested-with' => 'XMLHttpRequest',
  'content-length' => '35',
  'connection' => 'keep-alive',
  'host' => 'dev.sustens.com',
)
[ info ] [ PARAM ] array (
  'name' => 'ldcms2024',
  'title' => 'ldcms2024模板',
  'is_testdata' => '1',
  'dialog' => '1',
  'lg' => 'zh-cn',
  'is_import' => '1',
)
[ info ] [ LANG ] /var/webstars/sustens/public/../application/admin/lang/zh-cn.php
[ info ] [ BEHAVIOR ] Run app\common\behavior\Common @module_init [ RunTime:0.000092s ]
[ info ] [ SESSION ] INIT array (
  'id' => '',
  'var_session_id' => '',
  'prefix' => 'think',
  'type' => '',
  'auto_start' => true,
)
[ info ] [ BEHAVIOR ] Run \addons\ldcms\Ldcms @config_init [ RunTime:0.000038s ]
[ info ] [ LANG ] /var/webstars/sustens/public/../application/admin/lang/zh-cn/ldcms/themes.php
[ info ] [ RUN ] app\admin\controller\ldcms\Themes->enable[ /var/webstars/sustens/application/admin/controller/ldcms/Themes.php ]
[ info ] [ BEHAVIOR ] Run app\admin\behavior\AdminLog @app_end [ RunTime:0.014476s ]
[ info ] [ LOG ] INIT File
---------------------------------------------------------------
[ 2024-11-18T11:21:48+08:00 ] 10.211.55.2 GET dev.sustens.com/MTyvDCHVOo.php/ldcms/themes/index?sort=id&order=desc&offset=0&limit=12&_=1731900068160
[运行时间：0.149755s] [吞吐率：6.68req/s] [内存消耗：645.05kb] [文件加载：94]
[ info ] [ BEHAVIOR ] Run Closure @app_init [ RunTime:0.000091s ]
[ info ] [ CACHE ] INIT File
[ info ] [ DB ] INIT mysql
[ info ] [ BEHAVIOR ] Run \addons\ldcms\Ldcms @app_init [ RunTime:0.011014s ]
[ info ] [ BEHAVIOR ] Run Closure @app_init [ RunTime:0.011156s ]
[ info ] [ BEHAVIOR ] Run app\common\behavior\Common @app_init [ RunTime:0.001042s ]
[ info ] [ LANG ] /var/webstars/sustens/thinkphp/lang/zh-cn.php
[ info ] [ BEHAVIOR ] Run app\common\behavior\Common @app_dispatch [ RunTime:0.000028s ]
[ info ] [ ROUTE ] array (
  'type' => 'module',
  'module' => 
  array (
    0 => 'admin',
    1 => 'ldcms.themes',
    2 => 'index',
  ),
)
[ info ] [ HEADER ] array (
  'cookie' => 'thinkphp_show_page_trace=0|0; thinkphp_show_page_trace=0|0; thinkphp_show_page_trace=0|0; uid=2; token=50446b79-6f1c-4eb2-9abc-2c19eb7a9159; backend_language=zh-cn; thinkphp_show_page_trace=0|0; frontend_language=en; PHPSESSID=40vsve0haqvtacvur4afbs4v0t; keeplogin=1%7C86400%7C1731986374%7Cc033686637a60cbe64c2f8276a802fb1',
  'accept-language' => 'zh-CN,zh;q=0.9,en;q=0.8',
  'accept-encoding' => 'gzip, deflate',
  'content-type' => 'application/json',
  'accept' => 'application/json, text/javascript, */*; q=0.01',
  'user-agent' => 'Mozilla/5.0 (Macintosh; Intel Mac OS X 10_15_7) AppleWebKit/537.36 (KHTML, like Gecko) Chrome/130.0.0.0 Safari/537.36',
  'x-requested-with' => 'XMLHttpRequest',
  'connection' => 'keep-alive',
  'host' => 'dev.sustens.com',
  'content-length' => '',
)
[ info ] [ PARAM ] array (
  'sort' => 'id',
  'order' => 'desc',
  'offset' => '0',
  'limit' => '12',
  '_' => '1731900068160',
)
[ info ] [ LANG ] /var/webstars/sustens/public/../application/admin/lang/zh-cn.php
[ info ] [ BEHAVIOR ] Run app\common\behavior\Common @module_init [ RunTime:0.000133s ]
[ info ] [ SESSION ] INIT array (
  'id' => '',
  'var_session_id' => '',
  'prefix' => 'think',
  'type' => '',
  'auto_start' => true,
)
[ info ] [ BEHAVIOR ] Run \addons\ldcms\Ldcms @config_init [ RunTime:0.000105s ]
[ info ] [ LANG ] /var/webstars/sustens/public/../application/admin/lang/zh-cn/ldcms/themes.php
[ info ] [ RUN ] app\admin\controller\ldcms\Themes->index[ /var/webstars/sustens/application/admin/controller/ldcms/Themes.php ]
[ info ] [ BEHAVIOR ] Run app\admin\behavior\AdminLog @app_end [ RunTime:0.000037s ]
[ info ] [ LOG ] INIT File
---------------------------------------------------------------
[ 2024-11-18T11:21:58+08:00 ] 10.211.55.2 GET dev.sustens.com/
[运行时间：0.259887s] [吞吐率：3.85req/s] [内存消耗：846.59kb] [文件加载：190]
[ info ] [ BEHAVIOR ] Run Closure @app_init [ RunTime:0.000034s ]
[ info ] [ CACHE ] INIT File
[ info ] [ DB ] INIT mysql
[ info ] [ BEHAVIOR ] Run \addons\ldcms\Ldcms @app_init [ RunTime:0.012975s ]
[ info ] [ BEHAVIOR ] Run Closure @app_init [ RunTime:0.013007s ]
[ info ] [ BEHAVIOR ] Run app\common\behavior\Common @app_init [ RunTime:0.000129s ]
[ info ] [ LANG ] /var/webstars/sustens/thinkphp/lang/zh-cn.php
[ info ] [ BEHAVIOR ] Run app\common\behavior\Common @app_dispatch [ RunTime:0.000023s ]
[ info ] [ ROUTE ] array (
  'type' => 'method',
  'method' => 
  array (
    0 => '\\think\\addons\\Route',
    1 => 'execute',
  ),
  'var' => 
  array (
    'addon' => 'ldcms',
    'controller' => 'index',
    'action' => 'index',
  ),
)
[ info ] [ HEADER ] array (
  'cookie' => 'uid=2; token=50446b79-6f1c-4eb2-9abc-2c19eb7a9159; backend_language=zh-cn; thinkphp_show_page_trace=0|0; frontend_language=en; PHPSESSID=40vsve0haqvtacvur4afbs4v0t; keeplogin=1%7C86400%7C1731986374%7Cc033686637a60cbe64c2f8276a802fb1',
  'accept-language' => 'zh-CN,zh;q=0.9,en;q=0.8',
  'accept-encoding' => 'gzip, deflate',
  'accept' => 'text/html,application/xhtml+xml,application/xml;q=0.9,image/avif,image/webp,image/apng,*/*;q=0.8,application/signed-exchange;v=b3;q=0.7',
  'purpose' => 'prefetch',
  'sec-purpose' => 'prefetch;prerender',
  'user-agent' => 'Mozilla/5.0 (Macintosh; Intel Mac OS X 10_15_7) AppleWebKit/537.36 (KHTML, like Gecko) Chrome/130.0.0.0 Safari/537.36',
  'upgrade-insecure-requests' => '1',
  'connection' => 'keep-alive',
  'host' => 'dev.sustens.com',
  'content-length' => '',
  'content-type' => '',
)
[ info ] [ PARAM ] array (
)
[ info ] [ RUN ] think\addons\Route->execute[ /var/webstars/sustens/vendor/karsonzhang/fastadmin-addons/src/addons/Route.php ]
[ info ] [ LANG ] /var/webstars/sustens/public/../application/common/lang/zh-cn/addon.php
[ info ] [ BEHAVIOR ] Run app\common\behavior\Common @addon_begin [ RunTime:0.018631s ]
[ info ] [ TOKEN ] INIT Mysql
[ info ] [ BEHAVIOR ] Run \addons\ldcms\Ldcms @config_init [ RunTime:0.000105s ]
[ info ] [ LANG ] /var/webstars/sustens/addons/ldcms/lang/en.php
[ info ] [ VIEW ] /var/webstars/sustens/addons/ldcms/view/en/index.html [ array (
  0 => 'user',
  1 => 'site',
  2 => 'config',
  3 => 'ld',
  4 => 'topid',
) ]
[ info ] [ LOG ] INIT File
[ error ] [2]foreach() argument must be of type array|object, null given[/var/webstars/sustens/thinkphp/library/think/db/Query.php:746]
[ error ] [2]Undefined array key "mid"[/var/webstars/sustens/addons/ldcms/model/Document.php:176]
[ error ] [2]foreach() argument must be of type array|object, null given[/var/webstars/sustens/thinkphp/library/think/db/Query.php:746]
[ error ] [2]foreach() argument must be of type array|object, null given[/var/webstars/sustens/thinkphp/library/think/db/Query.php:746]
[ error ] [2]Undefined array key "mid"[/var/webstars/sustens/addons/ldcms/model/Document.php:176]
[ error ] [2]foreach() argument must be of type array|object, null given[/var/webstars/sustens/thinkphp/library/think/db/Query.php:746]
[ error ] [2]Undefined array key "mid"[/var/webstars/sustens/addons/ldcms/model/Document.php:176]
[ error ] [2]foreach() argument must be of type array|object, null given[/var/webstars/sustens/thinkphp/library/think/db/Query.php:746]
[ error ] [2]Undefined array key "mid"[/var/webstars/sustens/addons/ldcms/model/Document.php:176]
---------------------------------------------------------------
[ 2024-11-18T11:21:59+08:00 ] 10.211.55.2 GET dev.sustens.com/assets/addons/ldcms/images/cbg.jpg
[运行时间：0.017129s] [吞吐率：58.38req/s] [内存消耗：240.52kb] [文件加载：77]
[ info ] [ BEHAVIOR ] Run Closure @app_init [ RunTime:0.000016s ]
[ info ] [ CACHE ] INIT File
[ info ] [ DB ] INIT mysql
[ info ] [ BEHAVIOR ] Run \addons\ldcms\Ldcms @app_init [ RunTime:0.001712s ]
[ info ] [ BEHAVIOR ] Run Closure @app_init [ RunTime:0.001730s ]
[ info ] [ BEHAVIOR ] Run app\common\behavior\Common @app_init [ RunTime:0.000049s ]
[ info ] [ LANG ] /var/webstars/sustens/thinkphp/lang/zh-cn.php
[ info ] [ BEHAVIOR ] Run app\common\behavior\Common @app_dispatch [ RunTime:0.000036s ]
[ info ] [ ROUTE ] array (
  'type' => 'module',
  'module' => 
  array (
    0 => 'assets',
    1 => 'addons',
    2 => 'ldcms',
  ),
)
[ info ] [ HEADER ] array (
  'cookie' => 'uid=2; token=50446b79-6f1c-4eb2-9abc-2c19eb7a9159; backend_language=zh-cn; thinkphp_show_page_trace=0|0; frontend_language=en; PHPSESSID=40vsve0haqvtacvur4afbs4v0t; keeplogin=1%7C86400%7C1731986374%7Cc033686637a60cbe64c2f8276a802fb1',
  'accept-language' => 'zh-CN,zh;q=0.9,en;q=0.8',
  'accept-encoding' => 'gzip, deflate',
  'referer' => 'http://dev.sustens.com/',
  'accept' => 'image/avif,image/webp,image/apng,image/svg+xml,image/*,*/*;q=0.8',
  'user-agent' => 'Mozilla/5.0 (Macintosh; Intel Mac OS X 10_15_7) AppleWebKit/537.36 (KHTML, like Gecko) Chrome/130.0.0.0 Safari/537.36',
  'connection' => 'keep-alive',
  'host' => 'dev.sustens.com',
  'content-length' => '',
  'content-type' => '',
)
[ info ] [ PARAM ] array (
  'images' => 'cbg.jpg',
)
[ info ] [ LOG ] INIT File
---------------------------------------------------------------
[ 2024-11-18T11:22:07+08:00 ] 10.211.55.2 GET dev.sustens.com/product.html
[运行时间：0.048968s] [吞吐率：20.42req/s] [内存消耗：689.32kb] [文件加载：174]
[ info ] [ BEHAVIOR ] Run Closure @app_init [ RunTime:0.000018s ]
[ info ] [ CACHE ] INIT File
[ info ] [ DB ] INIT mysql
[ info ] [ BEHAVIOR ] Run \addons\ldcms\Ldcms @app_init [ RunTime:0.003185s ]
[ info ] [ BEHAVIOR ] Run Closure @app_init [ RunTime:0.003214s ]
[ info ] [ BEHAVIOR ] Run app\common\behavior\Common @app_init [ RunTime:0.000089s ]
[ info ] [ LANG ] /var/webstars/sustens/thinkphp/lang/zh-cn.php
[ info ] [ BEHAVIOR ] Run app\common\behavior\Common @app_dispatch [ RunTime:0.000026s ]
[ info ] [ ROUTE ] array (
  'type' => 'method',
  'method' => 
  array (
    0 => '\\think\\addons\\Route',
    1 => 'execute',
  ),
  'var' => 
  array (
    'addon' => 'ldcms',
    'controller' => 'lists',
    'action' => 'index',
  ),
)
[ info ] [ HEADER ] array (
  'cookie' => 'uid=2; token=50446b79-6f1c-4eb2-9abc-2c19eb7a9159; backend_language=zh-cn; thinkphp_show_page_trace=0|0; frontend_language=en; PHPSESSID=40vsve0haqvtacvur4afbs4v0t; keeplogin=1%7C86400%7C1731986374%7Cc033686637a60cbe64c2f8276a802fb1',
  'accept-language' => 'zh-CN,zh;q=0.9,en;q=0.8',
  'accept-encoding' => 'gzip, deflate',
  'referer' => 'http://dev.sustens.com/',
  'accept' => 'text/html,application/xhtml+xml,application/xml;q=0.9,image/avif,image/webp,image/apng,*/*;q=0.8,application/signed-exchange;v=b3;q=0.7',
  'user-agent' => 'Mozilla/5.0 (Macintosh; Intel Mac OS X 10_15_7) AppleWebKit/537.36 (KHTML, like Gecko) Chrome/130.0.0.0 Safari/537.36',
  'upgrade-insecure-requests' => '1',
  'connection' => 'keep-alive',
  'host' => 'dev.sustens.com',
  'content-length' => '',
  'content-type' => '',
)
[ info ] [ PARAM ] array (
  'category' => 'product',
)
[ info ] [ RUN ] think\addons\Route->execute[ /var/webstars/sustens/vendor/karsonzhang/fastadmin-addons/src/addons/Route.php ]
[ info ] [ LANG ] /var/webstars/sustens/public/../application/common/lang/zh-cn/addon.php
[ info ] [ BEHAVIOR ] Run app\common\behavior\Common @addon_begin [ RunTime:0.000289s ]
[ info ] [ TOKEN ] INIT Mysql
[ info ] [ BEHAVIOR ] Run \addons\ldcms\Ldcms @config_init [ RunTime:0.000035s ]
[ info ] [ LOG ] INIT File
---------------------------------------------------------------
[ 2024-11-18T11:22:18+08:00 ] 10.211.55.2 GET dev.sustens.com/case.html
[运行时间：0.056238s] [吞吐率：17.78req/s] [内存消耗：689.32kb] [文件加载：174]
[ info ] [ BEHAVIOR ] Run Closure @app_init [ RunTime:0.000019s ]
[ info ] [ CACHE ] INIT File
[ info ] [ DB ] INIT mysql
[ info ] [ BEHAVIOR ] Run \addons\ldcms\Ldcms @app_init [ RunTime:0.003166s ]
[ info ] [ BEHAVIOR ] Run Closure @app_init [ RunTime:0.003193s ]
[ info ] [ BEHAVIOR ] Run app\common\behavior\Common @app_init [ RunTime:0.000080s ]
[ info ] [ LANG ] /var/webstars/sustens/thinkphp/lang/zh-cn.php
[ info ] [ BEHAVIOR ] Run app\common\behavior\Common @app_dispatch [ RunTime:0.000018s ]
[ info ] [ ROUTE ] array (
  'type' => 'method',
  'method' => 
  array (
    0 => '\\think\\addons\\Route',
    1 => 'execute',
  ),
  'var' => 
  array (
    'addon' => 'ldcms',
    'controller' => 'lists',
    'action' => 'index',
  ),
)
[ info ] [ HEADER ] array (
  'cookie' => 'uid=2; token=50446b79-6f1c-4eb2-9abc-2c19eb7a9159; backend_language=zh-cn; thinkphp_show_page_trace=0|0; frontend_language=en; PHPSESSID=40vsve0haqvtacvur4afbs4v0t; keeplogin=1%7C86400%7C1731986374%7Cc033686637a60cbe64c2f8276a802fb1',
  'accept-language' => 'zh-CN,zh;q=0.9,en;q=0.8',
  'accept-encoding' => 'gzip, deflate',
  'referer' => 'http://dev.sustens.com/',
  'accept' => 'text/html,application/xhtml+xml,application/xml;q=0.9,image/avif,image/webp,image/apng,*/*;q=0.8,application/signed-exchange;v=b3;q=0.7',
  'user-agent' => 'Mozilla/5.0 (Macintosh; Intel Mac OS X 10_15_7) AppleWebKit/537.36 (KHTML, like Gecko) Chrome/130.0.0.0 Safari/537.36',
  'upgrade-insecure-requests' => '1',
  'connection' => 'keep-alive',
  'host' => 'dev.sustens.com',
  'content-length' => '',
  'content-type' => '',
)
[ info ] [ PARAM ] array (
  'category' => 'case',
)
[ info ] [ RUN ] think\addons\Route->execute[ /var/webstars/sustens/vendor/karsonzhang/fastadmin-addons/src/addons/Route.php ]
[ info ] [ LANG ] /var/webstars/sustens/public/../application/common/lang/zh-cn/addon.php
[ info ] [ BEHAVIOR ] Run app\common\behavior\Common @addon_begin [ RunTime:0.000143s ]
[ info ] [ TOKEN ] INIT Mysql
[ info ] [ BEHAVIOR ] Run \addons\ldcms\Ldcms @config_init [ RunTime:0.000053s ]
[ info ] [ LOG ] INIT File
---------------------------------------------------------------
[ 2024-11-18T11:22:21+08:00 ] 10.211.55.2 GET dev.sustens.com/product.html
[运行时间：0.065907s] [吞吐率：15.17req/s] [内存消耗：689.32kb] [文件加载：174]
[ info ] [ BEHAVIOR ] Run Closure @app_init [ RunTime:0.000030s ]
[ info ] [ CACHE ] INIT File
[ info ] [ DB ] INIT mysql
[ info ] [ BEHAVIOR ] Run \addons\ldcms\Ldcms @app_init [ RunTime:0.004583s ]
[ info ] [ BEHAVIOR ] Run Closure @app_init [ RunTime:0.004617s ]
[ info ] [ BEHAVIOR ] Run app\common\behavior\Common @app_init [ RunTime:0.000117s ]
[ info ] [ LANG ] /var/webstars/sustens/thinkphp/lang/zh-cn.php
[ info ] [ BEHAVIOR ] Run app\common\behavior\Common @app_dispatch [ RunTime:0.000027s ]
[ info ] [ ROUTE ] array (
  'type' => 'method',
  'method' => 
  array (
    0 => '\\think\\addons\\Route',
    1 => 'execute',
  ),
  'var' => 
  array (
    'addon' => 'ldcms',
    'controller' => 'lists',
    'action' => 'index',
  ),
)
[ info ] [ HEADER ] array (
  'cookie' => 'uid=2; token=50446b79-6f1c-4eb2-9abc-2c19eb7a9159; backend_language=zh-cn; thinkphp_show_page_trace=0|0; frontend_language=en; PHPSESSID=40vsve0haqvtacvur4afbs4v0t; keeplogin=1%7C86400%7C1731986374%7Cc033686637a60cbe64c2f8276a802fb1',
  'accept-language' => 'zh-CN,zh;q=0.9,en;q=0.8',
  'accept-encoding' => 'gzip, deflate',
  'referer' => 'http://dev.sustens.com/',
  'accept' => 'text/html,application/xhtml+xml,application/xml;q=0.9,image/avif,image/webp,image/apng,*/*;q=0.8,application/signed-exchange;v=b3;q=0.7',
  'user-agent' => 'Mozilla/5.0 (Macintosh; Intel Mac OS X 10_15_7) AppleWebKit/537.36 (KHTML, like Gecko) Chrome/130.0.0.0 Safari/537.36',
  'upgrade-insecure-requests' => '1',
  'connection' => 'keep-alive',
  'host' => 'dev.sustens.com',
  'content-length' => '',
  'content-type' => '',
)
[ info ] [ PARAM ] array (
  'category' => 'product',
)
[ info ] [ RUN ] think\addons\Route->execute[ /var/webstars/sustens/vendor/karsonzhang/fastadmin-addons/src/addons/Route.php ]
[ info ] [ LANG ] /var/webstars/sustens/public/../application/common/lang/zh-cn/addon.php
[ info ] [ BEHAVIOR ] Run app\common\behavior\Common @addon_begin [ RunTime:0.000505s ]
[ info ] [ TOKEN ] INIT Mysql
[ info ] [ BEHAVIOR ] Run \addons\ldcms\Ldcms @config_init [ RunTime:0.000043s ]
[ info ] [ LOG ] INIT File
---------------------------------------------------------------
[ 2024-11-18T11:22:42+08:00 ] 10.211.55.2 GET dev.sustens.com/?lg=zh-cn
[运行时间：0.354305s] [吞吐率：2.82req/s] [内存消耗：998.03kb] [文件加载：195]
[ info ] [ BEHAVIOR ] Run Closure @app_init [ RunTime:0.000023s ]
[ info ] [ CACHE ] INIT File
[ info ] [ DB ] INIT mysql
[ info ] [ BEHAVIOR ] Run \addons\ldcms\Ldcms @app_init [ RunTime:0.019665s ]
[ info ] [ BEHAVIOR ] Run Closure @app_init [ RunTime:0.019687s ]
[ info ] [ BEHAVIOR ] Run app\common\behavior\Common @app_init [ RunTime:0.001559s ]
[ info ] [ LANG ] /var/webstars/sustens/thinkphp/lang/zh-cn.php
[ info ] [ BEHAVIOR ] Run app\common\behavior\Common @app_dispatch [ RunTime:0.000023s ]
[ info ] [ ROUTE ] array (
  'type' => 'method',
  'method' => 
  array (
    0 => '\\think\\addons\\Route',
    1 => 'execute',
  ),
  'var' => 
  array (
    'addon' => 'ldcms',
    'controller' => 'index',
    'action' => 'index',
  ),
)
[ info ] [ HEADER ] array (
  'cookie' => 'uid=2; token=50446b79-6f1c-4eb2-9abc-2c19eb7a9159; backend_language=zh-cn; thinkphp_show_page_trace=0|0; frontend_language=en; PHPSESSID=40vsve0haqvtacvur4afbs4v0t; keeplogin=1%7C86400%7C1731986374%7Cc033686637a60cbe64c2f8276a802fb1',
  'accept-language' => 'zh-CN,zh;q=0.9,en;q=0.8',
  'accept-encoding' => 'gzip, deflate',
  'referer' => 'http://dev.sustens.com/',
  'accept' => 'text/html,application/xhtml+xml,application/xml;q=0.9,image/avif,image/webp,image/apng,*/*;q=0.8,application/signed-exchange;v=b3;q=0.7',
  'user-agent' => 'Mozilla/5.0 (Macintosh; Intel Mac OS X 10_15_7) AppleWebKit/537.36 (KHTML, like Gecko) Chrome/130.0.0.0 Safari/537.36',
  'upgrade-insecure-requests' => '1',
  'connection' => 'keep-alive',
  'host' => 'dev.sustens.com',
  'content-length' => '',
  'content-type' => '',
)
[ info ] [ PARAM ] array (
  'lg' => 'zh-cn',
)
[ info ] [ RUN ] think\addons\Route->execute[ /var/webstars/sustens/vendor/karsonzhang/fastadmin-addons/src/addons/Route.php ]
[ info ] [ LANG ] /var/webstars/sustens/public/../application/common/lang/zh-cn/addon.php
[ info ] [ BEHAVIOR ] Run app\common\behavior\Common @addon_begin [ RunTime:0.001305s ]
[ info ] [ TOKEN ] INIT Mysql
[ info ] [ BEHAVIOR ] Run \addons\ldcms\Ldcms @config_init [ RunTime:0.000037s ]
[ info ] [ LANG ] /var/webstars/sustens/addons/ldcms/lang/zh-cn.php
[ info ] [ VIEW ] /var/webstars/sustens/addons/ldcms/view/ldcms2024/index.html [ array (
  0 => 'user',
  1 => 'site',
  2 => 'config',
  3 => 'ld',
  4 => 'topid',
) ]
[ info ] [ SESSION ] INIT array (
  'id' => '',
  'var_session_id' => '',
  'prefix' => 'think',
  'type' => '',
  'auto_start' => true,
)
[ info ] [ LOG ] INIT File
[ error ] [2]Undefined variable $item[/var/webstars/sustens/runtime/temp/8359a87d2c49931d01c8bc03aba12b50.php:52]
[ error ] [2]Trying to access array offset on value of type null[/var/webstars/sustens/runtime/temp/8359a87d2c49931d01c8bc03aba12b50.php:52]
[ error ] [2]foreach() argument must be of type array|object, null given[/var/webstars/sustens/thinkphp/library/think/db/Query.php:746]
[ error ] [2]foreach() argument must be of type array|object, null given[/var/webstars/sustens/thinkphp/library/think/db/Query.php:746]
[ error ] [2]foreach() argument must be of type array|object, null given[/var/webstars/sustens/thinkphp/library/think/db/Query.php:746]
[ error ] [2]foreach() argument must be of type array|object, null given[/var/webstars/sustens/thinkphp/library/think/db/Query.php:746]
---------------------------------------------------------------
[ 2024-11-18T11:22:44+08:00 ] 10.211.55.2 GET dev.sustens.com/hangyefangan.html
[运行时间：0.225852s] [吞吐率：4.43req/s] [内存消耗：879.43kb] [文件加载：190]
[ info ] [ BEHAVIOR ] Run Closure @app_init [ RunTime:0.000025s ]
[ info ] [ CACHE ] INIT File
[ info ] [ DB ] INIT mysql
[ info ] [ BEHAVIOR ] Run \addons\ldcms\Ldcms @app_init [ RunTime:0.036701s ]
[ info ] [ BEHAVIOR ] Run Closure @app_init [ RunTime:0.036740s ]
[ info ] [ BEHAVIOR ] Run app\common\behavior\Common @app_init [ RunTime:0.000084s ]
[ info ] [ LANG ] /var/webstars/sustens/thinkphp/lang/zh-cn.php
[ info ] [ BEHAVIOR ] Run app\common\behavior\Common @app_dispatch [ RunTime:0.000022s ]
[ info ] [ ROUTE ] array (
  'type' => 'method',
  'method' => 
  array (
    0 => '\\think\\addons\\Route',
    1 => 'execute',
  ),
  'var' => 
  array (
    'addon' => 'ldcms',
    'controller' => 'lists',
    'action' => 'index',
  ),
)
[ info ] [ HEADER ] array (
  'cookie' => 'uid=2; token=50446b79-6f1c-4eb2-9abc-2c19eb7a9159; backend_language=zh-cn; thinkphp_show_page_trace=0|0; PHPSESSID=40vsve0haqvtacvur4afbs4v0t; keeplogin=1%7C86400%7C1731986374%7Cc033686637a60cbe64c2f8276a802fb1; frontend_language=zh-cn',
  'accept-language' => 'zh-CN,zh;q=0.9,en;q=0.8',
  'accept-encoding' => 'gzip, deflate',
  'referer' => 'http://dev.sustens.com/?lg=zh-cn',
  'accept' => 'text/html,application/xhtml+xml,application/xml;q=0.9,image/avif,image/webp,image/apng,*/*;q=0.8,application/signed-exchange;v=b3;q=0.7',
  'user-agent' => 'Mozilla/5.0 (Macintosh; Intel Mac OS X 10_15_7) AppleWebKit/537.36 (KHTML, like Gecko) Chrome/130.0.0.0 Safari/537.36',
  'upgrade-insecure-requests' => '1',
  'connection' => 'keep-alive',
  'host' => 'dev.sustens.com',
  'content-length' => '',
  'content-type' => '',
)
[ info ] [ PARAM ] array (
  'category' => 'hangyefangan',
)
[ info ] [ RUN ] think\addons\Route->execute[ /var/webstars/sustens/vendor/karsonzhang/fastadmin-addons/src/addons/Route.php ]
[ info ] [ LANG ] /var/webstars/sustens/public/../application/common/lang/zh-cn/addon.php
[ info ] [ BEHAVIOR ] Run app\common\behavior\Common @addon_begin [ RunTime:0.000130s ]
[ info ] [ TOKEN ] INIT Mysql
[ info ] [ BEHAVIOR ] Run \addons\ldcms\Ldcms @config_init [ RunTime:0.000050s ]
[ info ] [ LANG ] /var/webstars/sustens/addons/ldcms/lang/zh-cn.php
[ info ] [ VIEW ] /var/webstars/sustens/addons/ldcms/view/ldcms2024/list_fangan.html [ array (
  0 => 'user',
  1 => 'site',
  2 => 'config',
  3 => 'category',
  4 => 'parentsid',
  5 => 'childids',
  6 => 'ld',
  7 => 'topid',
) ]
[ info ] [ SESSION ] INIT array (
  'id' => '',
  'var_session_id' => '',
  'prefix' => 'think',
  'type' => '',
  'auto_start' => true,
)
[ info ] [ LOG ] INIT File
[ error ] [2]Undefined variable $item[/var/webstars/sustens/runtime/temp/44e305795af2245a4db54f0f4de3834d.php:52]
[ error ] [2]Trying to access array offset on value of type null[/var/webstars/sustens/runtime/temp/44e305795af2245a4db54f0f4de3834d.php:52]
---------------------------------------------------------------
[ 2024-11-18T11:22:46+08:00 ] 10.211.55.2 GET dev.sustens.com/fuwuanli.html
[运行时间：0.135486s] [吞吐率：7.38req/s] [内存消耗：964.86kb] [文件加载：193]
[ info ] [ BEHAVIOR ] Run Closure @app_init [ RunTime:0.000025s ]
[ info ] [ CACHE ] INIT File
[ info ] [ DB ] INIT mysql
[ info ] [ BEHAVIOR ] Run \addons\ldcms\Ldcms @app_init [ RunTime:0.003111s ]
[ info ] [ BEHAVIOR ] Run Closure @app_init [ RunTime:0.003185s ]
[ info ] [ BEHAVIOR ] Run app\common\behavior\Common @app_init [ RunTime:0.000119s ]
[ info ] [ LANG ] /var/webstars/sustens/thinkphp/lang/zh-cn.php
[ info ] [ BEHAVIOR ] Run app\common\behavior\Common @app_dispatch [ RunTime:0.000023s ]
[ info ] [ ROUTE ] array (
  'type' => 'method',
  'method' => 
  array (
    0 => '\\think\\addons\\Route',
    1 => 'execute',
  ),
  'var' => 
  array (
    'addon' => 'ldcms',
    'controller' => 'lists',
    'action' => 'index',
  ),
)
[ info ] [ HEADER ] array (
  'cookie' => 'uid=2; token=50446b79-6f1c-4eb2-9abc-2c19eb7a9159; backend_language=zh-cn; thinkphp_show_page_trace=0|0; PHPSESSID=40vsve0haqvtacvur4afbs4v0t; keeplogin=1%7C86400%7C1731986374%7Cc033686637a60cbe64c2f8276a802fb1; frontend_language=zh-cn',
  'accept-language' => 'zh-CN,zh;q=0.9,en;q=0.8',
  'accept-encoding' => 'gzip, deflate',
  'referer' => 'http://dev.sustens.com/hangyefangan.html',
  'accept' => 'text/html,application/xhtml+xml,application/xml;q=0.9,image/avif,image/webp,image/apng,*/*;q=0.8,application/signed-exchange;v=b3;q=0.7',
  'user-agent' => 'Mozilla/5.0 (Macintosh; Intel Mac OS X 10_15_7) AppleWebKit/537.36 (KHTML, like Gecko) Chrome/130.0.0.0 Safari/537.36',
  'upgrade-insecure-requests' => '1',
  'connection' => 'keep-alive',
  'host' => 'dev.sustens.com',
  'content-length' => '',
  'content-type' => '',
)
[ info ] [ PARAM ] array (
  'category' => 'fuwuanli',
)
[ info ] [ RUN ] think\addons\Route->execute[ /var/webstars/sustens/vendor/karsonzhang/fastadmin-addons/src/addons/Route.php ]
[ info ] [ LANG ] /var/webstars/sustens/public/../application/common/lang/zh-cn/addon.php
[ info ] [ BEHAVIOR ] Run app\common\behavior\Common @addon_begin [ RunTime:0.000189s ]
[ info ] [ TOKEN ] INIT Mysql
[ info ] [ BEHAVIOR ] Run \addons\ldcms\Ldcms @config_init [ RunTime:0.000047s ]
[ info ] [ LANG ] /var/webstars/sustens/addons/ldcms/lang/zh-cn.php
[ info ] [ VIEW ] /var/webstars/sustens/addons/ldcms/view/ldcms2024/list_case.html [ array (
  0 => 'user',
  1 => 'site',
  2 => 'config',
  3 => 'category',
  4 => 'parentsid',
  5 => 'childids',
  6 => 'ld',
  7 => 'topid',
) ]
[ info ] [ SESSION ] INIT array (
  'id' => '',
  'var_session_id' => '',
  'prefix' => 'think',
  'type' => '',
  'auto_start' => true,
)
[ info ] [ LOG ] INIT File
[ error ] [2]Undefined variable $item[/var/webstars/sustens/runtime/temp/0af01c3be561bd2709c7cd90e69bec8d.php:52]
[ error ] [2]Trying to access array offset on value of type null[/var/webstars/sustens/runtime/temp/0af01c3be561bd2709c7cd90e69bec8d.php:52]
---------------------------------------------------------------
[ 2024-11-18T11:22:49+08:00 ] 10.211.55.2 GET dev.sustens.com/gongsixinwen.html
[运行时间：0.119168s] [吞吐率：8.39req/s] [内存消耗：962.02kb] [文件加载：192]
[ info ] [ BEHAVIOR ] Run Closure @app_init [ RunTime:0.000018s ]
[ info ] [ CACHE ] INIT File
[ info ] [ DB ] INIT mysql
[ info ] [ BEHAVIOR ] Run \addons\ldcms\Ldcms @app_init [ RunTime:0.003681s ]
[ info ] [ BEHAVIOR ] Run Closure @app_init [ RunTime:0.003839s ]
[ info ] [ BEHAVIOR ] Run app\common\behavior\Common @app_init [ RunTime:0.000254s ]
[ info ] [ LANG ] /var/webstars/sustens/thinkphp/lang/zh-cn.php
[ info ] [ BEHAVIOR ] Run app\common\behavior\Common @app_dispatch [ RunTime:0.000054s ]
[ info ] [ ROUTE ] array (
  'type' => 'method',
  'method' => 
  array (
    0 => '\\think\\addons\\Route',
    1 => 'execute',
  ),
  'var' => 
  array (
    'addon' => 'ldcms',
    'controller' => 'lists',
    'action' => 'index',
  ),
)
[ info ] [ HEADER ] array (
  'cookie' => 'uid=2; token=50446b79-6f1c-4eb2-9abc-2c19eb7a9159; backend_language=zh-cn; thinkphp_show_page_trace=0|0; PHPSESSID=40vsve0haqvtacvur4afbs4v0t; keeplogin=1%7C86400%7C1731986374%7Cc033686637a60cbe64c2f8276a802fb1; frontend_language=zh-cn',
  'accept-language' => 'zh-CN,zh;q=0.9,en;q=0.8',
  'accept-encoding' => 'gzip, deflate',
  'referer' => 'http://dev.sustens.com/fuwuanli.html',
  'accept' => 'text/html,application/xhtml+xml,application/xml;q=0.9,image/avif,image/webp,image/apng,*/*;q=0.8,application/signed-exchange;v=b3;q=0.7',
  'user-agent' => 'Mozilla/5.0 (Macintosh; Intel Mac OS X 10_15_7) AppleWebKit/537.36 (KHTML, like Gecko) Chrome/130.0.0.0 Safari/537.36',
  'upgrade-insecure-requests' => '1',
  'connection' => 'keep-alive',
  'host' => 'dev.sustens.com',
  'content-length' => '',
  'content-type' => '',
)
[ info ] [ PARAM ] array (
  'category' => 'gongsixinwen',
)
[ info ] [ RUN ] think\addons\Route->execute[ /var/webstars/sustens/vendor/karsonzhang/fastadmin-addons/src/addons/Route.php ]
[ info ] [ LANG ] /var/webstars/sustens/public/../application/common/lang/zh-cn/addon.php
[ info ] [ BEHAVIOR ] Run app\common\behavior\Common @addon_begin [ RunTime:0.000131s ]
[ info ] [ TOKEN ] INIT Mysql
[ info ] [ BEHAVIOR ] Run \addons\ldcms\Ldcms @config_init [ RunTime:0.000033s ]
[ info ] [ LANG ] /var/webstars/sustens/addons/ldcms/lang/zh-cn.php
[ info ] [ VIEW ] /var/webstars/sustens/addons/ldcms/view/ldcms2024/list_news.html [ array (
  0 => 'user',
  1 => 'site',
  2 => 'config',
  3 => 'category',
  4 => 'parentsid',
  5 => 'childids',
  6 => 'ld',
  7 => 'topid',
) ]
[ info ] [ SESSION ] INIT array (
  'id' => '',
  'var_session_id' => '',
  'prefix' => 'think',
  'type' => '',
  'auto_start' => true,
)
[ info ] [ LOG ] INIT File
[ error ] [2]Undefined variable $item[/var/webstars/sustens/runtime/temp/eee8406db64de47c47d78feb87aa71a7.php:52]
[ error ] [2]Trying to access array offset on value of type null[/var/webstars/sustens/runtime/temp/eee8406db64de47c47d78feb87aa71a7.php:52]
---------------------------------------------------------------
[ 2024-11-18T11:22:52+08:00 ] 10.211.55.2 GET dev.sustens.com/gongsixinwen.html
[运行时间：0.118392s] [吞吐率：8.45req/s] [内存消耗：832.20kb] [文件加载：188]
[ info ] [ BEHAVIOR ] Run Closure @app_init [ RunTime:0.000139s ]
[ info ] [ CACHE ] INIT File
[ info ] [ DB ] INIT mysql
[ info ] [ BEHAVIOR ] Run \addons\ldcms\Ldcms @app_init [ RunTime:0.004775s ]
[ info ] [ BEHAVIOR ] Run Closure @app_init [ RunTime:0.004802s ]
[ info ] [ BEHAVIOR ] Run app\common\behavior\Common @app_init [ RunTime:0.000077s ]
[ info ] [ LANG ] /var/webstars/sustens/thinkphp/lang/zh-cn.php
[ info ] [ BEHAVIOR ] Run app\common\behavior\Common @app_dispatch [ RunTime:0.000017s ]
[ info ] [ ROUTE ] array (
  'type' => 'method',
  'method' => 
  array (
    0 => '\\think\\addons\\Route',
    1 => 'execute',
  ),
  'var' => 
  array (
    'addon' => 'ldcms',
    'controller' => 'lists',
    'action' => 'index',
  ),
)
[ info ] [ HEADER ] array (
  'cookie' => 'uid=2; token=50446b79-6f1c-4eb2-9abc-2c19eb7a9159; backend_language=zh-cn; thinkphp_show_page_trace=0|0; PHPSESSID=40vsve0haqvtacvur4afbs4v0t; keeplogin=1%7C86400%7C1731986374%7Cc033686637a60cbe64c2f8276a802fb1; frontend_language=zh-cn',
  'accept-language' => 'zh-CN,zh;q=0.9,en;q=0.8',
  'accept-encoding' => 'gzip, deflate',
  'referer' => 'http://dev.sustens.com/gongsixinwen.html',
  'accept' => 'text/html,application/xhtml+xml,application/xml;q=0.9,image/avif,image/webp,image/apng,*/*;q=0.8,application/signed-exchange;v=b3;q=0.7',
  'user-agent' => 'Mozilla/5.0 (Macintosh; Intel Mac OS X 10_15_7) AppleWebKit/537.36 (KHTML, like Gecko) Chrome/130.0.0.0 Safari/537.36',
  'upgrade-insecure-requests' => '1',
  'connection' => 'keep-alive',
  'host' => 'dev.sustens.com',
  'content-length' => '',
  'content-type' => '',
)
[ info ] [ PARAM ] array (
  'category' => 'gongsixinwen',
)
[ info ] [ RUN ] think\addons\Route->execute[ /var/webstars/sustens/vendor/karsonzhang/fastadmin-addons/src/addons/Route.php ]
[ info ] [ LANG ] /var/webstars/sustens/public/../application/common/lang/zh-cn/addon.php
[ info ] [ BEHAVIOR ] Run app\common\behavior\Common @addon_begin [ RunTime:0.000111s ]
[ info ] [ TOKEN ] INIT Mysql
[ info ] [ BEHAVIOR ] Run \addons\ldcms\Ldcms @config_init [ RunTime:0.000033s ]
[ info ] [ LANG ] /var/webstars/sustens/addons/ldcms/lang/zh-cn.php
[ info ] [ VIEW ] /var/webstars/sustens/addons/ldcms/view/ldcms2024/list_news.html [ array (
  0 => 'user',
  1 => 'site',
  2 => 'config',
  3 => 'category',
  4 => 'parentsid',
  5 => 'childids',
  6 => 'ld',
  7 => 'topid',
) ]
[ info ] [ SESSION ] INIT array (
  'id' => '',
  'var_session_id' => '',
  'prefix' => 'think',
  'type' => '',
  'auto_start' => true,
)
[ info ] [ LOG ] INIT File
[ error ] [2]Undefined variable $item[/var/webstars/sustens/runtime/temp/eee8406db64de47c47d78feb87aa71a7.php:52]
[ error ] [2]Trying to access array offset on value of type null[/var/webstars/sustens/runtime/temp/eee8406db64de47c47d78feb87aa71a7.php:52]
---------------------------------------------------------------
[ 2024-11-18T11:22:55+08:00 ] 10.211.55.2 GET dev.sustens.com/hangyezixun.html
[运行时间：0.099781s] [吞吐率：10.02req/s] [内存消耗：831.37kb] [文件加载：188]
[ info ] [ BEHAVIOR ] Run Closure @app_init [ RunTime:0.000022s ]
[ info ] [ CACHE ] INIT File
[ info ] [ DB ] INIT mysql
[ info ] [ BEHAVIOR ] Run \addons\ldcms\Ldcms @app_init [ RunTime:0.005894s ]
[ info ] [ BEHAVIOR ] Run Closure @app_init [ RunTime:0.005920s ]
[ info ] [ BEHAVIOR ] Run app\common\behavior\Common @app_init [ RunTime:0.000084s ]
[ info ] [ LANG ] /var/webstars/sustens/thinkphp/lang/zh-cn.php
[ info ] [ BEHAVIOR ] Run app\common\behavior\Common @app_dispatch [ RunTime:0.000021s ]
[ info ] [ ROUTE ] array (
  'type' => 'method',
  'method' => 
  array (
    0 => '\\think\\addons\\Route',
    1 => 'execute',
  ),
  'var' => 
  array (
    'addon' => 'ldcms',
    'controller' => 'lists',
    'action' => 'index',
  ),
)
[ info ] [ HEADER ] array (
  'cookie' => 'uid=2; token=50446b79-6f1c-4eb2-9abc-2c19eb7a9159; backend_language=zh-cn; thinkphp_show_page_trace=0|0; PHPSESSID=40vsve0haqvtacvur4afbs4v0t; keeplogin=1%7C86400%7C1731986374%7Cc033686637a60cbe64c2f8276a802fb1; frontend_language=zh-cn',
  'accept-language' => 'zh-CN,zh;q=0.9,en;q=0.8',
  'accept-encoding' => 'gzip, deflate',
  'referer' => 'http://dev.sustens.com/gongsixinwen.html',
  'accept' => 'text/html,application/xhtml+xml,application/xml;q=0.9,image/avif,image/webp,image/apng,*/*;q=0.8,application/signed-exchange;v=b3;q=0.7',
  'user-agent' => 'Mozilla/5.0 (Macintosh; Intel Mac OS X 10_15_7) AppleWebKit/537.36 (KHTML, like Gecko) Chrome/130.0.0.0 Safari/537.36',
  'upgrade-insecure-requests' => '1',
  'connection' => 'keep-alive',
  'host' => 'dev.sustens.com',
  'content-length' => '',
  'content-type' => '',
)
[ info ] [ PARAM ] array (
  'category' => 'hangyezixun',
)
[ info ] [ RUN ] think\addons\Route->execute[ /var/webstars/sustens/vendor/karsonzhang/fastadmin-addons/src/addons/Route.php ]
[ info ] [ LANG ] /var/webstars/sustens/public/../application/common/lang/zh-cn/addon.php
[ info ] [ BEHAVIOR ] Run app\common\behavior\Common @addon_begin [ RunTime:0.000156s ]
[ info ] [ TOKEN ] INIT Mysql
[ info ] [ BEHAVIOR ] Run \addons\ldcms\Ldcms @config_init [ RunTime:0.000033s ]
[ info ] [ LANG ] /var/webstars/sustens/addons/ldcms/lang/zh-cn.php
[ info ] [ VIEW ] /var/webstars/sustens/addons/ldcms/view/ldcms2024/list_news.html [ array (
  0 => 'user',
  1 => 'site',
  2 => 'config',
  3 => 'category',
  4 => 'parentsid',
  5 => 'childids',
  6 => 'ld',
  7 => 'topid',
) ]
[ info ] [ SESSION ] INIT array (
  'id' => '',
  'var_session_id' => '',
  'prefix' => 'think',
  'type' => '',
  'auto_start' => true,
)
[ info ] [ LOG ] INIT File
[ error ] [2]Undefined variable $item[/var/webstars/sustens/runtime/temp/eee8406db64de47c47d78feb87aa71a7.php:52]
[ error ] [2]Trying to access array offset on value of type null[/var/webstars/sustens/runtime/temp/eee8406db64de47c47d78feb87aa71a7.php:52]
---------------------------------------------------------------
[ 2024-11-18T11:23:00+08:00 ] 10.211.55.2 GET dev.sustens.com/?lg=en
[运行时间：0.332590s] [吞吐率：3.01req/s] [内存消耗：991.28kb] [文件加载：193]
[ info ] [ BEHAVIOR ] Run Closure @app_init [ RunTime:0.000029s ]
[ info ] [ CACHE ] INIT File
[ info ] [ DB ] INIT mysql
[ info ] [ BEHAVIOR ] Run \addons\ldcms\Ldcms @app_init [ RunTime:0.006378s ]
[ info ] [ BEHAVIOR ] Run Closure @app_init [ RunTime:0.006414s ]
[ info ] [ BEHAVIOR ] Run app\common\behavior\Common @app_init [ RunTime:0.000443s ]
[ info ] [ LANG ] /var/webstars/sustens/thinkphp/lang/zh-cn.php
[ info ] [ BEHAVIOR ] Run app\common\behavior\Common @app_dispatch [ RunTime:0.000065s ]
[ info ] [ ROUTE ] array (
  'type' => 'method',
  'method' => 
  array (
    0 => '\\think\\addons\\Route',
    1 => 'execute',
  ),
  'var' => 
  array (
    'addon' => 'ldcms',
    'controller' => 'index',
    'action' => 'index',
  ),
)
[ info ] [ HEADER ] array (
  'cookie' => 'uid=2; token=50446b79-6f1c-4eb2-9abc-2c19eb7a9159; backend_language=zh-cn; thinkphp_show_page_trace=0|0; PHPSESSID=40vsve0haqvtacvur4afbs4v0t; keeplogin=1%7C86400%7C1731986374%7Cc033686637a60cbe64c2f8276a802fb1; frontend_language=zh-cn',
  'accept-language' => 'zh-CN,zh;q=0.9,en;q=0.8',
  'accept-encoding' => 'gzip, deflate',
  'referer' => 'http://dev.sustens.com/hangyezixun.html',
  'accept' => 'text/html,application/xhtml+xml,application/xml;q=0.9,image/avif,image/webp,image/apng,*/*;q=0.8,application/signed-exchange;v=b3;q=0.7',
  'user-agent' => 'Mozilla/5.0 (Macintosh; Intel Mac OS X 10_15_7) AppleWebKit/537.36 (KHTML, like Gecko) Chrome/130.0.0.0 Safari/537.36',
  'upgrade-insecure-requests' => '1',
  'connection' => 'keep-alive',
  'host' => 'dev.sustens.com',
  'content-length' => '',
  'content-type' => '',
)
[ info ] [ PARAM ] array (
  'lg' => 'en',
)
[ info ] [ RUN ] think\addons\Route->execute[ /var/webstars/sustens/vendor/karsonzhang/fastadmin-addons/src/addons/Route.php ]
[ info ] [ LANG ] /var/webstars/sustens/public/../application/common/lang/zh-cn/addon.php
[ info ] [ BEHAVIOR ] Run app\common\behavior\Common @addon_begin [ RunTime:0.001728s ]
[ info ] [ TOKEN ] INIT Mysql
[ info ] [ BEHAVIOR ] Run \addons\ldcms\Ldcms @config_init [ RunTime:0.000034s ]
[ info ] [ LANG ] /var/webstars/sustens/addons/ldcms/lang/en.php
[ info ] [ VIEW ] /var/webstars/sustens/addons/ldcms/view/ldcms2024en/index.html [ array (
  0 => 'user',
  1 => 'site',
  2 => 'config',
  3 => 'ld',
  4 => 'topid',
) ]
[ info ] [ SESSION ] INIT array (
  'id' => '',
  'var_session_id' => '',
  'prefix' => 'think',
  'type' => '',
  'auto_start' => true,
)
[ info ] [ LOG ] INIT File
[ error ] [2]Undefined variable $item[/var/webstars/sustens/runtime/temp/299657e5b27cba4c6150258fc30dfc8a.php:52]
[ error ] [2]Trying to access array offset on value of type null[/var/webstars/sustens/runtime/temp/299657e5b27cba4c6150258fc30dfc8a.php:52]
[ error ] [2]foreach() argument must be of type array|object, null given[/var/webstars/sustens/thinkphp/library/think/db/Query.php:746]
[ error ] [2]foreach() argument must be of type array|object, null given[/var/webstars/sustens/thinkphp/library/think/db/Query.php:746]
[ error ] [2]foreach() argument must be of type array|object, null given[/var/webstars/sustens/thinkphp/library/think/db/Query.php:746]
[ error ] [2]foreach() argument must be of type array|object, null given[/var/webstars/sustens/thinkphp/library/think/db/Query.php:746]
[ error ] [2]Undefined array key "url"[/var/webstars/sustens/runtime/temp/299657e5b27cba4c6150258fc30dfc8a.php:809]
[ error ] [2]Undefined array key "name"[/var/webstars/sustens/runtime/temp/299657e5b27cba4c6150258fc30dfc8a.php:809]
[ error ] [2]Undefined array key "url"[/var/webstars/sustens/runtime/temp/299657e5b27cba4c6150258fc30dfc8a.php:811]
[ error ] [2]Undefined array key "name"[/var/webstars/sustens/runtime/temp/299657e5b27cba4c6150258fc30dfc8a.php:811]
---------------------------------------------------------------
[ 2024-11-18T11:23:02+08:00 ] 10.211.55.2 GET dev.sustens.com/hangyefangan_en.html
[运行时间：0.125563s] [吞吐率：7.96req/s] [内存消耗：879.70kb] [文件加载：190]
[ info ] [ BEHAVIOR ] Run Closure @app_init [ RunTime:0.000023s ]
[ info ] [ CACHE ] INIT File
[ info ] [ DB ] INIT mysql
[ info ] [ BEHAVIOR ] Run \addons\ldcms\Ldcms @app_init [ RunTime:0.003488s ]
[ info ] [ BEHAVIOR ] Run Closure @app_init [ RunTime:0.003517s ]
[ info ] [ BEHAVIOR ] Run app\common\behavior\Common @app_init [ RunTime:0.000135s ]
[ info ] [ LANG ] /var/webstars/sustens/thinkphp/lang/zh-cn.php
[ info ] [ BEHAVIOR ] Run app\common\behavior\Common @app_dispatch [ RunTime:0.000024s ]
[ info ] [ ROUTE ] array (
  'type' => 'method',
  'method' => 
  array (
    0 => '\\think\\addons\\Route',
    1 => 'execute',
  ),
  'var' => 
  array (
    'addon' => 'ldcms',
    'controller' => 'lists',
    'action' => 'index',
  ),
)
[ info ] [ HEADER ] array (
  'cookie' => 'uid=2; token=50446b79-6f1c-4eb2-9abc-2c19eb7a9159; backend_language=zh-cn; thinkphp_show_page_trace=0|0; PHPSESSID=40vsve0haqvtacvur4afbs4v0t; keeplogin=1%7C86400%7C1731986374%7Cc033686637a60cbe64c2f8276a802fb1; frontend_language=en',
  'accept-language' => 'zh-CN,zh;q=0.9,en;q=0.8',
  'accept-encoding' => 'gzip, deflate',
  'referer' => 'http://dev.sustens.com/?lg=en',
  'accept' => 'text/html,application/xhtml+xml,application/xml;q=0.9,image/avif,image/webp,image/apng,*/*;q=0.8,application/signed-exchange;v=b3;q=0.7',
  'user-agent' => 'Mozilla/5.0 (Macintosh; Intel Mac OS X 10_15_7) AppleWebKit/537.36 (KHTML, like Gecko) Chrome/130.0.0.0 Safari/537.36',
  'upgrade-insecure-requests' => '1',
  'connection' => 'keep-alive',
  'host' => 'dev.sustens.com',
  'content-length' => '',
  'content-type' => '',
)
[ info ] [ PARAM ] array (
  'category' => 'hangyefangan_en',
)
[ info ] [ RUN ] think\addons\Route->execute[ /var/webstars/sustens/vendor/karsonzhang/fastadmin-addons/src/addons/Route.php ]
[ info ] [ LANG ] /var/webstars/sustens/public/../application/common/lang/zh-cn/addon.php
[ info ] [ BEHAVIOR ] Run app\common\behavior\Common @addon_begin [ RunTime:0.000096s ]
[ info ] [ TOKEN ] INIT Mysql
[ info ] [ BEHAVIOR ] Run \addons\ldcms\Ldcms @config_init [ RunTime:0.000034s ]
[ info ] [ LANG ] /var/webstars/sustens/addons/ldcms/lang/en.php
[ info ] [ VIEW ] /var/webstars/sustens/addons/ldcms/view/ldcms2024en/list_fangan.html [ array (
  0 => 'user',
  1 => 'site',
  2 => 'config',
  3 => 'category',
  4 => 'parentsid',
  5 => 'childids',
  6 => 'ld',
  7 => 'topid',
) ]
[ info ] [ SESSION ] INIT array (
  'id' => '',
  'var_session_id' => '',
  'prefix' => 'think',
  'type' => '',
  'auto_start' => true,
)
[ info ] [ LOG ] INIT File
[ error ] [2]Undefined variable $item[/var/webstars/sustens/runtime/temp/88edb316519cfbec512e729db0693254.php:52]
[ error ] [2]Trying to access array offset on value of type null[/var/webstars/sustens/runtime/temp/88edb316519cfbec512e729db0693254.php:52]
[ error ] [2]Undefined array key "url"[/var/webstars/sustens/runtime/temp/88edb316519cfbec512e729db0693254.php:477]
[ error ] [2]Undefined array key "name"[/var/webstars/sustens/runtime/temp/88edb316519cfbec512e729db0693254.php:477]
[ error ] [2]Undefined array key "url"[/var/webstars/sustens/runtime/temp/88edb316519cfbec512e729db0693254.php:479]
[ error ] [2]Undefined array key "name"[/var/webstars/sustens/runtime/temp/88edb316519cfbec512e729db0693254.php:479]
---------------------------------------------------------------
[ 2024-11-18T11:23:04+08:00 ] 10.211.55.2 GET dev.sustens.com/chanpinxilie1_en.html
[运行时间：0.151213s] [吞吐率：6.61req/s] [内存消耗：969.76kb] [文件加载：193]
[ info ] [ BEHAVIOR ] Run Closure @app_init [ RunTime:0.000131s ]
[ info ] [ CACHE ] INIT File
[ info ] [ DB ] INIT mysql
[ info ] [ BEHAVIOR ] Run \addons\ldcms\Ldcms @app_init [ RunTime:0.003574s ]
[ info ] [ BEHAVIOR ] Run Closure @app_init [ RunTime:0.003597s ]
[ info ] [ BEHAVIOR ] Run app\common\behavior\Common @app_init [ RunTime:0.000078s ]
[ info ] [ LANG ] /var/webstars/sustens/thinkphp/lang/zh-cn.php
[ info ] [ BEHAVIOR ] Run app\common\behavior\Common @app_dispatch [ RunTime:0.000129s ]
[ info ] [ ROUTE ] array (
  'type' => 'method',
  'method' => 
  array (
    0 => '\\think\\addons\\Route',
    1 => 'execute',
  ),
  'var' => 
  array (
    'addon' => 'ldcms',
    'controller' => 'lists',
    'action' => 'index',
  ),
)
[ info ] [ HEADER ] array (
  'cookie' => 'uid=2; token=50446b79-6f1c-4eb2-9abc-2c19eb7a9159; backend_language=zh-cn; thinkphp_show_page_trace=0|0; PHPSESSID=40vsve0haqvtacvur4afbs4v0t; keeplogin=1%7C86400%7C1731986374%7Cc033686637a60cbe64c2f8276a802fb1; frontend_language=en',
  'accept-language' => 'zh-CN,zh;q=0.9,en;q=0.8',
  'accept-encoding' => 'gzip, deflate',
  'referer' => 'http://dev.sustens.com/hangyefangan_en.html',
  'accept' => 'text/html,application/xhtml+xml,application/xml;q=0.9,image/avif,image/webp,image/apng,*/*;q=0.8,application/signed-exchange;v=b3;q=0.7',
  'user-agent' => 'Mozilla/5.0 (Macintosh; Intel Mac OS X 10_15_7) AppleWebKit/537.36 (KHTML, like Gecko) Chrome/130.0.0.0 Safari/537.36',
  'upgrade-insecure-requests' => '1',
  'connection' => 'keep-alive',
  'host' => 'dev.sustens.com',
  'content-length' => '',
  'content-type' => '',
)
[ info ] [ PARAM ] array (
  'category' => 'chanpinxilie1_en',
)
[ info ] [ RUN ] think\addons\Route->execute[ /var/webstars/sustens/vendor/karsonzhang/fastadmin-addons/src/addons/Route.php ]
[ info ] [ LANG ] /var/webstars/sustens/public/../application/common/lang/zh-cn/addon.php
[ info ] [ BEHAVIOR ] Run app\common\behavior\Common @addon_begin [ RunTime:0.000111s ]
[ info ] [ TOKEN ] INIT Mysql
[ info ] [ BEHAVIOR ] Run \addons\ldcms\Ldcms @config_init [ RunTime:0.000061s ]
[ info ] [ LANG ] /var/webstars/sustens/addons/ldcms/lang/en.php
[ info ] [ VIEW ] /var/webstars/sustens/addons/ldcms/view/ldcms2024en/list_product.html [ array (
  0 => 'user',
  1 => 'site',
  2 => 'config',
  3 => 'category',
  4 => 'parentsid',
  5 => 'childids',
  6 => 'ld',
  7 => 'topid',
) ]
[ info ] [ SESSION ] INIT array (
  'id' => '',
  'var_session_id' => '',
  'prefix' => 'think',
  'type' => '',
  'auto_start' => true,
)
[ info ] [ LOG ] INIT File
[ error ] [2]Undefined variable $item[/var/webstars/sustens/runtime/temp/76cb70a2f5189dcb222ef43a174ebc0d.php:52]
[ error ] [2]Trying to access array offset on value of type null[/var/webstars/sustens/runtime/temp/76cb70a2f5189dcb222ef43a174ebc0d.php:52]
[ error ] [2]Undefined array key "url"[/var/webstars/sustens/runtime/temp/76cb70a2f5189dcb222ef43a174ebc0d.php:269]
[ error ] [2]Undefined array key "name"[/var/webstars/sustens/runtime/temp/76cb70a2f5189dcb222ef43a174ebc0d.php:269]
[ error ] [2]Undefined array key "id"[/var/webstars/sustens/runtime/temp/76cb70a2f5189dcb222ef43a174ebc0d.php:273]
[ error ] [2]Undefined array key "url"[/var/webstars/sustens/runtime/temp/76cb70a2f5189dcb222ef43a174ebc0d.php:269]
[ error ] [2]Undefined array key "name"[/var/webstars/sustens/runtime/temp/76cb70a2f5189dcb222ef43a174ebc0d.php:269]
[ error ] [2]Undefined array key "id"[/var/webstars/sustens/runtime/temp/76cb70a2f5189dcb222ef43a174ebc0d.php:273]
[ error ] [2]Undefined array key "url"[/var/webstars/sustens/runtime/temp/76cb70a2f5189dcb222ef43a174ebc0d.php:470]
[ error ] [2]Undefined array key "name"[/var/webstars/sustens/runtime/temp/76cb70a2f5189dcb222ef43a174ebc0d.php:470]
[ error ] [2]Undefined array key "url"[/var/webstars/sustens/runtime/temp/76cb70a2f5189dcb222ef43a174ebc0d.php:472]
[ error ] [2]Undefined array key "name"[/var/webstars/sustens/runtime/temp/76cb70a2f5189dcb222ef43a174ebc0d.php:472]
---------------------------------------------------------------
[ 2024-11-18T11:23:06+08:00 ] 10.211.55.2 GET dev.sustens.com/gongsijianjie_en.html
[运行时间：0.208892s] [吞吐率：4.79req/s] [内存消耗：939.80kb] [文件加载：194]
[ info ] [ BEHAVIOR ] Run Closure @app_init [ RunTime:0.000024s ]
[ info ] [ CACHE ] INIT File
[ info ] [ DB ] INIT mysql
[ info ] [ BEHAVIOR ] Run \addons\ldcms\Ldcms @app_init [ RunTime:0.003030s ]
[ info ] [ BEHAVIOR ] Run Closure @app_init [ RunTime:0.003059s ]
[ info ] [ BEHAVIOR ] Run app\common\behavior\Common @app_init [ RunTime:0.000080s ]
[ info ] [ LANG ] /var/webstars/sustens/thinkphp/lang/zh-cn.php
[ info ] [ BEHAVIOR ] Run app\common\behavior\Common @app_dispatch [ RunTime:0.000024s ]
[ info ] [ ROUTE ] array (
  'type' => 'method',
  'method' => 
  array (
    0 => '\\think\\addons\\Route',
    1 => 'execute',
  ),
  'var' => 
  array (
    'addon' => 'ldcms',
    'controller' => 'lists',
    'action' => 'index',
  ),
)
[ info ] [ HEADER ] array (
  'cookie' => 'uid=2; token=50446b79-6f1c-4eb2-9abc-2c19eb7a9159; backend_language=zh-cn; thinkphp_show_page_trace=0|0; PHPSESSID=40vsve0haqvtacvur4afbs4v0t; keeplogin=1%7C86400%7C1731986374%7Cc033686637a60cbe64c2f8276a802fb1; frontend_language=en',
  'accept-language' => 'zh-CN,zh;q=0.9,en;q=0.8',
  'accept-encoding' => 'gzip, deflate',
  'referer' => 'http://dev.sustens.com/chanpinxilie1_en.html',
  'accept' => 'text/html,application/xhtml+xml,application/xml;q=0.9,image/avif,image/webp,image/apng,*/*;q=0.8,application/signed-exchange;v=b3;q=0.7',
  'user-agent' => 'Mozilla/5.0 (Macintosh; Intel Mac OS X 10_15_7) AppleWebKit/537.36 (KHTML, like Gecko) Chrome/130.0.0.0 Safari/537.36',
  'upgrade-insecure-requests' => '1',
  'connection' => 'keep-alive',
  'host' => 'dev.sustens.com',
  'content-length' => '',
  'content-type' => '',
)
[ info ] [ PARAM ] array (
  'category' => 'gongsijianjie_en',
)
[ info ] [ RUN ] think\addons\Route->execute[ /var/webstars/sustens/vendor/karsonzhang/fastadmin-addons/src/addons/Route.php ]
[ info ] [ LANG ] /var/webstars/sustens/public/../application/common/lang/zh-cn/addon.php
[ info ] [ BEHAVIOR ] Run app\common\behavior\Common @addon_begin [ RunTime:0.000954s ]
[ info ] [ TOKEN ] INIT Mysql
[ info ] [ BEHAVIOR ] Run \addons\ldcms\Ldcms @config_init [ RunTime:0.000100s ]
[ info ] [ LANG ] /var/webstars/sustens/addons/ldcms/lang/en.php
[ info ] [ VIEW ] /var/webstars/sustens/addons/ldcms/view/ldcms2024en/detail_about.html [ array (
  0 => 'user',
  1 => 'site',
  2 => 'config',
  3 => 'category',
  4 => 'parentsid',
  5 => 'childids',
  6 => 'content',
  7 => 'ld',
  8 => 'topid',
) ]
[ info ] [ SESSION ] INIT array (
  'id' => '',
  'var_session_id' => '',
  'prefix' => 'think',
  'type' => '',
  'auto_start' => true,
)
[ info ] [ LOG ] INIT File
[ error ] [2]Undefined variable $item[/var/webstars/sustens/runtime/temp/179961fc2de8d7c7c27e49c370825518.php:52]
[ error ] [2]Trying to access array offset on value of type null[/var/webstars/sustens/runtime/temp/179961fc2de8d7c7c27e49c370825518.php:52]
[ error ] [2]Undefined array key "url"[/var/webstars/sustens/runtime/temp/179961fc2de8d7c7c27e49c370825518.php:614]
[ error ] [2]Undefined array key "name"[/var/webstars/sustens/runtime/temp/179961fc2de8d7c7c27e49c370825518.php:614]
[ error ] [2]Undefined array key "url"[/var/webstars/sustens/runtime/temp/179961fc2de8d7c7c27e49c370825518.php:616]
[ error ] [2]Undefined array key "name"[/var/webstars/sustens/runtime/temp/179961fc2de8d7c7c27e49c370825518.php:616]
---------------------------------------------------------------
[ 2024-11-18T11:23:06+08:00 ] 10.211.55.2 GET dev.sustens.com/assets/addons/ldcms/ldcms2024en/images/idxabout.jpg
[运行时间：0.022456s] [吞吐率：44.53req/s] [内存消耗：240.77kb] [文件加载：77]
[ info ] [ BEHAVIOR ] Run Closure @app_init [ RunTime:0.000027s ]
[ info ] [ CACHE ] INIT File
[ info ] [ DB ] INIT mysql
[ info ] [ BEHAVIOR ] Run \addons\ldcms\Ldcms @app_init [ RunTime:0.003097s ]
[ info ] [ BEHAVIOR ] Run Closure @app_init [ RunTime:0.003124s ]
[ info ] [ BEHAVIOR ] Run app\common\behavior\Common @app_init [ RunTime:0.000068s ]
[ info ] [ LANG ] /var/webstars/sustens/thinkphp/lang/zh-cn.php
[ info ] [ BEHAVIOR ] Run app\common\behavior\Common @app_dispatch [ RunTime:0.000022s ]
[ info ] [ ROUTE ] array (
  'type' => 'module',
  'module' => 
  array (
    0 => 'assets',
    1 => 'addons',
    2 => 'ldcms',
  ),
)
[ info ] [ HEADER ] array (
  'cookie' => 'uid=2; token=50446b79-6f1c-4eb2-9abc-2c19eb7a9159; backend_language=zh-cn; thinkphp_show_page_trace=0|0; PHPSESSID=40vsve0haqvtacvur4afbs4v0t; keeplogin=1%7C86400%7C1731986374%7Cc033686637a60cbe64c2f8276a802fb1; frontend_language=en',
  'accept-language' => 'zh-CN,zh;q=0.9,en;q=0.8',
  'accept-encoding' => 'gzip, deflate',
  'referer' => 'http://dev.sustens.com/gongsijianjie_en.html',
  'accept' => 'image/avif,image/webp,image/apng,image/svg+xml,image/*,*/*;q=0.8',
  'user-agent' => 'Mozilla/5.0 (Macintosh; Intel Mac OS X 10_15_7) AppleWebKit/537.36 (KHTML, like Gecko) Chrome/130.0.0.0 Safari/537.36',
  'connection' => 'keep-alive',
  'host' => 'dev.sustens.com',
  'content-length' => '',
  'content-type' => '',
)
[ info ] [ PARAM ] array (
  'ldcms2024en' => 'images',
)
[ info ] [ LOG ] INIT File
---------------------------------------------------------------
[ 2024-11-18T11:23:07+08:00 ] 10.211.55.2 GET dev.sustens.com/
[运行时间：0.167434s] [吞吐率：5.97req/s] [内存消耗：894.88kb] [文件加载：189]
[ info ] [ BEHAVIOR ] Run Closure @app_init [ RunTime:0.000030s ]
[ info ] [ CACHE ] INIT File
[ info ] [ DB ] INIT mysql
[ info ] [ BEHAVIOR ] Run \addons\ldcms\Ldcms @app_init [ RunTime:0.002785s ]
[ info ] [ BEHAVIOR ] Run Closure @app_init [ RunTime:0.002806s ]
[ info ] [ BEHAVIOR ] Run app\common\behavior\Common @app_init [ RunTime:0.000068s ]
[ info ] [ LANG ] /var/webstars/sustens/thinkphp/lang/zh-cn.php
[ info ] [ BEHAVIOR ] Run app\common\behavior\Common @app_dispatch [ RunTime:0.000013s ]
[ info ] [ ROUTE ] array (
  'type' => 'method',
  'method' => 
  array (
    0 => '\\think\\addons\\Route',
    1 => 'execute',
  ),
  'var' => 
  array (
    'addon' => 'ldcms',
    'controller' => 'index',
    'action' => 'index',
  ),
)
[ info ] [ HEADER ] array (
  'cookie' => 'uid=2; token=50446b79-6f1c-4eb2-9abc-2c19eb7a9159; backend_language=zh-cn; thinkphp_show_page_trace=0|0; PHPSESSID=40vsve0haqvtacvur4afbs4v0t; keeplogin=1%7C86400%7C1731986374%7Cc033686637a60cbe64c2f8276a802fb1; frontend_language=en',
  'accept-language' => 'zh-CN,zh;q=0.9,en;q=0.8',
  'accept-encoding' => 'gzip, deflate',
  'referer' => 'http://dev.sustens.com/gongsijianjie_en.html',
  'accept' => 'text/html,application/xhtml+xml,application/xml;q=0.9,image/avif,image/webp,image/apng,*/*;q=0.8,application/signed-exchange;v=b3;q=0.7',
  'user-agent' => 'Mozilla/5.0 (Macintosh; Intel Mac OS X 10_15_7) AppleWebKit/537.36 (KHTML, like Gecko) Chrome/130.0.0.0 Safari/537.36',
  'upgrade-insecure-requests' => '1',
  'connection' => 'keep-alive',
  'host' => 'dev.sustens.com',
  'content-length' => '',
  'content-type' => '',
)
[ info ] [ PARAM ] array (
)
[ info ] [ RUN ] think\addons\Route->execute[ /var/webstars/sustens/vendor/karsonzhang/fastadmin-addons/src/addons/Route.php ]
[ info ] [ LANG ] /var/webstars/sustens/public/../application/common/lang/zh-cn/addon.php
[ info ] [ BEHAVIOR ] Run app\common\behavior\Common @addon_begin [ RunTime:0.000198s ]
[ info ] [ TOKEN ] INIT Mysql
[ info ] [ BEHAVIOR ] Run \addons\ldcms\Ldcms @config_init [ RunTime:0.000036s ]
[ info ] [ LANG ] /var/webstars/sustens/addons/ldcms/lang/en.php
[ info ] [ VIEW ] /var/webstars/sustens/addons/ldcms/view/ldcms2024en/index.html [ array (
  0 => 'user',
  1 => 'site',
  2 => 'config',
  3 => 'ld',
  4 => 'topid',
) ]
[ info ] [ SESSION ] INIT array (
  'id' => '',
  'var_session_id' => '',
  'prefix' => 'think',
  'type' => '',
  'auto_start' => true,
)
[ info ] [ LOG ] INIT File
[ error ] [2]Undefined variable $item[/var/webstars/sustens/runtime/temp/299657e5b27cba4c6150258fc30dfc8a.php:52]
[ error ] [2]Trying to access array offset on value of type null[/var/webstars/sustens/runtime/temp/299657e5b27cba4c6150258fc30dfc8a.php:52]
[ error ] [2]foreach() argument must be of type array|object, null given[/var/webstars/sustens/thinkphp/library/think/db/Query.php:746]
[ error ] [2]foreach() argument must be of type array|object, null given[/var/webstars/sustens/thinkphp/library/think/db/Query.php:746]
[ error ] [2]foreach() argument must be of type array|object, null given[/var/webstars/sustens/thinkphp/library/think/db/Query.php:746]
[ error ] [2]foreach() argument must be of type array|object, null given[/var/webstars/sustens/thinkphp/library/think/db/Query.php:746]
[ error ] [2]Undefined array key "url"[/var/webstars/sustens/runtime/temp/299657e5b27cba4c6150258fc30dfc8a.php:809]
[ error ] [2]Undefined array key "name"[/var/webstars/sustens/runtime/temp/299657e5b27cba4c6150258fc30dfc8a.php:809]
[ error ] [2]Undefined array key "url"[/var/webstars/sustens/runtime/temp/299657e5b27cba4c6150258fc30dfc8a.php:811]
[ error ] [2]Undefined array key "name"[/var/webstars/sustens/runtime/temp/299657e5b27cba4c6150258fc30dfc8a.php:811]
---------------------------------------------------------------
[ 2024-11-18T11:23:10+08:00 ] 10.211.55.2 GET dev.sustens.com/gongsixinwen_en.html
[运行时间：0.132616s] [吞吐率：7.54req/s] [内存消耗：962.19kb] [文件加载：192]
[ info ] [ BEHAVIOR ] Run Closure @app_init [ RunTime:0.000023s ]
[ info ] [ CACHE ] INIT File
[ info ] [ DB ] INIT mysql
[ info ] [ BEHAVIOR ] Run \addons\ldcms\Ldcms @app_init [ RunTime:0.003126s ]
[ info ] [ BEHAVIOR ] Run Closure @app_init [ RunTime:0.003154s ]
[ info ] [ BEHAVIOR ] Run app\common\behavior\Common @app_init [ RunTime:0.000156s ]
[ info ] [ LANG ] /var/webstars/sustens/thinkphp/lang/zh-cn.php
[ info ] [ BEHAVIOR ] Run app\common\behavior\Common @app_dispatch [ RunTime:0.000076s ]
[ info ] [ ROUTE ] array (
  'type' => 'method',
  'method' => 
  array (
    0 => '\\think\\addons\\Route',
    1 => 'execute',
  ),
  'var' => 
  array (
    'addon' => 'ldcms',
    'controller' => 'lists',
    'action' => 'index',
  ),
)
[ info ] [ HEADER ] array (
  'cookie' => 'uid=2; token=50446b79-6f1c-4eb2-9abc-2c19eb7a9159; backend_language=zh-cn; thinkphp_show_page_trace=0|0; PHPSESSID=40vsve0haqvtacvur4afbs4v0t; keeplogin=1%7C86400%7C1731986374%7Cc033686637a60cbe64c2f8276a802fb1; frontend_language=en',
  'accept-language' => 'zh-CN,zh;q=0.9,en;q=0.8',
  'accept-encoding' => 'gzip, deflate',
  'referer' => 'http://dev.sustens.com/',
  'accept' => 'text/html,application/xhtml+xml,application/xml;q=0.9,image/avif,image/webp,image/apng,*/*;q=0.8,application/signed-exchange;v=b3;q=0.7',
  'user-agent' => 'Mozilla/5.0 (Macintosh; Intel Mac OS X 10_15_7) AppleWebKit/537.36 (KHTML, like Gecko) Chrome/130.0.0.0 Safari/537.36',
  'upgrade-insecure-requests' => '1',
  'connection' => 'keep-alive',
  'host' => 'dev.sustens.com',
  'content-length' => '',
  'content-type' => '',
)
[ info ] [ PARAM ] array (
  'category' => 'gongsixinwen_en',
)
[ info ] [ RUN ] think\addons\Route->execute[ /var/webstars/sustens/vendor/karsonzhang/fastadmin-addons/src/addons/Route.php ]
[ info ] [ LANG ] /var/webstars/sustens/public/../application/common/lang/zh-cn/addon.php
[ info ] [ BEHAVIOR ] Run app\common\behavior\Common @addon_begin [ RunTime:0.000198s ]
[ info ] [ TOKEN ] INIT Mysql
[ info ] [ BEHAVIOR ] Run \addons\ldcms\Ldcms @config_init [ RunTime:0.000034s ]
[ info ] [ LANG ] /var/webstars/sustens/addons/ldcms/lang/en.php
[ info ] [ VIEW ] /var/webstars/sustens/addons/ldcms/view/ldcms2024en/list_news.html [ array (
  0 => 'user',
  1 => 'site',
  2 => 'config',
  3 => 'category',
  4 => 'parentsid',
  5 => 'childids',
  6 => 'ld',
  7 => 'topid',
) ]
[ info ] [ SESSION ] INIT array (
  'id' => '',
  'var_session_id' => '',
  'prefix' => 'think',
  'type' => '',
  'auto_start' => true,
)
[ info ] [ LOG ] INIT File
[ error ] [2]Undefined variable $item[/var/webstars/sustens/runtime/temp/4a880abd5a005cc72c8db074a6baf84f.php:52]
[ error ] [2]Trying to access array offset on value of type null[/var/webstars/sustens/runtime/temp/4a880abd5a005cc72c8db074a6baf84f.php:52]
[ error ] [2]Undefined array key "url"[/var/webstars/sustens/runtime/temp/4a880abd5a005cc72c8db074a6baf84f.php:473]
[ error ] [2]Undefined array key "name"[/var/webstars/sustens/runtime/temp/4a880abd5a005cc72c8db074a6baf84f.php:473]
[ error ] [2]Undefined array key "url"[/var/webstars/sustens/runtime/temp/4a880abd5a005cc72c8db074a6baf84f.php:475]
[ error ] [2]Undefined array key "name"[/var/webstars/sustens/runtime/temp/4a880abd5a005cc72c8db074a6baf84f.php:475]
---------------------------------------------------------------
[ 2024-11-18T11:23:12+08:00 ] 10.211.55.2 GET dev.sustens.com/fuwuanli_en.html
[运行时间：0.141573s] [吞吐率：7.06req/s] [内存消耗：961.06kb] [文件加载：193]
[ info ] [ BEHAVIOR ] Run Closure @app_init [ RunTime:0.000024s ]
[ info ] [ CACHE ] INIT File
[ info ] [ DB ] INIT mysql
[ info ] [ BEHAVIOR ] Run \addons\ldcms\Ldcms @app_init [ RunTime:0.002090s ]
[ info ] [ BEHAVIOR ] Run Closure @app_init [ RunTime:0.002110s ]
[ info ] [ BEHAVIOR ] Run app\common\behavior\Common @app_init [ RunTime:0.000050s ]
[ info ] [ LANG ] /var/webstars/sustens/thinkphp/lang/zh-cn.php
[ info ] [ BEHAVIOR ] Run app\common\behavior\Common @app_dispatch [ RunTime:0.000015s ]
[ info ] [ ROUTE ] array (
  'type' => 'method',
  'method' => 
  array (
    0 => '\\think\\addons\\Route',
    1 => 'execute',
  ),
  'var' => 
  array (
    'addon' => 'ldcms',
    'controller' => 'lists',
    'action' => 'index',
  ),
)
[ info ] [ HEADER ] array (
  'cookie' => 'uid=2; token=50446b79-6f1c-4eb2-9abc-2c19eb7a9159; backend_language=zh-cn; thinkphp_show_page_trace=0|0; PHPSESSID=40vsve0haqvtacvur4afbs4v0t; keeplogin=1%7C86400%7C1731986374%7Cc033686637a60cbe64c2f8276a802fb1; frontend_language=en',
  'accept-language' => 'zh-CN,zh;q=0.9,en;q=0.8',
  'accept-encoding' => 'gzip, deflate',
  'referer' => 'http://dev.sustens.com/gongsixinwen_en.html',
  'accept' => 'text/html,application/xhtml+xml,application/xml;q=0.9,image/avif,image/webp,image/apng,*/*;q=0.8,application/signed-exchange;v=b3;q=0.7',
  'user-agent' => 'Mozilla/5.0 (Macintosh; Intel Mac OS X 10_15_7) AppleWebKit/537.36 (KHTML, like Gecko) Chrome/130.0.0.0 Safari/537.36',
  'upgrade-insecure-requests' => '1',
  'connection' => 'keep-alive',
  'host' => 'dev.sustens.com',
  'content-length' => '',
  'content-type' => '',
)
[ info ] [ PARAM ] array (
  'category' => 'fuwuanli_en',
)
[ info ] [ RUN ] think\addons\Route->execute[ /var/webstars/sustens/vendor/karsonzhang/fastadmin-addons/src/addons/Route.php ]
[ info ] [ LANG ] /var/webstars/sustens/public/../application/common/lang/zh-cn/addon.php
[ info ] [ BEHAVIOR ] Run app\common\behavior\Common @addon_begin [ RunTime:0.000091s ]
[ info ] [ TOKEN ] INIT Mysql
[ info ] [ BEHAVIOR ] Run \addons\ldcms\Ldcms @config_init [ RunTime:0.000036s ]
[ info ] [ LANG ] /var/webstars/sustens/addons/ldcms/lang/en.php
[ info ] [ VIEW ] /var/webstars/sustens/addons/ldcms/view/ldcms2024en/list_case.html [ array (
  0 => 'user',
  1 => 'site',
  2 => 'config',
  3 => 'category',
  4 => 'parentsid',
  5 => 'childids',
  6 => 'ld',
  7 => 'topid',
) ]
[ info ] [ SESSION ] INIT array (
  'id' => '',
  'var_session_id' => '',
  'prefix' => 'think',
  'type' => '',
  'auto_start' => true,
)
[ info ] [ LOG ] INIT File
[ error ] [2]Undefined variable $item[/var/webstars/sustens/runtime/temp/4b1836516588cbe822e8037295a5111c.php:52]
[ error ] [2]Trying to access array offset on value of type null[/var/webstars/sustens/runtime/temp/4b1836516588cbe822e8037295a5111c.php:52]
[ error ] [2]Undefined array key "url"[/var/webstars/sustens/runtime/temp/4b1836516588cbe822e8037295a5111c.php:442]
[ error ] [2]Undefined array key "name"[/var/webstars/sustens/runtime/temp/4b1836516588cbe822e8037295a5111c.php:442]
[ error ] [2]Undefined array key "url"[/var/webstars/sustens/runtime/temp/4b1836516588cbe822e8037295a5111c.php:444]
[ error ] [2]Undefined array key "name"[/var/webstars/sustens/runtime/temp/4b1836516588cbe822e8037295a5111c.php:444]
---------------------------------------------------------------
[ 2024-11-18T11:23:12+08:00 ] 10.211.55.2 GET dev.sustens.com/hangyefangan_en.html
[运行时间：0.118813s] [吞吐率：8.42req/s] [内存消耗：817.76kb] [文件加载：186]
[ info ] [ BEHAVIOR ] Run Closure @app_init [ RunTime:0.000125s ]
[ info ] [ CACHE ] INIT File
[ info ] [ DB ] INIT mysql
[ info ] [ BEHAVIOR ] Run \addons\ldcms\Ldcms @app_init [ RunTime:0.006567s ]
[ info ] [ BEHAVIOR ] Run Closure @app_init [ RunTime:0.006595s ]
[ info ] [ BEHAVIOR ] Run app\common\behavior\Common @app_init [ RunTime:0.000073s ]
[ info ] [ LANG ] /var/webstars/sustens/thinkphp/lang/zh-cn.php
[ info ] [ BEHAVIOR ] Run app\common\behavior\Common @app_dispatch [ RunTime:0.000020s ]
[ info ] [ ROUTE ] array (
  'type' => 'method',
  'method' => 
  array (
    0 => '\\think\\addons\\Route',
    1 => 'execute',
  ),
  'var' => 
  array (
    'addon' => 'ldcms',
    'controller' => 'lists',
    'action' => 'index',
  ),
)
[ info ] [ HEADER ] array (
  'cookie' => 'uid=2; token=50446b79-6f1c-4eb2-9abc-2c19eb7a9159; backend_language=zh-cn; thinkphp_show_page_trace=0|0; PHPSESSID=40vsve0haqvtacvur4afbs4v0t; keeplogin=1%7C86400%7C1731986374%7Cc033686637a60cbe64c2f8276a802fb1; frontend_language=en',
  'accept-language' => 'zh-CN,zh;q=0.9,en;q=0.8',
  'accept-encoding' => 'gzip, deflate',
  'referer' => 'http://dev.sustens.com/fuwuanli_en.html',
  'accept' => 'text/html,application/xhtml+xml,application/xml;q=0.9,image/avif,image/webp,image/apng,*/*;q=0.8,application/signed-exchange;v=b3;q=0.7',
  'user-agent' => 'Mozilla/5.0 (Macintosh; Intel Mac OS X 10_15_7) AppleWebKit/537.36 (KHTML, like Gecko) Chrome/130.0.0.0 Safari/537.36',
  'upgrade-insecure-requests' => '1',
  'connection' => 'keep-alive',
  'host' => 'dev.sustens.com',
  'content-length' => '',
  'content-type' => '',
)
[ info ] [ PARAM ] array (
  'category' => 'hangyefangan_en',
)
[ info ] [ RUN ] think\addons\Route->execute[ /var/webstars/sustens/vendor/karsonzhang/fastadmin-addons/src/addons/Route.php ]
[ info ] [ LANG ] /var/webstars/sustens/public/../application/common/lang/zh-cn/addon.php
[ info ] [ BEHAVIOR ] Run app\common\behavior\Common @addon_begin [ RunTime:0.000122s ]
[ info ] [ TOKEN ] INIT Mysql
[ info ] [ BEHAVIOR ] Run \addons\ldcms\Ldcms @config_init [ RunTime:0.000047s ]
[ info ] [ LANG ] /var/webstars/sustens/addons/ldcms/lang/en.php
[ info ] [ VIEW ] /var/webstars/sustens/addons/ldcms/view/ldcms2024en/list_fangan.html [ array (
  0 => 'user',
  1 => 'site',
  2 => 'config',
  3 => 'category',
  4 => 'parentsid',
  5 => 'childids',
  6 => 'ld',
  7 => 'topid',
) ]
[ info ] [ SESSION ] INIT array (
  'id' => '',
  'var_session_id' => '',
  'prefix' => 'think',
  'type' => '',
  'auto_start' => true,
)
[ info ] [ LOG ] INIT File
[ error ] [2]Undefined variable $item[/var/webstars/sustens/runtime/temp/88edb316519cfbec512e729db0693254.php:52]
[ error ] [2]Trying to access array offset on value of type null[/var/webstars/sustens/runtime/temp/88edb316519cfbec512e729db0693254.php:52]
[ error ] [2]Undefined array key "url"[/var/webstars/sustens/runtime/temp/88edb316519cfbec512e729db0693254.php:477]
[ error ] [2]Undefined array key "name"[/var/webstars/sustens/runtime/temp/88edb316519cfbec512e729db0693254.php:477]
[ error ] [2]Undefined array key "url"[/var/webstars/sustens/runtime/temp/88edb316519cfbec512e729db0693254.php:479]
[ error ] [2]Undefined array key "name"[/var/webstars/sustens/runtime/temp/88edb316519cfbec512e729db0693254.php:479]
---------------------------------------------------------------
[ 2024-11-18T11:23:14+08:00 ] 10.211.55.2 GET dev.sustens.com/chanpinxilie1_en.html
[运行时间：0.105819s] [吞吐率：9.45req/s] [内存消耗：842.47kb] [文件加载：189]
[ info ] [ BEHAVIOR ] Run Closure @app_init [ RunTime:0.000019s ]
[ info ] [ CACHE ] INIT File
[ info ] [ DB ] INIT mysql
[ info ] [ BEHAVIOR ] Run \addons\ldcms\Ldcms @app_init [ RunTime:0.002887s ]
[ info ] [ BEHAVIOR ] Run Closure @app_init [ RunTime:0.002908s ]
[ info ] [ BEHAVIOR ] Run app\common\behavior\Common @app_init [ RunTime:0.000065s ]
[ info ] [ LANG ] /var/webstars/sustens/thinkphp/lang/zh-cn.php
[ info ] [ BEHAVIOR ] Run app\common\behavior\Common @app_dispatch [ RunTime:0.000017s ]
[ info ] [ ROUTE ] array (
  'type' => 'method',
  'method' => 
  array (
    0 => '\\think\\addons\\Route',
    1 => 'execute',
  ),
  'var' => 
  array (
    'addon' => 'ldcms',
    'controller' => 'lists',
    'action' => 'index',
  ),
)
[ info ] [ HEADER ] array (
  'cookie' => 'uid=2; token=50446b79-6f1c-4eb2-9abc-2c19eb7a9159; backend_language=zh-cn; thinkphp_show_page_trace=0|0; PHPSESSID=40vsve0haqvtacvur4afbs4v0t; keeplogin=1%7C86400%7C1731986374%7Cc033686637a60cbe64c2f8276a802fb1; frontend_language=en',
  'accept-language' => 'zh-CN,zh;q=0.9,en;q=0.8',
  'accept-encoding' => 'gzip, deflate',
  'referer' => 'http://dev.sustens.com/hangyefangan_en.html',
  'accept' => 'text/html,application/xhtml+xml,application/xml;q=0.9,image/avif,image/webp,image/apng,*/*;q=0.8,application/signed-exchange;v=b3;q=0.7',
  'user-agent' => 'Mozilla/5.0 (Macintosh; Intel Mac OS X 10_15_7) AppleWebKit/537.36 (KHTML, like Gecko) Chrome/130.0.0.0 Safari/537.36',
  'upgrade-insecure-requests' => '1',
  'connection' => 'keep-alive',
  'host' => 'dev.sustens.com',
  'content-length' => '',
  'content-type' => '',
)
[ info ] [ PARAM ] array (
  'category' => 'chanpinxilie1_en',
)
[ info ] [ RUN ] think\addons\Route->execute[ /var/webstars/sustens/vendor/karsonzhang/fastadmin-addons/src/addons/Route.php ]
[ info ] [ LANG ] /var/webstars/sustens/public/../application/common/lang/zh-cn/addon.php
[ info ] [ BEHAVIOR ] Run app\common\behavior\Common @addon_begin [ RunTime:0.000148s ]
[ info ] [ TOKEN ] INIT Mysql
[ info ] [ BEHAVIOR ] Run \addons\ldcms\Ldcms @config_init [ RunTime:0.000033s ]
[ info ] [ LANG ] /var/webstars/sustens/addons/ldcms/lang/en.php
[ info ] [ VIEW ] /var/webstars/sustens/addons/ldcms/view/ldcms2024en/list_product.html [ array (
  0 => 'user',
  1 => 'site',
  2 => 'config',
  3 => 'category',
  4 => 'parentsid',
  5 => 'childids',
  6 => 'ld',
  7 => 'topid',
) ]
[ info ] [ SESSION ] INIT array (
  'id' => '',
  'var_session_id' => '',
  'prefix' => 'think',
  'type' => '',
  'auto_start' => true,
)
[ info ] [ LOG ] INIT File
[ error ] [2]Undefined variable $item[/var/webstars/sustens/runtime/temp/76cb70a2f5189dcb222ef43a174ebc0d.php:52]
[ error ] [2]Trying to access array offset on value of type null[/var/webstars/sustens/runtime/temp/76cb70a2f5189dcb222ef43a174ebc0d.php:52]
[ error ] [2]Undefined array key "url"[/var/webstars/sustens/runtime/temp/76cb70a2f5189dcb222ef43a174ebc0d.php:269]
[ error ] [2]Undefined array key "name"[/var/webstars/sustens/runtime/temp/76cb70a2f5189dcb222ef43a174ebc0d.php:269]
[ error ] [2]Undefined array key "id"[/var/webstars/sustens/runtime/temp/76cb70a2f5189dcb222ef43a174ebc0d.php:273]
[ error ] [2]Undefined array key "url"[/var/webstars/sustens/runtime/temp/76cb70a2f5189dcb222ef43a174ebc0d.php:269]
[ error ] [2]Undefined array key "name"[/var/webstars/sustens/runtime/temp/76cb70a2f5189dcb222ef43a174ebc0d.php:269]
[ error ] [2]Undefined array key "id"[/var/webstars/sustens/runtime/temp/76cb70a2f5189dcb222ef43a174ebc0d.php:273]
[ error ] [2]Undefined array key "url"[/var/webstars/sustens/runtime/temp/76cb70a2f5189dcb222ef43a174ebc0d.php:470]
[ error ] [2]Undefined array key "name"[/var/webstars/sustens/runtime/temp/76cb70a2f5189dcb222ef43a174ebc0d.php:470]
[ error ] [2]Undefined array key "url"[/var/webstars/sustens/runtime/temp/76cb70a2f5189dcb222ef43a174ebc0d.php:472]
[ error ] [2]Undefined array key "name"[/var/webstars/sustens/runtime/temp/76cb70a2f5189dcb222ef43a174ebc0d.php:472]
---------------------------------------------------------------
[ 2024-11-18T11:23:23+08:00 ] 10.211.55.2 GET dev.sustens.com/chanpinxilie1_en.html?color=1
[运行时间：0.135736s] [吞吐率：7.37req/s] [内存消耗：841.78kb] [文件加载：189]
[ info ] [ BEHAVIOR ] Run Closure @app_init [ RunTime:0.000025s ]
[ info ] [ CACHE ] INIT File
[ info ] [ DB ] INIT mysql
[ info ] [ BEHAVIOR ] Run \addons\ldcms\Ldcms @app_init [ RunTime:0.004365s ]
[ info ] [ BEHAVIOR ] Run Closure @app_init [ RunTime:0.004389s ]
[ info ] [ BEHAVIOR ] Run app\common\behavior\Common @app_init [ RunTime:0.000098s ]
[ info ] [ LANG ] /var/webstars/sustens/thinkphp/lang/zh-cn.php
[ info ] [ BEHAVIOR ] Run app\common\behavior\Common @app_dispatch [ RunTime:0.000063s ]
[ info ] [ ROUTE ] array (
  'type' => 'method',
  'method' => 
  array (
    0 => '\\think\\addons\\Route',
    1 => 'execute',
  ),
  'var' => 
  array (
    'addon' => 'ldcms',
    'controller' => 'lists',
    'action' => 'index',
  ),
)
[ info ] [ HEADER ] array (
  'cookie' => 'uid=2; token=50446b79-6f1c-4eb2-9abc-2c19eb7a9159; backend_language=zh-cn; thinkphp_show_page_trace=0|0; PHPSESSID=40vsve0haqvtacvur4afbs4v0t; keeplogin=1%7C86400%7C1731986374%7Cc033686637a60cbe64c2f8276a802fb1; frontend_language=en',
  'accept-language' => 'zh-CN,zh;q=0.9,en;q=0.8',
  'accept-encoding' => 'gzip, deflate',
  'referer' => 'http://dev.sustens.com/chanpinxilie1_en.html',
  'accept' => 'text/html,application/xhtml+xml,application/xml;q=0.9,image/avif,image/webp,image/apng,*/*;q=0.8,application/signed-exchange;v=b3;q=0.7',
  'user-agent' => 'Mozilla/5.0 (Macintosh; Intel Mac OS X 10_15_7) AppleWebKit/537.36 (KHTML, like Gecko) Chrome/130.0.0.0 Safari/537.36',
  'upgrade-insecure-requests' => '1',
  'connection' => 'keep-alive',
  'host' => 'dev.sustens.com',
  'content-length' => '',
  'content-type' => '',
)
[ info ] [ PARAM ] array (
  'color' => '1',
  'category' => 'chanpinxilie1_en',
)
[ info ] [ RUN ] think\addons\Route->execute[ /var/webstars/sustens/vendor/karsonzhang/fastadmin-addons/src/addons/Route.php ]
[ info ] [ LANG ] /var/webstars/sustens/public/../application/common/lang/zh-cn/addon.php
[ info ] [ BEHAVIOR ] Run app\common\behavior\Common @addon_begin [ RunTime:0.000110s ]
[ info ] [ TOKEN ] INIT Mysql
[ info ] [ BEHAVIOR ] Run \addons\ldcms\Ldcms @config_init [ RunTime:0.000125s ]
[ info ] [ LANG ] /var/webstars/sustens/addons/ldcms/lang/en.php
[ info ] [ VIEW ] /var/webstars/sustens/addons/ldcms/view/ldcms2024en/list_product.html [ array (
  0 => 'user',
  1 => 'site',
  2 => 'config',
  3 => 'category',
  4 => 'parentsid',
  5 => 'childids',
  6 => 'ld',
  7 => 'topid',
) ]
[ info ] [ SESSION ] INIT array (
  'id' => '',
  'var_session_id' => '',
  'prefix' => 'think',
  'type' => '',
  'auto_start' => true,
)
[ info ] [ LOG ] INIT File
[ error ] [2]Undefined variable $item[/var/webstars/sustens/runtime/temp/76cb70a2f5189dcb222ef43a174ebc0d.php:52]
[ error ] [2]Trying to access array offset on value of type null[/var/webstars/sustens/runtime/temp/76cb70a2f5189dcb222ef43a174ebc0d.php:52]
[ error ] [2]Undefined array key "url"[/var/webstars/sustens/runtime/temp/76cb70a2f5189dcb222ef43a174ebc0d.php:269]
[ error ] [2]Undefined array key "name"[/var/webstars/sustens/runtime/temp/76cb70a2f5189dcb222ef43a174ebc0d.php:269]
[ error ] [2]Undefined array key "id"[/var/webstars/sustens/runtime/temp/76cb70a2f5189dcb222ef43a174ebc0d.php:273]
[ error ] [2]Undefined array key "url"[/var/webstars/sustens/runtime/temp/76cb70a2f5189dcb222ef43a174ebc0d.php:269]
[ error ] [2]Undefined array key "name"[/var/webstars/sustens/runtime/temp/76cb70a2f5189dcb222ef43a174ebc0d.php:269]
[ error ] [2]Undefined array key "id"[/var/webstars/sustens/runtime/temp/76cb70a2f5189dcb222ef43a174ebc0d.php:273]
[ error ] [2]Undefined array key "url"[/var/webstars/sustens/runtime/temp/76cb70a2f5189dcb222ef43a174ebc0d.php:470]
[ error ] [2]Undefined array key "name"[/var/webstars/sustens/runtime/temp/76cb70a2f5189dcb222ef43a174ebc0d.php:470]
[ error ] [2]Undefined array key "url"[/var/webstars/sustens/runtime/temp/76cb70a2f5189dcb222ef43a174ebc0d.php:472]
[ error ] [2]Undefined array key "name"[/var/webstars/sustens/runtime/temp/76cb70a2f5189dcb222ef43a174ebc0d.php:472]
---------------------------------------------------------------
[ 2024-11-18T11:23:27+08:00 ] 10.211.55.2 GET dev.sustens.com/chanpinxilie1_en/548.html
[运行时间：0.165530s] [吞吐率：6.04req/s] [内存消耗：930.09kb] [文件加载：190]
[ info ] [ BEHAVIOR ] Run Closure @app_init [ RunTime:0.000021s ]
[ info ] [ CACHE ] INIT File
[ info ] [ DB ] INIT mysql
[ info ] [ BEHAVIOR ] Run \addons\ldcms\Ldcms @app_init [ RunTime:0.003151s ]
[ info ] [ BEHAVIOR ] Run Closure @app_init [ RunTime:0.003173s ]
[ info ] [ BEHAVIOR ] Run app\common\behavior\Common @app_init [ RunTime:0.000067s ]
[ info ] [ LANG ] /var/webstars/sustens/thinkphp/lang/zh-cn.php
[ info ] [ BEHAVIOR ] Run app\common\behavior\Common @app_dispatch [ RunTime:0.000017s ]
[ info ] [ ROUTE ] array (
  'type' => 'method',
  'method' => 
  array (
    0 => '\\think\\addons\\Route',
    1 => 'execute',
  ),
  'var' => 
  array (
    'addon' => 'ldcms',
    'controller' => 'detail',
    'action' => 'index',
  ),
)
[ info ] [ HEADER ] array (
  'cookie' => 'uid=2; token=50446b79-6f1c-4eb2-9abc-2c19eb7a9159; backend_language=zh-cn; thinkphp_show_page_trace=0|0; PHPSESSID=40vsve0haqvtacvur4afbs4v0t; keeplogin=1%7C86400%7C1731986374%7Cc033686637a60cbe64c2f8276a802fb1; frontend_language=en',
  'accept-language' => 'zh-CN,zh;q=0.9,en;q=0.8',
  'accept-encoding' => 'gzip, deflate',
  'referer' => 'http://dev.sustens.com/chanpinxilie1_en.html?color=1',
  'accept' => 'text/html,application/xhtml+xml,application/xml;q=0.9,image/avif,image/webp,image/apng,*/*;q=0.8,application/signed-exchange;v=b3;q=0.7',
  'user-agent' => 'Mozilla/5.0 (Macintosh; Intel Mac OS X 10_15_7) AppleWebKit/537.36 (KHTML, like Gecko) Chrome/130.0.0.0 Safari/537.36',
  'upgrade-insecure-requests' => '1',
  'connection' => 'keep-alive',
  'host' => 'dev.sustens.com',
  'content-length' => '',
  'content-type' => '',
)
[ info ] [ PARAM ] array (
  'category' => 'chanpinxilie1_en',
  'id' => '548',
)
[ info ] [ RUN ] think\addons\Route->execute[ /var/webstars/sustens/vendor/karsonzhang/fastadmin-addons/src/addons/Route.php ]
[ info ] [ LANG ] /var/webstars/sustens/public/../application/common/lang/zh-cn/addon.php
[ info ] [ BEHAVIOR ] Run app\common\behavior\Common @addon_begin [ RunTime:0.000101s ]
[ info ] [ TOKEN ] INIT Mysql
[ info ] [ BEHAVIOR ] Run \addons\ldcms\Ldcms @config_init [ RunTime:0.000037s ]
[ info ] [ LANG ] /var/webstars/sustens/addons/ldcms/lang/en.php
[ info ] [ VIEW ] /var/webstars/sustens/addons/ldcms/view/ldcms2024en/detail_product.html [ array (
  0 => 'user',
  1 => 'site',
  2 => 'config',
  3 => 'category',
  4 => 'parentsid',
  5 => 'childids',
  6 => 'ld',
  7 => 'topid',
  8 => 'content',
) ]
[ info ] [ SESSION ] INIT array (
  'id' => '',
  'var_session_id' => '',
  'prefix' => 'think',
  'type' => '',
  'auto_start' => true,
)
[ info ] [ LOG ] INIT File
[ error ] [2]Undefined variable $item[/var/webstars/sustens/runtime/temp/3549dca199905e5ad428f60fd2f7912c.php:52]
[ error ] [2]Trying to access array offset on value of type null[/var/webstars/sustens/runtime/temp/3549dca199905e5ad428f60fd2f7912c.php:52]
[ error ] [2]Undefined array key "url"[/var/webstars/sustens/runtime/temp/3549dca199905e5ad428f60fd2f7912c.php:552]
[ error ] [2]Undefined array key "name"[/var/webstars/sustens/runtime/temp/3549dca199905e5ad428f60fd2f7912c.php:552]
[ error ] [2]Undefined array key "url"[/var/webstars/sustens/runtime/temp/3549dca199905e5ad428f60fd2f7912c.php:554]
[ error ] [2]Undefined array key "name"[/var/webstars/sustens/runtime/temp/3549dca199905e5ad428f60fd2f7912c.php:554]
---------------------------------------------------------------
[ 2024-11-18T11:23:27+08:00 ] 10.211.55.2 GET dev.sustens.com/assets/addons/ldcms/images/cr7.png
[运行时间：0.047138s] [吞吐率：21.21req/s] [内存消耗：240.73kb] [文件加载：77]
[ info ] [ BEHAVIOR ] Run Closure @app_init [ RunTime:0.000023s ]
[ info ] [ CACHE ] INIT File
[ info ] [ DB ] INIT mysql
[ info ] [ BEHAVIOR ] Run \addons\ldcms\Ldcms @app_init [ RunTime:0.013575s ]
[ info ] [ BEHAVIOR ] Run Closure @app_init [ RunTime:0.013607s ]
[ info ] [ BEHAVIOR ] Run app\common\behavior\Common @app_init [ RunTime:0.000079s ]
[ info ] [ LANG ] /var/webstars/sustens/thinkphp/lang/zh-cn.php
[ info ] [ BEHAVIOR ] Run app\common\behavior\Common @app_dispatch [ RunTime:0.000024s ]
[ info ] [ ROUTE ] array (
  'type' => 'module',
  'module' => 
  array (
    0 => 'assets',
    1 => 'addons',
    2 => 'ldcms',
  ),
)
[ info ] [ HEADER ] array (
  'cookie' => 'uid=2; token=50446b79-6f1c-4eb2-9abc-2c19eb7a9159; backend_language=zh-cn; thinkphp_show_page_trace=0|0; PHPSESSID=40vsve0haqvtacvur4afbs4v0t; keeplogin=1%7C86400%7C1731986374%7Cc033686637a60cbe64c2f8276a802fb1; frontend_language=en',
  'accept-language' => 'zh-CN,zh;q=0.9,en;q=0.8',
  'accept-encoding' => 'gzip, deflate',
  'referer' => 'http://dev.sustens.com/chanpinxilie1_en/548.html',
  'accept' => 'image/avif,image/webp,image/apng,image/svg+xml,image/*,*/*;q=0.8',
  'user-agent' => 'Mozilla/5.0 (Macintosh; Intel Mac OS X 10_15_7) AppleWebKit/537.36 (KHTML, like Gecko) Chrome/130.0.0.0 Safari/537.36',
  'connection' => 'keep-alive',
  'host' => 'dev.sustens.com',
  'content-length' => '',
  'content-type' => '',
)
[ info ] [ PARAM ] array (
  'images' => 'cr7.png',
)
[ info ] [ LOG ] INIT File
---------------------------------------------------------------
[ 2024-11-18T11:23:27+08:00 ] 10.211.55.2 GET dev.sustens.com/chanpinxilie1_en/Inheriting%20the%20classic%20style%20with%20ease
[运行时间：0.119146s] [吞吐率：8.39req/s] [内存消耗：766.44kb] [文件加载：180]
[ info ] [ BEHAVIOR ] Run Closure @app_init [ RunTime:0.000025s ]
[ info ] [ CACHE ] INIT File
[ info ] [ DB ] INIT mysql
[ info ] [ BEHAVIOR ] Run \addons\ldcms\Ldcms @app_init [ RunTime:0.008740s ]
[ info ] [ BEHAVIOR ] Run Closure @app_init [ RunTime:0.008768s ]
[ info ] [ BEHAVIOR ] Run app\common\behavior\Common @app_init [ RunTime:0.000130s ]
[ info ] [ LANG ] /var/webstars/sustens/thinkphp/lang/zh-cn.php
[ info ] [ BEHAVIOR ] Run app\common\behavior\Common @app_dispatch [ RunTime:0.000021s ]
[ info ] [ ROUTE ] array (
  'type' => 'method',
  'method' => 
  array (
    0 => '\\think\\addons\\Route',
    1 => 'execute',
  ),
  'var' => 
  array (
    'addon' => 'ldcms',
    'controller' => 'detail',
    'action' => 'index',
  ),
)
[ info ] [ HEADER ] array (
  'range' => 'bytes=0-',
  'cookie' => 'uid=2; token=50446b79-6f1c-4eb2-9abc-2c19eb7a9159; backend_language=zh-cn; thinkphp_show_page_trace=0|0; PHPSESSID=40vsve0haqvtacvur4afbs4v0t; keeplogin=1%7C86400%7C1731986374%7Cc033686637a60cbe64c2f8276a802fb1; frontend_language=en',
  'accept-language' => 'zh-CN,zh;q=0.9,en;q=0.8',
  'referer' => 'http://dev.sustens.com/chanpinxilie1_en/548.html',
  'accept' => '*/*',
  'accept-encoding' => 'identity;q=1, *;q=0',
  'user-agent' => 'Mozilla/5.0 (Macintosh; Intel Mac OS X 10_15_7) AppleWebKit/537.36 (KHTML, like Gecko) Chrome/130.0.0.0 Safari/537.36',
  'connection' => 'keep-alive',
  'host' => 'dev.sustens.com',
  'content-length' => '',
  'content-type' => '',
)
[ info ] [ PARAM ] array (
  'category' => 'chanpinxilie1_en',
  'id' => 'Inheriting the classic style with ease',
)
[ info ] [ RUN ] think\addons\Route->execute[ /var/webstars/sustens/vendor/karsonzhang/fastadmin-addons/src/addons/Route.php ]
[ info ] [ LANG ] /var/webstars/sustens/public/../application/common/lang/zh-cn/addon.php
[ info ] [ BEHAVIOR ] Run app\common\behavior\Common @addon_begin [ RunTime:0.000112s ]
[ info ] [ TOKEN ] INIT Mysql
[ info ] [ BEHAVIOR ] Run \addons\ldcms\Ldcms @config_init [ RunTime:0.000054s ]
[ info ] [ LANG ] /var/webstars/sustens/addons/ldcms/lang/en.php
[ info ] [ LOG ] INIT File
---------------------------------------------------------------
[ 2024-11-18T11:24:15+08:00 ] 10.211.55.2 POST dev.sustens.com/addons/ldcms/diyform/message.html
[运行时间：0.521371s] [吞吐率：1.92req/s] [内存消耗：756.39kb] [文件加载：182]
[ info ] [ BEHAVIOR ] Run Closure @app_init [ RunTime:0.000022s ]
[ info ] [ CACHE ] INIT File
[ info ] [ DB ] INIT mysql
[ info ] [ BEHAVIOR ] Run \addons\ldcms\Ldcms @app_init [ RunTime:0.021414s ]
[ info ] [ BEHAVIOR ] Run Closure @app_init [ RunTime:0.021437s ]
[ info ] [ BEHAVIOR ] Run app\common\behavior\Common @app_init [ RunTime:0.002529s ]
[ info ] [ LANG ] /var/webstars/sustens/thinkphp/lang/zh-cn.php
[ info ] [ BEHAVIOR ] Run app\common\behavior\Common @app_dispatch [ RunTime:0.000030s ]
[ info ] [ ROUTE ] array (
  'type' => 'method',
  'method' => 
  array (
    0 => '\\think\\addons\\Route',
    1 => 'execute',
  ),
  'var' => 
  array (
  ),
)
[ info ] [ HEADER ] array (
  'cookie' => 'uid=2; token=50446b79-6f1c-4eb2-9abc-2c19eb7a9159; backend_language=zh-cn; thinkphp_show_page_trace=0|0; PHPSESSID=40vsve0haqvtacvur4afbs4v0t; keeplogin=1%7C86400%7C1731986374%7Cc033686637a60cbe64c2f8276a802fb1; frontend_language=en',
  'accept-language' => 'zh-CN,zh;q=0.9,en;q=0.8',
  'accept-encoding' => 'gzip, deflate',
  'referer' => 'http://dev.sustens.com/chanpinxilie1_en/548.html',
  'accept' => 'text/html,application/xhtml+xml,application/xml;q=0.9,image/avif,image/webp,image/apng,*/*;q=0.8,application/signed-exchange;v=b3;q=0.7',
  'user-agent' => 'Mozilla/5.0 (Macintosh; Intel Mac OS X 10_15_7) AppleWebKit/537.36 (KHTML, like Gecko) Chrome/130.0.0.0 Safari/537.36',
  'upgrade-insecure-requests' => '1',
  'content-type' => 'application/x-www-form-urlencoded',
  'origin' => 'http://dev.sustens.com',
  'cache-control' => 'max-age=0',
  'content-length' => '65',
  'connection' => 'keep-alive',
  'host' => 'dev.sustens.com',
)
[ info ] [ PARAM ] array (
  'uname' => '',
  'mobile' => '',
  'remark' => '',
  '__token__' => '2ce6db47eab3eb544a193dbb2b2434bc',
  'addon' => 'ldcms',
  'controller' => 'diyform',
  'action' => 'message',
)
[ info ] [ RUN ] think\addons\Route->execute[ /var/webstars/sustens/vendor/karsonzhang/fastadmin-addons/src/addons/Route.php ]
[ info ] [ LANG ] /var/webstars/sustens/public/../application/common/lang/zh-cn/addon.php
[ info ] [ BEHAVIOR ] Run app\common\behavior\Common @addon_begin [ RunTime:0.005437s ]
[ info ] [ TOKEN ] INIT Mysql
[ info ] [ BEHAVIOR ] Run \addons\ldcms\Ldcms @config_init [ RunTime:0.000051s ]
[ info ] [ LANG ] /var/webstars/sustens/addons/ldcms/lang/en.php
[ info ] [ SESSION ] INIT array (
  'id' => '',
  'var_session_id' => '',
  'prefix' => 'think',
  'type' => '',
  'auto_start' => true,
)
[ info ] [ VIEW ] /var/webstars/sustens/public/../application/common/view/tpl/dispatch_jump.tpl [ array (
  0 => 'user',
  1 => 'site',
  2 => 'config',
  3 => 'ld',
  4 => 'topid',
  5 => 'code',
  6 => 'msg',
  7 => 'data',
  8 => 'url',
  9 => 'wait',
) ]
[ info ] [ LOG ] INIT File
[ error ] [2]Undefined array key "emails"[/var/webstars/sustens/addons/ldcms/controller/Diyform.php:37]
[ error ] [2]Undefined array key "companys"[/var/webstars/sustens/addons/ldcms/controller/Diyform.php:37]
---------------------------------------------------------------
[ 2024-11-18T11:24:18+08:00 ] 10.211.55.2 GET dev.sustens.com/chanpinxilie1_en/548.html
[运行时间：0.179522s] [吞吐率：5.57req/s] [内存消耗：858.88kb] [文件加载：186]
[ info ] [ BEHAVIOR ] Run Closure @app_init [ RunTime:0.000021s ]
[ info ] [ CACHE ] INIT File
[ info ] [ DB ] INIT mysql
[ info ] [ BEHAVIOR ] Run \addons\ldcms\Ldcms @app_init [ RunTime:0.003551s ]
[ info ] [ BEHAVIOR ] Run Closure @app_init [ RunTime:0.003577s ]
[ info ] [ BEHAVIOR ] Run app\common\behavior\Common @app_init [ RunTime:0.000081s ]
[ info ] [ LANG ] /var/webstars/sustens/thinkphp/lang/zh-cn.php
[ info ] [ BEHAVIOR ] Run app\common\behavior\Common @app_dispatch [ RunTime:0.000024s ]
[ info ] [ ROUTE ] array (
  'type' => 'method',
  'method' => 
  array (
    0 => '\\think\\addons\\Route',
    1 => 'execute',
  ),
  'var' => 
  array (
    'addon' => 'ldcms',
    'controller' => 'detail',
    'action' => 'index',
  ),
)
[ info ] [ HEADER ] array (
  'cookie' => 'thinkphp_show_page_trace=0|0; uid=2; token=50446b79-6f1c-4eb2-9abc-2c19eb7a9159; backend_language=zh-cn; thinkphp_show_page_trace=0|0; PHPSESSID=40vsve0haqvtacvur4afbs4v0t; keeplogin=1%7C86400%7C1731986374%7Cc033686637a60cbe64c2f8276a802fb1; frontend_language=en',
  'accept-language' => 'zh-CN,zh;q=0.9,en;q=0.8',
  'accept-encoding' => 'gzip, deflate',
  'referer' => 'http://dev.sustens.com/chanpinxilie1_en.html?color=1',
  'accept' => 'text/html,application/xhtml+xml,application/xml;q=0.9,image/avif,image/webp,image/apng,*/*;q=0.8,application/signed-exchange;v=b3;q=0.7',
  'user-agent' => 'Mozilla/5.0 (Macintosh; Intel Mac OS X 10_15_7) AppleWebKit/537.36 (KHTML, like Gecko) Chrome/130.0.0.0 Safari/537.36',
  'upgrade-insecure-requests' => '1',
  'connection' => 'keep-alive',
  'host' => 'dev.sustens.com',
  'content-length' => '',
  'content-type' => '',
)
[ info ] [ PARAM ] array (
  'category' => 'chanpinxilie1_en',
  'id' => '548',
)
[ info ] [ RUN ] think\addons\Route->execute[ /var/webstars/sustens/vendor/karsonzhang/fastadmin-addons/src/addons/Route.php ]
[ info ] [ LANG ] /var/webstars/sustens/public/../application/common/lang/zh-cn/addon.php
[ info ] [ BEHAVIOR ] Run app\common\behavior\Common @addon_begin [ RunTime:0.000252s ]
[ info ] [ TOKEN ] INIT Mysql
[ info ] [ BEHAVIOR ] Run \addons\ldcms\Ldcms @config_init [ RunTime:0.000038s ]
[ info ] [ LANG ] /var/webstars/sustens/addons/ldcms/lang/en.php
[ info ] [ VIEW ] /var/webstars/sustens/addons/ldcms/view/ldcms2024en/detail_product.html [ array (
  0 => 'user',
  1 => 'site',
  2 => 'config',
  3 => 'category',
  4 => 'parentsid',
  5 => 'childids',
  6 => 'ld',
  7 => 'topid',
  8 => 'content',
) ]
[ info ] [ SESSION ] INIT array (
  'id' => '',
  'var_session_id' => '',
  'prefix' => 'think',
  'type' => '',
  'auto_start' => true,
)
[ info ] [ LOG ] INIT File
[ error ] [2]Undefined variable $item[/var/webstars/sustens/runtime/temp/3549dca199905e5ad428f60fd2f7912c.php:52]
[ error ] [2]Trying to access array offset on value of type null[/var/webstars/sustens/runtime/temp/3549dca199905e5ad428f60fd2f7912c.php:52]
[ error ] [2]Undefined array key "url"[/var/webstars/sustens/runtime/temp/3549dca199905e5ad428f60fd2f7912c.php:552]
[ error ] [2]Undefined array key "name"[/var/webstars/sustens/runtime/temp/3549dca199905e5ad428f60fd2f7912c.php:552]
[ error ] [2]Undefined array key "url"[/var/webstars/sustens/runtime/temp/3549dca199905e5ad428f60fd2f7912c.php:554]
[ error ] [2]Undefined array key "name"[/var/webstars/sustens/runtime/temp/3549dca199905e5ad428f60fd2f7912c.php:554]
---------------------------------------------------------------
[ 2024-11-18T11:24:18+08:00 ] 10.211.55.2 GET dev.sustens.com/chanpinxilie1_en/Inheriting%20the%20classic%20style%20with%20ease
[运行时间：0.233536s] [吞吐率：4.28req/s] [内存消耗：766.69kb] [文件加载：180]
[ info ] [ BEHAVIOR ] Run Closure @app_init [ RunTime:0.000021s ]
[ info ] [ CACHE ] INIT File
[ info ] [ DB ] INIT mysql
[ info ] [ BEHAVIOR ] Run \addons\ldcms\Ldcms @app_init [ RunTime:0.005653s ]
[ info ] [ BEHAVIOR ] Run Closure @app_init [ RunTime:0.005679s ]
[ info ] [ BEHAVIOR ] Run app\common\behavior\Common @app_init [ RunTime:0.000067s ]
[ info ] [ LANG ] /var/webstars/sustens/thinkphp/lang/zh-cn.php
[ info ] [ BEHAVIOR ] Run app\common\behavior\Common @app_dispatch [ RunTime:0.000017s ]
[ info ] [ ROUTE ] array (
  'type' => 'method',
  'method' => 
  array (
    0 => '\\think\\addons\\Route',
    1 => 'execute',
  ),
  'var' => 
  array (
    'addon' => 'ldcms',
    'controller' => 'detail',
    'action' => 'index',
  ),
)
[ info ] [ HEADER ] array (
  'range' => 'bytes=0-',
  'cookie' => 'thinkphp_show_page_trace=0|0; uid=2; token=50446b79-6f1c-4eb2-9abc-2c19eb7a9159; backend_language=zh-cn; thinkphp_show_page_trace=0|0; PHPSESSID=40vsve0haqvtacvur4afbs4v0t; keeplogin=1%7C86400%7C1731986374%7Cc033686637a60cbe64c2f8276a802fb1; frontend_language=en',
  'accept-language' => 'zh-CN,zh;q=0.9,en;q=0.8',
  'referer' => 'http://dev.sustens.com/chanpinxilie1_en/548.html',
  'accept' => '*/*',
  'accept-encoding' => 'identity;q=1, *;q=0',
  'user-agent' => 'Mozilla/5.0 (Macintosh; Intel Mac OS X 10_15_7) AppleWebKit/537.36 (KHTML, like Gecko) Chrome/130.0.0.0 Safari/537.36',
  'connection' => 'keep-alive',
  'host' => 'dev.sustens.com',
  'content-length' => '',
  'content-type' => '',
)
[ info ] [ PARAM ] array (
  'category' => 'chanpinxilie1_en',
  'id' => 'Inheriting the classic style with ease',
)
[ info ] [ RUN ] think\addons\Route->execute[ /var/webstars/sustens/vendor/karsonzhang/fastadmin-addons/src/addons/Route.php ]
[ info ] [ LANG ] /var/webstars/sustens/public/../application/common/lang/zh-cn/addon.php
[ info ] [ BEHAVIOR ] Run app\common\behavior\Common @addon_begin [ RunTime:0.000177s ]
[ info ] [ TOKEN ] INIT Mysql
[ info ] [ BEHAVIOR ] Run \addons\ldcms\Ldcms @config_init [ RunTime:0.000095s ]
[ info ] [ LANG ] /var/webstars/sustens/addons/ldcms/lang/en.php
[ info ] [ LOG ] INIT File
---------------------------------------------------------------
[ 2024-11-18T11:24:26+08:00 ] 10.211.55.2 GET dev.sustens.com/gongsixinwen_en.html
[运行时间：0.201995s] [吞吐率：4.95req/s] [内存消耗：832.39kb] [文件加载：188]
[ info ] [ BEHAVIOR ] Run Closure @app_init [ RunTime:0.000026s ]
[ info ] [ CACHE ] INIT File
[ info ] [ DB ] INIT mysql
[ info ] [ BEHAVIOR ] Run \addons\ldcms\Ldcms @app_init [ RunTime:0.005672s ]
[ info ] [ BEHAVIOR ] Run Closure @app_init [ RunTime:0.005708s ]
[ info ] [ BEHAVIOR ] Run app\common\behavior\Common @app_init [ RunTime:0.000159s ]
[ info ] [ LANG ] /var/webstars/sustens/thinkphp/lang/zh-cn.php
[ info ] [ BEHAVIOR ] Run app\common\behavior\Common @app_dispatch [ RunTime:0.000028s ]
[ info ] [ ROUTE ] array (
  'type' => 'method',
  'method' => 
  array (
    0 => '\\think\\addons\\Route',
    1 => 'execute',
  ),
  'var' => 
  array (
    'addon' => 'ldcms',
    'controller' => 'lists',
    'action' => 'index',
  ),
)
[ info ] [ HEADER ] array (
  'cookie' => 'uid=2; token=50446b79-6f1c-4eb2-9abc-2c19eb7a9159; backend_language=zh-cn; thinkphp_show_page_trace=0|0; PHPSESSID=40vsve0haqvtacvur4afbs4v0t; keeplogin=1%7C86400%7C1731986374%7Cc033686637a60cbe64c2f8276a802fb1; frontend_language=en',
  'accept-language' => 'zh-CN,zh;q=0.9,en;q=0.8',
  'accept-encoding' => 'gzip, deflate',
  'referer' => 'http://dev.sustens.com/chanpinxilie1_en/548.html',
  'accept' => 'text/html,application/xhtml+xml,application/xml;q=0.9,image/avif,image/webp,image/apng,*/*;q=0.8,application/signed-exchange;v=b3;q=0.7',
  'user-agent' => 'Mozilla/5.0 (Macintosh; Intel Mac OS X 10_15_7) AppleWebKit/537.36 (KHTML, like Gecko) Chrome/130.0.0.0 Safari/537.36',
  'upgrade-insecure-requests' => '1',
  'connection' => 'keep-alive',
  'host' => 'dev.sustens.com',
  'content-length' => '',
  'content-type' => '',
)
[ info ] [ PARAM ] array (
  'category' => 'gongsixinwen_en',
)
[ info ] [ RUN ] think\addons\Route->execute[ /var/webstars/sustens/vendor/karsonzhang/fastadmin-addons/src/addons/Route.php ]
[ info ] [ LANG ] /var/webstars/sustens/public/../application/common/lang/zh-cn/addon.php
[ info ] [ BEHAVIOR ] Run app\common\behavior\Common @addon_begin [ RunTime:0.000220s ]
[ info ] [ TOKEN ] INIT Mysql
[ info ] [ BEHAVIOR ] Run \addons\ldcms\Ldcms @config_init [ RunTime:0.000131s ]
[ info ] [ LANG ] /var/webstars/sustens/addons/ldcms/lang/en.php
[ info ] [ VIEW ] /var/webstars/sustens/addons/ldcms/view/ldcms2024en/list_news.html [ array (
  0 => 'user',
  1 => 'site',
  2 => 'config',
  3 => 'category',
  4 => 'parentsid',
  5 => 'childids',
  6 => 'ld',
  7 => 'topid',
) ]
[ info ] [ SESSION ] INIT array (
  'id' => '',
  'var_session_id' => '',
  'prefix' => 'think',
  'type' => '',
  'auto_start' => true,
)
[ info ] [ LOG ] INIT File
[ error ] [2]Undefined variable $item[/var/webstars/sustens/runtime/temp/4a880abd5a005cc72c8db074a6baf84f.php:52]
[ error ] [2]Trying to access array offset on value of type null[/var/webstars/sustens/runtime/temp/4a880abd5a005cc72c8db074a6baf84f.php:52]
[ error ] [2]Undefined array key "url"[/var/webstars/sustens/runtime/temp/4a880abd5a005cc72c8db074a6baf84f.php:473]
[ error ] [2]Undefined array key "name"[/var/webstars/sustens/runtime/temp/4a880abd5a005cc72c8db074a6baf84f.php:473]
[ error ] [2]Undefined array key "url"[/var/webstars/sustens/runtime/temp/4a880abd5a005cc72c8db074a6baf84f.php:475]
[ error ] [2]Undefined array key "name"[/var/webstars/sustens/runtime/temp/4a880abd5a005cc72c8db074a6baf84f.php:475]
---------------------------------------------------------------
[ 2024-11-18T11:24:28+08:00 ] 10.211.55.2 GET dev.sustens.com/lianxiwomen_en.html
[运行时间：0.140965s] [吞吐率：7.09req/s] [内存消耗：865.61kb] [文件加载：188]
[ info ] [ BEHAVIOR ] Run Closure @app_init [ RunTime:0.000022s ]
[ info ] [ CACHE ] INIT File
[ info ] [ DB ] INIT mysql
[ info ] [ BEHAVIOR ] Run \addons\ldcms\Ldcms @app_init [ RunTime:0.003106s ]
[ info ] [ BEHAVIOR ] Run Closure @app_init [ RunTime:0.003133s ]
[ info ] [ BEHAVIOR ] Run app\common\behavior\Common @app_init [ RunTime:0.000225s ]
[ info ] [ LANG ] /var/webstars/sustens/thinkphp/lang/zh-cn.php
[ info ] [ BEHAVIOR ] Run app\common\behavior\Common @app_dispatch [ RunTime:0.000029s ]
[ info ] [ ROUTE ] array (
  'type' => 'method',
  'method' => 
  array (
    0 => '\\think\\addons\\Route',
    1 => 'execute',
  ),
  'var' => 
  array (
    'addon' => 'ldcms',
    'controller' => 'lists',
    'action' => 'index',
  ),
)
[ info ] [ HEADER ] array (
  'cookie' => 'uid=2; token=50446b79-6f1c-4eb2-9abc-2c19eb7a9159; backend_language=zh-cn; thinkphp_show_page_trace=0|0; PHPSESSID=40vsve0haqvtacvur4afbs4v0t; keeplogin=1%7C86400%7C1731986374%7Cc033686637a60cbe64c2f8276a802fb1; frontend_language=en',
  'accept-language' => 'zh-CN,zh;q=0.9,en;q=0.8',
  'accept-encoding' => 'gzip, deflate',
  'referer' => 'http://dev.sustens.com/gongsixinwen_en.html',
  'accept' => 'text/html,application/xhtml+xml,application/xml;q=0.9,image/avif,image/webp,image/apng,*/*;q=0.8,application/signed-exchange;v=b3;q=0.7',
  'user-agent' => 'Mozilla/5.0 (Macintosh; Intel Mac OS X 10_15_7) AppleWebKit/537.36 (KHTML, like Gecko) Chrome/130.0.0.0 Safari/537.36',
  'upgrade-insecure-requests' => '1',
  'connection' => 'keep-alive',
  'host' => 'dev.sustens.com',
  'content-length' => '',
  'content-type' => '',
)
[ info ] [ PARAM ] array (
  'category' => 'lianxiwomen_en',
)
[ info ] [ RUN ] think\addons\Route->execute[ /var/webstars/sustens/vendor/karsonzhang/fastadmin-addons/src/addons/Route.php ]
[ info ] [ LANG ] /var/webstars/sustens/public/../application/common/lang/zh-cn/addon.php
[ info ] [ BEHAVIOR ] Run app\common\behavior\Common @addon_begin [ RunTime:0.000160s ]
[ info ] [ TOKEN ] INIT Mysql
[ info ] [ BEHAVIOR ] Run \addons\ldcms\Ldcms @config_init [ RunTime:0.000035s ]
[ info ] [ LANG ] /var/webstars/sustens/addons/ldcms/lang/en.php
[ info ] [ VIEW ] /var/webstars/sustens/addons/ldcms/view/ldcms2024en/detail_contact.html [ array (
  0 => 'user',
  1 => 'site',
  2 => 'config',
  3 => 'category',
  4 => 'parentsid',
  5 => 'childids',
  6 => 'content',
  7 => 'ld',
  8 => 'topid',
) ]
[ info ] [ SESSION ] INIT array (
  'id' => '',
  'var_session_id' => '',
  'prefix' => 'think',
  'type' => '',
  'auto_start' => true,
)
[ info ] [ LOG ] INIT File
[ error ] [2]Undefined variable $item[/var/webstars/sustens/runtime/temp/cafed341af77881264df2e45a20b020f.php:52]
[ error ] [2]Trying to access array offset on value of type null[/var/webstars/sustens/runtime/temp/cafed341af77881264df2e45a20b020f.php:52]
[ error ] [2]Undefined array key "url"[/var/webstars/sustens/runtime/temp/cafed341af77881264df2e45a20b020f.php:452]
[ error ] [2]Undefined array key "name"[/var/webstars/sustens/runtime/temp/cafed341af77881264df2e45a20b020f.php:452]
[ error ] [2]Undefined array key "url"[/var/webstars/sustens/runtime/temp/cafed341af77881264df2e45a20b020f.php:454]
[ error ] [2]Undefined array key "name"[/var/webstars/sustens/runtime/temp/cafed341af77881264df2e45a20b020f.php:454]
---------------------------------------------------------------
[ 2024-11-18T11:24:32+08:00 ] 10.211.55.2 POST dev.sustens.com/addons/ldcms/diyform/message.html
[运行时间：0.053864s] [吞吐率：18.57req/s] [内存消耗：751.93kb] [文件加载：179]
[ info ] [ BEHAVIOR ] Run Closure @app_init [ RunTime:0.000036s ]
[ info ] [ CACHE ] INIT File
[ info ] [ DB ] INIT mysql
[ info ] [ BEHAVIOR ] Run \addons\ldcms\Ldcms @app_init [ RunTime:0.002947s ]
[ info ] [ BEHAVIOR ] Run Closure @app_init [ RunTime:0.002965s ]
[ info ] [ BEHAVIOR ] Run app\common\behavior\Common @app_init [ RunTime:0.000082s ]
[ info ] [ LANG ] /var/webstars/sustens/thinkphp/lang/zh-cn.php
[ info ] [ BEHAVIOR ] Run app\common\behavior\Common @app_dispatch [ RunTime:0.000014s ]
[ info ] [ ROUTE ] array (
  'type' => 'method',
  'method' => 
  array (
    0 => '\\think\\addons\\Route',
    1 => 'execute',
  ),
  'var' => 
  array (
  ),
)
[ info ] [ HEADER ] array (
  'cookie' => 'thinkphp_show_page_trace=0|0; uid=2; token=50446b79-6f1c-4eb2-9abc-2c19eb7a9159; backend_language=zh-cn; thinkphp_show_page_trace=0|0; PHPSESSID=40vsve0haqvtacvur4afbs4v0t; keeplogin=1%7C86400%7C1731986374%7Cc033686637a60cbe64c2f8276a802fb1; frontend_language=en',
  'accept-language' => 'zh-CN,zh;q=0.9,en;q=0.8',
  'accept-encoding' => 'gzip, deflate',
  'referer' => 'http://dev.sustens.com/lianxiwomen_en.html',
  'accept' => 'text/html,application/xhtml+xml,application/xml;q=0.9,image/avif,image/webp,image/apng,*/*;q=0.8,application/signed-exchange;v=b3;q=0.7',
  'user-agent' => 'Mozilla/5.0 (Macintosh; Intel Mac OS X 10_15_7) AppleWebKit/537.36 (KHTML, like Gecko) Chrome/130.0.0.0 Safari/537.36',
  'upgrade-insecure-requests' => '1',
  'content-type' => 'application/x-www-form-urlencoded',
  'origin' => 'http://dev.sustens.com',
  'cache-control' => 'max-age=0',
  'content-length' => '83',
  'connection' => 'keep-alive',
  'host' => 'dev.sustens.com',
)
[ info ] [ PARAM ] array (
  'uname' => '',
  'mobile' => '',
  'emails' => '',
  'companys' => '',
  'remark' => '',
  '__token__' => '7da147079342ea73e2c1b3fbcea43895',
  'addon' => 'ldcms',
  'controller' => 'diyform',
  'action' => 'message',
)
[ info ] [ RUN ] think\addons\Route->execute[ /var/webstars/sustens/vendor/karsonzhang/fastadmin-addons/src/addons/Route.php ]
[ info ] [ LANG ] /var/webstars/sustens/public/../application/common/lang/zh-cn/addon.php
[ info ] [ BEHAVIOR ] Run app\common\behavior\Common @addon_begin [ RunTime:0.000136s ]
[ info ] [ TOKEN ] INIT Mysql
[ info ] [ BEHAVIOR ] Run \addons\ldcms\Ldcms @config_init [ RunTime:0.000028s ]
[ info ] [ LANG ] /var/webstars/sustens/addons/ldcms/lang/en.php
[ info ] [ SESSION ] INIT array (
  'id' => '',
  'var_session_id' => '',
  'prefix' => 'think',
  'type' => '',
  'auto_start' => true,
)
[ info ] [ VIEW ] /var/webstars/sustens/public/../application/common/view/tpl/dispatch_jump.tpl [ array (
  0 => 'user',
  1 => 'site',
  2 => 'config',
  3 => 'ld',
  4 => 'topid',
  5 => 'code',
  6 => 'msg',
  7 => 'data',
  8 => 'url',
  9 => 'wait',
) ]
[ info ] [ LOG ] INIT File
---------------------------------------------------------------
[ 2024-11-18T11:24:36+08:00 ] 10.211.55.2 GET dev.sustens.com/lianxiwomen_en.html
[运行时间：0.189943s] [吞吐率：5.26req/s] [内存消耗：1,005.63kb] [文件加载：184]
[ info ] [ BEHAVIOR ] Run Closure @app_init [ RunTime:0.000134s ]
[ info ] [ CACHE ] INIT File
[ info ] [ DB ] INIT mysql
[ info ] [ BEHAVIOR ] Run \addons\ldcms\Ldcms @app_init [ RunTime:0.005435s ]
[ info ] [ BEHAVIOR ] Run Closure @app_init [ RunTime:0.005477s ]
[ info ] [ BEHAVIOR ] Run app\common\behavior\Common @app_init [ RunTime:0.000340s ]
[ info ] [ LANG ] /var/webstars/sustens/thinkphp/lang/zh-cn.php
[ info ] [ BEHAVIOR ] Run app\common\behavior\Common @app_dispatch [ RunTime:0.000032s ]
[ info ] [ ROUTE ] array (
  'type' => 'method',
  'method' => 
  array (
    0 => '\\think\\addons\\Route',
    1 => 'execute',
  ),
  'var' => 
  array (
    'addon' => 'ldcms',
    'controller' => 'lists',
    'action' => 'index',
  ),
)
[ info ] [ HEADER ] array (
  'cookie' => 'uid=2; token=50446b79-6f1c-4eb2-9abc-2c19eb7a9159; backend_language=zh-cn; thinkphp_show_page_trace=0|0; PHPSESSID=40vsve0haqvtacvur4afbs4v0t; keeplogin=1%7C86400%7C1731986374%7Cc033686637a60cbe64c2f8276a802fb1; frontend_language=en',
  'accept-language' => 'zh-CN,zh;q=0.9,en;q=0.8',
  'accept-encoding' => 'gzip, deflate',
  'referer' => 'http://dev.sustens.com/gongsixinwen_en.html',
  'accept' => 'text/html,application/xhtml+xml,application/xml;q=0.9,image/avif,image/webp,image/apng,*/*;q=0.8,application/signed-exchange;v=b3;q=0.7',
  'user-agent' => 'Mozilla/5.0 (Macintosh; Intel Mac OS X 10_15_7) AppleWebKit/537.36 (KHTML, like Gecko) Chrome/130.0.0.0 Safari/537.36',
  'upgrade-insecure-requests' => '1',
  'connection' => 'keep-alive',
  'host' => 'dev.sustens.com',
  'content-length' => '',
  'content-type' => '',
)
[ info ] [ PARAM ] array (
  'category' => 'lianxiwomen_en',
)
[ info ] [ RUN ] think\addons\Route->execute[ /var/webstars/sustens/vendor/karsonzhang/fastadmin-addons/src/addons/Route.php ]
[ info ] [ LANG ] /var/webstars/sustens/public/../application/common/lang/zh-cn/addon.php
[ info ] [ BEHAVIOR ] Run app\common\behavior\Common @addon_begin [ RunTime:0.000434s ]
[ info ] [ TOKEN ] INIT Mysql
[ info ] [ BEHAVIOR ] Run \addons\ldcms\Ldcms @config_init [ RunTime:0.000038s ]
[ info ] [ LANG ] /var/webstars/sustens/addons/ldcms/lang/en.php
[ info ] [ VIEW ] /var/webstars/sustens/addons/ldcms/view/ldcms2024en/detail_contact.html [ array (
  0 => 'user',
  1 => 'site',
  2 => 'config',
  3 => 'category',
  4 => 'parentsid',
  5 => 'childids',
  6 => 'content',
  7 => 'ld',
  8 => 'topid',
) ]
[ info ] [ SESSION ] INIT array (
  'id' => '',
  'var_session_id' => '',
  'prefix' => 'think',
  'type' => '',
  'auto_start' => true,
)
[ info ] [ LOG ] INIT File
[ error ] [2]Undefined variable $item[/var/webstars/sustens/runtime/temp/cafed341af77881264df2e45a20b020f.php:52]
[ error ] [2]Trying to access array offset on value of type null[/var/webstars/sustens/runtime/temp/cafed341af77881264df2e45a20b020f.php:52]
[ error ] [2]Undefined array key "url"[/var/webstars/sustens/runtime/temp/cafed341af77881264df2e45a20b020f.php:452]
[ error ] [2]Undefined array key "name"[/var/webstars/sustens/runtime/temp/cafed341af77881264df2e45a20b020f.php:452]
[ error ] [2]Undefined array key "url"[/var/webstars/sustens/runtime/temp/cafed341af77881264df2e45a20b020f.php:454]
[ error ] [2]Undefined array key "name"[/var/webstars/sustens/runtime/temp/cafed341af77881264df2e45a20b020f.php:454]
---------------------------------------------------------------
[ 2024-11-18T11:24:36+08:00 ] 10.211.55.2 GET dev.sustens.com/gongsixinwen_en.html
[运行时间：0.184222s] [吞吐率：5.43req/s] [内存消耗：831.61kb] [文件加载：188]
[ info ] [ BEHAVIOR ] Run Closure @app_init [ RunTime:0.000032s ]
[ info ] [ CACHE ] INIT File
[ info ] [ DB ] INIT mysql
[ info ] [ BEHAVIOR ] Run \addons\ldcms\Ldcms @app_init [ RunTime:0.004073s ]
[ info ] [ BEHAVIOR ] Run Closure @app_init [ RunTime:0.004110s ]
[ info ] [ BEHAVIOR ] Run app\common\behavior\Common @app_init [ RunTime:0.000094s ]
[ info ] [ LANG ] /var/webstars/sustens/thinkphp/lang/zh-cn.php
[ info ] [ BEHAVIOR ] Run app\common\behavior\Common @app_dispatch [ RunTime:0.000027s ]
[ info ] [ ROUTE ] array (
  'type' => 'method',
  'method' => 
  array (
    0 => '\\think\\addons\\Route',
    1 => 'execute',
  ),
  'var' => 
  array (
    'addon' => 'ldcms',
    'controller' => 'lists',
    'action' => 'index',
  ),
)
[ info ] [ HEADER ] array (
  'cookie' => 'uid=2; token=50446b79-6f1c-4eb2-9abc-2c19eb7a9159; backend_language=zh-cn; thinkphp_show_page_trace=0|0; PHPSESSID=40vsve0haqvtacvur4afbs4v0t; keeplogin=1%7C86400%7C1731986374%7Cc033686637a60cbe64c2f8276a802fb1; frontend_language=en',
  'accept-language' => 'zh-CN,zh;q=0.9,en;q=0.8',
  'accept-encoding' => 'gzip, deflate',
  'referer' => 'http://dev.sustens.com/chanpinxilie1_en/548.html',
  'accept' => 'text/html,application/xhtml+xml,application/xml;q=0.9,image/avif,image/webp,image/apng,*/*;q=0.8,application/signed-exchange;v=b3;q=0.7',
  'user-agent' => 'Mozilla/5.0 (Macintosh; Intel Mac OS X 10_15_7) AppleWebKit/537.36 (KHTML, like Gecko) Chrome/130.0.0.0 Safari/537.36',
  'upgrade-insecure-requests' => '1',
  'connection' => 'keep-alive',
  'host' => 'dev.sustens.com',
  'content-length' => '',
  'content-type' => '',
)
[ info ] [ PARAM ] array (
  'category' => 'gongsixinwen_en',
)
[ info ] [ RUN ] think\addons\Route->execute[ /var/webstars/sustens/vendor/karsonzhang/fastadmin-addons/src/addons/Route.php ]
[ info ] [ LANG ] /var/webstars/sustens/public/../application/common/lang/zh-cn/addon.php
[ info ] [ BEHAVIOR ] Run app\common\behavior\Common @addon_begin [ RunTime:0.000576s ]
[ info ] [ TOKEN ] INIT Mysql
[ info ] [ BEHAVIOR ] Run \addons\ldcms\Ldcms @config_init [ RunTime:0.000039s ]
[ info ] [ LANG ] /var/webstars/sustens/addons/ldcms/lang/en.php
[ info ] [ VIEW ] /var/webstars/sustens/addons/ldcms/view/ldcms2024en/list_news.html [ array (
  0 => 'user',
  1 => 'site',
  2 => 'config',
  3 => 'category',
  4 => 'parentsid',
  5 => 'childids',
  6 => 'ld',
  7 => 'topid',
) ]
[ info ] [ SESSION ] INIT array (
  'id' => '',
  'var_session_id' => '',
  'prefix' => 'think',
  'type' => '',
  'auto_start' => true,
)
[ info ] [ LOG ] INIT File
[ error ] [2]Undefined variable $item[/var/webstars/sustens/runtime/temp/4a880abd5a005cc72c8db074a6baf84f.php:52]
[ error ] [2]Trying to access array offset on value of type null[/var/webstars/sustens/runtime/temp/4a880abd5a005cc72c8db074a6baf84f.php:52]
[ error ] [2]Undefined array key "url"[/var/webstars/sustens/runtime/temp/4a880abd5a005cc72c8db074a6baf84f.php:473]
[ error ] [2]Undefined array key "name"[/var/webstars/sustens/runtime/temp/4a880abd5a005cc72c8db074a6baf84f.php:473]
[ error ] [2]Undefined array key "url"[/var/webstars/sustens/runtime/temp/4a880abd5a005cc72c8db074a6baf84f.php:475]
[ error ] [2]Undefined array key "name"[/var/webstars/sustens/runtime/temp/4a880abd5a005cc72c8db074a6baf84f.php:475]
---------------------------------------------------------------
[ 2024-11-18T11:24:43+08:00 ] 10.211.55.2 GET dev.sustens.com/lianxiwomen_en.html
[运行时间：0.141071s] [吞吐率：7.09req/s] [内存消耗：807.55kb] [文件加载：184]
[ info ] [ BEHAVIOR ] Run Closure @app_init [ RunTime:0.000024s ]
[ info ] [ CACHE ] INIT File
[ info ] [ DB ] INIT mysql
[ info ] [ BEHAVIOR ] Run \addons\ldcms\Ldcms @app_init [ RunTime:0.004974s ]
[ info ] [ BEHAVIOR ] Run Closure @app_init [ RunTime:0.005001s ]
[ info ] [ BEHAVIOR ] Run app\common\behavior\Common @app_init [ RunTime:0.000092s ]
[ info ] [ LANG ] /var/webstars/sustens/thinkphp/lang/zh-cn.php
[ info ] [ BEHAVIOR ] Run app\common\behavior\Common @app_dispatch [ RunTime:0.000020s ]
[ info ] [ ROUTE ] array (
  'type' => 'method',
  'method' => 
  array (
    0 => '\\think\\addons\\Route',
    1 => 'execute',
  ),
  'var' => 
  array (
    'addon' => 'ldcms',
    'controller' => 'lists',
    'action' => 'index',
  ),
)
[ info ] [ HEADER ] array (
  'cookie' => 'uid=2; token=50446b79-6f1c-4eb2-9abc-2c19eb7a9159; backend_language=zh-cn; thinkphp_show_page_trace=0|0; PHPSESSID=40vsve0haqvtacvur4afbs4v0t; keeplogin=1%7C86400%7C1731986374%7Cc033686637a60cbe64c2f8276a802fb1; frontend_language=en',
  'accept-language' => 'zh-CN,zh;q=0.9,en;q=0.8',
  'accept-encoding' => 'gzip, deflate',
  'referer' => 'http://dev.sustens.com/gongsixinwen_en.html',
  'accept' => 'text/html,application/xhtml+xml,application/xml;q=0.9,image/avif,image/webp,image/apng,*/*;q=0.8,application/signed-exchange;v=b3;q=0.7',
  'user-agent' => 'Mozilla/5.0 (Macintosh; Intel Mac OS X 10_15_7) AppleWebKit/537.36 (KHTML, like Gecko) Chrome/130.0.0.0 Safari/537.36',
  'upgrade-insecure-requests' => '1',
  'connection' => 'keep-alive',
  'host' => 'dev.sustens.com',
  'content-length' => '',
  'content-type' => '',
)
[ info ] [ PARAM ] array (
  'category' => 'lianxiwomen_en',
)
[ info ] [ RUN ] think\addons\Route->execute[ /var/webstars/sustens/vendor/karsonzhang/fastadmin-addons/src/addons/Route.php ]
[ info ] [ LANG ] /var/webstars/sustens/public/../application/common/lang/zh-cn/addon.php
[ info ] [ BEHAVIOR ] Run app\common\behavior\Common @addon_begin [ RunTime:0.001097s ]
[ info ] [ TOKEN ] INIT Mysql
[ info ] [ BEHAVIOR ] Run \addons\ldcms\Ldcms @config_init [ RunTime:0.000045s ]
[ info ] [ LANG ] /var/webstars/sustens/addons/ldcms/lang/en.php
[ info ] [ VIEW ] /var/webstars/sustens/addons/ldcms/view/ldcms2024en/detail_contact.html [ array (
  0 => 'user',
  1 => 'site',
  2 => 'config',
  3 => 'category',
  4 => 'parentsid',
  5 => 'childids',
  6 => 'content',
  7 => 'ld',
  8 => 'topid',
) ]
[ info ] [ SESSION ] INIT array (
  'id' => '',
  'var_session_id' => '',
  'prefix' => 'think',
  'type' => '',
  'auto_start' => true,
)
[ info ] [ LOG ] INIT File
[ error ] [2]Undefined variable $item[/var/webstars/sustens/runtime/temp/cafed341af77881264df2e45a20b020f.php:52]
[ error ] [2]Trying to access array offset on value of type null[/var/webstars/sustens/runtime/temp/cafed341af77881264df2e45a20b020f.php:52]
[ error ] [2]Undefined array key "url"[/var/webstars/sustens/runtime/temp/cafed341af77881264df2e45a20b020f.php:452]
[ error ] [2]Undefined array key "name"[/var/webstars/sustens/runtime/temp/cafed341af77881264df2e45a20b020f.php:452]
[ error ] [2]Undefined array key "url"[/var/webstars/sustens/runtime/temp/cafed341af77881264df2e45a20b020f.php:454]
[ error ] [2]Undefined array key "name"[/var/webstars/sustens/runtime/temp/cafed341af77881264df2e45a20b020f.php:454]
---------------------------------------------------------------
[ 2024-11-18T11:25:06+08:00 ] 10.211.55.2 POST dev.sustens.com/addons/ldcms/diyform/message.html
[运行时间：0.157696s] [吞吐率：6.34req/s] [内存消耗：740.07kb] [文件加载：181]
[ info ] [ BEHAVIOR ] Run Closure @app_init [ RunTime:0.000020s ]
[ info ] [ CACHE ] INIT File
[ info ] [ DB ] INIT mysql
[ info ] [ BEHAVIOR ] Run \addons\ldcms\Ldcms @app_init [ RunTime:0.003285s ]
[ info ] [ BEHAVIOR ] Run Closure @app_init [ RunTime:0.003309s ]
[ info ] [ BEHAVIOR ] Run app\common\behavior\Common @app_init [ RunTime:0.000068s ]
[ info ] [ LANG ] /var/webstars/sustens/thinkphp/lang/zh-cn.php
[ info ] [ BEHAVIOR ] Run app\common\behavior\Common @app_dispatch [ RunTime:0.000014s ]
[ info ] [ ROUTE ] array (
  'type' => 'method',
  'method' => 
  array (
    0 => '\\think\\addons\\Route',
    1 => 'execute',
  ),
  'var' => 
  array (
  ),
)
[ info ] [ HEADER ] array (
  'cookie' => 'thinkphp_show_page_trace=0|0; uid=2; token=50446b79-6f1c-4eb2-9abc-2c19eb7a9159; backend_language=zh-cn; thinkphp_show_page_trace=0|0; PHPSESSID=40vsve0haqvtacvur4afbs4v0t; keeplogin=1%7C86400%7C1731986374%7Cc033686637a60cbe64c2f8276a802fb1; frontend_language=en',
  'accept-language' => 'zh-CN,zh;q=0.9,en;q=0.8',
  'accept-encoding' => 'gzip, deflate',
  'referer' => 'http://dev.sustens.com/lianxiwomen_en.html',
  'accept' => 'text/html,application/xhtml+xml,application/xml;q=0.9,image/avif,image/webp,image/apng,*/*;q=0.8,application/signed-exchange;v=b3;q=0.7',
  'user-agent' => 'Mozilla/5.0 (Macintosh; Intel Mac OS X 10_15_7) AppleWebKit/537.36 (KHTML, like Gecko) Chrome/130.0.0.0 Safari/537.36',
  'upgrade-insecure-requests' => '1',
  'content-type' => 'application/x-www-form-urlencoded',
  'origin' => 'http://dev.sustens.com',
  'cache-control' => 'max-age=0',
  'content-length' => '135',
  'connection' => 'keep-alive',
  'host' => 'dev.sustens.com',
)
[ info ] [ PARAM ] array (
  'uname' => '代发',
  'mobile' => '13651963992',
  'emails' => 'tai@sina.om',
  'companys' => 'taizi',
  'remark' => 'fafaf',
  '__token__' => '945c83da6ede89c2410904b4b9fe0984',
  'addon' => 'ldcms',
  'controller' => 'diyform',
  'action' => 'message',
)
[ info ] [ RUN ] think\addons\Route->execute[ /var/webstars/sustens/vendor/karsonzhang/fastadmin-addons/src/addons/Route.php ]
[ info ] [ LANG ] /var/webstars/sustens/public/../application/common/lang/zh-cn/addon.php
[ info ] [ BEHAVIOR ] Run app\common\behavior\Common @addon_begin [ RunTime:0.000388s ]
[ info ] [ TOKEN ] INIT Mysql
[ info ] [ BEHAVIOR ] Run \addons\ldcms\Ldcms @config_init [ RunTime:0.000027s ]
[ info ] [ LANG ] /var/webstars/sustens/addons/ldcms/lang/en.php
[ info ] [ SESSION ] INIT array (
  'id' => '',
  'var_session_id' => '',
  'prefix' => 'think',
  'type' => '',
  'auto_start' => true,
)
[ info ] [ VIEW ] /var/webstars/sustens/public/../application/common/view/tpl/dispatch_jump.tpl [ array (
  0 => 'user',
  1 => 'site',
  2 => 'config',
  3 => 'ld',
  4 => 'topid',
  5 => 'code',
  6 => 'msg',
  7 => 'data',
  8 => 'url',
  9 => 'wait',
) ]
[ info ] [ LOG ] INIT File
---------------------------------------------------------------
[ 2024-11-18T11:25:09+08:00 ] 10.211.55.2 GET dev.sustens.com/lianxiwomen_en.html
[运行时间：0.124620s] [吞吐率：8.02req/s] [内存消耗：807.69kb] [文件加载：184]
[ info ] [ BEHAVIOR ] Run Closure @app_init [ RunTime:0.000017s ]
[ info ] [ CACHE ] INIT File
[ info ] [ DB ] INIT mysql
[ info ] [ BEHAVIOR ] Run \addons\ldcms\Ldcms @app_init [ RunTime:0.005796s ]
[ info ] [ BEHAVIOR ] Run Closure @app_init [ RunTime:0.005823s ]
[ info ] [ BEHAVIOR ] Run app\common\behavior\Common @app_init [ RunTime:0.000088s ]
[ info ] [ LANG ] /var/webstars/sustens/thinkphp/lang/zh-cn.php
[ info ] [ BEHAVIOR ] Run app\common\behavior\Common @app_dispatch [ RunTime:0.000024s ]
[ info ] [ ROUTE ] array (
  'type' => 'method',
  'method' => 
  array (
    0 => '\\think\\addons\\Route',
    1 => 'execute',
  ),
  'var' => 
  array (
    'addon' => 'ldcms',
    'controller' => 'lists',
    'action' => 'index',
  ),
)
[ info ] [ HEADER ] array (
  'cookie' => 'uid=2; token=50446b79-6f1c-4eb2-9abc-2c19eb7a9159; backend_language=zh-cn; thinkphp_show_page_trace=0|0; PHPSESSID=40vsve0haqvtacvur4afbs4v0t; keeplogin=1%7C86400%7C1731986374%7Cc033686637a60cbe64c2f8276a802fb1; frontend_language=en',
  'accept-language' => 'zh-CN,zh;q=0.9,en;q=0.8',
  'accept-encoding' => 'gzip, deflate',
  'referer' => 'http://dev.sustens.com/addons/ldcms/diyform/message.html',
  'accept' => 'text/html,application/xhtml+xml,application/xml;q=0.9,image/avif,image/webp,image/apng,*/*;q=0.8,application/signed-exchange;v=b3;q=0.7',
  'user-agent' => 'Mozilla/5.0 (Macintosh; Intel Mac OS X 10_15_7) AppleWebKit/537.36 (KHTML, like Gecko) Chrome/130.0.0.0 Safari/537.36',
  'upgrade-insecure-requests' => '1',
  'connection' => 'keep-alive',
  'host' => 'dev.sustens.com',
  'content-length' => '',
  'content-type' => '',
)
[ info ] [ PARAM ] array (
  'category' => 'lianxiwomen_en',
)
[ info ] [ RUN ] think\addons\Route->execute[ /var/webstars/sustens/vendor/karsonzhang/fastadmin-addons/src/addons/Route.php ]
[ info ] [ LANG ] /var/webstars/sustens/public/../application/common/lang/zh-cn/addon.php
[ info ] [ BEHAVIOR ] Run app\common\behavior\Common @addon_begin [ RunTime:0.000111s ]
[ info ] [ TOKEN ] INIT Mysql
[ info ] [ BEHAVIOR ] Run \addons\ldcms\Ldcms @config_init [ RunTime:0.000038s ]
[ info ] [ LANG ] /var/webstars/sustens/addons/ldcms/lang/en.php
[ info ] [ VIEW ] /var/webstars/sustens/addons/ldcms/view/ldcms2024en/detail_contact.html [ array (
  0 => 'user',
  1 => 'site',
  2 => 'config',
  3 => 'category',
  4 => 'parentsid',
  5 => 'childids',
  6 => 'content',
  7 => 'ld',
  8 => 'topid',
) ]
[ info ] [ SESSION ] INIT array (
  'id' => '',
  'var_session_id' => '',
  'prefix' => 'think',
  'type' => '',
  'auto_start' => true,
)
[ info ] [ LOG ] INIT File
[ error ] [2]Undefined variable $item[/var/webstars/sustens/runtime/temp/cafed341af77881264df2e45a20b020f.php:52]
[ error ] [2]Trying to access array offset on value of type null[/var/webstars/sustens/runtime/temp/cafed341af77881264df2e45a20b020f.php:52]
[ error ] [2]Undefined array key "url"[/var/webstars/sustens/runtime/temp/cafed341af77881264df2e45a20b020f.php:452]
[ error ] [2]Undefined array key "name"[/var/webstars/sustens/runtime/temp/cafed341af77881264df2e45a20b020f.php:452]
[ error ] [2]Undefined array key "url"[/var/webstars/sustens/runtime/temp/cafed341af77881264df2e45a20b020f.php:454]
[ error ] [2]Undefined array key "name"[/var/webstars/sustens/runtime/temp/cafed341af77881264df2e45a20b020f.php:454]
---------------------------------------------------------------
[ 2024-11-18T11:25:25+08:00 ] 10.211.55.2 GET dev.sustens.com/MTyvDCHVOo.php/ldcms/models?addtabs=1
[运行时间：0.273333s] [吞吐率：3.66req/s] [内存消耗：642.52kb] [文件加载：94]
[ info ] [ BEHAVIOR ] Run Closure @app_init [ RunTime:0.000023s ]
[ info ] [ CACHE ] INIT File
[ info ] [ DB ] INIT mysql
[ info ] [ BEHAVIOR ] Run \addons\ldcms\Ldcms @app_init [ RunTime:0.014098s ]
[ info ] [ BEHAVIOR ] Run Closure @app_init [ RunTime:0.014153s ]
[ info ] [ BEHAVIOR ] Run app\common\behavior\Common @app_init [ RunTime:0.001574s ]
[ info ] [ LANG ] /var/webstars/sustens/thinkphp/lang/zh-cn.php
[ info ] [ BEHAVIOR ] Run app\common\behavior\Common @app_dispatch [ RunTime:0.000027s ]
[ info ] [ ROUTE ] array (
  'type' => 'module',
  'module' => 
  array (
    0 => 'admin',
    1 => 'ldcms.models',
    2 => NULL,
  ),
)
[ info ] [ HEADER ] array (
  'cookie' => 'thinkphp_show_page_trace=0|0; thinkphp_show_page_trace=0|0; uid=2; token=50446b79-6f1c-4eb2-9abc-2c19eb7a9159; backend_language=zh-cn; thinkphp_show_page_trace=0|0; PHPSESSID=40vsve0haqvtacvur4afbs4v0t; keeplogin=1%7C86400%7C1731986374%7Cc033686637a60cbe64c2f8276a802fb1; frontend_language=en',
  'accept-language' => 'zh-CN,zh;q=0.9,en;q=0.8',
  'accept-encoding' => 'gzip, deflate',
  'accept' => 'text/html,application/xhtml+xml,application/xml;q=0.9,image/avif,image/webp,image/apng,*/*;q=0.8,application/signed-exchange;v=b3;q=0.7',
  'user-agent' => 'Mozilla/5.0 (Macintosh; Intel Mac OS X 10_15_7) AppleWebKit/537.36 (KHTML, like Gecko) Chrome/130.0.0.0 Safari/537.36',
  'upgrade-insecure-requests' => '1',
  'connection' => 'keep-alive',
  'host' => 'dev.sustens.com',
  'content-length' => '',
  'content-type' => '',
)
[ info ] [ PARAM ] array (
  'addtabs' => '1',
)
[ info ] [ LANG ] /var/webstars/sustens/public/../application/admin/lang/zh-cn.php
[ info ] [ BEHAVIOR ] Run app\common\behavior\Common @module_init [ RunTime:0.001196s ]
[ info ] [ SESSION ] INIT array (
  'id' => '',
  'var_session_id' => '',
  'prefix' => 'think',
  'type' => '',
  'auto_start' => true,
)
[ info ] [ BEHAVIOR ] Run \addons\ldcms\Ldcms @config_init [ RunTime:0.000043s ]
[ info ] [ LANG ] /var/webstars/sustens/public/../application/admin/lang/zh-cn/ldcms/models.php
[ info ] [ RUN ] app\common\controller\Backend->index[ /var/webstars/sustens/application/admin/library/traits/Backend.php ]
[ info ] [ VIEW ] /var/webstars/sustens/public/../application/admin/view/ldcms/models/index.html [ array (
  0 => 'breadcrumb',
  1 => 'site',
  2 => 'config',
  3 => 'auth',
  4 => 'admin',
  5 => 'addon_config',
) ]
[ info ] [ BEHAVIOR ] Run app\admin\behavior\AdminLog @app_end [ RunTime:0.001037s ]
[ info ] [ LOG ] INIT File
---------------------------------------------------------------
[ 2024-11-18T11:25:26+08:00 ] 10.211.55.2 GET dev.sustens.com/MTyvDCHVOo.php/ajax/lang?callback=define&controllername=ldcms.models&lang=zh-cn&v=1731900325
[运行时间：0.021183s] [吞吐率：47.21req/s] [内存消耗：304.48kb] [文件加载：91]
[ info ] [ BEHAVIOR ] Run Closure @app_init [ RunTime:0.000026s ]
[ info ] [ CACHE ] INIT File
[ info ] [ DB ] INIT mysql
[ info ] [ BEHAVIOR ] Run \addons\ldcms\Ldcms @app_init [ RunTime:0.001951s ]
[ info ] [ BEHAVIOR ] Run Closure @app_init [ RunTime:0.001974s ]
[ info ] [ BEHAVIOR ] Run app\common\behavior\Common @app_init [ RunTime:0.000054s ]
[ info ] [ LANG ] /var/webstars/sustens/thinkphp/lang/zh-cn.php
[ info ] [ BEHAVIOR ] Run app\common\behavior\Common @app_dispatch [ RunTime:0.000017s ]
[ info ] [ ROUTE ] array (
  'type' => 'module',
  'module' => 
  array (
    0 => 'admin',
    1 => 'ajax',
    2 => 'lang',
  ),
)
[ info ] [ HEADER ] array (
  'cookie' => 'thinkphp_show_page_trace=0|0; uid=2; token=50446b79-6f1c-4eb2-9abc-2c19eb7a9159; backend_language=zh-cn; thinkphp_show_page_trace=0|0; PHPSESSID=40vsve0haqvtacvur4afbs4v0t; keeplogin=1%7C86400%7C1731986374%7Cc033686637a60cbe64c2f8276a802fb1; frontend_language=en',
  'accept-language' => 'zh-CN,zh;q=0.9,en;q=0.8',
  'accept-encoding' => 'gzip, deflate',
  'accept' => '*/*',
  'user-agent' => 'Mozilla/5.0 (Macintosh; Intel Mac OS X 10_15_7) AppleWebKit/537.36 (KHTML, like Gecko) Chrome/130.0.0.0 Safari/537.36',
  'connection' => 'keep-alive',
  'host' => 'dev.sustens.com',
  'content-length' => '',
  'content-type' => '',
)
[ info ] [ PARAM ] array (
  'callback' => 'define',
  'controllername' => 'ldcms.models',
  'lang' => 'zh-cn',
  'v' => '1731900325',
)
[ info ] [ LANG ] /var/webstars/sustens/public/../application/admin/lang/zh-cn.php
[ info ] [ BEHAVIOR ] Run app\common\behavior\Common @module_init [ RunTime:0.000067s ]
[ info ] [ SESSION ] INIT array (
  'id' => '',
  'var_session_id' => '',
  'prefix' => 'think',
  'type' => '',
  'auto_start' => true,
)
[ info ] [ BEHAVIOR ] Run \addons\ldcms\Ldcms @config_init [ RunTime:0.000029s ]
[ info ] [ LANG ] /var/webstars/sustens/public/../application/admin/lang/zh-cn/ajax.php
[ info ] [ RUN ] app\admin\controller\Ajax->lang[ /var/webstars/sustens/application/admin/controller/Ajax.php ]
[ info ] [ LANG ] /var/webstars/sustens/public/../application/admin/lang/zh-cn/ldcms/models.php
[ info ] [ BEHAVIOR ] Run app\admin\behavior\AdminLog @app_end [ RunTime:0.000045s ]
[ info ] [ LOG ] INIT File
---------------------------------------------------------------
[ 2024-11-18T11:25:26+08:00 ] 10.211.55.2 GET dev.sustens.com/MTyvDCHVOo.php/ldcms/models/index?addtabs=1&sort=id&order=desc&offset=0&limit=10&filter=%7B%7D&op=%7B%7D&_=1731900326387
[运行时间：0.060700s] [吞吐率：16.47req/s] [内存消耗：652.01kb] [文件加载：95]
[ info ] [ BEHAVIOR ] Run Closure @app_init [ RunTime:0.000027s ]
[ info ] [ CACHE ] INIT File
[ info ] [ DB ] INIT mysql
[ info ] [ BEHAVIOR ] Run \addons\ldcms\Ldcms @app_init [ RunTime:0.006549s ]
[ info ] [ BEHAVIOR ] Run Closure @app_init [ RunTime:0.006575s ]
[ info ] [ BEHAVIOR ] Run app\common\behavior\Common @app_init [ RunTime:0.000107s ]
[ info ] [ LANG ] /var/webstars/sustens/thinkphp/lang/zh-cn.php
[ info ] [ BEHAVIOR ] Run app\common\behavior\Common @app_dispatch [ RunTime:0.000017s ]
[ info ] [ ROUTE ] array (
  'type' => 'module',
  'module' => 
  array (
    0 => 'admin',
    1 => 'ldcms.models',
    2 => 'index',
  ),
)
[ info ] [ HEADER ] array (
  'cookie' => 'thinkphp_show_page_trace=0|0; thinkphp_show_page_trace=0|0; uid=2; token=50446b79-6f1c-4eb2-9abc-2c19eb7a9159; backend_language=zh-cn; thinkphp_show_page_trace=0|0; PHPSESSID=40vsve0haqvtacvur4afbs4v0t; keeplogin=1%7C86400%7C1731986374%7Cc033686637a60cbe64c2f8276a802fb1; frontend_language=en',
  'accept-language' => 'zh-CN,zh;q=0.9,en;q=0.8',
  'accept-encoding' => 'gzip, deflate',
  'content-type' => 'application/json',
  'accept' => 'application/json, text/javascript, */*; q=0.01',
  'user-agent' => 'Mozilla/5.0 (Macintosh; Intel Mac OS X 10_15_7) AppleWebKit/537.36 (KHTML, like Gecko) Chrome/130.0.0.0 Safari/537.36',
  'x-requested-with' => 'XMLHttpRequest',
  'connection' => 'keep-alive',
  'host' => 'dev.sustens.com',
  'content-length' => '',
)
[ info ] [ PARAM ] array (
  'addtabs' => '1',
  'sort' => 'id',
  'order' => 'desc',
  'offset' => '0',
  'limit' => '10',
  'filter' => '{}',
  'op' => '{}',
  '_' => '1731900326387',
)
[ info ] [ LANG ] /var/webstars/sustens/public/../application/admin/lang/zh-cn.php
[ info ] [ BEHAVIOR ] Run app\common\behavior\Common @module_init [ RunTime:0.000102s ]
[ info ] [ SESSION ] INIT array (
  'id' => '',
  'var_session_id' => '',
  'prefix' => 'think',
  'type' => '',
  'auto_start' => true,
)
[ info ] [ BEHAVIOR ] Run \addons\ldcms\Ldcms @config_init [ RunTime:0.000052s ]
[ info ] [ LANG ] /var/webstars/sustens/public/../application/admin/lang/zh-cn/ldcms/models.php
[ info ] [ RUN ] app\common\controller\Backend->index[ /var/webstars/sustens/application/admin/library/traits/Backend.php ]
[ info ] [ BEHAVIOR ] Run app\admin\behavior\AdminLog @app_end [ RunTime:0.000039s ]
[ info ] [ LOG ] INIT File
---------------------------------------------------------------
[ 2024-11-18T11:25:46+08:00 ] 10.211.55.2 GET dev.sustens.com/MTyvDCHVOo.php/ldcms/models/edit/ids/13?dialog=1
[运行时间：0.097934s] [吞吐率：10.21req/s] [内存消耗：735.15kb] [文件加载：98]
[ info ] [ BEHAVIOR ] Run Closure @app_init [ RunTime:0.000020s ]
[ info ] [ CACHE ] INIT File
[ info ] [ DB ] INIT mysql
[ info ] [ BEHAVIOR ] Run \addons\ldcms\Ldcms @app_init [ RunTime:0.002500s ]
[ info ] [ BEHAVIOR ] Run Closure @app_init [ RunTime:0.002526s ]
[ info ] [ BEHAVIOR ] Run app\common\behavior\Common @app_init [ RunTime:0.000079s ]
[ info ] [ LANG ] /var/webstars/sustens/thinkphp/lang/zh-cn.php
[ info ] [ BEHAVIOR ] Run app\common\behavior\Common @app_dispatch [ RunTime:0.000016s ]
[ info ] [ ROUTE ] array (
  'type' => 'module',
  'module' => 
  array (
    0 => 'admin',
    1 => 'ldcms.models',
    2 => 'edit',
  ),
)
[ info ] [ HEADER ] array (
  'cookie' => 'thinkphp_show_page_trace=0|0; thinkphp_show_page_trace=0|0; uid=2; token=50446b79-6f1c-4eb2-9abc-2c19eb7a9159; backend_language=zh-cn; thinkphp_show_page_trace=0|0; PHPSESSID=40vsve0haqvtacvur4afbs4v0t; keeplogin=1%7C86400%7C1731986374%7Cc033686637a60cbe64c2f8276a802fb1; frontend_language=en',
  'accept-language' => 'zh-CN,zh;q=0.9,en;q=0.8',
  'accept-encoding' => 'gzip, deflate',
  'accept' => 'text/html,application/xhtml+xml,application/xml;q=0.9,image/avif,image/webp,image/apng,*/*;q=0.8,application/signed-exchange;v=b3;q=0.7',
  'user-agent' => 'Mozilla/5.0 (Macintosh; Intel Mac OS X 10_15_7) AppleWebKit/537.36 (KHTML, like Gecko) Chrome/130.0.0.0 Safari/537.36',
  'upgrade-insecure-requests' => '1',
  'connection' => 'keep-alive',
  'host' => 'dev.sustens.com',
  'content-length' => '',
  'content-type' => '',
)
[ info ] [ PARAM ] array (
  'dialog' => '1',
  'ids' => '13',
)
[ info ] [ LANG ] /var/webstars/sustens/public/../application/admin/lang/zh-cn.php
[ info ] [ BEHAVIOR ] Run app\common\behavior\Common @module_init [ RunTime:0.000275s ]
[ info ] [ SESSION ] INIT array (
  'id' => '',
  'var_session_id' => '',
  'prefix' => 'think',
  'type' => '',
  'auto_start' => true,
)
[ info ] [ BEHAVIOR ] Run \addons\ldcms\Ldcms @config_init [ RunTime:0.000045s ]
[ info ] [ LANG ] /var/webstars/sustens/public/../application/admin/lang/zh-cn/ldcms/models.php
[ info ] [ RUN ] app\admin\controller\ldcms\Models->edit[ /var/webstars/sustens/application/admin/controller/ldcms/Models.php ]
[ info ] [ VIEW ] /var/webstars/sustens/public/../application/admin/view/../../../addons/ldcms/utils/builder/view/fields.html [ array (
  0 => 'breadcrumb',
  1 => 'site',
  2 => 'config',
  3 => 'auth',
  4 => 'admin',
  5 => 'addon_config',
  6 => 'isForm',
  7 => 'fields',
  8 => 'tab_group',
  9 => 'item_group',
  10 => 'field_show',
) ]
[ info ] [ BEHAVIOR ] Run app\admin\behavior\AdminLog @app_end [ RunTime:0.000035s ]
[ info ] [ LOG ] INIT File
---------------------------------------------------------------
[ 2024-11-18T11:25:47+08:00 ] 10.211.55.2 GET dev.sustens.com/MTyvDCHVOo.php/ajax/lang?callback=define&controllername=ldcms.models&lang=zh-cn&v=1731900346
[运行时间：0.019500s] [吞吐率：51.28req/s] [内存消耗：304.48kb] [文件加载：91]
[ info ] [ BEHAVIOR ] Run Closure @app_init [ RunTime:0.000018s ]
[ info ] [ CACHE ] INIT File
[ info ] [ DB ] INIT mysql
[ info ] [ BEHAVIOR ] Run \addons\ldcms\Ldcms @app_init [ RunTime:0.003599s ]
[ info ] [ BEHAVIOR ] Run Closure @app_init [ RunTime:0.003625s ]
[ info ] [ BEHAVIOR ] Run app\common\behavior\Common @app_init [ RunTime:0.000067s ]
[ info ] [ LANG ] /var/webstars/sustens/thinkphp/lang/zh-cn.php
[ info ] [ BEHAVIOR ] Run app\common\behavior\Common @app_dispatch [ RunTime:0.000017s ]
[ info ] [ ROUTE ] array (
  'type' => 'module',
  'module' => 
  array (
    0 => 'admin',
    1 => 'ajax',
    2 => 'lang',
  ),
)
[ info ] [ HEADER ] array (
  'cookie' => 'thinkphp_show_page_trace=0|0; uid=2; token=50446b79-6f1c-4eb2-9abc-2c19eb7a9159; backend_language=zh-cn; thinkphp_show_page_trace=0|0; PHPSESSID=40vsve0haqvtacvur4afbs4v0t; keeplogin=1%7C86400%7C1731986374%7Cc033686637a60cbe64c2f8276a802fb1; frontend_language=en',
  'accept-language' => 'zh-CN,zh;q=0.9,en;q=0.8',
  'accept-encoding' => 'gzip, deflate',
  'accept' => '*/*',
  'user-agent' => 'Mozilla/5.0 (Macintosh; Intel Mac OS X 10_15_7) AppleWebKit/537.36 (KHTML, like Gecko) Chrome/130.0.0.0 Safari/537.36',
  'connection' => 'keep-alive',
  'host' => 'dev.sustens.com',
  'content-length' => '',
  'content-type' => '',
)
[ info ] [ PARAM ] array (
  'callback' => 'define',
  'controllername' => 'ldcms.models',
  'lang' => 'zh-cn',
  'v' => '1731900346',
)
[ info ] [ LANG ] /var/webstars/sustens/public/../application/admin/lang/zh-cn.php
[ info ] [ BEHAVIOR ] Run app\common\behavior\Common @module_init [ RunTime:0.000244s ]
[ info ] [ SESSION ] INIT array (
  'id' => '',
  'var_session_id' => '',
  'prefix' => 'think',
  'type' => '',
  'auto_start' => true,
)
[ info ] [ BEHAVIOR ] Run \addons\ldcms\Ldcms @config_init [ RunTime:0.000039s ]
[ info ] [ LANG ] /var/webstars/sustens/public/../application/admin/lang/zh-cn/ajax.php
[ info ] [ RUN ] app\admin\controller\Ajax->lang[ /var/webstars/sustens/application/admin/controller/Ajax.php ]
[ info ] [ LANG ] /var/webstars/sustens/public/../application/admin/lang/zh-cn/ldcms/models.php
[ info ] [ BEHAVIOR ] Run app\admin\behavior\AdminLog @app_end [ RunTime:0.000029s ]
[ info ] [ LOG ] INIT File
---------------------------------------------------------------
[ 2024-11-18T11:26:04+08:00 ] 10.211.55.2 GET dev.sustens.com/MTyvDCHVOo.php/ldcms/models/add?dialog=1
[运行时间：0.092526s] [吞吐率：10.81req/s] [内存消耗：724.65kb] [文件加载：97]
[ info ] [ BEHAVIOR ] Run Closure @app_init [ RunTime:0.000029s ]
[ info ] [ CACHE ] INIT File
[ info ] [ DB ] INIT mysql
[ info ] [ BEHAVIOR ] Run \addons\ldcms\Ldcms @app_init [ RunTime:0.003021s ]
[ info ] [ BEHAVIOR ] Run Closure @app_init [ RunTime:0.003047s ]
[ info ] [ BEHAVIOR ] Run app\common\behavior\Common @app_init [ RunTime:0.000111s ]
[ info ] [ LANG ] /var/webstars/sustens/thinkphp/lang/zh-cn.php
[ info ] [ BEHAVIOR ] Run app\common\behavior\Common @app_dispatch [ RunTime:0.000019s ]
[ info ] [ ROUTE ] array (
  'type' => 'module',
  'module' => 
  array (
    0 => 'admin',
    1 => 'ldcms.models',
    2 => 'add',
  ),
)
[ info ] [ HEADER ] array (
  'cookie' => 'thinkphp_show_page_trace=0|0; thinkphp_show_page_trace=0|0; uid=2; token=50446b79-6f1c-4eb2-9abc-2c19eb7a9159; backend_language=zh-cn; thinkphp_show_page_trace=0|0; PHPSESSID=40vsve0haqvtacvur4afbs4v0t; keeplogin=1%7C86400%7C1731986374%7Cc033686637a60cbe64c2f8276a802fb1; frontend_language=en',
  'accept-language' => 'zh-CN,zh;q=0.9,en;q=0.8',
  'accept-encoding' => 'gzip, deflate',
  'accept' => 'text/html,application/xhtml+xml,application/xml;q=0.9,image/avif,image/webp,image/apng,*/*;q=0.8,application/signed-exchange;v=b3;q=0.7',
  'user-agent' => 'Mozilla/5.0 (Macintosh; Intel Mac OS X 10_15_7) AppleWebKit/537.36 (KHTML, like Gecko) Chrome/130.0.0.0 Safari/537.36',
  'upgrade-insecure-requests' => '1',
  'connection' => 'keep-alive',
  'host' => 'dev.sustens.com',
  'content-length' => '',
  'content-type' => '',
)
[ info ] [ PARAM ] array (
  'dialog' => '1',
)
[ info ] [ LANG ] /var/webstars/sustens/public/../application/admin/lang/zh-cn.php
[ info ] [ BEHAVIOR ] Run app\common\behavior\Common @module_init [ RunTime:0.000082s ]
[ info ] [ SESSION ] INIT array (
  'id' => '',
  'var_session_id' => '',
  'prefix' => 'think',
  'type' => '',
  'auto_start' => true,
)
[ info ] [ BEHAVIOR ] Run \addons\ldcms\Ldcms @config_init [ RunTime:0.000041s ]
[ info ] [ LANG ] /var/webstars/sustens/public/../application/admin/lang/zh-cn/ldcms/models.php
[ info ] [ RUN ] app\admin\controller\ldcms\Models->add[ /var/webstars/sustens/application/admin/controller/ldcms/Models.php ]
[ info ] [ VIEW ] /var/webstars/sustens/public/../application/admin/view/../../../addons/ldcms/utils/builder/view/fields.html [ array (
  0 => 'breadcrumb',
  1 => 'site',
  2 => 'config',
  3 => 'auth',
  4 => 'admin',
  5 => 'addon_config',
  6 => 'isForm',
  7 => 'fields',
  8 => 'tab_group',
  9 => 'item_group',
  10 => 'field_show',
) ]
[ info ] [ BEHAVIOR ] Run app\admin\behavior\AdminLog @app_end [ RunTime:0.000045s ]
[ info ] [ LOG ] INIT File
---------------------------------------------------------------
[ 2024-11-18T11:26:04+08:00 ] 10.211.55.2 GET dev.sustens.com/MTyvDCHVOo.php/ajax/lang?callback=define&controllername=ldcms.models&lang=zh-cn&v=1731900364
[运行时间：0.023088s] [吞吐率：43.31req/s] [内存消耗：304.48kb] [文件加载：91]
[ info ] [ BEHAVIOR ] Run Closure @app_init [ RunTime:0.000018s ]
[ info ] [ CACHE ] INIT File
[ info ] [ DB ] INIT mysql
[ info ] [ BEHAVIOR ] Run \addons\ldcms\Ldcms @app_init [ RunTime:0.002099s ]
[ info ] [ BEHAVIOR ] Run Closure @app_init [ RunTime:0.002121s ]
[ info ] [ BEHAVIOR ] Run app\common\behavior\Common @app_init [ RunTime:0.000051s ]
[ info ] [ LANG ] /var/webstars/sustens/thinkphp/lang/zh-cn.php
[ info ] [ BEHAVIOR ] Run app\common\behavior\Common @app_dispatch [ RunTime:0.000012s ]
[ info ] [ ROUTE ] array (
  'type' => 'module',
  'module' => 
  array (
    0 => 'admin',
    1 => 'ajax',
    2 => 'lang',
  ),
)
[ info ] [ HEADER ] array (
  'cookie' => 'thinkphp_show_page_trace=0|0; uid=2; token=50446b79-6f1c-4eb2-9abc-2c19eb7a9159; backend_language=zh-cn; thinkphp_show_page_trace=0|0; PHPSESSID=40vsve0haqvtacvur4afbs4v0t; keeplogin=1%7C86400%7C1731986374%7Cc033686637a60cbe64c2f8276a802fb1; frontend_language=en',
  'accept-language' => 'zh-CN,zh;q=0.9,en;q=0.8',
  'accept-encoding' => 'gzip, deflate',
  'accept' => '*/*',
  'user-agent' => 'Mozilla/5.0 (Macintosh; Intel Mac OS X 10_15_7) AppleWebKit/537.36 (KHTML, like Gecko) Chrome/130.0.0.0 Safari/537.36',
  'connection' => 'keep-alive',
  'host' => 'dev.sustens.com',
  'content-length' => '',
  'content-type' => '',
)
[ info ] [ PARAM ] array (
  'callback' => 'define',
  'controllername' => 'ldcms.models',
  'lang' => 'zh-cn',
  'v' => '1731900364',
)
[ info ] [ LANG ] /var/webstars/sustens/public/../application/admin/lang/zh-cn.php
[ info ] [ BEHAVIOR ] Run app\common\behavior\Common @module_init [ RunTime:0.000058s ]
[ info ] [ SESSION ] INIT array (
  'id' => '',
  'var_session_id' => '',
  'prefix' => 'think',
  'type' => '',
  'auto_start' => true,
)
[ info ] [ BEHAVIOR ] Run \addons\ldcms\Ldcms @config_init [ RunTime:0.000028s ]
[ info ] [ LANG ] /var/webstars/sustens/public/../application/admin/lang/zh-cn/ajax.php
[ info ] [ RUN ] app\admin\controller\Ajax->lang[ /var/webstars/sustens/application/admin/controller/Ajax.php ]
[ info ] [ LANG ] /var/webstars/sustens/public/../application/admin/lang/zh-cn/ldcms/models.php
[ info ] [ BEHAVIOR ] Run app\admin\behavior\AdminLog @app_end [ RunTime:0.000020s ]
[ info ] [ LOG ] INIT File
---------------------------------------------------------------
[ 2024-11-18T11:26:49+08:00 ] 10.211.55.2 GET dev.sustens.com/MTyvDCHVOo.php/ldcms/models/add?dialog=1
[运行时间：0.569158s] [吞吐率：1.76req/s] [内存消耗：724.84kb] [文件加载：97]
[ info ] [ BEHAVIOR ] Run Closure @app_init [ RunTime:0.000025s ]
[ info ] [ CACHE ] INIT File
[ info ] [ DB ] INIT mysql
[ info ] [ BEHAVIOR ] Run \addons\ldcms\Ldcms @app_init [ RunTime:0.034753s ]
[ info ] [ BEHAVIOR ] Run Closure @app_init [ RunTime:0.034783s ]
[ info ] [ BEHAVIOR ] Run app\common\behavior\Common @app_init [ RunTime:0.003354s ]
[ info ] [ LANG ] /var/webstars/sustens/thinkphp/lang/zh-cn.php
[ info ] [ BEHAVIOR ] Run app\common\behavior\Common @app_dispatch [ RunTime:0.000038s ]
[ info ] [ ROUTE ] array (
  'type' => 'module',
  'module' => 
  array (
    0 => 'admin',
    1 => 'ldcms.models',
    2 => 'add',
  ),
)
[ info ] [ HEADER ] array (
  'cookie' => 'thinkphp_show_page_trace=0|0; thinkphp_show_page_trace=0|0; thinkphp_show_page_trace=0|0; uid=2; token=50446b79-6f1c-4eb2-9abc-2c19eb7a9159; backend_language=zh-cn; thinkphp_show_page_trace=0|0; PHPSESSID=40vsve0haqvtacvur4afbs4v0t; keeplogin=1%7C86400%7C1731986374%7Cc033686637a60cbe64c2f8276a802fb1; frontend_language=en',
  'accept-language' => 'zh-CN,zh;q=0.9,en;q=0.8',
  'accept-encoding' => 'gzip, deflate',
  'accept' => 'text/html,application/xhtml+xml,application/xml;q=0.9,image/avif,image/webp,image/apng,*/*;q=0.8,application/signed-exchange;v=b3;q=0.7',
  'user-agent' => 'Mozilla/5.0 (Macintosh; Intel Mac OS X 10_15_7) AppleWebKit/537.36 (KHTML, like Gecko) Chrome/130.0.0.0 Safari/537.36',
  'upgrade-insecure-requests' => '1',
  'connection' => 'keep-alive',
  'host' => 'dev.sustens.com',
  'content-length' => '',
  'content-type' => '',
)
[ info ] [ PARAM ] array (
  'dialog' => '1',
)
[ info ] [ LANG ] /var/webstars/sustens/public/../application/admin/lang/zh-cn.php
[ info ] [ BEHAVIOR ] Run app\common\behavior\Common @module_init [ RunTime:0.010994s ]
[ info ] [ SESSION ] INIT array (
  'id' => '',
  'var_session_id' => '',
  'prefix' => 'think',
  'type' => '',
  'auto_start' => true,
)
[ info ] [ BEHAVIOR ] Run \addons\ldcms\Ldcms @config_init [ RunTime:0.000062s ]
[ info ] [ LANG ] /var/webstars/sustens/public/../application/admin/lang/zh-cn/ldcms/models.php
[ info ] [ RUN ] app\admin\controller\ldcms\Models->add[ /var/webstars/sustens/application/admin/controller/ldcms/Models.php ]
[ info ] [ VIEW ] /var/webstars/sustens/public/../application/admin/view/../../../addons/ldcms/utils/builder/view/fields.html [ array (
  0 => 'breadcrumb',
  1 => 'site',
  2 => 'config',
  3 => 'auth',
  4 => 'admin',
  5 => 'addon_config',
  6 => 'isForm',
  7 => 'fields',
  8 => 'tab_group',
  9 => 'item_group',
  10 => 'field_show',
) ]
[ info ] [ BEHAVIOR ] Run app\admin\behavior\AdminLog @app_end [ RunTime:0.001165s ]
[ info ] [ LOG ] INIT File
---------------------------------------------------------------
[ 2024-11-18T11:26:50+08:00 ] 10.211.55.2 GET dev.sustens.com/MTyvDCHVOo.php/ajax/lang?callback=define&controllername=ldcms.models&lang=zh-cn&v=1731900409
[运行时间：0.127331s] [吞吐率：7.85req/s] [内存消耗：304.48kb] [文件加载：91]
[ info ] [ BEHAVIOR ] Run Closure @app_init [ RunTime:0.000023s ]
[ info ] [ CACHE ] INIT File
[ info ] [ DB ] INIT mysql
[ info ] [ BEHAVIOR ] Run \addons\ldcms\Ldcms @app_init [ RunTime:0.050531s ]
[ info ] [ BEHAVIOR ] Run Closure @app_init [ RunTime:0.050558s ]
[ info ] [ BEHAVIOR ] Run app\common\behavior\Common @app_init [ RunTime:0.000075s ]
[ info ] [ LANG ] /var/webstars/sustens/thinkphp/lang/zh-cn.php
[ info ] [ BEHAVIOR ] Run app\common\behavior\Common @app_dispatch [ RunTime:0.000015s ]
[ info ] [ ROUTE ] array (
  'type' => 'module',
  'module' => 
  array (
    0 => 'admin',
    1 => 'ajax',
    2 => 'lang',
  ),
)
[ info ] [ HEADER ] array (
  'cookie' => 'thinkphp_show_page_trace=0|0; uid=2; token=50446b79-6f1c-4eb2-9abc-2c19eb7a9159; backend_language=zh-cn; thinkphp_show_page_trace=0|0; PHPSESSID=40vsve0haqvtacvur4afbs4v0t; keeplogin=1%7C86400%7C1731986374%7Cc033686637a60cbe64c2f8276a802fb1; frontend_language=en',
  'accept-language' => 'zh-CN,zh;q=0.9,en;q=0.8',
  'accept-encoding' => 'gzip, deflate',
  'accept' => '*/*',
  'user-agent' => 'Mozilla/5.0 (Macintosh; Intel Mac OS X 10_15_7) AppleWebKit/537.36 (KHTML, like Gecko) Chrome/130.0.0.0 Safari/537.36',
  'connection' => 'keep-alive',
  'host' => 'dev.sustens.com',
  'content-length' => '',
  'content-type' => '',
)
[ info ] [ PARAM ] array (
  'callback' => 'define',
  'controllername' => 'ldcms.models',
  'lang' => 'zh-cn',
  'v' => '1731900409',
)
[ info ] [ LANG ] /var/webstars/sustens/public/../application/admin/lang/zh-cn.php
[ info ] [ BEHAVIOR ] Run app\common\behavior\Common @module_init [ RunTime:0.000095s ]
[ info ] [ SESSION ] INIT array (
  'id' => '',
  'var_session_id' => '',
  'prefix' => 'think',
  'type' => '',
  'auto_start' => true,
)
[ info ] [ BEHAVIOR ] Run \addons\ldcms\Ldcms @config_init [ RunTime:0.000040s ]
[ info ] [ LANG ] /var/webstars/sustens/public/../application/admin/lang/zh-cn/ajax.php
[ info ] [ RUN ] app\admin\controller\Ajax->lang[ /var/webstars/sustens/application/admin/controller/Ajax.php ]
[ info ] [ LANG ] /var/webstars/sustens/public/../application/admin/lang/zh-cn/ldcms/models.php
[ info ] [ BEHAVIOR ] Run app\admin\behavior\AdminLog @app_end [ RunTime:0.000052s ]
[ info ] [ LOG ] INIT File
---------------------------------------------------------------
[ 2024-11-18T11:27:02+08:00 ] 10.211.55.2 GET dev.sustens.com/MTyvDCHVOo.php/ldcms/slider?addtabs=1
[运行时间：0.250223s] [吞吐率：4.00req/s] [内存消耗：663.48kb] [文件加载：97]
[ info ] [ BEHAVIOR ] Run Closure @app_init [ RunTime:0.000023s ]
[ info ] [ CACHE ] INIT File
[ info ] [ DB ] INIT mysql
[ info ] [ BEHAVIOR ] Run \addons\ldcms\Ldcms @app_init [ RunTime:0.008876s ]
[ info ] [ BEHAVIOR ] Run Closure @app_init [ RunTime:0.008910s ]
[ info ] [ BEHAVIOR ] Run app\common\behavior\Common @app_init [ RunTime:0.000224s ]
[ info ] [ LANG ] /var/webstars/sustens/thinkphp/lang/zh-cn.php
[ info ] [ BEHAVIOR ] Run app\common\behavior\Common @app_dispatch [ RunTime:0.000023s ]
[ info ] [ ROUTE ] array (
  'type' => 'module',
  'module' => 
  array (
    0 => 'admin',
    1 => 'ldcms.slider',
    2 => NULL,
  ),
)
[ info ] [ HEADER ] array (
  'cookie' => 'thinkphp_show_page_trace=0|0; thinkphp_show_page_trace=0|0; uid=2; token=50446b79-6f1c-4eb2-9abc-2c19eb7a9159; backend_language=zh-cn; thinkphp_show_page_trace=0|0; PHPSESSID=40vsve0haqvtacvur4afbs4v0t; keeplogin=1%7C86400%7C1731986374%7Cc033686637a60cbe64c2f8276a802fb1; frontend_language=en',
  'accept-language' => 'zh-CN,zh;q=0.9,en;q=0.8',
  'accept-encoding' => 'gzip, deflate',
  'accept' => 'text/html,application/xhtml+xml,application/xml;q=0.9,image/avif,image/webp,image/apng,*/*;q=0.8,application/signed-exchange;v=b3;q=0.7',
  'user-agent' => 'Mozilla/5.0 (Macintosh; Intel Mac OS X 10_15_7) AppleWebKit/537.36 (KHTML, like Gecko) Chrome/130.0.0.0 Safari/537.36',
  'upgrade-insecure-requests' => '1',
  'connection' => 'keep-alive',
  'host' => 'dev.sustens.com',
  'content-length' => '',
  'content-type' => '',
)
[ info ] [ PARAM ] array (
  'addtabs' => '1',
)
[ info ] [ LANG ] /var/webstars/sustens/public/../application/admin/lang/zh-cn.php
[ info ] [ BEHAVIOR ] Run app\common\behavior\Common @module_init [ RunTime:0.000245s ]
[ info ] [ SESSION ] INIT array (
  'id' => '',
  'var_session_id' => '',
  'prefix' => 'think',
  'type' => '',
  'auto_start' => true,
)
[ info ] [ BEHAVIOR ] Run \addons\ldcms\Ldcms @config_init [ RunTime:0.000056s ]
[ info ] [ LANG ] /var/webstars/sustens/public/../application/admin/lang/zh-cn/ldcms/slider.php
[ info ] [ RUN ] app\admin\controller\ldcms\Slider->index[ /var/webstars/sustens/application/admin/controller/ldcms/Slider.php ]
[ info ] [ VIEW ] /var/webstars/sustens/public/../application/admin/view/ldcms/slider/index.html [ array (
  0 => 'breadcrumb',
  1 => 'site',
  2 => 'config',
  3 => 'auth',
  4 => 'admin',
  5 => 'addon_config',
) ]
[ info ] [ BEHAVIOR ] Run app\admin\behavior\AdminLog @app_end [ RunTime:0.000170s ]
[ info ] [ LOG ] INIT File
---------------------------------------------------------------
[ 2024-11-18T11:27:02+08:00 ] 10.211.55.2 GET dev.sustens.com/MTyvDCHVOo.php/ajax/lang?callback=define&controllername=ldcms.slider&lang=zh-cn&v=1731900422
[运行时间：0.016607s] [吞吐率：60.22req/s] [内存消耗：304.44kb] [文件加载：91]
[ info ] [ BEHAVIOR ] Run Closure @app_init [ RunTime:0.000019s ]
[ info ] [ CACHE ] INIT File
[ info ] [ DB ] INIT mysql
[ info ] [ BEHAVIOR ] Run \addons\ldcms\Ldcms @app_init [ RunTime:0.002467s ]
[ info ] [ BEHAVIOR ] Run Closure @app_init [ RunTime:0.002490s ]
[ info ] [ BEHAVIOR ] Run app\common\behavior\Common @app_init [ RunTime:0.000071s ]
[ info ] [ LANG ] /var/webstars/sustens/thinkphp/lang/zh-cn.php
[ info ] [ BEHAVIOR ] Run app\common\behavior\Common @app_dispatch [ RunTime:0.000015s ]
[ info ] [ ROUTE ] array (
  'type' => 'module',
  'module' => 
  array (
    0 => 'admin',
    1 => 'ajax',
    2 => 'lang',
  ),
)
[ info ] [ HEADER ] array (
  'cookie' => 'thinkphp_show_page_trace=0|0; uid=2; token=50446b79-6f1c-4eb2-9abc-2c19eb7a9159; backend_language=zh-cn; thinkphp_show_page_trace=0|0; PHPSESSID=40vsve0haqvtacvur4afbs4v0t; keeplogin=1%7C86400%7C1731986374%7Cc033686637a60cbe64c2f8276a802fb1; frontend_language=en',
  'accept-language' => 'zh-CN,zh;q=0.9,en;q=0.8',
  'accept-encoding' => 'gzip, deflate',
  'accept' => '*/*',
  'user-agent' => 'Mozilla/5.0 (Macintosh; Intel Mac OS X 10_15_7) AppleWebKit/537.36 (KHTML, like Gecko) Chrome/130.0.0.0 Safari/537.36',
  'connection' => 'keep-alive',
  'host' => 'dev.sustens.com',
  'content-length' => '',
  'content-type' => '',
)
[ info ] [ PARAM ] array (
  'callback' => 'define',
  'controllername' => 'ldcms.slider',
  'lang' => 'zh-cn',
  'v' => '1731900422',
)
[ info ] [ LANG ] /var/webstars/sustens/public/../application/admin/lang/zh-cn.php
[ info ] [ BEHAVIOR ] Run app\common\behavior\Common @module_init [ RunTime:0.000065s ]
[ info ] [ SESSION ] INIT array (
  'id' => '',
  'var_session_id' => '',
  'prefix' => 'think',
  'type' => '',
  'auto_start' => true,
)
[ info ] [ BEHAVIOR ] Run \addons\ldcms\Ldcms @config_init [ RunTime:0.000030s ]
[ info ] [ LANG ] /var/webstars/sustens/public/../application/admin/lang/zh-cn/ajax.php
[ info ] [ RUN ] app\admin\controller\Ajax->lang[ /var/webstars/sustens/application/admin/controller/Ajax.php ]
[ info ] [ LANG ] /var/webstars/sustens/public/../application/admin/lang/zh-cn/ldcms/slider.php
[ info ] [ BEHAVIOR ] Run app\admin\behavior\AdminLog @app_end [ RunTime:0.000019s ]
[ info ] [ LOG ] INIT File
---------------------------------------------------------------
[ 2024-11-18T11:27:03+08:00 ] 10.211.55.2 GET dev.sustens.com/MTyvDCHVOo.php/ldcms/slider/index?addtabs=1&sort=sort&order=desc&offset=0&limit=10&filter=%7B%7D&op=%7B%7D&_=1731900422767
[运行时间：0.106798s] [吞吐率：9.36req/s] [内存消耗：651.83kb] [文件加载：95]
[ info ] [ BEHAVIOR ] Run Closure @app_init [ RunTime:0.000025s ]
[ info ] [ CACHE ] INIT File
[ info ] [ DB ] INIT mysql
[ info ] [ BEHAVIOR ] Run \addons\ldcms\Ldcms @app_init [ RunTime:0.005889s ]
[ info ] [ BEHAVIOR ] Run Closure @app_init [ RunTime:0.005922s ]
[ info ] [ BEHAVIOR ] Run app\common\behavior\Common @app_init [ RunTime:0.000085s ]
[ info ] [ LANG ] /var/webstars/sustens/thinkphp/lang/zh-cn.php
[ info ] [ BEHAVIOR ] Run app\common\behavior\Common @app_dispatch [ RunTime:0.000021s ]
[ info ] [ ROUTE ] array (
  'type' => 'module',
  'module' => 
  array (
    0 => 'admin',
    1 => 'ldcms.slider',
    2 => 'index',
  ),
)
[ info ] [ HEADER ] array (
  'cookie' => 'thinkphp_show_page_trace=0|0; thinkphp_show_page_trace=0|0; uid=2; token=50446b79-6f1c-4eb2-9abc-2c19eb7a9159; backend_language=zh-cn; thinkphp_show_page_trace=0|0; PHPSESSID=40vsve0haqvtacvur4afbs4v0t; keeplogin=1%7C86400%7C1731986374%7Cc033686637a60cbe64c2f8276a802fb1; frontend_language=en',
  'accept-language' => 'zh-CN,zh;q=0.9,en;q=0.8',
  'accept-encoding' => 'gzip, deflate',
  'content-type' => 'application/json',
  'accept' => 'application/json, text/javascript, */*; q=0.01',
  'user-agent' => 'Mozilla/5.0 (Macintosh; Intel Mac OS X 10_15_7) AppleWebKit/537.36 (KHTML, like Gecko) Chrome/130.0.0.0 Safari/537.36',
  'x-requested-with' => 'XMLHttpRequest',
  'connection' => 'keep-alive',
  'host' => 'dev.sustens.com',
  'content-length' => '',
)
[ info ] [ PARAM ] array (
  'addtabs' => '1',
  'sort' => 'sort',
  'order' => 'desc',
  'offset' => '0',
  'limit' => '10',
  'filter' => '{}',
  'op' => '{}',
  '_' => '1731900422767',
)
[ info ] [ LANG ] /var/webstars/sustens/public/../application/admin/lang/zh-cn.php
[ info ] [ BEHAVIOR ] Run app\common\behavior\Common @module_init [ RunTime:0.000091s ]
[ info ] [ SESSION ] INIT array (
  'id' => '',
  'var_session_id' => '',
  'prefix' => 'think',
  'type' => '',
  'auto_start' => true,
)
[ info ] [ BEHAVIOR ] Run \addons\ldcms\Ldcms @config_init [ RunTime:0.000050s ]
[ info ] [ LANG ] /var/webstars/sustens/public/../application/admin/lang/zh-cn/ldcms/slider.php
[ info ] [ RUN ] app\admin\controller\ldcms\Slider->index[ /var/webstars/sustens/application/admin/controller/ldcms/Slider.php ]
[ info ] [ BEHAVIOR ] Run app\admin\behavior\AdminLog @app_end [ RunTime:0.000059s ]
[ info ] [ LOG ] INIT File
---------------------------------------------------------------
[ 2024-11-18T11:27:18+08:00 ] 10.211.55.2 POST dev.sustens.com/MTyvDCHVOo.php/ldcms/slider/selectpageType
[运行时间：0.040787s] [吞吐率：24.52req/s] [内存消耗：629.09kb] [文件加载：94]
[ info ] [ BEHAVIOR ] Run Closure @app_init [ RunTime:0.000017s ]
[ info ] [ CACHE ] INIT File
[ info ] [ DB ] INIT mysql
[ info ] [ BEHAVIOR ] Run \addons\ldcms\Ldcms @app_init [ RunTime:0.002186s ]
[ info ] [ BEHAVIOR ] Run Closure @app_init [ RunTime:0.002210s ]
[ info ] [ BEHAVIOR ] Run app\common\behavior\Common @app_init [ RunTime:0.000068s ]
[ info ] [ LANG ] /var/webstars/sustens/thinkphp/lang/zh-cn.php
[ info ] [ BEHAVIOR ] Run app\common\behavior\Common @app_dispatch [ RunTime:0.000014s ]
[ info ] [ ROUTE ] array (
  'type' => 'module',
  'module' => 
  array (
    0 => 'admin',
    1 => 'ldcms.slider',
    2 => 'selectpageType',
  ),
)
[ info ] [ HEADER ] array (
  'cookie' => 'thinkphp_show_page_trace=0|0; thinkphp_show_page_trace=0|0; uid=2; token=50446b79-6f1c-4eb2-9abc-2c19eb7a9159; backend_language=zh-cn; thinkphp_show_page_trace=0|0; PHPSESSID=40vsve0haqvtacvur4afbs4v0t; keeplogin=1%7C86400%7C1731986374%7Cc033686637a60cbe64c2f8276a802fb1; frontend_language=en',
  'accept-language' => 'zh-CN,zh;q=0.9,en;q=0.8',
  'accept-encoding' => 'gzip, deflate',
  'origin' => 'http://dev.sustens.com',
  'content-type' => 'application/x-www-form-urlencoded; charset=UTF-8',
  'accept' => 'application/json, text/javascript, */*; q=0.01',
  'user-agent' => 'Mozilla/5.0 (Macintosh; Intel Mac OS X 10_15_7) AppleWebKit/537.36 (KHTML, like Gecko) Chrome/130.0.0.0 Safari/537.36',
  'x-requested-with' => 'XMLHttpRequest',
  'content-length' => '174',
  'connection' => 'keep-alive',
  'host' => 'dev.sustens.com',
)
[ info ] [ PARAM ] array (
  'q_word' => 
  array (
    0 => '',
  ),
  'pageNumber' => '1',
  'pageSize' => '10',
  'andOr' => 'OR ',
  'orderBy' => 
  array (
    0 => 
    array (
      0 => 'title',
      1 => 'ASC',
    ),
  ),
  'searchTable' => 'tbl',
  'showField' => 'title',
  'keyField' => 'id',
  'searchField' => 
  array (
    0 => 'title',
  ),
  'title' => '',
)
[ info ] [ LANG ] /var/webstars/sustens/public/../application/admin/lang/zh-cn.php
[ info ] [ BEHAVIOR ] Run app\common\behavior\Common @module_init [ RunTime:0.000092s ]
[ info ] [ SESSION ] INIT array (
  'id' => '',
  'var_session_id' => '',
  'prefix' => 'think',
  'type' => '',
  'auto_start' => true,
)
[ info ] [ BEHAVIOR ] Run \addons\ldcms\Ldcms @config_init [ RunTime:0.000044s ]
[ info ] [ LANG ] /var/webstars/sustens/public/../application/admin/lang/zh-cn/ldcms/slider.php
[ info ] [ RUN ] app\admin\controller\ldcms\Slider->selectpageType[ /var/webstars/sustens/application/admin/controller/ldcms/Slider.php ]
[ info ] [ BEHAVIOR ] Run app\admin\behavior\AdminLog @app_end [ RunTime:0.018963s ]
[ info ] [ LOG ] INIT File
---------------------------------------------------------------
[ 2024-11-18T11:27:27+08:00 ] 10.211.55.2 POST dev.sustens.com/MTyvDCHVOo.php/ldcms/slider/selectpageType
[运行时间：0.040175s] [吞吐率：24.89req/s] [内存消耗：629.09kb] [文件加载：94]
[ info ] [ BEHAVIOR ] Run Closure @app_init [ RunTime:0.000018s ]
[ info ] [ CACHE ] INIT File
[ info ] [ DB ] INIT mysql
[ info ] [ BEHAVIOR ] Run \addons\ldcms\Ldcms @app_init [ RunTime:0.002585s ]
[ info ] [ BEHAVIOR ] Run Closure @app_init [ RunTime:0.002616s ]
[ info ] [ BEHAVIOR ] Run app\common\behavior\Common @app_init [ RunTime:0.000168s ]
[ info ] [ LANG ] /var/webstars/sustens/thinkphp/lang/zh-cn.php
[ info ] [ BEHAVIOR ] Run app\common\behavior\Common @app_dispatch [ RunTime:0.000020s ]
[ info ] [ ROUTE ] array (
  'type' => 'module',
  'module' => 
  array (
    0 => 'admin',
    1 => 'ldcms.slider',
    2 => 'selectpageType',
  ),
)
[ info ] [ HEADER ] array (
  'cookie' => 'thinkphp_show_page_trace=0|0; thinkphp_show_page_trace=0|0; uid=2; token=50446b79-6f1c-4eb2-9abc-2c19eb7a9159; backend_language=zh-cn; thinkphp_show_page_trace=0|0; PHPSESSID=40vsve0haqvtacvur4afbs4v0t; keeplogin=1%7C86400%7C1731986374%7Cc033686637a60cbe64c2f8276a802fb1; frontend_language=en',
  'accept-language' => 'zh-CN,zh;q=0.9,en;q=0.8',
  'accept-encoding' => 'gzip, deflate',
  'origin' => 'http://dev.sustens.com',
  'content-type' => 'application/x-www-form-urlencoded; charset=UTF-8',
  'accept' => 'application/json, text/javascript, */*; q=0.01',
  'user-agent' => 'Mozilla/5.0 (Macintosh; Intel Mac OS X 10_15_7) AppleWebKit/537.36 (KHTML, like Gecko) Chrome/130.0.0.0 Safari/537.36',
  'x-requested-with' => 'XMLHttpRequest',
  'content-length' => '174',
  'connection' => 'keep-alive',
  'host' => 'dev.sustens.com',
)
[ info ] [ PARAM ] array (
  'q_word' => 
  array (
    0 => '',
  ),
  'pageNumber' => '1',
  'pageSize' => '10',
  'andOr' => 'OR ',
  'orderBy' => 
  array (
    0 => 
    array (
      0 => 'title',
      1 => 'ASC',
    ),
  ),
  'searchTable' => 'tbl',
  'showField' => 'title',
  'keyField' => 'id',
  'searchField' => 
  array (
    0 => 'title',
  ),
  'title' => '',
)
[ info ] [ LANG ] /var/webstars/sustens/public/../application/admin/lang/zh-cn.php
[ info ] [ BEHAVIOR ] Run app\common\behavior\Common @module_init [ RunTime:0.000089s ]
[ info ] [ SESSION ] INIT array (
  'id' => '',
  'var_session_id' => '',
  'prefix' => 'think',
  'type' => '',
  'auto_start' => true,
)
[ info ] [ BEHAVIOR ] Run \addons\ldcms\Ldcms @config_init [ RunTime:0.000034s ]
[ info ] [ LANG ] /var/webstars/sustens/public/../application/admin/lang/zh-cn/ldcms/slider.php
[ info ] [ RUN ] app\admin\controller\ldcms\Slider->selectpageType[ /var/webstars/sustens/application/admin/controller/ldcms/Slider.php ]
[ info ] [ BEHAVIOR ] Run app\admin\behavior\AdminLog @app_end [ RunTime:0.016645s ]
[ info ] [ LOG ] INIT File
---------------------------------------------------------------
[ 2024-11-18T11:27:31+08:00 ] 10.211.55.2 GET dev.sustens.com/MTyvDCHVOo.php/ldcms/slider/index?addtabs=1&sort=sort&order=desc&offset=0&limit=10&filter=%7B%22type%22%3A%22api_about%22%7D&op=%7B%22type%22%3A%22LIKE%22%7D&_=1731900422768
[运行时间：0.057055s] [吞吐率：17.53req/s] [内存消耗：652.39kb] [文件加载：95]
[ info ] [ BEHAVIOR ] Run Closure @app_init [ RunTime:0.000039s ]
[ info ] [ CACHE ] INIT File
[ info ] [ DB ] INIT mysql
[ info ] [ BEHAVIOR ] Run \addons\ldcms\Ldcms @app_init [ RunTime:0.002320s ]
[ info ] [ BEHAVIOR ] Run Closure @app_init [ RunTime:0.002342s ]
[ info ] [ BEHAVIOR ] Run app\common\behavior\Common @app_init [ RunTime:0.000073s ]
[ info ] [ LANG ] /var/webstars/sustens/thinkphp/lang/zh-cn.php
[ info ] [ BEHAVIOR ] Run app\common\behavior\Common @app_dispatch [ RunTime:0.000015s ]
[ info ] [ ROUTE ] array (
  'type' => 'module',
  'module' => 
  array (
    0 => 'admin',
    1 => 'ldcms.slider',
    2 => 'index',
  ),
)
[ info ] [ HEADER ] array (
  'cookie' => 'thinkphp_show_page_trace=0|0; thinkphp_show_page_trace=0|0; uid=2; token=50446b79-6f1c-4eb2-9abc-2c19eb7a9159; backend_language=zh-cn; thinkphp_show_page_trace=0|0; PHPSESSID=40vsve0haqvtacvur4afbs4v0t; keeplogin=1%7C86400%7C1731986374%7Cc033686637a60cbe64c2f8276a802fb1; frontend_language=en',
  'accept-language' => 'zh-CN,zh;q=0.9,en;q=0.8',
  'accept-encoding' => 'gzip, deflate',
  'content-type' => 'application/json',
  'accept' => 'application/json, text/javascript, */*; q=0.01',
  'user-agent' => 'Mozilla/5.0 (Macintosh; Intel Mac OS X 10_15_7) AppleWebKit/537.36 (KHTML, like Gecko) Chrome/130.0.0.0 Safari/537.36',
  'x-requested-with' => 'XMLHttpRequest',
  'connection' => 'keep-alive',
  'host' => 'dev.sustens.com',
  'content-length' => '',
)
[ info ] [ PARAM ] array (
  'addtabs' => '1',
  'sort' => 'sort',
  'order' => 'desc',
  'offset' => '0',
  'limit' => '10',
  'filter' => '{"type":"api_about"}',
  'op' => '{"type":"LIKE"}',
  '_' => '1731900422768',
)
[ info ] [ LANG ] /var/webstars/sustens/public/../application/admin/lang/zh-cn.php
[ info ] [ BEHAVIOR ] Run app\common\behavior\Common @module_init [ RunTime:0.000075s ]
[ info ] [ SESSION ] INIT array (
  'id' => '',
  'var_session_id' => '',
  'prefix' => 'think',
  'type' => '',
  'auto_start' => true,
)
[ info ] [ BEHAVIOR ] Run \addons\ldcms\Ldcms @config_init [ RunTime:0.000040s ]
[ info ] [ LANG ] /var/webstars/sustens/public/../application/admin/lang/zh-cn/ldcms/slider.php
[ info ] [ RUN ] app\admin\controller\ldcms\Slider->index[ /var/webstars/sustens/application/admin/controller/ldcms/Slider.php ]
[ info ] [ BEHAVIOR ] Run app\admin\behavior\AdminLog @app_end [ RunTime:0.000035s ]
[ info ] [ LOG ] INIT File
---------------------------------------------------------------
[ 2024-11-18T11:27:37+08:00 ] 10.211.55.2 POST dev.sustens.com/MTyvDCHVOo.php/ldcms/slider/selectpageType
[运行时间：0.047065s] [吞吐率：21.25req/s] [内存消耗：629.09kb] [文件加载：94]
[ info ] [ BEHAVIOR ] Run Closure @app_init [ RunTime:0.000018s ]
[ info ] [ CACHE ] INIT File
[ info ] [ DB ] INIT mysql
[ info ] [ BEHAVIOR ] Run \addons\ldcms\Ldcms @app_init [ RunTime:0.003751s ]
[ info ] [ BEHAVIOR ] Run Closure @app_init [ RunTime:0.003777s ]
[ info ] [ BEHAVIOR ] Run app\common\behavior\Common @app_init [ RunTime:0.000074s ]
[ info ] [ LANG ] /var/webstars/sustens/thinkphp/lang/zh-cn.php
[ info ] [ BEHAVIOR ] Run app\common\behavior\Common @app_dispatch [ RunTime:0.000016s ]
[ info ] [ ROUTE ] array (
  'type' => 'module',
  'module' => 
  array (
    0 => 'admin',
    1 => 'ldcms.slider',
    2 => 'selectpageType',
  ),
)
[ info ] [ HEADER ] array (
  'cookie' => 'thinkphp_show_page_trace=0|0; thinkphp_show_page_trace=0|0; uid=2; token=50446b79-6f1c-4eb2-9abc-2c19eb7a9159; backend_language=zh-cn; thinkphp_show_page_trace=0|0; PHPSESSID=40vsve0haqvtacvur4afbs4v0t; keeplogin=1%7C86400%7C1731986374%7Cc033686637a60cbe64c2f8276a802fb1; frontend_language=en',
  'accept-language' => 'zh-CN,zh;q=0.9,en;q=0.8',
  'accept-encoding' => 'gzip, deflate',
  'origin' => 'http://dev.sustens.com',
  'content-type' => 'application/x-www-form-urlencoded; charset=UTF-8',
  'accept' => 'application/json, text/javascript, */*; q=0.01',
  'user-agent' => 'Mozilla/5.0 (Macintosh; Intel Mac OS X 10_15_7) AppleWebKit/537.36 (KHTML, like Gecko) Chrome/130.0.0.0 Safari/537.36',
  'x-requested-with' => 'XMLHttpRequest',
  'content-length' => '174',
  'connection' => 'keep-alive',
  'host' => 'dev.sustens.com',
)
[ info ] [ PARAM ] array (
  'q_word' => 
  array (
    0 => '',
  ),
  'pageNumber' => '1',
  'pageSize' => '10',
  'andOr' => 'OR ',
  'orderBy' => 
  array (
    0 => 
    array (
      0 => 'title',
      1 => 'ASC',
    ),
  ),
  'searchTable' => 'tbl',
  'showField' => 'title',
  'keyField' => 'id',
  'searchField' => 
  array (
    0 => 'title',
  ),
  'title' => '',
)
[ info ] [ LANG ] /var/webstars/sustens/public/../application/admin/lang/zh-cn.php
[ info ] [ BEHAVIOR ] Run app\common\behavior\Common @module_init [ RunTime:0.000125s ]
[ info ] [ SESSION ] INIT array (
  'id' => '',
  'var_session_id' => '',
  'prefix' => 'think',
  'type' => '',
  'auto_start' => true,
)
[ info ] [ BEHAVIOR ] Run \addons\ldcms\Ldcms @config_init [ RunTime:0.000050s ]
[ info ] [ LANG ] /var/webstars/sustens/public/../application/admin/lang/zh-cn/ldcms/slider.php
[ info ] [ RUN ] app\admin\controller\ldcms\Slider->selectpageType[ /var/webstars/sustens/application/admin/controller/ldcms/Slider.php ]
[ info ] [ BEHAVIOR ] Run app\admin\behavior\AdminLog @app_end [ RunTime:0.017731s ]
[ info ] [ LOG ] INIT File
---------------------------------------------------------------
[ 2024-11-18T11:27:44+08:00 ] 10.211.55.2 GET dev.sustens.com/MTyvDCHVOo.php/ldcms/category?addtabs=1
[运行时间：0.077590s] [吞吐率：12.89req/s] [内存消耗：790.60kb] [文件加载：102]
[ info ] [ BEHAVIOR ] Run Closure @app_init [ RunTime:0.000026s ]
[ info ] [ CACHE ] INIT File
[ info ] [ DB ] INIT mysql
[ info ] [ BEHAVIOR ] Run \addons\ldcms\Ldcms @app_init [ RunTime:0.002544s ]
[ info ] [ BEHAVIOR ] Run Closure @app_init [ RunTime:0.002567s ]
[ info ] [ BEHAVIOR ] Run app\common\behavior\Common @app_init [ RunTime:0.000069s ]
[ info ] [ LANG ] /var/webstars/sustens/thinkphp/lang/zh-cn.php
[ info ] [ BEHAVIOR ] Run app\common\behavior\Common @app_dispatch [ RunTime:0.000013s ]
[ info ] [ ROUTE ] array (
  'type' => 'module',
  'module' => 
  array (
    0 => 'admin',
    1 => 'ldcms.category',
    2 => NULL,
  ),
)
[ info ] [ HEADER ] array (
  'cookie' => 'thinkphp_show_page_trace=0|0; thinkphp_show_page_trace=0|0; uid=2; token=50446b79-6f1c-4eb2-9abc-2c19eb7a9159; backend_language=zh-cn; thinkphp_show_page_trace=0|0; PHPSESSID=40vsve0haqvtacvur4afbs4v0t; keeplogin=1%7C86400%7C1731986374%7Cc033686637a60cbe64c2f8276a802fb1; frontend_language=en',
  'accept-language' => 'zh-CN,zh;q=0.9,en;q=0.8',
  'accept-encoding' => 'gzip, deflate',
  'accept' => 'text/html,application/xhtml+xml,application/xml;q=0.9,image/avif,image/webp,image/apng,*/*;q=0.8,application/signed-exchange;v=b3;q=0.7',
  'user-agent' => 'Mozilla/5.0 (Macintosh; Intel Mac OS X 10_15_7) AppleWebKit/537.36 (KHTML, like Gecko) Chrome/130.0.0.0 Safari/537.36',
  'upgrade-insecure-requests' => '1',
  'connection' => 'keep-alive',
  'host' => 'dev.sustens.com',
  'content-length' => '',
  'content-type' => '',
)
[ info ] [ PARAM ] array (
  'addtabs' => '1',
)
[ info ] [ LANG ] /var/webstars/sustens/public/../application/admin/lang/zh-cn.php
[ info ] [ BEHAVIOR ] Run app\common\behavior\Common @module_init [ RunTime:0.000071s ]
[ info ] [ SESSION ] INIT array (
  'id' => '',
  'var_session_id' => '',
  'prefix' => 'think',
  'type' => '',
  'auto_start' => true,
)
[ info ] [ BEHAVIOR ] Run \addons\ldcms\Ldcms @config_init [ RunTime:0.000038s ]
[ info ] [ LANG ] /var/webstars/sustens/public/../application/admin/lang/zh-cn/ldcms/category.php
[ info ] [ RUN ] app\admin\controller\ldcms\Category->index[ /var/webstars/sustens/application/admin/controller/ldcms/Category.php ]
[ info ] [ VIEW ] /var/webstars/sustens/public/../application/admin/view/ldcms/category/index.html [ array (
  0 => 'breadcrumb',
  1 => 'site',
  2 => 'config',
  3 => 'auth',
  4 => 'admin',
  5 => 'addon_config',
  6 => 'categorys',
) ]
[ info ] [ BEHAVIOR ] Run app\admin\behavior\AdminLog @app_end [ RunTime:0.000059s ]
[ info ] [ LOG ] INIT File
[ error ] [2]Undefined variable $mid[/var/webstars/sustens/runtime/temp/72a3dcf62ef89dd31b0324462355bcbe.php:83]
---------------------------------------------------------------
[ 2024-11-18T11:27:45+08:00 ] 10.211.55.2 GET dev.sustens.com/MTyvDCHVOo.php/ajax/lang?callback=define&controllername=ldcms.category&lang=zh-cn&v=1731900464
[运行时间：0.026913s] [吞吐率：37.16req/s] [内存消耗：393.18kb] [文件加载：91]
[ info ] [ BEHAVIOR ] Run Closure @app_init [ RunTime:0.000020s ]
[ info ] [ CACHE ] INIT File
[ info ] [ DB ] INIT mysql
[ info ] [ BEHAVIOR ] Run \addons\ldcms\Ldcms @app_init [ RunTime:0.014930s ]
[ info ] [ BEHAVIOR ] Run Closure @app_init [ RunTime:0.015024s ]
[ info ] [ BEHAVIOR ] Run app\common\behavior\Common @app_init [ RunTime:0.000139s ]
[ info ] [ LANG ] /var/webstars/sustens/thinkphp/lang/zh-cn.php
[ info ] [ BEHAVIOR ] Run app\common\behavior\Common @app_dispatch [ RunTime:0.000023s ]
[ info ] [ ROUTE ] array (
  'type' => 'module',
  'module' => 
  array (
    0 => 'admin',
    1 => 'ajax',
    2 => 'lang',
  ),
)
[ info ] [ HEADER ] array (
  'cookie' => 'thinkphp_show_page_trace=0|0; uid=2; token=50446b79-6f1c-4eb2-9abc-2c19eb7a9159; backend_language=zh-cn; thinkphp_show_page_trace=0|0; PHPSESSID=40vsve0haqvtacvur4afbs4v0t; keeplogin=1%7C86400%7C1731986374%7Cc033686637a60cbe64c2f8276a802fb1; frontend_language=en',
  'accept-language' => 'zh-CN,zh;q=0.9,en;q=0.8',
  'accept-encoding' => 'gzip, deflate',
  'accept' => '*/*',
  'user-agent' => 'Mozilla/5.0 (Macintosh; Intel Mac OS X 10_15_7) AppleWebKit/537.36 (KHTML, like Gecko) Chrome/130.0.0.0 Safari/537.36',
  'connection' => 'keep-alive',
  'host' => 'dev.sustens.com',
  'content-length' => '',
  'content-type' => '',
)
[ info ] [ PARAM ] array (
  'callback' => 'define',
  'controllername' => 'ldcms.category',
  'lang' => 'zh-cn',
  'v' => '1731900464',
)
[ info ] [ LANG ] /var/webstars/sustens/public/../application/admin/lang/zh-cn.php
[ info ] [ BEHAVIOR ] Run app\common\behavior\Common @module_init [ RunTime:0.000092s ]
[ info ] [ SESSION ] INIT array (
  'id' => '',
  'var_session_id' => '',
  'prefix' => 'think',
  'type' => '',
  'auto_start' => true,
)
[ info ] [ BEHAVIOR ] Run \addons\ldcms\Ldcms @config_init [ RunTime:0.000047s ]
[ info ] [ LANG ] /var/webstars/sustens/public/../application/admin/lang/zh-cn/ajax.php
[ info ] [ RUN ] app\admin\controller\Ajax->lang[ /var/webstars/sustens/application/admin/controller/Ajax.php ]
[ info ] [ LANG ] /var/webstars/sustens/public/../application/admin/lang/zh-cn/ldcms/category.php
[ info ] [ BEHAVIOR ] Run app\admin\behavior\AdminLog @app_end [ RunTime:0.000032s ]
[ info ] [ LOG ] INIT File
---------------------------------------------------------------
[ 2024-11-18T11:27:45+08:00 ] 10.211.55.2 GET dev.sustens.com/MTyvDCHVOo.php/ldcms/category/index?addtabs=1&sort=id&order=desc&_=1731900465141
[运行时间：0.111310s] [吞吐率：8.98req/s] [内存消耗：787.27kb] [文件加载：97]
[ info ] [ BEHAVIOR ] Run Closure @app_init [ RunTime:0.000020s ]
[ info ] [ CACHE ] INIT File
[ info ] [ DB ] INIT mysql
[ info ] [ BEHAVIOR ] Run \addons\ldcms\Ldcms @app_init [ RunTime:0.003335s ]
[ info ] [ BEHAVIOR ] Run Closure @app_init [ RunTime:0.003365s ]
[ info ] [ BEHAVIOR ] Run app\common\behavior\Common @app_init [ RunTime:0.000083s ]
[ info ] [ LANG ] /var/webstars/sustens/thinkphp/lang/zh-cn.php
[ info ] [ BEHAVIOR ] Run app\common\behavior\Common @app_dispatch [ RunTime:0.000019s ]
[ info ] [ ROUTE ] array (
  'type' => 'module',
  'module' => 
  array (
    0 => 'admin',
    1 => 'ldcms.category',
    2 => 'index',
  ),
)
[ info ] [ HEADER ] array (
  'cookie' => 'thinkphp_show_page_trace=0|0; thinkphp_show_page_trace=0|0; uid=2; token=50446b79-6f1c-4eb2-9abc-2c19eb7a9159; backend_language=zh-cn; thinkphp_show_page_trace=0|0; PHPSESSID=40vsve0haqvtacvur4afbs4v0t; keeplogin=1%7C86400%7C1731986374%7Cc033686637a60cbe64c2f8276a802fb1; frontend_language=en',
  'accept-language' => 'zh-CN,zh;q=0.9,en;q=0.8',
  'accept-encoding' => 'gzip, deflate',
  'content-type' => 'application/json',
  'accept' => 'application/json, text/javascript, */*; q=0.01',
  'user-agent' => 'Mozilla/5.0 (Macintosh; Intel Mac OS X 10_15_7) AppleWebKit/537.36 (KHTML, like Gecko) Chrome/130.0.0.0 Safari/537.36',
  'x-requested-with' => 'XMLHttpRequest',
  'connection' => 'keep-alive',
  'host' => 'dev.sustens.com',
  'content-length' => '',
)
[ info ] [ PARAM ] array (
  'addtabs' => '1',
  'sort' => 'id',
  'order' => 'desc',
  '_' => '1731900465141',
)
[ info ] [ LANG ] /var/webstars/sustens/public/../application/admin/lang/zh-cn.php
[ info ] [ BEHAVIOR ] Run app\common\behavior\Common @module_init [ RunTime:0.000104s ]
[ info ] [ SESSION ] INIT array (
  'id' => '',
  'var_session_id' => '',
  'prefix' => 'think',
  'type' => '',
  'auto_start' => true,
)
[ info ] [ BEHAVIOR ] Run \addons\ldcms\Ldcms @config_init [ RunTime:0.000048s ]
[ info ] [ LANG ] /var/webstars/sustens/public/../application/admin/lang/zh-cn/ldcms/category.php
[ info ] [ RUN ] app\admin\controller\ldcms\Category->index[ /var/webstars/sustens/application/admin/controller/ldcms/Category.php ]
[ info ] [ BEHAVIOR ] Run app\admin\behavior\AdminLog @app_end [ RunTime:0.000028s ]
[ info ] [ LOG ] INIT File
---------------------------------------------------------------
[ 2024-11-18T11:28:01+08:00 ] 10.211.55.2 GET dev.sustens.com/MTyvDCHVOo.php/ldcms/category/edit/ids/125?dialog=1
[运行时间：0.329398s] [吞吐率：3.04req/s] [内存消耗：906.35kb] [文件加载：103]
[ info ] [ BEHAVIOR ] Run Closure @app_init [ RunTime:0.000024s ]
[ info ] [ CACHE ] INIT File
[ info ] [ DB ] INIT mysql
[ info ] [ BEHAVIOR ] Run \addons\ldcms\Ldcms @app_init [ RunTime:0.029681s ]
[ info ] [ BEHAVIOR ] Run Closure @app_init [ RunTime:0.029705s ]
[ info ] [ BEHAVIOR ] Run app\common\behavior\Common @app_init [ RunTime:0.001772s ]
[ info ] [ LANG ] /var/webstars/sustens/thinkphp/lang/zh-cn.php
[ info ] [ BEHAVIOR ] Run app\common\behavior\Common @app_dispatch [ RunTime:0.000040s ]
[ info ] [ ROUTE ] array (
  'type' => 'module',
  'module' => 
  array (
    0 => 'admin',
    1 => 'ldcms.category',
    2 => 'edit',
  ),
)
[ info ] [ HEADER ] array (
  'cookie' => 'thinkphp_show_page_trace=0|0; thinkphp_show_page_trace=0|0; uid=2; token=50446b79-6f1c-4eb2-9abc-2c19eb7a9159; backend_language=zh-cn; thinkphp_show_page_trace=0|0; PHPSESSID=40vsve0haqvtacvur4afbs4v0t; keeplogin=1%7C86400%7C1731986374%7Cc033686637a60cbe64c2f8276a802fb1; frontend_language=en',
  'accept-language' => 'zh-CN,zh;q=0.9,en;q=0.8',
  'accept-encoding' => 'gzip, deflate',
  'accept' => 'text/html,application/xhtml+xml,application/xml;q=0.9,image/avif,image/webp,image/apng,*/*;q=0.8,application/signed-exchange;v=b3;q=0.7',
  'user-agent' => 'Mozilla/5.0 (Macintosh; Intel Mac OS X 10_15_7) AppleWebKit/537.36 (KHTML, like Gecko) Chrome/130.0.0.0 Safari/537.36',
  'upgrade-insecure-requests' => '1',
  'connection' => 'keep-alive',
  'host' => 'dev.sustens.com',
  'content-length' => '',
  'content-type' => '',
)
[ info ] [ PARAM ] array (
  'dialog' => '1',
  'ids' => '125',
)
[ info ] [ LANG ] /var/webstars/sustens/public/../application/admin/lang/zh-cn.php
[ info ] [ BEHAVIOR ] Run app\common\behavior\Common @module_init [ RunTime:0.001630s ]
[ info ] [ SESSION ] INIT array (
  'id' => '',
  'var_session_id' => '',
  'prefix' => 'think',
  'type' => '',
  'auto_start' => true,
)
[ info ] [ BEHAVIOR ] Run \addons\ldcms\Ldcms @config_init [ RunTime:0.000046s ]
[ info ] [ LANG ] /var/webstars/sustens/public/../application/admin/lang/zh-cn/ldcms/category.php
[ info ] [ RUN ] app\admin\controller\ldcms\Category->edit[ /var/webstars/sustens/application/admin/controller/ldcms/Category.php ]
[ info ] [ VIEW ] /var/webstars/sustens/public/../application/admin/view/../../../addons/ldcms/utils/builder/view/fields.html [ array (
  0 => 'breadcrumb',
  1 => 'site',
  2 => 'config',
  3 => 'auth',
  4 => 'admin',
  5 => 'addon_config',
  6 => 'categorys',
  7 => 'isForm',
  8 => 'fields',
  9 => 'tab_group',
  10 => 'item_group',
  11 => 'field_show',
) ]
[ info ] [ BEHAVIOR ] Run app\admin\behavior\AdminLog @app_end [ RunTime:0.000978s ]
[ info ] [ LOG ] INIT File
---------------------------------------------------------------
[ 2024-11-18T11:28:01+08:00 ] 10.211.55.2 GET dev.sustens.com/MTyvDCHVOo.php/ajax/lang?callback=define&controllername=ldcms.category&lang=zh-cn&v=1731900480
[运行时间：0.037413s] [吞吐率：26.73req/s] [内存消耗：393.18kb] [文件加载：91]
[ info ] [ BEHAVIOR ] Run Closure @app_init [ RunTime:0.000052s ]
[ info ] [ CACHE ] INIT File
[ info ] [ DB ] INIT mysql
[ info ] [ BEHAVIOR ] Run \addons\ldcms\Ldcms @app_init [ RunTime:0.013115s ]
[ info ] [ BEHAVIOR ] Run Closure @app_init [ RunTime:0.013138s ]
[ info ] [ BEHAVIOR ] Run app\common\behavior\Common @app_init [ RunTime:0.000061s ]
[ info ] [ LANG ] /var/webstars/sustens/thinkphp/lang/zh-cn.php
[ info ] [ BEHAVIOR ] Run app\common\behavior\Common @app_dispatch [ RunTime:0.000014s ]
[ info ] [ ROUTE ] array (
  'type' => 'module',
  'module' => 
  array (
    0 => 'admin',
    1 => 'ajax',
    2 => 'lang',
  ),
)
[ info ] [ HEADER ] array (
  'cookie' => 'thinkphp_show_page_trace=0|0; uid=2; token=50446b79-6f1c-4eb2-9abc-2c19eb7a9159; backend_language=zh-cn; thinkphp_show_page_trace=0|0; PHPSESSID=40vsve0haqvtacvur4afbs4v0t; keeplogin=1%7C86400%7C1731986374%7Cc033686637a60cbe64c2f8276a802fb1; frontend_language=en',
  'accept-language' => 'zh-CN,zh;q=0.9,en;q=0.8',
  'accept-encoding' => 'gzip, deflate',
  'accept' => '*/*',
  'user-agent' => 'Mozilla/5.0 (Macintosh; Intel Mac OS X 10_15_7) AppleWebKit/537.36 (KHTML, like Gecko) Chrome/130.0.0.0 Safari/537.36',
  'connection' => 'keep-alive',
  'host' => 'dev.sustens.com',
  'content-length' => '',
  'content-type' => '',
)
[ info ] [ PARAM ] array (
  'callback' => 'define',
  'controllername' => 'ldcms.category',
  'lang' => 'zh-cn',
  'v' => '1731900480',
)
[ info ] [ LANG ] /var/webstars/sustens/public/../application/admin/lang/zh-cn.php
[ info ] [ BEHAVIOR ] Run app\common\behavior\Common @module_init [ RunTime:0.000063s ]
[ info ] [ SESSION ] INIT array (
  'id' => '',
  'var_session_id' => '',
  'prefix' => 'think',
  'type' => '',
  'auto_start' => true,
)
[ info ] [ BEHAVIOR ] Run \addons\ldcms\Ldcms @config_init [ RunTime:0.000084s ]
[ info ] [ LANG ] /var/webstars/sustens/public/../application/admin/lang/zh-cn/ajax.php
[ info ] [ RUN ] app\admin\controller\Ajax->lang[ /var/webstars/sustens/application/admin/controller/Ajax.php ]
[ info ] [ LANG ] /var/webstars/sustens/public/../application/admin/lang/zh-cn/ldcms/category.php
[ info ] [ BEHAVIOR ] Run app\admin\behavior\AdminLog @app_end [ RunTime:0.000044s ]
[ info ] [ LOG ] INIT File
---------------------------------------------------------------
[ 2024-11-18T11:28:02+08:00 ] 10.211.55.2 GET dev.sustens.com/MTyvDCHVOo.php/ldcms/category/getModels
[运行时间：0.051526s] [吞吐率：19.41req/s] [内存消耗：644.64kb] [文件加载：96]
[ info ] [ BEHAVIOR ] Run Closure @app_init [ RunTime:0.000017s ]
[ info ] [ CACHE ] INIT File
[ info ] [ DB ] INIT mysql
[ info ] [ BEHAVIOR ] Run \addons\ldcms\Ldcms @app_init [ RunTime:0.004666s ]
[ info ] [ BEHAVIOR ] Run Closure @app_init [ RunTime:0.004687s ]
[ info ] [ BEHAVIOR ] Run app\common\behavior\Common @app_init [ RunTime:0.000054s ]
[ info ] [ LANG ] /var/webstars/sustens/thinkphp/lang/zh-cn.php
[ info ] [ BEHAVIOR ] Run app\common\behavior\Common @app_dispatch [ RunTime:0.000014s ]
[ info ] [ ROUTE ] array (
  'type' => 'module',
  'module' => 
  array (
    0 => 'admin',
    1 => 'ldcms.category',
    2 => 'getModels',
  ),
)
[ info ] [ HEADER ] array (
  'cookie' => 'thinkphp_show_page_trace=0|0; thinkphp_show_page_trace=0|0; uid=2; token=50446b79-6f1c-4eb2-9abc-2c19eb7a9159; backend_language=zh-cn; thinkphp_show_page_trace=0|0; PHPSESSID=40vsve0haqvtacvur4afbs4v0t; keeplogin=1%7C86400%7C1731986374%7Cc033686637a60cbe64c2f8276a802fb1; frontend_language=en',
  'accept-language' => 'zh-CN,zh;q=0.9,en;q=0.8',
  'accept-encoding' => 'gzip, deflate',
  'x-requested-with' => 'XMLHttpRequest',
  'accept' => '*/*',
  'user-agent' => 'Mozilla/5.0 (Macintosh; Intel Mac OS X 10_15_7) AppleWebKit/537.36 (KHTML, like Gecko) Chrome/130.0.0.0 Safari/537.36',
  'connection' => 'keep-alive',
  'host' => 'dev.sustens.com',
  'content-length' => '',
  'content-type' => '',
)
[ info ] [ PARAM ] array (
)
[ info ] [ LANG ] /var/webstars/sustens/public/../application/admin/lang/zh-cn.php
[ info ] [ BEHAVIOR ] Run app\common\behavior\Common @module_init [ RunTime:0.000071s ]
[ info ] [ SESSION ] INIT array (
  'id' => '',
  'var_session_id' => '',
  'prefix' => 'think',
  'type' => '',
  'auto_start' => true,
)
[ info ] [ BEHAVIOR ] Run \addons\ldcms\Ldcms @config_init [ RunTime:0.000031s ]
[ info ] [ LANG ] /var/webstars/sustens/public/../application/admin/lang/zh-cn/ldcms/category.php
[ info ] [ RUN ] app\admin\controller\ldcms\Category->getModels[ /var/webstars/sustens/application/admin/controller/ldcms/Category.php ]
[ info ] [ BEHAVIOR ] Run app\admin\behavior\AdminLog @app_end [ RunTime:0.000024s ]
[ info ] [ LOG ] INIT File
---------------------------------------------------------------
[ 2024-11-18T11:28:28+08:00 ] 10.211.55.2 GET dev.sustens.com/MTyvDCHVOo.php/ldcms/category/edit/ids/125?dialog=1
[运行时间：0.120386s] [吞吐率：8.31req/s] [内存消耗：906.54kb] [文件加载：103]
[ info ] [ BEHAVIOR ] Run Closure @app_init [ RunTime:0.000033s ]
[ info ] [ CACHE ] INIT File
[ info ] [ DB ] INIT mysql
[ info ] [ BEHAVIOR ] Run \addons\ldcms\Ldcms @app_init [ RunTime:0.022113s ]
[ info ] [ BEHAVIOR ] Run Closure @app_init [ RunTime:0.022145s ]
[ info ] [ BEHAVIOR ] Run app\common\behavior\Common @app_init [ RunTime:0.000110s ]
[ info ] [ LANG ] /var/webstars/sustens/thinkphp/lang/zh-cn.php
[ info ] [ BEHAVIOR ] Run app\common\behavior\Common @app_dispatch [ RunTime:0.000016s ]
[ info ] [ ROUTE ] array (
  'type' => 'module',
  'module' => 
  array (
    0 => 'admin',
    1 => 'ldcms.category',
    2 => 'edit',
  ),
)
[ info ] [ HEADER ] array (
  'cookie' => 'thinkphp_show_page_trace=0|0; thinkphp_show_page_trace=0|0; thinkphp_show_page_trace=0|0; uid=2; token=50446b79-6f1c-4eb2-9abc-2c19eb7a9159; backend_language=zh-cn; thinkphp_show_page_trace=0|0; PHPSESSID=40vsve0haqvtacvur4afbs4v0t; keeplogin=1%7C86400%7C1731986374%7Cc033686637a60cbe64c2f8276a802fb1; frontend_language=en',
  'accept-language' => 'zh-CN,zh;q=0.9,en;q=0.8',
  'accept-encoding' => 'gzip, deflate',
  'accept' => 'text/html,application/xhtml+xml,application/xml;q=0.9,image/avif,image/webp,image/apng,*/*;q=0.8,application/signed-exchange;v=b3;q=0.7',
  'user-agent' => 'Mozilla/5.0 (Macintosh; Intel Mac OS X 10_15_7) AppleWebKit/537.36 (KHTML, like Gecko) Chrome/130.0.0.0 Safari/537.36',
  'upgrade-insecure-requests' => '1',
  'connection' => 'keep-alive',
  'host' => 'dev.sustens.com',
  'content-length' => '',
  'content-type' => '',
)
[ info ] [ PARAM ] array (
  'dialog' => '1',
  'ids' => '125',
)
[ info ] [ LANG ] /var/webstars/sustens/public/../application/admin/lang/zh-cn.php
[ info ] [ BEHAVIOR ] Run app\common\behavior\Common @module_init [ RunTime:0.000083s ]
[ info ] [ SESSION ] INIT array (
  'id' => '',
  'var_session_id' => '',
  'prefix' => 'think',
  'type' => '',
  'auto_start' => true,
)
[ info ] [ BEHAVIOR ] Run \addons\ldcms\Ldcms @config_init [ RunTime:0.000041s ]
[ info ] [ LANG ] /var/webstars/sustens/public/../application/admin/lang/zh-cn/ldcms/category.php
[ info ] [ RUN ] app\admin\controller\ldcms\Category->edit[ /var/webstars/sustens/application/admin/controller/ldcms/Category.php ]
[ info ] [ VIEW ] /var/webstars/sustens/public/../application/admin/view/../../../addons/ldcms/utils/builder/view/fields.html [ array (
  0 => 'breadcrumb',
  1 => 'site',
  2 => 'config',
  3 => 'auth',
  4 => 'admin',
  5 => 'addon_config',
  6 => 'categorys',
  7 => 'isForm',
  8 => 'fields',
  9 => 'tab_group',
  10 => 'item_group',
  11 => 'field_show',
) ]
[ info ] [ BEHAVIOR ] Run app\admin\behavior\AdminLog @app_end [ RunTime:0.000151s ]
[ info ] [ LOG ] INIT File
---------------------------------------------------------------
[ 2024-11-18T11:28:29+08:00 ] 10.211.55.2 GET dev.sustens.com/MTyvDCHVOo.php/ajax/lang?callback=define&controllername=ldcms.category&lang=zh-cn&v=1731900508
[运行时间：0.027674s] [吞吐率：36.14req/s] [内存消耗：393.18kb] [文件加载：91]
[ info ] [ BEHAVIOR ] Run Closure @app_init [ RunTime:0.000020s ]
[ info ] [ CACHE ] INIT File
[ info ] [ DB ] INIT mysql
[ info ] [ BEHAVIOR ] Run \addons\ldcms\Ldcms @app_init [ RunTime:0.013269s ]
[ info ] [ BEHAVIOR ] Run Closure @app_init [ RunTime:0.013289s ]
[ info ] [ BEHAVIOR ] Run app\common\behavior\Common @app_init [ RunTime:0.000054s ]
[ info ] [ LANG ] /var/webstars/sustens/thinkphp/lang/zh-cn.php
[ info ] [ BEHAVIOR ] Run app\common\behavior\Common @app_dispatch [ RunTime:0.000013s ]
[ info ] [ ROUTE ] array (
  'type' => 'module',
  'module' => 
  array (
    0 => 'admin',
    1 => 'ajax',
    2 => 'lang',
  ),
)
[ info ] [ HEADER ] array (
  'cookie' => 'thinkphp_show_page_trace=0|0; uid=2; token=50446b79-6f1c-4eb2-9abc-2c19eb7a9159; backend_language=zh-cn; thinkphp_show_page_trace=0|0; PHPSESSID=40vsve0haqvtacvur4afbs4v0t; keeplogin=1%7C86400%7C1731986374%7Cc033686637a60cbe64c2f8276a802fb1; frontend_language=en',
  'accept-language' => 'zh-CN,zh;q=0.9,en;q=0.8',
  'accept-encoding' => 'gzip, deflate',
  'accept' => '*/*',
  'user-agent' => 'Mozilla/5.0 (Macintosh; Intel Mac OS X 10_15_7) AppleWebKit/537.36 (KHTML, like Gecko) Chrome/130.0.0.0 Safari/537.36',
  'connection' => 'keep-alive',
  'host' => 'dev.sustens.com',
  'content-length' => '',
  'content-type' => '',
)
[ info ] [ PARAM ] array (
  'callback' => 'define',
  'controllername' => 'ldcms.category',
  'lang' => 'zh-cn',
  'v' => '1731900508',
)
[ info ] [ LANG ] /var/webstars/sustens/public/../application/admin/lang/zh-cn.php
[ info ] [ BEHAVIOR ] Run app\common\behavior\Common @module_init [ RunTime:0.000064s ]
[ info ] [ SESSION ] INIT array (
  'id' => '',
  'var_session_id' => '',
  'prefix' => 'think',
  'type' => '',
  'auto_start' => true,
)
[ info ] [ BEHAVIOR ] Run \addons\ldcms\Ldcms @config_init [ RunTime:0.000028s ]
[ info ] [ LANG ] /var/webstars/sustens/public/../application/admin/lang/zh-cn/ajax.php
[ info ] [ RUN ] app\admin\controller\Ajax->lang[ /var/webstars/sustens/application/admin/controller/Ajax.php ]
[ info ] [ LANG ] /var/webstars/sustens/public/../application/admin/lang/zh-cn/ldcms/category.php
[ info ] [ BEHAVIOR ] Run app\admin\behavior\AdminLog @app_end [ RunTime:0.000019s ]
[ info ] [ LOG ] INIT File
---------------------------------------------------------------
[ 2024-11-18T11:28:29+08:00 ] 10.211.55.2 GET dev.sustens.com/MTyvDCHVOo.php/ldcms/category/getModels
[运行时间：0.038835s] [吞吐率：25.75req/s] [内存消耗：644.64kb] [文件加载：96]
[ info ] [ BEHAVIOR ] Run Closure @app_init [ RunTime:0.000025s ]
[ info ] [ CACHE ] INIT File
[ info ] [ DB ] INIT mysql
[ info ] [ BEHAVIOR ] Run \addons\ldcms\Ldcms @app_init [ RunTime:0.002099s ]
[ info ] [ BEHAVIOR ] Run Closure @app_init [ RunTime:0.002119s ]
[ info ] [ BEHAVIOR ] Run app\common\behavior\Common @app_init [ RunTime:0.000055s ]
[ info ] [ LANG ] /var/webstars/sustens/thinkphp/lang/zh-cn.php
[ info ] [ BEHAVIOR ] Run app\common\behavior\Common @app_dispatch [ RunTime:0.000014s ]
[ info ] [ ROUTE ] array (
  'type' => 'module',
  'module' => 
  array (
    0 => 'admin',
    1 => 'ldcms.category',
    2 => 'getModels',
  ),
)
[ info ] [ HEADER ] array (
  'cookie' => 'thinkphp_show_page_trace=0|0; thinkphp_show_page_trace=0|0; uid=2; token=50446b79-6f1c-4eb2-9abc-2c19eb7a9159; backend_language=zh-cn; thinkphp_show_page_trace=0|0; PHPSESSID=40vsve0haqvtacvur4afbs4v0t; keeplogin=1%7C86400%7C1731986374%7Cc033686637a60cbe64c2f8276a802fb1; frontend_language=en',
  'accept-language' => 'zh-CN,zh;q=0.9,en;q=0.8',
  'accept-encoding' => 'gzip, deflate',
  'x-requested-with' => 'XMLHttpRequest',
  'accept' => '*/*',
  'user-agent' => 'Mozilla/5.0 (Macintosh; Intel Mac OS X 10_15_7) AppleWebKit/537.36 (KHTML, like Gecko) Chrome/130.0.0.0 Safari/537.36',
  'connection' => 'keep-alive',
  'host' => 'dev.sustens.com',
  'content-length' => '',
  'content-type' => '',
)
[ info ] [ PARAM ] array (
)
[ info ] [ LANG ] /var/webstars/sustens/public/../application/admin/lang/zh-cn.php
[ info ] [ BEHAVIOR ] Run app\common\behavior\Common @module_init [ RunTime:0.000072s ]
[ info ] [ SESSION ] INIT array (
  'id' => '',
  'var_session_id' => '',
  'prefix' => 'think',
  'type' => '',
  'auto_start' => true,
)
[ info ] [ BEHAVIOR ] Run \addons\ldcms\Ldcms @config_init [ RunTime:0.000030s ]
[ info ] [ LANG ] /var/webstars/sustens/public/../application/admin/lang/zh-cn/ldcms/category.php
[ info ] [ RUN ] app\admin\controller\ldcms\Category->getModels[ /var/webstars/sustens/application/admin/controller/ldcms/Category.php ]
[ info ] [ BEHAVIOR ] Run app\admin\behavior\AdminLog @app_end [ RunTime:0.000035s ]
[ info ] [ LOG ] INIT File
---------------------------------------------------------------
[ 2024-11-18T11:28:40+08:00 ] 10.211.55.2 GET dev.sustens.com/MTyvDCHVOo.php/ldcms/category/edit/ids/164?dialog=1
[运行时间：0.117284s] [吞吐率：8.53req/s] [内存消耗：906.39kb] [文件加载：103]
[ info ] [ BEHAVIOR ] Run Closure @app_init [ RunTime:0.000027s ]
[ info ] [ CACHE ] INIT File
[ info ] [ DB ] INIT mysql
[ info ] [ BEHAVIOR ] Run \addons\ldcms\Ldcms @app_init [ RunTime:0.020357s ]
[ info ] [ BEHAVIOR ] Run Closure @app_init [ RunTime:0.020381s ]
[ info ] [ BEHAVIOR ] Run app\common\behavior\Common @app_init [ RunTime:0.000091s ]
[ info ] [ LANG ] /var/webstars/sustens/thinkphp/lang/zh-cn.php
[ info ] [ BEHAVIOR ] Run app\common\behavior\Common @app_dispatch [ RunTime:0.000015s ]
[ info ] [ ROUTE ] array (
  'type' => 'module',
  'module' => 
  array (
    0 => 'admin',
    1 => 'ldcms.category',
    2 => 'edit',
  ),
)
[ info ] [ HEADER ] array (
  'cookie' => 'thinkphp_show_page_trace=0|0; thinkphp_show_page_trace=0|0; thinkphp_show_page_trace=0|0; uid=2; token=50446b79-6f1c-4eb2-9abc-2c19eb7a9159; backend_language=zh-cn; thinkphp_show_page_trace=0|0; PHPSESSID=40vsve0haqvtacvur4afbs4v0t; keeplogin=1%7C86400%7C1731986374%7Cc033686637a60cbe64c2f8276a802fb1; frontend_language=en',
  'accept-language' => 'zh-CN,zh;q=0.9,en;q=0.8',
  'accept-encoding' => 'gzip, deflate',
  'accept' => 'text/html,application/xhtml+xml,application/xml;q=0.9,image/avif,image/webp,image/apng,*/*;q=0.8,application/signed-exchange;v=b3;q=0.7',
  'user-agent' => 'Mozilla/5.0 (Macintosh; Intel Mac OS X 10_15_7) AppleWebKit/537.36 (KHTML, like Gecko) Chrome/130.0.0.0 Safari/537.36',
  'upgrade-insecure-requests' => '1',
  'connection' => 'keep-alive',
  'host' => 'dev.sustens.com',
  'content-length' => '',
  'content-type' => '',
)
[ info ] [ PARAM ] array (
  'dialog' => '1',
  'ids' => '164',
)
[ info ] [ LANG ] /var/webstars/sustens/public/../application/admin/lang/zh-cn.php
[ info ] [ BEHAVIOR ] Run app\common\behavior\Common @module_init [ RunTime:0.000070s ]
[ info ] [ SESSION ] INIT array (
  'id' => '',
  'var_session_id' => '',
  'prefix' => 'think',
  'type' => '',
  'auto_start' => true,
)
[ info ] [ BEHAVIOR ] Run \addons\ldcms\Ldcms @config_init [ RunTime:0.000038s ]
[ info ] [ LANG ] /var/webstars/sustens/public/../application/admin/lang/zh-cn/ldcms/category.php
[ info ] [ RUN ] app\admin\controller\ldcms\Category->edit[ /var/webstars/sustens/application/admin/controller/ldcms/Category.php ]
[ info ] [ VIEW ] /var/webstars/sustens/public/../application/admin/view/../../../addons/ldcms/utils/builder/view/fields.html [ array (
  0 => 'breadcrumb',
  1 => 'site',
  2 => 'config',
  3 => 'auth',
  4 => 'admin',
  5 => 'addon_config',
  6 => 'categorys',
  7 => 'isForm',
  8 => 'fields',
  9 => 'tab_group',
  10 => 'item_group',
  11 => 'field_show',
) ]
[ info ] [ BEHAVIOR ] Run app\admin\behavior\AdminLog @app_end [ RunTime:0.000054s ]
[ info ] [ LOG ] INIT File
---------------------------------------------------------------
[ 2024-11-18T11:28:41+08:00 ] 10.211.55.2 GET dev.sustens.com/MTyvDCHVOo.php/ajax/lang?callback=define&controllername=ldcms.category&lang=zh-cn&v=1731900520
[运行时间：0.098930s] [吞吐率：10.11req/s] [内存消耗：393.18kb] [文件加载：91]
[ info ] [ BEHAVIOR ] Run Closure @app_init [ RunTime:0.000067s ]
[ info ] [ CACHE ] INIT File
[ info ] [ DB ] INIT mysql
[ info ] [ BEHAVIOR ] Run \addons\ldcms\Ldcms @app_init [ RunTime:0.019751s ]
[ info ] [ BEHAVIOR ] Run Closure @app_init [ RunTime:0.019781s ]
[ info ] [ BEHAVIOR ] Run app\common\behavior\Common @app_init [ RunTime:0.000083s ]
[ info ] [ LANG ] /var/webstars/sustens/thinkphp/lang/zh-cn.php
[ info ] [ BEHAVIOR ] Run app\common\behavior\Common @app_dispatch [ RunTime:0.000019s ]
[ info ] [ ROUTE ] array (
  'type' => 'module',
  'module' => 
  array (
    0 => 'admin',
    1 => 'ajax',
    2 => 'lang',
  ),
)
[ info ] [ HEADER ] array (
  'cookie' => 'thinkphp_show_page_trace=0|0; uid=2; token=50446b79-6f1c-4eb2-9abc-2c19eb7a9159; backend_language=zh-cn; thinkphp_show_page_trace=0|0; PHPSESSID=40vsve0haqvtacvur4afbs4v0t; keeplogin=1%7C86400%7C1731986374%7Cc033686637a60cbe64c2f8276a802fb1; frontend_language=en',
  'accept-language' => 'zh-CN,zh;q=0.9,en;q=0.8',
  'accept-encoding' => 'gzip, deflate',
  'accept' => '*/*',
  'user-agent' => 'Mozilla/5.0 (Macintosh; Intel Mac OS X 10_15_7) AppleWebKit/537.36 (KHTML, like Gecko) Chrome/130.0.0.0 Safari/537.36',
  'connection' => 'keep-alive',
  'host' => 'dev.sustens.com',
  'content-length' => '',
  'content-type' => '',
)
[ info ] [ PARAM ] array (
  'callback' => 'define',
  'controllername' => 'ldcms.category',
  'lang' => 'zh-cn',
  'v' => '1731900520',
)
[ info ] [ LANG ] /var/webstars/sustens/public/../application/admin/lang/zh-cn.php
[ info ] [ BEHAVIOR ] Run app\common\behavior\Common @module_init [ RunTime:0.000093s ]
[ info ] [ SESSION ] INIT array (
  'id' => '',
  'var_session_id' => '',
  'prefix' => 'think',
  'type' => '',
  'auto_start' => true,
)
[ info ] [ BEHAVIOR ] Run \addons\ldcms\Ldcms @config_init [ RunTime:0.000043s ]
[ info ] [ LANG ] /var/webstars/sustens/public/../application/admin/lang/zh-cn/ajax.php
[ info ] [ RUN ] app\admin\controller\Ajax->lang[ /var/webstars/sustens/application/admin/controller/Ajax.php ]
[ info ] [ LANG ] /var/webstars/sustens/public/../application/admin/lang/zh-cn/ldcms/category.php
[ info ] [ BEHAVIOR ] Run app\admin\behavior\AdminLog @app_end [ RunTime:0.000025s ]
[ info ] [ LOG ] INIT File
---------------------------------------------------------------
[ 2024-11-18T11:28:41+08:00 ] 10.211.55.2 GET dev.sustens.com/MTyvDCHVOo.php/ldcms/category/getModels
[运行时间：0.073553s] [吞吐率：13.60req/s] [内存消耗：644.64kb] [文件加载：96]
[ info ] [ BEHAVIOR ] Run Closure @app_init [ RunTime:0.000057s ]
[ info ] [ CACHE ] INIT File
[ info ] [ DB ] INIT mysql
[ info ] [ BEHAVIOR ] Run \addons\ldcms\Ldcms @app_init [ RunTime:0.004680s ]
[ info ] [ BEHAVIOR ] Run Closure @app_init [ RunTime:0.004707s ]
[ info ] [ BEHAVIOR ] Run app\common\behavior\Common @app_init [ RunTime:0.000133s ]
[ info ] [ LANG ] /var/webstars/sustens/thinkphp/lang/zh-cn.php
[ info ] [ BEHAVIOR ] Run app\common\behavior\Common @app_dispatch [ RunTime:0.000019s ]
[ info ] [ ROUTE ] array (
  'type' => 'module',
  'module' => 
  array (
    0 => 'admin',
    1 => 'ldcms.category',
    2 => 'getModels',
  ),
)
[ info ] [ HEADER ] array (
  'cookie' => 'thinkphp_show_page_trace=0|0; thinkphp_show_page_trace=0|0; uid=2; token=50446b79-6f1c-4eb2-9abc-2c19eb7a9159; backend_language=zh-cn; thinkphp_show_page_trace=0|0; PHPSESSID=40vsve0haqvtacvur4afbs4v0t; keeplogin=1%7C86400%7C1731986374%7Cc033686637a60cbe64c2f8276a802fb1; frontend_language=en',
  'accept-language' => 'zh-CN,zh;q=0.9,en;q=0.8',
  'accept-encoding' => 'gzip, deflate',
  'x-requested-with' => 'XMLHttpRequest',
  'accept' => '*/*',
  'user-agent' => 'Mozilla/5.0 (Macintosh; Intel Mac OS X 10_15_7) AppleWebKit/537.36 (KHTML, like Gecko) Chrome/130.0.0.0 Safari/537.36',
  'connection' => 'keep-alive',
  'host' => 'dev.sustens.com',
  'content-length' => '',
  'content-type' => '',
)
[ info ] [ PARAM ] array (
)
[ info ] [ LANG ] /var/webstars/sustens/public/../application/admin/lang/zh-cn.php
[ info ] [ BEHAVIOR ] Run app\common\behavior\Common @module_init [ RunTime:0.000088s ]
[ info ] [ SESSION ] INIT array (
  'id' => '',
  'var_session_id' => '',
  'prefix' => 'think',
  'type' => '',
  'auto_start' => true,
)
[ info ] [ BEHAVIOR ] Run \addons\ldcms\Ldcms @config_init [ RunTime:0.000038s ]
[ info ] [ LANG ] /var/webstars/sustens/public/../application/admin/lang/zh-cn/ldcms/category.php
[ info ] [ RUN ] app\admin\controller\ldcms\Category->getModels[ /var/webstars/sustens/application/admin/controller/ldcms/Category.php ]
[ info ] [ BEHAVIOR ] Run app\admin\behavior\AdminLog @app_end [ RunTime:0.000035s ]
[ info ] [ LOG ] INIT File
---------------------------------------------------------------
[ 2024-11-18T11:28:54+08:00 ] 10.211.55.2 GET dev.sustens.com/MTyvDCHVOo.php/ldcms/slider/index?addtabs=1&sort=sort&order=desc&offset=0&limit=10&filter=%7B%22type%22%3A%22api_about%22%7D&op=%7B%22type%22%3A%22LIKE%22%7D&_=1731900422769
[运行时间：0.216348s] [吞吐率：4.62req/s] [内存消耗：655.55kb] [文件加载：95]
[ info ] [ BEHAVIOR ] Run Closure @app_init [ RunTime:0.000018s ]
[ info ] [ CACHE ] INIT File
[ info ] [ DB ] INIT mysql
[ info ] [ BEHAVIOR ] Run \addons\ldcms\Ldcms @app_init [ RunTime:0.021263s ]
[ info ] [ BEHAVIOR ] Run Closure @app_init [ RunTime:0.021293s ]
[ info ] [ BEHAVIOR ] Run app\common\behavior\Common @app_init [ RunTime:0.000115s ]
[ info ] [ LANG ] /var/webstars/sustens/thinkphp/lang/zh-cn.php
[ info ] [ BEHAVIOR ] Run app\common\behavior\Common @app_dispatch [ RunTime:0.000021s ]
[ info ] [ ROUTE ] array (
  'type' => 'module',
  'module' => 
  array (
    0 => 'admin',
    1 => 'ldcms.slider',
    2 => 'index',
  ),
)
[ info ] [ HEADER ] array (
  'cookie' => 'thinkphp_show_page_trace=0|0; thinkphp_show_page_trace=0|0; uid=2; token=50446b79-6f1c-4eb2-9abc-2c19eb7a9159; backend_language=zh-cn; thinkphp_show_page_trace=0|0; PHPSESSID=40vsve0haqvtacvur4afbs4v0t; keeplogin=1%7C86400%7C1731986374%7Cc033686637a60cbe64c2f8276a802fb1; frontend_language=en',
  'accept-language' => 'zh-CN,zh;q=0.9,en;q=0.8',
  'accept-encoding' => 'gzip, deflate',
  'content-type' => 'application/json',
  'accept' => 'application/json, text/javascript, */*; q=0.01',
  'user-agent' => 'Mozilla/5.0 (Macintosh; Intel Mac OS X 10_15_7) AppleWebKit/537.36 (KHTML, like Gecko) Chrome/130.0.0.0 Safari/537.36',
  'x-requested-with' => 'XMLHttpRequest',
  'connection' => 'keep-alive',
  'host' => 'dev.sustens.com',
  'content-length' => '',
)
[ info ] [ PARAM ] array (
  'addtabs' => '1',
  'sort' => 'sort',
  'order' => 'desc',
  'offset' => '0',
  'limit' => '10',
  'filter' => '{"type":"api_about"}',
  'op' => '{"type":"LIKE"}',
  '_' => '1731900422769',
)
[ info ] [ LANG ] /var/webstars/sustens/public/../application/admin/lang/zh-cn.php
[ info ] [ BEHAVIOR ] Run app\common\behavior\Common @module_init [ RunTime:0.000105s ]
[ info ] [ SESSION ] INIT array (
  'id' => '',
  'var_session_id' => '',
  'prefix' => 'think',
  'type' => '',
  'auto_start' => true,
)
[ info ] [ BEHAVIOR ] Run \addons\ldcms\Ldcms @config_init [ RunTime:0.000053s ]
[ info ] [ LANG ] /var/webstars/sustens/public/../application/admin/lang/zh-cn/ldcms/slider.php
[ info ] [ RUN ] app\admin\controller\ldcms\Slider->index[ /var/webstars/sustens/application/admin/controller/ldcms/Slider.php ]
[ info ] [ BEHAVIOR ] Run app\admin\behavior\AdminLog @app_end [ RunTime:0.000081s ]
[ info ] [ LOG ] INIT File
---------------------------------------------------------------
[ 2024-11-18T11:28:56+08:00 ] 10.211.55.2 POST dev.sustens.com/MTyvDCHVOo.php/ldcms/slider/selectpageType
[运行时间：0.030168s] [吞吐率：33.15req/s] [内存消耗：629.09kb] [文件加载：94]
[ info ] [ BEHAVIOR ] Run Closure @app_init [ RunTime:0.000013s ]
[ info ] [ CACHE ] INIT File
[ info ] [ DB ] INIT mysql
[ info ] [ BEHAVIOR ] Run \addons\ldcms\Ldcms @app_init [ RunTime:0.002243s ]
[ info ] [ BEHAVIOR ] Run Closure @app_init [ RunTime:0.002264s ]
[ info ] [ BEHAVIOR ] Run app\common\behavior\Common @app_init [ RunTime:0.000051s ]
[ info ] [ LANG ] /var/webstars/sustens/thinkphp/lang/zh-cn.php
[ info ] [ BEHAVIOR ] Run app\common\behavior\Common @app_dispatch [ RunTime:0.000011s ]
[ info ] [ ROUTE ] array (
  'type' => 'module',
  'module' => 
  array (
    0 => 'admin',
    1 => 'ldcms.slider',
    2 => 'selectpageType',
  ),
)
[ info ] [ HEADER ] array (
  'cookie' => 'thinkphp_show_page_trace=0|0; thinkphp_show_page_trace=0|0; uid=2; token=50446b79-6f1c-4eb2-9abc-2c19eb7a9159; backend_language=zh-cn; thinkphp_show_page_trace=0|0; PHPSESSID=40vsve0haqvtacvur4afbs4v0t; keeplogin=1%7C86400%7C1731986374%7Cc033686637a60cbe64c2f8276a802fb1; frontend_language=en',
  'accept-language' => 'zh-CN,zh;q=0.9,en;q=0.8',
  'accept-encoding' => 'gzip, deflate',
  'origin' => 'http://dev.sustens.com',
  'content-type' => 'application/x-www-form-urlencoded; charset=UTF-8',
  'accept' => 'application/json, text/javascript, */*; q=0.01',
  'user-agent' => 'Mozilla/5.0 (Macintosh; Intel Mac OS X 10_15_7) AppleWebKit/537.36 (KHTML, like Gecko) Chrome/130.0.0.0 Safari/537.36',
  'x-requested-with' => 'XMLHttpRequest',
  'content-length' => '174',
  'connection' => 'keep-alive',
  'host' => 'dev.sustens.com',
)
[ info ] [ PARAM ] array (
  'q_word' => 
  array (
    0 => '',
  ),
  'pageNumber' => '1',
  'pageSize' => '10',
  'andOr' => 'OR ',
  'orderBy' => 
  array (
    0 => 
    array (
      0 => 'title',
      1 => 'ASC',
    ),
  ),
  'searchTable' => 'tbl',
  'showField' => 'title',
  'keyField' => 'id',
  'searchField' => 
  array (
    0 => 'title',
  ),
  'title' => '',
)
[ info ] [ LANG ] /var/webstars/sustens/public/../application/admin/lang/zh-cn.php
[ info ] [ BEHAVIOR ] Run app\common\behavior\Common @module_init [ RunTime:0.000055s ]
[ info ] [ SESSION ] INIT array (
  'id' => '',
  'var_session_id' => '',
  'prefix' => 'think',
  'type' => '',
  'auto_start' => true,
)
[ info ] [ BEHAVIOR ] Run \addons\ldcms\Ldcms @config_init [ RunTime:0.000027s ]
[ info ] [ LANG ] /var/webstars/sustens/public/../application/admin/lang/zh-cn/ldcms/slider.php
[ info ] [ RUN ] app\admin\controller\ldcms\Slider->selectpageType[ /var/webstars/sustens/application/admin/controller/ldcms/Slider.php ]
[ info ] [ BEHAVIOR ] Run app\admin\behavior\AdminLog @app_end [ RunTime:0.013971s ]
[ info ] [ LOG ] INIT File
---------------------------------------------------------------
[ 2024-11-18T11:29:04+08:00 ] 10.211.55.2 GET dev.sustens.com/MTyvDCHVOo.php/ldcms/slider/index?addtabs=1&sort=sort&order=desc&offset=0&limit=10&filter=%7B%22type%22%3A%22about%22%7D&op=%7B%22type%22%3A%22LIKE%22%7D&_=1731900422770
[运行时间：0.149065s] [吞吐率：6.71req/s] [内存消耗：652.94kb] [文件加载：95]
[ info ] [ BEHAVIOR ] Run Closure @app_init [ RunTime:0.000029s ]
[ info ] [ CACHE ] INIT File
[ info ] [ DB ] INIT mysql
[ info ] [ BEHAVIOR ] Run \addons\ldcms\Ldcms @app_init [ RunTime:0.017021s ]
[ info ] [ BEHAVIOR ] Run Closure @app_init [ RunTime:0.017072s ]
[ info ] [ BEHAVIOR ] Run app\common\behavior\Common @app_init [ RunTime:0.002379s ]
[ info ] [ LANG ] /var/webstars/sustens/thinkphp/lang/zh-cn.php
[ info ] [ BEHAVIOR ] Run app\common\behavior\Common @app_dispatch [ RunTime:0.000033s ]
[ info ] [ ROUTE ] array (
  'type' => 'module',
  'module' => 
  array (
    0 => 'admin',
    1 => 'ldcms.slider',
    2 => 'index',
  ),
)
[ info ] [ HEADER ] array (
  'cookie' => 'thinkphp_show_page_trace=0|0; thinkphp_show_page_trace=0|0; uid=2; token=50446b79-6f1c-4eb2-9abc-2c19eb7a9159; backend_language=zh-cn; thinkphp_show_page_trace=0|0; PHPSESSID=40vsve0haqvtacvur4afbs4v0t; keeplogin=1%7C86400%7C1731986374%7Cc033686637a60cbe64c2f8276a802fb1; frontend_language=en',
  'accept-language' => 'zh-CN,zh;q=0.9,en;q=0.8',
  'accept-encoding' => 'gzip, deflate',
  'content-type' => 'application/json',
  'accept' => 'application/json, text/javascript, */*; q=0.01',
  'user-agent' => 'Mozilla/5.0 (Macintosh; Intel Mac OS X 10_15_7) AppleWebKit/537.36 (KHTML, like Gecko) Chrome/130.0.0.0 Safari/537.36',
  'x-requested-with' => 'XMLHttpRequest',
  'connection' => 'keep-alive',
  'host' => 'dev.sustens.com',
  'content-length' => '',
)
[ info ] [ PARAM ] array (
  'addtabs' => '1',
  'sort' => 'sort',
  'order' => 'desc',
  'offset' => '0',
  'limit' => '10',
  'filter' => '{"type":"about"}',
  'op' => '{"type":"LIKE"}',
  '_' => '1731900422770',
)
[ info ] [ LANG ] /var/webstars/sustens/public/../application/admin/lang/zh-cn.php
[ info ] [ BEHAVIOR ] Run app\common\behavior\Common @module_init [ RunTime:0.002424s ]
[ info ] [ SESSION ] INIT array (
  'id' => '',
  'var_session_id' => '',
  'prefix' => 'think',
  'type' => '',
  'auto_start' => true,
)
[ info ] [ BEHAVIOR ] Run \addons\ldcms\Ldcms @config_init [ RunTime:0.000041s ]
[ info ] [ LANG ] /var/webstars/sustens/public/../application/admin/lang/zh-cn/ldcms/slider.php
[ info ] [ RUN ] app\admin\controller\ldcms\Slider->index[ /var/webstars/sustens/application/admin/controller/ldcms/Slider.php ]
[ info ] [ BEHAVIOR ] Run app\admin\behavior\AdminLog @app_end [ RunTime:0.001237s ]
[ info ] [ LOG ] INIT File
---------------------------------------------------------------
[ 2024-11-18T11:29:09+08:00 ] 10.211.55.2 GET dev.sustens.com/MTyvDCHVOo.php/ldcms/category/index?addtabs=1&sort=id&order=desc&_=1731900465142
[运行时间：0.218718s] [吞吐率：4.57req/s] [内存消耗：787.27kb] [文件加载：97]
[ info ] [ BEHAVIOR ] Run Closure @app_init [ RunTime:0.000023s ]
[ info ] [ CACHE ] INIT File
[ info ] [ DB ] INIT mysql
[ info ] [ BEHAVIOR ] Run \addons\ldcms\Ldcms @app_init [ RunTime:0.002819s ]
[ info ] [ BEHAVIOR ] Run Closure @app_init [ RunTime:0.002842s ]
[ info ] [ BEHAVIOR ] Run app\common\behavior\Common @app_init [ RunTime:0.000069s ]
[ info ] [ LANG ] /var/webstars/sustens/thinkphp/lang/zh-cn.php
[ info ] [ BEHAVIOR ] Run app\common\behavior\Common @app_dispatch [ RunTime:0.000021s ]
[ info ] [ ROUTE ] array (
  'type' => 'module',
  'module' => 
  array (
    0 => 'admin',
    1 => 'ldcms.category',
    2 => 'index',
  ),
)
[ info ] [ HEADER ] array (
  'cookie' => 'thinkphp_show_page_trace=0|0; thinkphp_show_page_trace=0|0; uid=2; token=50446b79-6f1c-4eb2-9abc-2c19eb7a9159; backend_language=zh-cn; thinkphp_show_page_trace=0|0; PHPSESSID=40vsve0haqvtacvur4afbs4v0t; keeplogin=1%7C86400%7C1731986374%7Cc033686637a60cbe64c2f8276a802fb1; frontend_language=en',
  'accept-language' => 'zh-CN,zh;q=0.9,en;q=0.8',
  'accept-encoding' => 'gzip, deflate',
  'content-type' => 'application/json',
  'accept' => 'application/json, text/javascript, */*; q=0.01',
  'user-agent' => 'Mozilla/5.0 (Macintosh; Intel Mac OS X 10_15_7) AppleWebKit/537.36 (KHTML, like Gecko) Chrome/130.0.0.0 Safari/537.36',
  'x-requested-with' => 'XMLHttpRequest',
  'connection' => 'keep-alive',
  'host' => 'dev.sustens.com',
  'content-length' => '',
)
[ info ] [ PARAM ] array (
  'addtabs' => '1',
  'sort' => 'id',
  'order' => 'desc',
  '_' => '1731900465142',
)
[ info ] [ LANG ] /var/webstars/sustens/public/../application/admin/lang/zh-cn.php
[ info ] [ BEHAVIOR ] Run app\common\behavior\Common @module_init [ RunTime:0.000113s ]
[ info ] [ SESSION ] INIT array (
  'id' => '',
  'var_session_id' => '',
  'prefix' => 'think',
  'type' => '',
  'auto_start' => true,
)
[ info ] [ BEHAVIOR ] Run \addons\ldcms\Ldcms @config_init [ RunTime:0.000054s ]
[ info ] [ LANG ] /var/webstars/sustens/public/../application/admin/lang/zh-cn/ldcms/category.php
[ info ] [ RUN ] app\admin\controller\ldcms\Category->index[ /var/webstars/sustens/application/admin/controller/ldcms/Category.php ]
[ info ] [ BEHAVIOR ] Run app\admin\behavior\AdminLog @app_end [ RunTime:0.000081s ]
[ info ] [ LOG ] INIT File
---------------------------------------------------------------
[ 2024-11-18T11:29:17+08:00 ] 10.211.55.2 GET dev.sustens.com/MTyvDCHVOo.php/ldcms/category/edit/ids/163?dialog=1
[运行时间：0.143290s] [吞吐率：6.98req/s] [内存消耗：906.33kb] [文件加载：103]
[ info ] [ BEHAVIOR ] Run Closure @app_init [ RunTime:0.000021s ]
[ info ] [ CACHE ] INIT File
[ info ] [ DB ] INIT mysql
[ info ] [ BEHAVIOR ] Run \addons\ldcms\Ldcms @app_init [ RunTime:0.020947s ]
[ info ] [ BEHAVIOR ] Run Closure @app_init [ RunTime:0.020973s ]
[ info ] [ BEHAVIOR ] Run app\common\behavior\Common @app_init [ RunTime:0.000093s ]
[ info ] [ LANG ] /var/webstars/sustens/thinkphp/lang/zh-cn.php
[ info ] [ BEHAVIOR ] Run app\common\behavior\Common @app_dispatch [ RunTime:0.000015s ]
[ info ] [ ROUTE ] array (
  'type' => 'module',
  'module' => 
  array (
    0 => 'admin',
    1 => 'ldcms.category',
    2 => 'edit',
  ),
)
[ info ] [ HEADER ] array (
  'cookie' => 'thinkphp_show_page_trace=0|0; thinkphp_show_page_trace=0|0; thinkphp_show_page_trace=0|0; uid=2; token=50446b79-6f1c-4eb2-9abc-2c19eb7a9159; backend_language=zh-cn; thinkphp_show_page_trace=0|0; PHPSESSID=40vsve0haqvtacvur4afbs4v0t; keeplogin=1%7C86400%7C1731986374%7Cc033686637a60cbe64c2f8276a802fb1; frontend_language=en',
  'accept-language' => 'zh-CN,zh;q=0.9,en;q=0.8',
  'accept-encoding' => 'gzip, deflate',
  'accept' => 'text/html,application/xhtml+xml,application/xml;q=0.9,image/avif,image/webp,image/apng,*/*;q=0.8,application/signed-exchange;v=b3;q=0.7',
  'user-agent' => 'Mozilla/5.0 (Macintosh; Intel Mac OS X 10_15_7) AppleWebKit/537.36 (KHTML, like Gecko) Chrome/130.0.0.0 Safari/537.36',
  'upgrade-insecure-requests' => '1',
  'connection' => 'keep-alive',
  'host' => 'dev.sustens.com',
  'content-length' => '',
  'content-type' => '',
)
[ info ] [ PARAM ] array (
  'dialog' => '1',
  'ids' => '163',
)
[ info ] [ LANG ] /var/webstars/sustens/public/../application/admin/lang/zh-cn.php
[ info ] [ BEHAVIOR ] Run app\common\behavior\Common @module_init [ RunTime:0.000118s ]
[ info ] [ SESSION ] INIT array (
  'id' => '',
  'var_session_id' => '',
  'prefix' => 'think',
  'type' => '',
  'auto_start' => true,
)
[ info ] [ BEHAVIOR ] Run \addons\ldcms\Ldcms @config_init [ RunTime:0.000040s ]
[ info ] [ LANG ] /var/webstars/sustens/public/../application/admin/lang/zh-cn/ldcms/category.php
[ info ] [ RUN ] app\admin\controller\ldcms\Category->edit[ /var/webstars/sustens/application/admin/controller/ldcms/Category.php ]
[ info ] [ VIEW ] /var/webstars/sustens/public/../application/admin/view/../../../addons/ldcms/utils/builder/view/fields.html [ array (
  0 => 'breadcrumb',
  1 => 'site',
  2 => 'config',
  3 => 'auth',
  4 => 'admin',
  5 => 'addon_config',
  6 => 'categorys',
  7 => 'isForm',
  8 => 'fields',
  9 => 'tab_group',
  10 => 'item_group',
  11 => 'field_show',
) ]
[ info ] [ BEHAVIOR ] Run app\admin\behavior\AdminLog @app_end [ RunTime:0.000049s ]
[ info ] [ LOG ] INIT File
---------------------------------------------------------------
[ 2024-11-18T11:29:18+08:00 ] 10.211.55.2 GET dev.sustens.com/MTyvDCHVOo.php/ajax/lang?callback=define&controllername=ldcms.category&lang=zh-cn&v=1731900557
[运行时间：0.037088s] [吞吐率：26.96req/s] [内存消耗：393.18kb] [文件加载：91]
[ info ] [ BEHAVIOR ] Run Closure @app_init [ RunTime:0.000214s ]
[ info ] [ CACHE ] INIT File
[ info ] [ DB ] INIT mysql
[ info ] [ BEHAVIOR ] Run \addons\ldcms\Ldcms @app_init [ RunTime:0.015935s ]
[ info ] [ BEHAVIOR ] Run Closure @app_init [ RunTime:0.015959s ]
[ info ] [ BEHAVIOR ] Run app\common\behavior\Common @app_init [ RunTime:0.000060s ]
[ info ] [ LANG ] /var/webstars/sustens/thinkphp/lang/zh-cn.php
[ info ] [ BEHAVIOR ] Run app\common\behavior\Common @app_dispatch [ RunTime:0.000013s ]
[ info ] [ ROUTE ] array (
  'type' => 'module',
  'module' => 
  array (
    0 => 'admin',
    1 => 'ajax',
    2 => 'lang',
  ),
)
[ info ] [ HEADER ] array (
  'cookie' => 'thinkphp_show_page_trace=0|0; uid=2; token=50446b79-6f1c-4eb2-9abc-2c19eb7a9159; backend_language=zh-cn; thinkphp_show_page_trace=0|0; PHPSESSID=40vsve0haqvtacvur4afbs4v0t; keeplogin=1%7C86400%7C1731986374%7Cc033686637a60cbe64c2f8276a802fb1; frontend_language=en',
  'accept-language' => 'zh-CN,zh;q=0.9,en;q=0.8',
  'accept-encoding' => 'gzip, deflate',
  'accept' => '*/*',
  'user-agent' => 'Mozilla/5.0 (Macintosh; Intel Mac OS X 10_15_7) AppleWebKit/537.36 (KHTML, like Gecko) Chrome/130.0.0.0 Safari/537.36',
  'connection' => 'keep-alive',
  'host' => 'dev.sustens.com',
  'content-length' => '',
  'content-type' => '',
)
[ info ] [ PARAM ] array (
  'callback' => 'define',
  'controllername' => 'ldcms.category',
  'lang' => 'zh-cn',
  'v' => '1731900557',
)
[ info ] [ LANG ] /var/webstars/sustens/public/../application/admin/lang/zh-cn.php
[ info ] [ BEHAVIOR ] Run app\common\behavior\Common @module_init [ RunTime:0.000064s ]
[ info ] [ SESSION ] INIT array (
  'id' => '',
  'var_session_id' => '',
  'prefix' => 'think',
  'type' => '',
  'auto_start' => true,
)
[ info ] [ BEHAVIOR ] Run \addons\ldcms\Ldcms @config_init [ RunTime:0.000027s ]
[ info ] [ LANG ] /var/webstars/sustens/public/../application/admin/lang/zh-cn/ajax.php
[ info ] [ RUN ] app\admin\controller\Ajax->lang[ /var/webstars/sustens/application/admin/controller/Ajax.php ]
[ info ] [ LANG ] /var/webstars/sustens/public/../application/admin/lang/zh-cn/ldcms/category.php
[ info ] [ BEHAVIOR ] Run app\admin\behavior\AdminLog @app_end [ RunTime:0.000030s ]
[ info ] [ LOG ] INIT File
---------------------------------------------------------------
[ 2024-11-18T11:29:19+08:00 ] 10.211.55.2 GET dev.sustens.com/MTyvDCHVOo.php/ldcms/category/getModels
[运行时间：0.038196s] [吞吐率：26.18req/s] [内存消耗：644.64kb] [文件加载：96]
[ info ] [ BEHAVIOR ] Run Closure @app_init [ RunTime:0.000017s ]
[ info ] [ CACHE ] INIT File
[ info ] [ DB ] INIT mysql
[ info ] [ BEHAVIOR ] Run \addons\ldcms\Ldcms @app_init [ RunTime:0.002014s ]
[ info ] [ BEHAVIOR ] Run Closure @app_init [ RunTime:0.002032s ]
[ info ] [ BEHAVIOR ] Run app\common\behavior\Common @app_init [ RunTime:0.000051s ]
[ info ] [ LANG ] /var/webstars/sustens/thinkphp/lang/zh-cn.php
[ info ] [ BEHAVIOR ] Run app\common\behavior\Common @app_dispatch [ RunTime:0.000013s ]
[ info ] [ ROUTE ] array (
  'type' => 'module',
  'module' => 
  array (
    0 => 'admin',
    1 => 'ldcms.category',
    2 => 'getModels',
  ),
)
[ info ] [ HEADER ] array (
  'cookie' => 'thinkphp_show_page_trace=0|0; thinkphp_show_page_trace=0|0; uid=2; token=50446b79-6f1c-4eb2-9abc-2c19eb7a9159; backend_language=zh-cn; thinkphp_show_page_trace=0|0; PHPSESSID=40vsve0haqvtacvur4afbs4v0t; keeplogin=1%7C86400%7C1731986374%7Cc033686637a60cbe64c2f8276a802fb1; frontend_language=en',
  'accept-language' => 'zh-CN,zh;q=0.9,en;q=0.8',
  'accept-encoding' => 'gzip, deflate',
  'x-requested-with' => 'XMLHttpRequest',
  'accept' => '*/*',
  'user-agent' => 'Mozilla/5.0 (Macintosh; Intel Mac OS X 10_15_7) AppleWebKit/537.36 (KHTML, like Gecko) Chrome/130.0.0.0 Safari/537.36',
  'connection' => 'keep-alive',
  'host' => 'dev.sustens.com',
  'content-length' => '',
  'content-type' => '',
)
[ info ] [ PARAM ] array (
)
[ info ] [ LANG ] /var/webstars/sustens/public/../application/admin/lang/zh-cn.php
[ info ] [ BEHAVIOR ] Run app\common\behavior\Common @module_init [ RunTime:0.000062s ]
[ info ] [ SESSION ] INIT array (
  'id' => '',
  'var_session_id' => '',
  'prefix' => 'think',
  'type' => '',
  'auto_start' => true,
)
[ info ] [ BEHAVIOR ] Run \addons\ldcms\Ldcms @config_init [ RunTime:0.000035s ]
[ info ] [ LANG ] /var/webstars/sustens/public/../application/admin/lang/zh-cn/ldcms/category.php
[ info ] [ RUN ] app\admin\controller\ldcms\Category->getModels[ /var/webstars/sustens/application/admin/controller/ldcms/Category.php ]
[ info ] [ BEHAVIOR ] Run app\admin\behavior\AdminLog @app_end [ RunTime:0.000028s ]
[ info ] [ LOG ] INIT File
---------------------------------------------------------------
[ 2024-11-18T11:29:28+08:00 ] 10.211.55.2 GET dev.sustens.com/MTyvDCHVOo.php/ldcms/category/edit/ids/125?dialog=1
[运行时间：0.110972s] [吞吐率：9.01req/s] [内存消耗：906.54kb] [文件加载：103]
[ info ] [ BEHAVIOR ] Run Closure @app_init [ RunTime:0.000038s ]
[ info ] [ CACHE ] INIT File
[ info ] [ DB ] INIT mysql
[ info ] [ BEHAVIOR ] Run \addons\ldcms\Ldcms @app_init [ RunTime:0.019700s ]
[ info ] [ BEHAVIOR ] Run Closure @app_init [ RunTime:0.019726s ]
[ info ] [ BEHAVIOR ] Run app\common\behavior\Common @app_init [ RunTime:0.000097s ]
[ info ] [ LANG ] /var/webstars/sustens/thinkphp/lang/zh-cn.php
[ info ] [ BEHAVIOR ] Run app\common\behavior\Common @app_dispatch [ RunTime:0.000016s ]
[ info ] [ ROUTE ] array (
  'type' => 'module',
  'module' => 
  array (
    0 => 'admin',
    1 => 'ldcms.category',
    2 => 'edit',
  ),
)
[ info ] [ HEADER ] array (
  'cookie' => 'thinkphp_show_page_trace=0|0; thinkphp_show_page_trace=0|0; thinkphp_show_page_trace=0|0; uid=2; token=50446b79-6f1c-4eb2-9abc-2c19eb7a9159; backend_language=zh-cn; thinkphp_show_page_trace=0|0; PHPSESSID=40vsve0haqvtacvur4afbs4v0t; keeplogin=1%7C86400%7C1731986374%7Cc033686637a60cbe64c2f8276a802fb1; frontend_language=en',
  'accept-language' => 'zh-CN,zh;q=0.9,en;q=0.8',
  'accept-encoding' => 'gzip, deflate',
  'accept' => 'text/html,application/xhtml+xml,application/xml;q=0.9,image/avif,image/webp,image/apng,*/*;q=0.8,application/signed-exchange;v=b3;q=0.7',
  'user-agent' => 'Mozilla/5.0 (Macintosh; Intel Mac OS X 10_15_7) AppleWebKit/537.36 (KHTML, like Gecko) Chrome/130.0.0.0 Safari/537.36',
  'upgrade-insecure-requests' => '1',
  'connection' => 'keep-alive',
  'host' => 'dev.sustens.com',
  'content-length' => '',
  'content-type' => '',
)
[ info ] [ PARAM ] array (
  'dialog' => '1',
  'ids' => '125',
)
[ info ] [ LANG ] /var/webstars/sustens/public/../application/admin/lang/zh-cn.php
[ info ] [ BEHAVIOR ] Run app\common\behavior\Common @module_init [ RunTime:0.000075s ]
[ info ] [ SESSION ] INIT array (
  'id' => '',
  'var_session_id' => '',
  'prefix' => 'think',
  'type' => '',
  'auto_start' => true,
)
[ info ] [ BEHAVIOR ] Run \addons\ldcms\Ldcms @config_init [ RunTime:0.000042s ]
[ info ] [ LANG ] /var/webstars/sustens/public/../application/admin/lang/zh-cn/ldcms/category.php
[ info ] [ RUN ] app\admin\controller\ldcms\Category->edit[ /var/webstars/sustens/application/admin/controller/ldcms/Category.php ]
[ info ] [ VIEW ] /var/webstars/sustens/public/../application/admin/view/../../../addons/ldcms/utils/builder/view/fields.html [ array (
  0 => 'breadcrumb',
  1 => 'site',
  2 => 'config',
  3 => 'auth',
  4 => 'admin',
  5 => 'addon_config',
  6 => 'categorys',
  7 => 'isForm',
  8 => 'fields',
  9 => 'tab_group',
  10 => 'item_group',
  11 => 'field_show',
) ]
[ info ] [ BEHAVIOR ] Run app\admin\behavior\AdminLog @app_end [ RunTime:0.000106s ]
[ info ] [ LOG ] INIT File
---------------------------------------------------------------
[ 2024-11-18T11:29:29+08:00 ] 10.211.55.2 GET dev.sustens.com/MTyvDCHVOo.php/ajax/lang?callback=define&controllername=ldcms.category&lang=zh-cn&v=1731900568
[运行时间：0.035977s] [吞吐率：27.80req/s] [内存消耗：393.18kb] [文件加载：91]
[ info ] [ BEHAVIOR ] Run Closure @app_init [ RunTime:0.000024s ]
[ info ] [ CACHE ] INIT File
[ info ] [ DB ] INIT mysql
[ info ] [ BEHAVIOR ] Run \addons\ldcms\Ldcms @app_init [ RunTime:0.020133s ]
[ info ] [ BEHAVIOR ] Run Closure @app_init [ RunTime:0.020156s ]
[ info ] [ BEHAVIOR ] Run app\common\behavior\Common @app_init [ RunTime:0.000057s ]
[ info ] [ LANG ] /var/webstars/sustens/thinkphp/lang/zh-cn.php
[ info ] [ BEHAVIOR ] Run app\common\behavior\Common @app_dispatch [ RunTime:0.000013s ]
[ info ] [ ROUTE ] array (
  'type' => 'module',
  'module' => 
  array (
    0 => 'admin',
    1 => 'ajax',
    2 => 'lang',
  ),
)
[ info ] [ HEADER ] array (
  'cookie' => 'thinkphp_show_page_trace=0|0; uid=2; token=50446b79-6f1c-4eb2-9abc-2c19eb7a9159; backend_language=zh-cn; thinkphp_show_page_trace=0|0; PHPSESSID=40vsve0haqvtacvur4afbs4v0t; keeplogin=1%7C86400%7C1731986374%7Cc033686637a60cbe64c2f8276a802fb1; frontend_language=en',
  'accept-language' => 'zh-CN,zh;q=0.9,en;q=0.8',
  'accept-encoding' => 'gzip, deflate',
  'accept' => '*/*',
  'user-agent' => 'Mozilla/5.0 (Macintosh; Intel Mac OS X 10_15_7) AppleWebKit/537.36 (KHTML, like Gecko) Chrome/130.0.0.0 Safari/537.36',
  'connection' => 'keep-alive',
  'host' => 'dev.sustens.com',
  'content-length' => '',
  'content-type' => '',
)
[ info ] [ PARAM ] array (
  'callback' => 'define',
  'controllername' => 'ldcms.category',
  'lang' => 'zh-cn',
  'v' => '1731900568',
)
[ info ] [ LANG ] /var/webstars/sustens/public/../application/admin/lang/zh-cn.php
[ info ] [ BEHAVIOR ] Run app\common\behavior\Common @module_init [ RunTime:0.000060s ]
[ info ] [ SESSION ] INIT array (
  'id' => '',
  'var_session_id' => '',
  'prefix' => 'think',
  'type' => '',
  'auto_start' => true,
)
[ info ] [ BEHAVIOR ] Run \addons\ldcms\Ldcms @config_init [ RunTime:0.000032s ]
[ info ] [ LANG ] /var/webstars/sustens/public/../application/admin/lang/zh-cn/ajax.php
[ info ] [ RUN ] app\admin\controller\Ajax->lang[ /var/webstars/sustens/application/admin/controller/Ajax.php ]
[ info ] [ LANG ] /var/webstars/sustens/public/../application/admin/lang/zh-cn/ldcms/category.php
[ info ] [ BEHAVIOR ] Run app\admin\behavior\AdminLog @app_end [ RunTime:0.000018s ]
[ info ] [ LOG ] INIT File
---------------------------------------------------------------
[ 2024-11-18T11:29:30+08:00 ] 10.211.55.2 GET dev.sustens.com/MTyvDCHVOo.php/ldcms/category/getModels
[运行时间：0.042722s] [吞吐率：23.41req/s] [内存消耗：644.64kb] [文件加载：96]
[ info ] [ BEHAVIOR ] Run Closure @app_init [ RunTime:0.000017s ]
[ info ] [ CACHE ] INIT File
[ info ] [ DB ] INIT mysql
[ info ] [ BEHAVIOR ] Run \addons\ldcms\Ldcms @app_init [ RunTime:0.003952s ]
[ info ] [ BEHAVIOR ] Run Closure @app_init [ RunTime:0.003974s ]
[ info ] [ BEHAVIOR ] Run app\common\behavior\Common @app_init [ RunTime:0.000058s ]
[ info ] [ LANG ] /var/webstars/sustens/thinkphp/lang/zh-cn.php
[ info ] [ BEHAVIOR ] Run app\common\behavior\Common @app_dispatch [ RunTime:0.000016s ]
[ info ] [ ROUTE ] array (
  'type' => 'module',
  'module' => 
  array (
    0 => 'admin',
    1 => 'ldcms.category',
    2 => 'getModels',
  ),
)
[ info ] [ HEADER ] array (
  'cookie' => 'thinkphp_show_page_trace=0|0; thinkphp_show_page_trace=0|0; uid=2; token=50446b79-6f1c-4eb2-9abc-2c19eb7a9159; backend_language=zh-cn; thinkphp_show_page_trace=0|0; PHPSESSID=40vsve0haqvtacvur4afbs4v0t; keeplogin=1%7C86400%7C1731986374%7Cc033686637a60cbe64c2f8276a802fb1; frontend_language=en',
  'accept-language' => 'zh-CN,zh;q=0.9,en;q=0.8',
  'accept-encoding' => 'gzip, deflate',
  'x-requested-with' => 'XMLHttpRequest',
  'accept' => '*/*',
  'user-agent' => 'Mozilla/5.0 (Macintosh; Intel Mac OS X 10_15_7) AppleWebKit/537.36 (KHTML, like Gecko) Chrome/130.0.0.0 Safari/537.36',
  'connection' => 'keep-alive',
  'host' => 'dev.sustens.com',
  'content-length' => '',
  'content-type' => '',
)
[ info ] [ PARAM ] array (
)
[ info ] [ LANG ] /var/webstars/sustens/public/../application/admin/lang/zh-cn.php
[ info ] [ BEHAVIOR ] Run app\common\behavior\Common @module_init [ RunTime:0.000066s ]
[ info ] [ SESSION ] INIT array (
  'id' => '',
  'var_session_id' => '',
  'prefix' => 'think',
  'type' => '',
  'auto_start' => true,
)
[ info ] [ BEHAVIOR ] Run \addons\ldcms\Ldcms @config_init [ RunTime:0.000050s ]
[ info ] [ LANG ] /var/webstars/sustens/public/../application/admin/lang/zh-cn/ldcms/category.php
[ info ] [ RUN ] app\admin\controller\ldcms\Category->getModels[ /var/webstars/sustens/application/admin/controller/ldcms/Category.php ]
[ info ] [ BEHAVIOR ] Run app\admin\behavior\AdminLog @app_end [ RunTime:0.000050s ]
[ info ] [ LOG ] INIT File
---------------------------------------------------------------
[ 2024-11-18T11:29:40+08:00 ] 10.211.55.2 POST dev.sustens.com/MTyvDCHVOo.php/ldcms/category/getuserlevels
[运行时间：0.185079s] [吞吐率：5.40req/s] [内存消耗：789.36kb] [文件加载：99]
[ info ] [ BEHAVIOR ] Run Closure @app_init [ RunTime:0.000018s ]
[ info ] [ CACHE ] INIT File
[ info ] [ DB ] INIT mysql
[ info ] [ BEHAVIOR ] Run \addons\ldcms\Ldcms @app_init [ RunTime:0.013946s ]
[ info ] [ BEHAVIOR ] Run Closure @app_init [ RunTime:0.013981s ]
[ info ] [ BEHAVIOR ] Run app\common\behavior\Common @app_init [ RunTime:0.000090s ]
[ info ] [ LANG ] /var/webstars/sustens/thinkphp/lang/zh-cn.php
[ info ] [ BEHAVIOR ] Run app\common\behavior\Common @app_dispatch [ RunTime:0.000014s ]
[ info ] [ ROUTE ] array (
  'type' => 'module',
  'module' => 
  array (
    0 => 'admin',
    1 => 'ldcms.category',
    2 => 'getuserlevels',
  ),
)
[ info ] [ HEADER ] array (
  'cookie' => 'thinkphp_show_page_trace=0|0; thinkphp_show_page_trace=0|0; uid=2; token=50446b79-6f1c-4eb2-9abc-2c19eb7a9159; backend_language=zh-cn; thinkphp_show_page_trace=0|0; PHPSESSID=40vsve0haqvtacvur4afbs4v0t; keeplogin=1%7C86400%7C1731986374%7Cc033686637a60cbe64c2f8276a802fb1; frontend_language=en',
  'accept-language' => 'zh-CN,zh;q=0.9,en;q=0.8',
  'accept-encoding' => 'gzip, deflate',
  'origin' => 'http://dev.sustens.com',
  'content-type' => 'application/x-www-form-urlencoded; charset=UTF-8',
  'accept' => 'application/json, text/javascript, */*; q=0.01',
  'user-agent' => 'Mozilla/5.0 (Macintosh; Intel Mac OS X 10_15_7) AppleWebKit/537.36 (KHTML, like Gecko) Chrome/130.0.0.0 Safari/537.36',
  'x-requested-with' => 'XMLHttpRequest',
  'content-length' => '174',
  'connection' => 'keep-alive',
  'host' => 'dev.sustens.com',
)
[ info ] [ PARAM ] array (
  'q_word' => 
  array (
    0 => '',
  ),
  'pageNumber' => '1',
  'pageSize' => '10',
  'andOr' => 'OR ',
  'orderBy' => 
  array (
    0 => 
    array (
      0 => 'title',
      1 => 'ASC',
    ),
  ),
  'searchTable' => 'tbl',
  'showField' => 'title',
  'keyField' => 'id',
  'searchField' => 
  array (
    0 => 'title',
  ),
  'title' => '',
)
[ info ] [ LANG ] /var/webstars/sustens/public/../application/admin/lang/zh-cn.php
[ info ] [ BEHAVIOR ] Run app\common\behavior\Common @module_init [ RunTime:0.000109s ]
[ info ] [ SESSION ] INIT array (
  'id' => '',
  'var_session_id' => '',
  'prefix' => 'think',
  'type' => '',
  'auto_start' => true,
)
[ info ] [ BEHAVIOR ] Run \addons\ldcms\Ldcms @config_init [ RunTime:0.000035s ]
[ info ] [ LANG ] /var/webstars/sustens/public/../application/admin/lang/zh-cn/ldcms/category.php
[ info ] [ RUN ] app\admin\controller\ldcms\Category->getUserLevels[ /var/webstars/sustens/application/admin/controller/ldcms/Category.php ]
[ info ] [ BEHAVIOR ] Run app\admin\behavior\AdminLog @app_end [ RunTime:0.121169s ]
[ info ] [ LOG ] INIT File
---------------------------------------------------------------
[ 2024-11-18T11:29:42+08:00 ] 10.211.55.2 POST dev.sustens.com/MTyvDCHVOo.php/ldcms/category/getuserlevels
[运行时间：0.190731s] [吞吐率：5.24req/s] [内存消耗：789.36kb] [文件加载：99]
[ info ] [ BEHAVIOR ] Run Closure @app_init [ RunTime:0.000026s ]
[ info ] [ CACHE ] INIT File
[ info ] [ DB ] INIT mysql
[ info ] [ BEHAVIOR ] Run \addons\ldcms\Ldcms @app_init [ RunTime:0.021161s ]
[ info ] [ BEHAVIOR ] Run Closure @app_init [ RunTime:0.021191s ]
[ info ] [ BEHAVIOR ] Run app\common\behavior\Common @app_init [ RunTime:0.000078s ]
[ info ] [ LANG ] /var/webstars/sustens/thinkphp/lang/zh-cn.php
[ info ] [ BEHAVIOR ] Run app\common\behavior\Common @app_dispatch [ RunTime:0.000014s ]
[ info ] [ ROUTE ] array (
  'type' => 'module',
  'module' => 
  array (
    0 => 'admin',
    1 => 'ldcms.category',
    2 => 'getuserlevels',
  ),
)
[ info ] [ HEADER ] array (
  'cookie' => 'thinkphp_show_page_trace=0|0; thinkphp_show_page_trace=0|0; uid=2; token=50446b79-6f1c-4eb2-9abc-2c19eb7a9159; backend_language=zh-cn; thinkphp_show_page_trace=0|0; PHPSESSID=40vsve0haqvtacvur4afbs4v0t; keeplogin=1%7C86400%7C1731986374%7Cc033686637a60cbe64c2f8276a802fb1; frontend_language=en',
  'accept-language' => 'zh-CN,zh;q=0.9,en;q=0.8',
  'accept-encoding' => 'gzip, deflate',
  'origin' => 'http://dev.sustens.com',
  'content-type' => 'application/x-www-form-urlencoded; charset=UTF-8',
  'accept' => 'application/json, text/javascript, */*; q=0.01',
  'user-agent' => 'Mozilla/5.0 (Macintosh; Intel Mac OS X 10_15_7) AppleWebKit/537.36 (KHTML, like Gecko) Chrome/130.0.0.0 Safari/537.36',
  'x-requested-with' => 'XMLHttpRequest',
  'content-length' => '174',
  'connection' => 'keep-alive',
  'host' => 'dev.sustens.com',
)
[ info ] [ PARAM ] array (
  'q_word' => 
  array (
    0 => '',
  ),
  'pageNumber' => '1',
  'pageSize' => '10',
  'andOr' => 'OR ',
  'orderBy' => 
  array (
    0 => 
    array (
      0 => 'title',
      1 => 'ASC',
    ),
  ),
  'searchTable' => 'tbl',
  'showField' => 'title',
  'keyField' => 'id',
  'searchField' => 
  array (
    0 => 'title',
  ),
  'title' => '',
)
[ info ] [ LANG ] /var/webstars/sustens/public/../application/admin/lang/zh-cn.php
[ info ] [ BEHAVIOR ] Run app\common\behavior\Common @module_init [ RunTime:0.000065s ]
[ info ] [ SESSION ] INIT array (
  'id' => '',
  'var_session_id' => '',
  'prefix' => 'think',
  'type' => '',
  'auto_start' => true,
)
[ info ] [ BEHAVIOR ] Run \addons\ldcms\Ldcms @config_init [ RunTime:0.000033s ]
[ info ] [ LANG ] /var/webstars/sustens/public/../application/admin/lang/zh-cn/ldcms/category.php
[ info ] [ RUN ] app\admin\controller\ldcms\Category->getUserLevels[ /var/webstars/sustens/application/admin/controller/ldcms/Category.php ]
[ info ] [ BEHAVIOR ] Run app\admin\behavior\AdminLog @app_end [ RunTime:0.119271s ]
[ info ] [ LOG ] INIT File
---------------------------------------------------------------
[ 2024-11-18T11:29:46+08:00 ] 10.211.55.2 POST dev.sustens.com/MTyvDCHVOo.php/ldcms/category/edit/ids/125?dialog=1
[运行时间：0.183627s] [吞吐率：5.45req/s] [内存消耗：809.45kb] [文件加载：103]
[ info ] [ BEHAVIOR ] Run Closure @app_init [ RunTime:0.000028s ]
[ info ] [ CACHE ] INIT File
[ info ] [ DB ] INIT mysql
[ info ] [ BEHAVIOR ] Run \addons\ldcms\Ldcms @app_init [ RunTime:0.043015s ]
[ info ] [ BEHAVIOR ] Run Closure @app_init [ RunTime:0.043041s ]
[ info ] [ BEHAVIOR ] Run app\common\behavior\Common @app_init [ RunTime:0.000099s ]
[ info ] [ LANG ] /var/webstars/sustens/thinkphp/lang/zh-cn.php
[ info ] [ BEHAVIOR ] Run app\common\behavior\Common @app_dispatch [ RunTime:0.000015s ]
[ info ] [ ROUTE ] array (
  'type' => 'module',
  'module' => 
  array (
    0 => 'admin',
    1 => 'ldcms.category',
    2 => 'edit',
  ),
)
[ info ] [ HEADER ] array (
  'cookie' => 'thinkphp_show_page_trace=0|0; thinkphp_show_page_trace=0|0; thinkphp_show_page_trace=0|0; uid=2; token=50446b79-6f1c-4eb2-9abc-2c19eb7a9159; backend_language=zh-cn; thinkphp_show_page_trace=0|0; PHPSESSID=40vsve0haqvtacvur4afbs4v0t; keeplogin=1%7C86400%7C1731986374%7Cc033686637a60cbe64c2f8276a802fb1; frontend_language=en',
  'accept-language' => 'zh-CN,zh;q=0.9,en;q=0.8',
  'accept-encoding' => 'gzip, deflate',
  'origin' => 'http://dev.sustens.com',
  'content-type' => 'application/x-www-form-urlencoded; charset=UTF-8',
  'accept' => 'application/json, text/javascript, */*; q=0.01',
  'user-agent' => 'Mozilla/5.0 (Macintosh; Intel Mac OS X 10_15_7) AppleWebKit/537.36 (KHTML, like Gecko) Chrome/130.0.0.0 Safari/537.36',
  'x-requested-with' => 'XMLHttpRequest',
  'content-length' => '1051',
  'connection' => 'keep-alive',
  'host' => 'dev.sustens.com',
)
[ info ] [ PARAM ] array (
  'dialog' => '1',
  'row' => 
  array (
    'id' => '125',
    'type' => '1',
    'pid' => '0',
    'name' => '关于我们',
    'subname' => '',
    'ename' => 'about',
    'mid' => '1',
    'urlname' => 'guanyuwomen',
    'template_list' => '',
    'template_detail' => 'detail_about.html',
    'outlink' => '@/gongsijianjie.html',
    'is_target' => '0',
    'is_home' => '0',
    'gid' => '1',
    'status' => '1',
    'des2' => '"智慧 低碳 多元化”',
    'des1' => '全套供热系统集成商、清洁智能锅炉提供商及国内供热服务商',
    'image' => '/assets/addons/ldcms/ldcms2024/images/banner.jpg',
    'big_image' => '/assets/addons/ldcms/ldcms2024/images/banner.jpg',
    'seo_title' => '',
    'seo_keywords' => '',
    'seo_description' => '',
    'is_nav' => '1',
  ),
  'ids' => '125',
)
[ info ] [ LANG ] /var/webstars/sustens/public/../application/admin/lang/zh-cn.php
[ info ] [ BEHAVIOR ] Run app\common\behavior\Common @module_init [ RunTime:0.000087s ]
[ info ] [ SESSION ] INIT array (
  'id' => '',
  'var_session_id' => '',
  'prefix' => 'think',
  'type' => '',
  'auto_start' => true,
)
[ info ] [ BEHAVIOR ] Run \addons\ldcms\Ldcms @config_init [ RunTime:0.000049s ]
[ info ] [ LANG ] /var/webstars/sustens/public/../application/admin/lang/zh-cn/ldcms/category.php
[ info ] [ RUN ] app\admin\controller\ldcms\Category->edit[ /var/webstars/sustens/application/admin/controller/ldcms/Category.php ]
[ info ] [ BEHAVIOR ] Run app\admin\behavior\AdminLog @app_end [ RunTime:0.010129s ]
[ info ] [ LOG ] INIT File
---------------------------------------------------------------
[ 2024-11-18T11:29:46+08:00 ] 10.211.55.2 GET dev.sustens.com/MTyvDCHVOo.php/ldcms/category/index?addtabs=1&sort=id&order=desc&_=1731900465143
[运行时间：0.301428s] [吞吐率：3.32req/s] [内存消耗：790.46kb] [文件加载：97]
[ info ] [ BEHAVIOR ] Run Closure @app_init [ RunTime:0.000023s ]
[ info ] [ CACHE ] INIT File
[ info ] [ DB ] INIT mysql
[ info ] [ BEHAVIOR ] Run \addons\ldcms\Ldcms @app_init [ RunTime:0.150685s ]
[ info ] [ BEHAVIOR ] Run Closure @app_init [ RunTime:0.150754s ]
[ info ] [ BEHAVIOR ] Run app\common\behavior\Common @app_init [ RunTime:0.000126s ]
[ info ] [ LANG ] /var/webstars/sustens/thinkphp/lang/zh-cn.php
[ info ] [ BEHAVIOR ] Run app\common\behavior\Common @app_dispatch [ RunTime:0.000024s ]
[ info ] [ ROUTE ] array (
  'type' => 'module',
  'module' => 
  array (
    0 => 'admin',
    1 => 'ldcms.category',
    2 => 'index',
  ),
)
[ info ] [ HEADER ] array (
  'cookie' => 'thinkphp_show_page_trace=0|0; thinkphp_show_page_trace=0|0; uid=2; token=50446b79-6f1c-4eb2-9abc-2c19eb7a9159; backend_language=zh-cn; thinkphp_show_page_trace=0|0; PHPSESSID=40vsve0haqvtacvur4afbs4v0t; keeplogin=1%7C86400%7C1731986374%7Cc033686637a60cbe64c2f8276a802fb1; frontend_language=en',
  'accept-language' => 'zh-CN,zh;q=0.9,en;q=0.8',
  'accept-encoding' => 'gzip, deflate',
  'content-type' => 'application/json',
  'accept' => 'application/json, text/javascript, */*; q=0.01',
  'user-agent' => 'Mozilla/5.0 (Macintosh; Intel Mac OS X 10_15_7) AppleWebKit/537.36 (KHTML, like Gecko) Chrome/130.0.0.0 Safari/537.36',
  'x-requested-with' => 'XMLHttpRequest',
  'connection' => 'keep-alive',
  'host' => 'dev.sustens.com',
  'content-length' => '',
)
[ info ] [ PARAM ] array (
  'addtabs' => '1',
  'sort' => 'id',
  'order' => 'desc',
  '_' => '1731900465143',
)
[ info ] [ LANG ] /var/webstars/sustens/public/../application/admin/lang/zh-cn.php
[ info ] [ BEHAVIOR ] Run app\common\behavior\Common @module_init [ RunTime:0.000095s ]
[ info ] [ SESSION ] INIT array (
  'id' => '',
  'var_session_id' => '',
  'prefix' => 'think',
  'type' => '',
  'auto_start' => true,
)
[ info ] [ BEHAVIOR ] Run \addons\ldcms\Ldcms @config_init [ RunTime:0.000053s ]
[ info ] [ LANG ] /var/webstars/sustens/public/../application/admin/lang/zh-cn/ldcms/category.php
[ info ] [ RUN ] app\admin\controller\ldcms\Category->index[ /var/webstars/sustens/application/admin/controller/ldcms/Category.php ]
[ info ] [ BEHAVIOR ] Run app\admin\behavior\AdminLog @app_end [ RunTime:0.000026s ]
[ info ] [ LOG ] INIT File
---------------------------------------------------------------
[ 2024-11-18T11:29:51+08:00 ] 10.211.55.2 GET dev.sustens.com/MTyvDCHVOo.php/ldcms/category/edit/ids/163?dialog=1
[运行时间：0.110012s] [吞吐率：9.09req/s] [内存消耗：906.36kb] [文件加载：103]
[ info ] [ BEHAVIOR ] Run Closure @app_init [ RunTime:0.000025s ]
[ info ] [ CACHE ] INIT File
[ info ] [ DB ] INIT mysql
[ info ] [ BEHAVIOR ] Run \addons\ldcms\Ldcms @app_init [ RunTime:0.016972s ]
[ info ] [ BEHAVIOR ] Run Closure @app_init [ RunTime:0.016996s ]
[ info ] [ BEHAVIOR ] Run app\common\behavior\Common @app_init [ RunTime:0.000092s ]
[ info ] [ LANG ] /var/webstars/sustens/thinkphp/lang/zh-cn.php
[ info ] [ BEHAVIOR ] Run app\common\behavior\Common @app_dispatch [ RunTime:0.000014s ]
[ info ] [ ROUTE ] array (
  'type' => 'module',
  'module' => 
  array (
    0 => 'admin',
    1 => 'ldcms.category',
    2 => 'edit',
  ),
)
[ info ] [ HEADER ] array (
  'cookie' => 'thinkphp_show_page_trace=0|0; thinkphp_show_page_trace=0|0; thinkphp_show_page_trace=0|0; uid=2; token=50446b79-6f1c-4eb2-9abc-2c19eb7a9159; backend_language=zh-cn; thinkphp_show_page_trace=0|0; PHPSESSID=40vsve0haqvtacvur4afbs4v0t; keeplogin=1%7C86400%7C1731986374%7Cc033686637a60cbe64c2f8276a802fb1; frontend_language=en',
  'accept-language' => 'zh-CN,zh;q=0.9,en;q=0.8',
  'accept-encoding' => 'gzip, deflate',
  'accept' => 'text/html,application/xhtml+xml,application/xml;q=0.9,image/avif,image/webp,image/apng,*/*;q=0.8,application/signed-exchange;v=b3;q=0.7',
  'user-agent' => 'Mozilla/5.0 (Macintosh; Intel Mac OS X 10_15_7) AppleWebKit/537.36 (KHTML, like Gecko) Chrome/130.0.0.0 Safari/537.36',
  'upgrade-insecure-requests' => '1',
  'connection' => 'keep-alive',
  'host' => 'dev.sustens.com',
  'content-length' => '',
  'content-type' => '',
)
[ info ] [ PARAM ] array (
  'dialog' => '1',
  'ids' => '163',
)
[ info ] [ LANG ] /var/webstars/sustens/public/../application/admin/lang/zh-cn.php
[ info ] [ BEHAVIOR ] Run app\common\behavior\Common @module_init [ RunTime:0.000086s ]
[ info ] [ SESSION ] INIT array (
  'id' => '',
  'var_session_id' => '',
  'prefix' => 'think',
  'type' => '',
  'auto_start' => true,
)
[ info ] [ BEHAVIOR ] Run \addons\ldcms\Ldcms @config_init [ RunTime:0.000098s ]
[ info ] [ LANG ] /var/webstars/sustens/public/../application/admin/lang/zh-cn/ldcms/category.php
[ info ] [ RUN ] app\admin\controller\ldcms\Category->edit[ /var/webstars/sustens/application/admin/controller/ldcms/Category.php ]
[ info ] [ VIEW ] /var/webstars/sustens/public/../application/admin/view/../../../addons/ldcms/utils/builder/view/fields.html [ array (
  0 => 'breadcrumb',
  1 => 'site',
  2 => 'config',
  3 => 'auth',
  4 => 'admin',
  5 => 'addon_config',
  6 => 'categorys',
  7 => 'isForm',
  8 => 'fields',
  9 => 'tab_group',
  10 => 'item_group',
  11 => 'field_show',
) ]
[ info ] [ BEHAVIOR ] Run app\admin\behavior\AdminLog @app_end [ RunTime:0.000075s ]
[ info ] [ LOG ] INIT File
---------------------------------------------------------------
[ 2024-11-18T11:29:51+08:00 ] 10.211.55.2 GET dev.sustens.com/MTyvDCHVOo.php/ajax/lang?callback=define&controllername=ldcms.category&lang=zh-cn&v=1731900591
[运行时间：0.080824s] [吞吐率：12.37req/s] [内存消耗：393.18kb] [文件加载：91]
[ info ] [ BEHAVIOR ] Run Closure @app_init [ RunTime:0.000029s ]
[ info ] [ CACHE ] INIT File
[ info ] [ DB ] INIT mysql
[ info ] [ BEHAVIOR ] Run \addons\ldcms\Ldcms @app_init [ RunTime:0.019611s ]
[ info ] [ BEHAVIOR ] Run Closure @app_init [ RunTime:0.019634s ]
[ info ] [ BEHAVIOR ] Run app\common\behavior\Common @app_init [ RunTime:0.000057s ]
[ info ] [ LANG ] /var/webstars/sustens/thinkphp/lang/zh-cn.php
[ info ] [ BEHAVIOR ] Run app\common\behavior\Common @app_dispatch [ RunTime:0.000013s ]
[ info ] [ ROUTE ] array (
  'type' => 'module',
  'module' => 
  array (
    0 => 'admin',
    1 => 'ajax',
    2 => 'lang',
  ),
)
[ info ] [ HEADER ] array (
  'cookie' => 'thinkphp_show_page_trace=0|0; uid=2; token=50446b79-6f1c-4eb2-9abc-2c19eb7a9159; backend_language=zh-cn; thinkphp_show_page_trace=0|0; PHPSESSID=40vsve0haqvtacvur4afbs4v0t; keeplogin=1%7C86400%7C1731986374%7Cc033686637a60cbe64c2f8276a802fb1; frontend_language=en',
  'accept-language' => 'zh-CN,zh;q=0.9,en;q=0.8',
  'accept-encoding' => 'gzip, deflate',
  'accept' => '*/*',
  'user-agent' => 'Mozilla/5.0 (Macintosh; Intel Mac OS X 10_15_7) AppleWebKit/537.36 (KHTML, like Gecko) Chrome/130.0.0.0 Safari/537.36',
  'connection' => 'keep-alive',
  'host' => 'dev.sustens.com',
  'content-length' => '',
  'content-type' => '',
)
[ info ] [ PARAM ] array (
  'callback' => 'define',
  'controllername' => 'ldcms.category',
  'lang' => 'zh-cn',
  'v' => '1731900591',
)
[ info ] [ LANG ] /var/webstars/sustens/public/../application/admin/lang/zh-cn.php
[ info ] [ BEHAVIOR ] Run app\common\behavior\Common @module_init [ RunTime:0.000091s ]
[ info ] [ SESSION ] INIT array (
  'id' => '',
  'var_session_id' => '',
  'prefix' => 'think',
  'type' => '',
  'auto_start' => true,
)
[ info ] [ BEHAVIOR ] Run \addons\ldcms\Ldcms @config_init [ RunTime:0.000044s ]
[ info ] [ LANG ] /var/webstars/sustens/public/../application/admin/lang/zh-cn/ajax.php
[ info ] [ RUN ] app\admin\controller\Ajax->lang[ /var/webstars/sustens/application/admin/controller/Ajax.php ]
[ info ] [ LANG ] /var/webstars/sustens/public/../application/admin/lang/zh-cn/ldcms/category.php
[ info ] [ BEHAVIOR ] Run app\admin\behavior\AdminLog @app_end [ RunTime:0.000029s ]
[ info ] [ LOG ] INIT File
---------------------------------------------------------------
[ 2024-11-18T11:29:52+08:00 ] 10.211.55.2 GET dev.sustens.com/MTyvDCHVOo.php/ldcms/category/getModels
[运行时间：0.053641s] [吞吐率：18.64req/s] [内存消耗：644.67kb] [文件加载：96]
[ info ] [ BEHAVIOR ] Run Closure @app_init [ RunTime:0.000023s ]
[ info ] [ CACHE ] INIT File
[ info ] [ DB ] INIT mysql
[ info ] [ BEHAVIOR ] Run \addons\ldcms\Ldcms @app_init [ RunTime:0.003498s ]
[ info ] [ BEHAVIOR ] Run Closure @app_init [ RunTime:0.003527s ]
[ info ] [ BEHAVIOR ] Run app\common\behavior\Common @app_init [ RunTime:0.000081s ]
[ info ] [ LANG ] /var/webstars/sustens/thinkphp/lang/zh-cn.php
[ info ] [ BEHAVIOR ] Run app\common\behavior\Common @app_dispatch [ RunTime:0.000019s ]
[ info ] [ ROUTE ] array (
  'type' => 'module',
  'module' => 
  array (
    0 => 'admin',
    1 => 'ldcms.category',
    2 => 'getModels',
  ),
)
[ info ] [ HEADER ] array (
  'cookie' => 'thinkphp_show_page_trace=0|0; thinkphp_show_page_trace=0|0; uid=2; token=50446b79-6f1c-4eb2-9abc-2c19eb7a9159; backend_language=zh-cn; thinkphp_show_page_trace=0|0; PHPSESSID=40vsve0haqvtacvur4afbs4v0t; keeplogin=1%7C86400%7C1731986374%7Cc033686637a60cbe64c2f8276a802fb1; frontend_language=en',
  'accept-language' => 'zh-CN,zh;q=0.9,en;q=0.8',
  'accept-encoding' => 'gzip, deflate',
  'x-requested-with' => 'XMLHttpRequest',
  'accept' => '*/*',
  'user-agent' => 'Mozilla/5.0 (Macintosh; Intel Mac OS X 10_15_7) AppleWebKit/537.36 (KHTML, like Gecko) Chrome/130.0.0.0 Safari/537.36',
  'connection' => 'keep-alive',
  'host' => 'dev.sustens.com',
  'content-length' => '',
  'content-type' => '',
)
[ info ] [ PARAM ] array (
)
[ info ] [ LANG ] /var/webstars/sustens/public/../application/admin/lang/zh-cn.php
[ info ] [ BEHAVIOR ] Run app\common\behavior\Common @module_init [ RunTime:0.000097s ]
[ info ] [ SESSION ] INIT array (
  'id' => '',
  'var_session_id' => '',
  'prefix' => 'think',
  'type' => '',
  'auto_start' => true,
)
[ info ] [ BEHAVIOR ] Run \addons\ldcms\Ldcms @config_init [ RunTime:0.000046s ]
[ info ] [ LANG ] /var/webstars/sustens/public/../application/admin/lang/zh-cn/ldcms/category.php
[ info ] [ RUN ] app\admin\controller\ldcms\Category->getModels[ /var/webstars/sustens/application/admin/controller/ldcms/Category.php ]
[ info ] [ BEHAVIOR ] Run app\admin\behavior\AdminLog @app_end [ RunTime:0.000079s ]
[ info ] [ LOG ] INIT File
---------------------------------------------------------------
[ 2024-11-18T11:29:56+08:00 ] 10.211.55.2 POST dev.sustens.com/MTyvDCHVOo.php/ldcms/category/edit/ids/163?dialog=1
[运行时间：0.187931s] [吞吐率：5.32req/s] [内存消耗：806.60kb] [文件加载：103]
[ info ] [ BEHAVIOR ] Run Closure @app_init [ RunTime:0.000026s ]
[ info ] [ CACHE ] INIT File
[ info ] [ DB ] INIT mysql
[ info ] [ BEHAVIOR ] Run \addons\ldcms\Ldcms @app_init [ RunTime:0.046546s ]
[ info ] [ BEHAVIOR ] Run Closure @app_init [ RunTime:0.046580s ]
[ info ] [ BEHAVIOR ] Run app\common\behavior\Common @app_init [ RunTime:0.000131s ]
[ info ] [ LANG ] /var/webstars/sustens/thinkphp/lang/zh-cn.php
[ info ] [ BEHAVIOR ] Run app\common\behavior\Common @app_dispatch [ RunTime:0.000019s ]
[ info ] [ ROUTE ] array (
  'type' => 'module',
  'module' => 
  array (
    0 => 'admin',
    1 => 'ldcms.category',
    2 => 'edit',
  ),
)
[ info ] [ HEADER ] array (
  'cookie' => 'thinkphp_show_page_trace=0|0; thinkphp_show_page_trace=0|0; thinkphp_show_page_trace=0|0; uid=2; token=50446b79-6f1c-4eb2-9abc-2c19eb7a9159; backend_language=zh-cn; thinkphp_show_page_trace=0|0; PHPSESSID=40vsve0haqvtacvur4afbs4v0t; keeplogin=1%7C86400%7C1731986374%7Cc033686637a60cbe64c2f8276a802fb1; frontend_language=en',
  'accept-language' => 'zh-CN,zh;q=0.9,en;q=0.8',
  'accept-encoding' => 'gzip, deflate',
  'origin' => 'http://dev.sustens.com',
  'content-type' => 'application/x-www-form-urlencoded; charset=UTF-8',
  'accept' => 'application/json, text/javascript, */*; q=0.01',
  'user-agent' => 'Mozilla/5.0 (Macintosh; Intel Mac OS X 10_15_7) AppleWebKit/537.36 (KHTML, like Gecko) Chrome/130.0.0.0 Safari/537.36',
  'x-requested-with' => 'XMLHttpRequest',
  'content-length' => '585',
  'connection' => 'keep-alive',
  'host' => 'dev.sustens.com',
)
[ info ] [ PARAM ] array (
  'dialog' => '1',
  'row' => 
  array (
    'id' => '163',
    'type' => '0',
    'pid' => '125',
    'name' => '公司简介',
    'subname' => '',
    'ename' => '',
    'mid' => '1',
    'urlname' => 'gongsijianjie',
    'template_list' => '',
    'template_detail' => 'detail_about.html',
    'outlink' => '',
    'is_target' => '0',
    'is_home' => '0',
    'gid' => '',
    'status' => '1',
    'des2' => '',
    'des1' => '',
    'image' => '',
    'big_image' => '',
    'seo_title' => '',
    'seo_keywords' => '',
    'seo_description' => '',
    'is_nav' => '1',
  ),
  'ids' => '163',
)
[ info ] [ LANG ] /var/webstars/sustens/public/../application/admin/lang/zh-cn.php
[ info ] [ BEHAVIOR ] Run app\common\behavior\Common @module_init [ RunTime:0.000108s ]
[ info ] [ SESSION ] INIT array (
  'id' => '',
  'var_session_id' => '',
  'prefix' => 'think',
  'type' => '',
  'auto_start' => true,
)
[ info ] [ BEHAVIOR ] Run \addons\ldcms\Ldcms @config_init [ RunTime:0.000051s ]
[ info ] [ LANG ] /var/webstars/sustens/public/../application/admin/lang/zh-cn/ldcms/category.php
[ info ] [ RUN ] app\admin\controller\ldcms\Category->edit[ /var/webstars/sustens/application/admin/controller/ldcms/Category.php ]
[ info ] [ BEHAVIOR ] Run app\admin\behavior\AdminLog @app_end [ RunTime:0.017009s ]
[ info ] [ LOG ] INIT File
---------------------------------------------------------------
[ 2024-11-18T11:29:56+08:00 ] 10.211.55.2 GET dev.sustens.com/MTyvDCHVOo.php/ldcms/category/index?addtabs=1&sort=id&order=desc&_=1731900465144
[运行时间：0.307365s] [吞吐率：3.25req/s] [内存消耗：790.49kb] [文件加载：97]
[ info ] [ BEHAVIOR ] Run Closure @app_init [ RunTime:0.000024s ]
[ info ] [ CACHE ] INIT File
[ info ] [ DB ] INIT mysql
[ info ] [ BEHAVIOR ] Run \addons\ldcms\Ldcms @app_init [ RunTime:0.163856s ]
[ info ] [ BEHAVIOR ] Run Closure @app_init [ RunTime:0.163891s ]
[ info ] [ BEHAVIOR ] Run app\common\behavior\Common @app_init [ RunTime:0.000091s ]
[ info ] [ LANG ] /var/webstars/sustens/thinkphp/lang/zh-cn.php
[ info ] [ BEHAVIOR ] Run app\common\behavior\Common @app_dispatch [ RunTime:0.000023s ]
[ info ] [ ROUTE ] array (
  'type' => 'module',
  'module' => 
  array (
    0 => 'admin',
    1 => 'ldcms.category',
    2 => 'index',
  ),
)
[ info ] [ HEADER ] array (
  'cookie' => 'thinkphp_show_page_trace=0|0; thinkphp_show_page_trace=0|0; uid=2; token=50446b79-6f1c-4eb2-9abc-2c19eb7a9159; backend_language=zh-cn; thinkphp_show_page_trace=0|0; PHPSESSID=40vsve0haqvtacvur4afbs4v0t; keeplogin=1%7C86400%7C1731986374%7Cc033686637a60cbe64c2f8276a802fb1; frontend_language=en',
  'accept-language' => 'zh-CN,zh;q=0.9,en;q=0.8',
  'accept-encoding' => 'gzip, deflate',
  'content-type' => 'application/json',
  'accept' => 'application/json, text/javascript, */*; q=0.01',
  'user-agent' => 'Mozilla/5.0 (Macintosh; Intel Mac OS X 10_15_7) AppleWebKit/537.36 (KHTML, like Gecko) Chrome/130.0.0.0 Safari/537.36',
  'x-requested-with' => 'XMLHttpRequest',
  'connection' => 'keep-alive',
  'host' => 'dev.sustens.com',
  'content-length' => '',
)
[ info ] [ PARAM ] array (
  'addtabs' => '1',
  'sort' => 'id',
  'order' => 'desc',
  '_' => '1731900465144',
)
[ info ] [ LANG ] /var/webstars/sustens/public/../application/admin/lang/zh-cn.php
[ info ] [ BEHAVIOR ] Run app\common\behavior\Common @module_init [ RunTime:0.000074s ]
[ info ] [ SESSION ] INIT array (
  'id' => '',
  'var_session_id' => '',
  'prefix' => 'think',
  'type' => '',
  'auto_start' => true,
)
[ info ] [ BEHAVIOR ] Run \addons\ldcms\Ldcms @config_init [ RunTime:0.000110s ]
[ info ] [ LANG ] /var/webstars/sustens/public/../application/admin/lang/zh-cn/ldcms/category.php
[ info ] [ RUN ] app\admin\controller\ldcms\Category->index[ /var/webstars/sustens/application/admin/controller/ldcms/Category.php ]
[ info ] [ BEHAVIOR ] Run app\admin\behavior\AdminLog @app_end [ RunTime:0.000042s ]
[ info ] [ LOG ] INIT File
---------------------------------------------------------------
[ 2024-11-18T11:30:02+08:00 ] 10.211.55.2 GET dev.sustens.com/MTyvDCHVOo.php/ldcms/category/edit/ids/125?dialog=1
[运行时间：0.112139s] [吞吐率：8.92req/s] [内存消耗：906.63kb] [文件加载：103]
[ info ] [ BEHAVIOR ] Run Closure @app_init [ RunTime:0.000126s ]
[ info ] [ CACHE ] INIT File
[ info ] [ DB ] INIT mysql
[ info ] [ BEHAVIOR ] Run \addons\ldcms\Ldcms @app_init [ RunTime:0.020013s ]
[ info ] [ BEHAVIOR ] Run Closure @app_init [ RunTime:0.020036s ]
[ info ] [ BEHAVIOR ] Run app\common\behavior\Common @app_init [ RunTime:0.000092s ]
[ info ] [ LANG ] /var/webstars/sustens/thinkphp/lang/zh-cn.php
[ info ] [ BEHAVIOR ] Run app\common\behavior\Common @app_dispatch [ RunTime:0.000019s ]
[ info ] [ ROUTE ] array (
  'type' => 'module',
  'module' => 
  array (
    0 => 'admin',
    1 => 'ldcms.category',
    2 => 'edit',
  ),
)
[ info ] [ HEADER ] array (
  'cookie' => 'thinkphp_show_page_trace=0|0; thinkphp_show_page_trace=0|0; thinkphp_show_page_trace=0|0; uid=2; token=50446b79-6f1c-4eb2-9abc-2c19eb7a9159; backend_language=zh-cn; thinkphp_show_page_trace=0|0; PHPSESSID=40vsve0haqvtacvur4afbs4v0t; keeplogin=1%7C86400%7C1731986374%7Cc033686637a60cbe64c2f8276a802fb1; frontend_language=en',
  'accept-language' => 'zh-CN,zh;q=0.9,en;q=0.8',
  'accept-encoding' => 'gzip, deflate',
  'accept' => 'text/html,application/xhtml+xml,application/xml;q=0.9,image/avif,image/webp,image/apng,*/*;q=0.8,application/signed-exchange;v=b3;q=0.7',
  'user-agent' => 'Mozilla/5.0 (Macintosh; Intel Mac OS X 10_15_7) AppleWebKit/537.36 (KHTML, like Gecko) Chrome/130.0.0.0 Safari/537.36',
  'upgrade-insecure-requests' => '1',
  'connection' => 'keep-alive',
  'host' => 'dev.sustens.com',
  'content-length' => '',
  'content-type' => '',
)
[ info ] [ PARAM ] array (
  'dialog' => '1',
  'ids' => '125',
)
[ info ] [ LANG ] /var/webstars/sustens/public/../application/admin/lang/zh-cn.php
[ info ] [ BEHAVIOR ] Run app\common\behavior\Common @module_init [ RunTime:0.000079s ]
[ info ] [ SESSION ] INIT array (
  'id' => '',
  'var_session_id' => '',
  'prefix' => 'think',
  'type' => '',
  'auto_start' => true,
)
[ info ] [ BEHAVIOR ] Run \addons\ldcms\Ldcms @config_init [ RunTime:0.000040s ]
[ info ] [ LANG ] /var/webstars/sustens/public/../application/admin/lang/zh-cn/ldcms/category.php
[ info ] [ RUN ] app\admin\controller\ldcms\Category->edit[ /var/webstars/sustens/application/admin/controller/ldcms/Category.php ]
[ info ] [ VIEW ] /var/webstars/sustens/public/../application/admin/view/../../../addons/ldcms/utils/builder/view/fields.html [ array (
  0 => 'breadcrumb',
  1 => 'site',
  2 => 'config',
  3 => 'auth',
  4 => 'admin',
  5 => 'addon_config',
  6 => 'categorys',
  7 => 'isForm',
  8 => 'fields',
  9 => 'tab_group',
  10 => 'item_group',
  11 => 'field_show',
) ]
[ info ] [ BEHAVIOR ] Run app\admin\behavior\AdminLog @app_end [ RunTime:0.000041s ]
[ info ] [ LOG ] INIT File
---------------------------------------------------------------
[ 2024-11-18T11:30:03+08:00 ] 10.211.55.2 GET dev.sustens.com/MTyvDCHVOo.php/ajax/lang?callback=define&controllername=ldcms.category&lang=zh-cn&v=1731900602
[运行时间：0.210947s] [吞吐率：4.74req/s] [内存消耗：393.18kb] [文件加载：91]
[ info ] [ BEHAVIOR ] Run Closure @app_init [ RunTime:0.000022s ]
[ info ] [ CACHE ] INIT File
[ info ] [ DB ] INIT mysql
[ info ] [ BEHAVIOR ] Run \addons\ldcms\Ldcms @app_init [ RunTime:0.147842s ]
[ info ] [ BEHAVIOR ] Run Closure @app_init [ RunTime:0.147871s ]
[ info ] [ BEHAVIOR ] Run app\common\behavior\Common @app_init [ RunTime:0.000073s ]
[ info ] [ LANG ] /var/webstars/sustens/thinkphp/lang/zh-cn.php
[ info ] [ BEHAVIOR ] Run app\common\behavior\Common @app_dispatch [ RunTime:0.000016s ]
[ info ] [ ROUTE ] array (
  'type' => 'module',
  'module' => 
  array (
    0 => 'admin',
    1 => 'ajax',
    2 => 'lang',
  ),
)
[ info ] [ HEADER ] array (
  'cookie' => 'thinkphp_show_page_trace=0|0; uid=2; token=50446b79-6f1c-4eb2-9abc-2c19eb7a9159; backend_language=zh-cn; thinkphp_show_page_trace=0|0; PHPSESSID=40vsve0haqvtacvur4afbs4v0t; keeplogin=1%7C86400%7C1731986374%7Cc033686637a60cbe64c2f8276a802fb1; frontend_language=en',
  'accept-language' => 'zh-CN,zh;q=0.9,en;q=0.8',
  'accept-encoding' => 'gzip, deflate',
  'accept' => '*/*',
  'user-agent' => 'Mozilla/5.0 (Macintosh; Intel Mac OS X 10_15_7) AppleWebKit/537.36 (KHTML, like Gecko) Chrome/130.0.0.0 Safari/537.36',
  'connection' => 'keep-alive',
  'host' => 'dev.sustens.com',
  'content-length' => '',
  'content-type' => '',
)
[ info ] [ PARAM ] array (
  'callback' => 'define',
  'controllername' => 'ldcms.category',
  'lang' => 'zh-cn',
  'v' => '1731900602',
)
[ info ] [ LANG ] /var/webstars/sustens/public/../application/admin/lang/zh-cn.php
[ info ] [ BEHAVIOR ] Run app\common\behavior\Common @module_init [ RunTime:0.000075s ]
[ info ] [ SESSION ] INIT array (
  'id' => '',
  'var_session_id' => '',
  'prefix' => 'think',
  'type' => '',
  'auto_start' => true,
)
[ info ] [ BEHAVIOR ] Run \addons\ldcms\Ldcms @config_init [ RunTime:0.000029s ]
[ info ] [ LANG ] /var/webstars/sustens/public/../application/admin/lang/zh-cn/ajax.php
[ info ] [ RUN ] app\admin\controller\Ajax->lang[ /var/webstars/sustens/application/admin/controller/Ajax.php ]
[ info ] [ LANG ] /var/webstars/sustens/public/../application/admin/lang/zh-cn/ldcms/category.php
[ info ] [ BEHAVIOR ] Run app\admin\behavior\AdminLog @app_end [ RunTime:0.000026s ]
[ info ] [ LOG ] INIT File
---------------------------------------------------------------
[ 2024-11-18T11:30:03+08:00 ] 10.211.55.2 GET dev.sustens.com/MTyvDCHVOo.php/ldcms/category/getModels
[运行时间：0.093856s] [吞吐率：10.65req/s] [内存消耗：644.70kb] [文件加载：96]
[ info ] [ BEHAVIOR ] Run Closure @app_init [ RunTime:0.000031s ]
[ info ] [ CACHE ] INIT File
[ info ] [ DB ] INIT mysql
[ info ] [ BEHAVIOR ] Run \addons\ldcms\Ldcms @app_init [ RunTime:0.002285s ]
[ info ] [ BEHAVIOR ] Run Closure @app_init [ RunTime:0.002310s ]
[ info ] [ BEHAVIOR ] Run app\common\behavior\Common @app_init [ RunTime:0.000062s ]
[ info ] [ LANG ] /var/webstars/sustens/thinkphp/lang/zh-cn.php
[ info ] [ BEHAVIOR ] Run app\common\behavior\Common @app_dispatch [ RunTime:0.000016s ]
[ info ] [ ROUTE ] array (
  'type' => 'module',
  'module' => 
  array (
    0 => 'admin',
    1 => 'ldcms.category',
    2 => 'getModels',
  ),
)
[ info ] [ HEADER ] array (
  'cookie' => 'thinkphp_show_page_trace=0|0; thinkphp_show_page_trace=0|0; uid=2; token=50446b79-6f1c-4eb2-9abc-2c19eb7a9159; backend_language=zh-cn; thinkphp_show_page_trace=0|0; PHPSESSID=40vsve0haqvtacvur4afbs4v0t; keeplogin=1%7C86400%7C1731986374%7Cc033686637a60cbe64c2f8276a802fb1; frontend_language=en',
  'accept-language' => 'zh-CN,zh;q=0.9,en;q=0.8',
  'accept-encoding' => 'gzip, deflate',
  'x-requested-with' => 'XMLHttpRequest',
  'accept' => '*/*',
  'user-agent' => 'Mozilla/5.0 (Macintosh; Intel Mac OS X 10_15_7) AppleWebKit/537.36 (KHTML, like Gecko) Chrome/130.0.0.0 Safari/537.36',
  'connection' => 'keep-alive',
  'host' => 'dev.sustens.com',
  'content-length' => '',
  'content-type' => '',
)
[ info ] [ PARAM ] array (
)
[ info ] [ LANG ] /var/webstars/sustens/public/../application/admin/lang/zh-cn.php
[ info ] [ BEHAVIOR ] Run app\common\behavior\Common @module_init [ RunTime:0.000166s ]
[ info ] [ SESSION ] INIT array (
  'id' => '',
  'var_session_id' => '',
  'prefix' => 'think',
  'type' => '',
  'auto_start' => true,
)
[ info ] [ BEHAVIOR ] Run \addons\ldcms\Ldcms @config_init [ RunTime:0.000038s ]
[ info ] [ LANG ] /var/webstars/sustens/public/../application/admin/lang/zh-cn/ldcms/category.php
[ info ] [ RUN ] app\admin\controller\ldcms\Category->getModels[ /var/webstars/sustens/application/admin/controller/ldcms/Category.php ]
[ info ] [ BEHAVIOR ] Run app\admin\behavior\AdminLog @app_end [ RunTime:0.000030s ]
[ info ] [ LOG ] INIT File
---------------------------------------------------------------
[ 2024-11-18T11:30:04+08:00 ] 10.211.55.2 POST dev.sustens.com/MTyvDCHVOo.php/ldcms/category/getuserlevels
[运行时间：0.218251s] [吞吐率：4.58req/s] [内存消耗：788.33kb] [文件加载：99]
[ info ] [ BEHAVIOR ] Run Closure @app_init [ RunTime:0.000019s ]
[ info ] [ CACHE ] INIT File
[ info ] [ DB ] INIT mysql
[ info ] [ BEHAVIOR ] Run \addons\ldcms\Ldcms @app_init [ RunTime:0.104792s ]
[ info ] [ BEHAVIOR ] Run Closure @app_init [ RunTime:0.104820s ]
[ info ] [ BEHAVIOR ] Run app\common\behavior\Common @app_init [ RunTime:0.000086s ]
[ info ] [ LANG ] /var/webstars/sustens/thinkphp/lang/zh-cn.php
[ info ] [ BEHAVIOR ] Run app\common\behavior\Common @app_dispatch [ RunTime:0.000293s ]
[ info ] [ ROUTE ] array (
  'type' => 'module',
  'module' => 
  array (
    0 => 'admin',
    1 => 'ldcms.category',
    2 => 'getuserlevels',
  ),
)
[ info ] [ HEADER ] array (
  'cookie' => 'thinkphp_show_page_trace=0|0; thinkphp_show_page_trace=0|0; uid=2; token=50446b79-6f1c-4eb2-9abc-2c19eb7a9159; backend_language=zh-cn; thinkphp_show_page_trace=0|0; PHPSESSID=40vsve0haqvtacvur4afbs4v0t; keeplogin=1%7C86400%7C1731986374%7Cc033686637a60cbe64c2f8276a802fb1; frontend_language=en',
  'accept-language' => 'zh-CN,zh;q=0.9,en;q=0.8',
  'accept-encoding' => 'gzip, deflate',
  'origin' => 'http://dev.sustens.com',
  'content-type' => 'application/x-www-form-urlencoded; charset=UTF-8',
  'accept' => 'application/json, text/javascript, */*; q=0.01',
  'user-agent' => 'Mozilla/5.0 (Macintosh; Intel Mac OS X 10_15_7) AppleWebKit/537.36 (KHTML, like Gecko) Chrome/130.0.0.0 Safari/537.36',
  'x-requested-with' => 'XMLHttpRequest',
  'content-length' => '157',
  'connection' => 'keep-alive',
  'host' => 'dev.sustens.com',
)
[ info ] [ PARAM ] array (
  'searchTable' => 'tbl',
  'searchKey' => 'id',
  'searchValue' => '1',
  'orderBy' => 
  array (
    0 => 
    array (
      0 => 'title',
      1 => 'ASC',
    ),
  ),
  'showField' => 'title',
  'keyField' => 'id',
  'keyValue' => '1',
  'searchField' => 
  array (
    0 => 'title',
  ),
)
[ info ] [ LANG ] /var/webstars/sustens/public/../application/admin/lang/zh-cn.php
[ info ] [ BEHAVIOR ] Run app\common\behavior\Common @module_init [ RunTime:0.000081s ]
[ info ] [ SESSION ] INIT array (
  'id' => '',
  'var_session_id' => '',
  'prefix' => 'think',
  'type' => '',
  'auto_start' => true,
)
[ info ] [ BEHAVIOR ] Run \addons\ldcms\Ldcms @config_init [ RunTime:0.000025s ]
[ info ] [ LANG ] /var/webstars/sustens/public/../application/admin/lang/zh-cn/ldcms/category.php
[ info ] [ RUN ] app\admin\controller\ldcms\Category->getUserLevels[ /var/webstars/sustens/application/admin/controller/ldcms/Category.php ]
[ info ] [ BEHAVIOR ] Run app\admin\behavior\AdminLog @app_end [ RunTime:0.033836s ]
[ info ] [ LOG ] INIT File
---------------------------------------------------------------
[ 2024-11-18T11:30:09+08:00 ] 10.211.55.2 POST dev.sustens.com/MTyvDCHVOo.php/ldcms/category/edit/ids/125?dialog=1
[运行时间：0.202580s] [吞吐率：4.94req/s] [内存消耗：808.51kb] [文件加载：103]
[ info ] [ BEHAVIOR ] Run Closure @app_init [ RunTime:0.000037s ]
[ info ] [ CACHE ] INIT File
[ info ] [ DB ] INIT mysql
[ info ] [ BEHAVIOR ] Run \addons\ldcms\Ldcms @app_init [ RunTime:0.030481s ]
[ info ] [ BEHAVIOR ] Run Closure @app_init [ RunTime:0.030508s ]
[ info ] [ BEHAVIOR ] Run app\common\behavior\Common @app_init [ RunTime:0.001491s ]
[ info ] [ LANG ] /var/webstars/sustens/thinkphp/lang/zh-cn.php
[ info ] [ BEHAVIOR ] Run app\common\behavior\Common @app_dispatch [ RunTime:0.000026s ]
[ info ] [ ROUTE ] array (
  'type' => 'module',
  'module' => 
  array (
    0 => 'admin',
    1 => 'ldcms.category',
    2 => 'edit',
  ),
)
[ info ] [ HEADER ] array (
  'cookie' => 'thinkphp_show_page_trace=0|0; thinkphp_show_page_trace=0|0; thinkphp_show_page_trace=0|0; uid=2; token=50446b79-6f1c-4eb2-9abc-2c19eb7a9159; backend_language=zh-cn; thinkphp_show_page_trace=0|0; PHPSESSID=40vsve0haqvtacvur4afbs4v0t; keeplogin=1%7C86400%7C1731986374%7Cc033686637a60cbe64c2f8276a802fb1; frontend_language=en',
  'accept-language' => 'zh-CN,zh;q=0.9,en;q=0.8',
  'accept-encoding' => 'gzip, deflate',
  'origin' => 'http://dev.sustens.com',
  'content-type' => 'application/x-www-form-urlencoded; charset=UTF-8',
  'accept' => 'application/json, text/javascript, */*; q=0.01',
  'user-agent' => 'Mozilla/5.0 (Macintosh; Intel Mac OS X 10_15_7) AppleWebKit/537.36 (KHTML, like Gecko) Chrome/130.0.0.0 Safari/537.36',
  'x-requested-with' => 'XMLHttpRequest',
  'content-length' => '1051',
  'connection' => 'keep-alive',
  'host' => 'dev.sustens.com',
)
[ info ] [ PARAM ] array (
  'dialog' => '1',
  'row' => 
  array (
    'id' => '125',
    'type' => '1',
    'pid' => '0',
    'name' => '关于我们',
    'subname' => '',
    'ename' => 'about',
    'mid' => '1',
    'urlname' => 'guanyuwomen',
    'template_list' => '',
    'template_detail' => 'detail_about.html',
    'outlink' => '@/gongsijianjie.html',
    'is_target' => '0',
    'is_home' => '0',
    'gid' => '1',
    'status' => '1',
    'des2' => '"智慧 低碳 多元化”',
    'des1' => '全套供热系统集成商、清洁智能锅炉提供商及国内供热服务商',
    'image' => '/assets/addons/ldcms/ldcms2024/images/banner.jpg',
    'big_image' => '/assets/addons/ldcms/ldcms2024/images/banner.jpg',
    'seo_title' => '',
    'seo_keywords' => '',
    'seo_description' => '',
    'is_nav' => '1',
  ),
  'ids' => '125',
)
[ info ] [ LANG ] /var/webstars/sustens/public/../application/admin/lang/zh-cn.php
[ info ] [ BEHAVIOR ] Run app\common\behavior\Common @module_init [ RunTime:0.000882s ]
[ info ] [ SESSION ] INIT array (
  'id' => '',
  'var_session_id' => '',
  'prefix' => 'think',
  'type' => '',
  'auto_start' => true,
)
[ info ] [ BEHAVIOR ] Run \addons\ldcms\Ldcms @config_init [ RunTime:0.000038s ]
[ info ] [ LANG ] /var/webstars/sustens/public/../application/admin/lang/zh-cn/ldcms/category.php
[ info ] [ RUN ] app\admin\controller\ldcms\Category->edit[ /var/webstars/sustens/application/admin/controller/ldcms/Category.php ]
[ info ] [ BEHAVIOR ] Run app\admin\behavior\AdminLog @app_end [ RunTime:0.010441s ]
[ info ] [ LOG ] INIT File
---------------------------------------------------------------
[ 2024-11-18T11:30:09+08:00 ] 10.211.55.2 GET dev.sustens.com/MTyvDCHVOo.php/ldcms/category/index?addtabs=1&sort=id&order=desc&_=1731900465145
[运行时间：0.294017s] [吞吐率：3.40req/s] [内存消耗：790.49kb] [文件加载：97]
[ info ] [ BEHAVIOR ] Run Closure @app_init [ RunTime:0.000017s ]
[ info ] [ CACHE ] INIT File
[ info ] [ DB ] INIT mysql
[ info ] [ BEHAVIOR ] Run \addons\ldcms\Ldcms @app_init [ RunTime:0.157794s ]
[ info ] [ BEHAVIOR ] Run Closure @app_init [ RunTime:0.157826s ]
[ info ] [ BEHAVIOR ] Run app\common\behavior\Common @app_init [ RunTime:0.000117s ]
[ info ] [ LANG ] /var/webstars/sustens/thinkphp/lang/zh-cn.php
[ info ] [ BEHAVIOR ] Run app\common\behavior\Common @app_dispatch [ RunTime:0.000019s ]
[ info ] [ ROUTE ] array (
  'type' => 'module',
  'module' => 
  array (
    0 => 'admin',
    1 => 'ldcms.category',
    2 => 'index',
  ),
)
[ info ] [ HEADER ] array (
  'cookie' => 'thinkphp_show_page_trace=0|0; thinkphp_show_page_trace=0|0; uid=2; token=50446b79-6f1c-4eb2-9abc-2c19eb7a9159; backend_language=zh-cn; thinkphp_show_page_trace=0|0; PHPSESSID=40vsve0haqvtacvur4afbs4v0t; keeplogin=1%7C86400%7C1731986374%7Cc033686637a60cbe64c2f8276a802fb1; frontend_language=en',
  'accept-language' => 'zh-CN,zh;q=0.9,en;q=0.8',
  'accept-encoding' => 'gzip, deflate',
  'content-type' => 'application/json',
  'accept' => 'application/json, text/javascript, */*; q=0.01',
  'user-agent' => 'Mozilla/5.0 (Macintosh; Intel Mac OS X 10_15_7) AppleWebKit/537.36 (KHTML, like Gecko) Chrome/130.0.0.0 Safari/537.36',
  'x-requested-with' => 'XMLHttpRequest',
  'connection' => 'keep-alive',
  'host' => 'dev.sustens.com',
  'content-length' => '',
)
[ info ] [ PARAM ] array (
  'addtabs' => '1',
  'sort' => 'id',
  'order' => 'desc',
  '_' => '1731900465145',
)
[ info ] [ LANG ] /var/webstars/sustens/public/../application/admin/lang/zh-cn.php
[ info ] [ BEHAVIOR ] Run app\common\behavior\Common @module_init [ RunTime:0.000293s ]
[ info ] [ SESSION ] INIT array (
  'id' => '',
  'var_session_id' => '',
  'prefix' => 'think',
  'type' => '',
  'auto_start' => true,
)
[ info ] [ BEHAVIOR ] Run \addons\ldcms\Ldcms @config_init [ RunTime:0.000040s ]
[ info ] [ LANG ] /var/webstars/sustens/public/../application/admin/lang/zh-cn/ldcms/category.php
[ info ] [ RUN ] app\admin\controller\ldcms\Category->index[ /var/webstars/sustens/application/admin/controller/ldcms/Category.php ]
[ info ] [ BEHAVIOR ] Run app\admin\behavior\AdminLog @app_end [ RunTime:0.000034s ]
[ info ] [ LOG ] INIT File
---------------------------------------------------------------
[ 2024-11-18T11:30:21+08:00 ] 10.211.55.2 GET dev.sustens.com/gongsijianjie_en.html
[运行时间：0.284683s] [吞吐率：3.51req/s] [内存消耗：855.68kb] [文件加载：190]
[ info ] [ BEHAVIOR ] Run Closure @app_init [ RunTime:0.000042s ]
[ info ] [ CACHE ] INIT File
[ info ] [ DB ] INIT mysql
[ info ] [ BEHAVIOR ] Run \addons\ldcms\Ldcms @app_init [ RunTime:0.014808s ]
[ info ] [ BEHAVIOR ] Run Closure @app_init [ RunTime:0.014830s ]
[ info ] [ BEHAVIOR ] Run app\common\behavior\Common @app_init [ RunTime:0.000139s ]
[ info ] [ LANG ] /var/webstars/sustens/thinkphp/lang/zh-cn.php
[ info ] [ BEHAVIOR ] Run app\common\behavior\Common @app_dispatch [ RunTime:0.000017s ]
[ info ] [ ROUTE ] array (
  'type' => 'method',
  'method' => 
  array (
    0 => '\\think\\addons\\Route',
    1 => 'execute',
  ),
  'var' => 
  array (
    'addon' => 'ldcms',
    'controller' => 'lists',
    'action' => 'index',
  ),
)
[ info ] [ HEADER ] array (
  'cookie' => 'uid=2; token=50446b79-6f1c-4eb2-9abc-2c19eb7a9159; backend_language=zh-cn; thinkphp_show_page_trace=0|0; PHPSESSID=40vsve0haqvtacvur4afbs4v0t; keeplogin=1%7C86400%7C1731986374%7Cc033686637a60cbe64c2f8276a802fb1; frontend_language=en',
  'accept-language' => 'zh-CN,zh;q=0.9,en;q=0.8',
  'accept-encoding' => 'gzip, deflate',
  'referer' => 'http://dev.sustens.com/lianxiwomen_en.html',
  'accept' => 'text/html,application/xhtml+xml,application/xml;q=0.9,image/avif,image/webp,image/apng,*/*;q=0.8,application/signed-exchange;v=b3;q=0.7',
  'user-agent' => 'Mozilla/5.0 (Macintosh; Intel Mac OS X 10_15_7) AppleWebKit/537.36 (KHTML, like Gecko) Chrome/130.0.0.0 Safari/537.36',
  'upgrade-insecure-requests' => '1',
  'connection' => 'keep-alive',
  'host' => 'dev.sustens.com',
  'content-length' => '',
  'content-type' => '',
)
[ info ] [ PARAM ] array (
  'category' => 'gongsijianjie_en',
)
[ info ] [ RUN ] think\addons\Route->execute[ /var/webstars/sustens/vendor/karsonzhang/fastadmin-addons/src/addons/Route.php ]
[ info ] [ LANG ] /var/webstars/sustens/public/../application/common/lang/zh-cn/addon.php
[ info ] [ BEHAVIOR ] Run app\common\behavior\Common @addon_begin [ RunTime:0.001896s ]
[ info ] [ TOKEN ] INIT Mysql
[ info ] [ BEHAVIOR ] Run \addons\ldcms\Ldcms @config_init [ RunTime:0.000057s ]
[ info ] [ LANG ] /var/webstars/sustens/addons/ldcms/lang/en.php
[ info ] [ VIEW ] /var/webstars/sustens/addons/ldcms/view/ldcms2024en/detail_about.html [ array (
  0 => 'user',
  1 => 'site',
  2 => 'config',
  3 => 'category',
  4 => 'parentsid',
  5 => 'childids',
  6 => 'content',
  7 => 'ld',
  8 => 'topid',
) ]
[ info ] [ SESSION ] INIT array (
  'id' => '',
  'var_session_id' => '',
  'prefix' => 'think',
  'type' => '',
  'auto_start' => true,
)
[ info ] [ LOG ] INIT File
[ error ] [2]Undefined variable $item[/var/webstars/sustens/runtime/temp/179961fc2de8d7c7c27e49c370825518.php:52]
[ error ] [2]Trying to access array offset on value of type null[/var/webstars/sustens/runtime/temp/179961fc2de8d7c7c27e49c370825518.php:52]
[ error ] [2]Undefined array key "url"[/var/webstars/sustens/runtime/temp/179961fc2de8d7c7c27e49c370825518.php:614]
[ error ] [2]Undefined array key "name"[/var/webstars/sustens/runtime/temp/179961fc2de8d7c7c27e49c370825518.php:614]
[ error ] [2]Undefined array key "url"[/var/webstars/sustens/runtime/temp/179961fc2de8d7c7c27e49c370825518.php:616]
[ error ] [2]Undefined array key "name"[/var/webstars/sustens/runtime/temp/179961fc2de8d7c7c27e49c370825518.php:616]
---------------------------------------------------------------
[ 2024-11-18T11:30:22+08:00 ] 10.211.55.2 GET dev.sustens.com/assets/addons/ldcms/ldcms2024en/images/idxabout.jpg
[运行时间：0.016753s] [吞吐率：59.69req/s] [内存消耗：240.77kb] [文件加载：77]
[ info ] [ BEHAVIOR ] Run Closure @app_init [ RunTime:0.000024s ]
[ info ] [ CACHE ] INIT File
[ info ] [ DB ] INIT mysql
[ info ] [ BEHAVIOR ] Run \addons\ldcms\Ldcms @app_init [ RunTime:0.002828s ]
[ info ] [ BEHAVIOR ] Run Closure @app_init [ RunTime:0.002855s ]
[ info ] [ BEHAVIOR ] Run app\common\behavior\Common @app_init [ RunTime:0.000068s ]
[ info ] [ LANG ] /var/webstars/sustens/thinkphp/lang/zh-cn.php
[ info ] [ BEHAVIOR ] Run app\common\behavior\Common @app_dispatch [ RunTime:0.000021s ]
[ info ] [ ROUTE ] array (
  'type' => 'module',
  'module' => 
  array (
    0 => 'assets',
    1 => 'addons',
    2 => 'ldcms',
  ),
)
[ info ] [ HEADER ] array (
  'cookie' => 'uid=2; token=50446b79-6f1c-4eb2-9abc-2c19eb7a9159; backend_language=zh-cn; thinkphp_show_page_trace=0|0; PHPSESSID=40vsve0haqvtacvur4afbs4v0t; keeplogin=1%7C86400%7C1731986374%7Cc033686637a60cbe64c2f8276a802fb1; frontend_language=en',
  'accept-language' => 'zh-CN,zh;q=0.9,en;q=0.8',
  'accept-encoding' => 'gzip, deflate',
  'referer' => 'http://dev.sustens.com/gongsijianjie_en.html',
  'accept' => 'image/avif,image/webp,image/apng,image/svg+xml,image/*,*/*;q=0.8',
  'user-agent' => 'Mozilla/5.0 (Macintosh; Intel Mac OS X 10_15_7) AppleWebKit/537.36 (KHTML, like Gecko) Chrome/130.0.0.0 Safari/537.36',
  'connection' => 'keep-alive',
  'host' => 'dev.sustens.com',
  'content-length' => '',
  'content-type' => '',
)
[ info ] [ PARAM ] array (
  'ldcms2024en' => 'images',
)
[ info ] [ LOG ] INIT File
---------------------------------------------------------------
[ 2024-11-18T11:30:28+08:00 ] 10.211.55.2 GET dev.sustens.com/gongsijianjie_en.html
[运行时间：0.199968s] [吞吐率：5.00req/s] [内存消耗：850.46kb] [文件加载：190]
[ info ] [ BEHAVIOR ] Run Closure @app_init [ RunTime:0.000069s ]
[ info ] [ CACHE ] INIT File
[ info ] [ DB ] INIT mysql
[ info ] [ BEHAVIOR ] Run \addons\ldcms\Ldcms @app_init [ RunTime:0.007995s ]
[ info ] [ BEHAVIOR ] Run Closure @app_init [ RunTime:0.008024s ]
[ info ] [ BEHAVIOR ] Run app\common\behavior\Common @app_init [ RunTime:0.000107s ]
[ info ] [ LANG ] /var/webstars/sustens/thinkphp/lang/zh-cn.php
[ info ] [ BEHAVIOR ] Run app\common\behavior\Common @app_dispatch [ RunTime:0.000021s ]
[ info ] [ ROUTE ] array (
  'type' => 'method',
  'method' => 
  array (
    0 => '\\think\\addons\\Route',
    1 => 'execute',
  ),
  'var' => 
  array (
    'addon' => 'ldcms',
    'controller' => 'lists',
    'action' => 'index',
  ),
)
[ info ] [ HEADER ] array (
  'cookie' => 'uid=2; token=50446b79-6f1c-4eb2-9abc-2c19eb7a9159; backend_language=zh-cn; thinkphp_show_page_trace=0|0; PHPSESSID=40vsve0haqvtacvur4afbs4v0t; keeplogin=1%7C86400%7C1731986374%7Cc033686637a60cbe64c2f8276a802fb1; frontend_language=en',
  'accept-language' => 'zh-CN,zh;q=0.9,en;q=0.8',
  'accept-encoding' => 'gzip, deflate',
  'accept' => 'text/html,application/xhtml+xml,application/xml;q=0.9,image/avif,image/webp,image/apng,*/*;q=0.8,application/signed-exchange;v=b3;q=0.7',
  'user-agent' => 'Mozilla/5.0 (Macintosh; Intel Mac OS X 10_15_7) AppleWebKit/537.36 (KHTML, like Gecko) Chrome/130.0.0.0 Safari/537.36',
  'upgrade-insecure-requests' => '1',
  'cache-control' => 'max-age=0',
  'connection' => 'keep-alive',
  'host' => 'dev.sustens.com',
  'content-length' => '',
  'content-type' => '',
)
[ info ] [ PARAM ] array (
  'category' => 'gongsijianjie_en',
)
[ info ] [ RUN ] think\addons\Route->execute[ /var/webstars/sustens/vendor/karsonzhang/fastadmin-addons/src/addons/Route.php ]
[ info ] [ LANG ] /var/webstars/sustens/public/../application/common/lang/zh-cn/addon.php
[ info ] [ BEHAVIOR ] Run app\common\behavior\Common @addon_begin [ RunTime:0.000436s ]
[ info ] [ TOKEN ] INIT Mysql
[ info ] [ BEHAVIOR ] Run \addons\ldcms\Ldcms @config_init [ RunTime:0.000039s ]
[ info ] [ LANG ] /var/webstars/sustens/addons/ldcms/lang/en.php
[ info ] [ VIEW ] /var/webstars/sustens/addons/ldcms/view/ldcms2024en/detail_about.html [ array (
  0 => 'user',
  1 => 'site',
  2 => 'config',
  3 => 'category',
  4 => 'parentsid',
  5 => 'childids',
  6 => 'content',
  7 => 'ld',
  8 => 'topid',
) ]
[ info ] [ SESSION ] INIT array (
  'id' => '',
  'var_session_id' => '',
  'prefix' => 'think',
  'type' => '',
  'auto_start' => true,
)
[ info ] [ LOG ] INIT File
[ error ] [2]Undefined variable $item[/var/webstars/sustens/runtime/temp/179961fc2de8d7c7c27e49c370825518.php:52]
[ error ] [2]Trying to access array offset on value of type null[/var/webstars/sustens/runtime/temp/179961fc2de8d7c7c27e49c370825518.php:52]
[ error ] [2]Undefined array key "url"[/var/webstars/sustens/runtime/temp/179961fc2de8d7c7c27e49c370825518.php:614]
[ error ] [2]Undefined array key "name"[/var/webstars/sustens/runtime/temp/179961fc2de8d7c7c27e49c370825518.php:614]
[ error ] [2]Undefined array key "url"[/var/webstars/sustens/runtime/temp/179961fc2de8d7c7c27e49c370825518.php:616]
[ error ] [2]Undefined array key "name"[/var/webstars/sustens/runtime/temp/179961fc2de8d7c7c27e49c370825518.php:616]
---------------------------------------------------------------
[ 2024-11-18T11:30:29+08:00 ] 10.211.55.2 GET dev.sustens.com/assets/addons/ldcms/ldcms2024en/images/idxabout.jpg
[运行时间：0.035680s] [吞吐率：28.03req/s] [内存消耗：240.77kb] [文件加载：77]
[ info ] [ BEHAVIOR ] Run Closure @app_init [ RunTime:0.000022s ]
[ info ] [ CACHE ] INIT File
[ info ] [ DB ] INIT mysql
[ info ] [ BEHAVIOR ] Run \addons\ldcms\Ldcms @app_init [ RunTime:0.004234s ]
[ info ] [ BEHAVIOR ] Run Closure @app_init [ RunTime:0.004263s ]
[ info ] [ BEHAVIOR ] Run app\common\behavior\Common @app_init [ RunTime:0.000074s ]
[ info ] [ LANG ] /var/webstars/sustens/thinkphp/lang/zh-cn.php
[ info ] [ BEHAVIOR ] Run app\common\behavior\Common @app_dispatch [ RunTime:0.000022s ]
[ info ] [ ROUTE ] array (
  'type' => 'module',
  'module' => 
  array (
    0 => 'assets',
    1 => 'addons',
    2 => 'ldcms',
  ),
)
[ info ] [ HEADER ] array (
  'cookie' => 'uid=2; token=50446b79-6f1c-4eb2-9abc-2c19eb7a9159; backend_language=zh-cn; thinkphp_show_page_trace=0|0; PHPSESSID=40vsve0haqvtacvur4afbs4v0t; keeplogin=1%7C86400%7C1731986374%7Cc033686637a60cbe64c2f8276a802fb1; frontend_language=en',
  'accept-language' => 'zh-CN,zh;q=0.9,en;q=0.8',
  'accept-encoding' => 'gzip, deflate',
  'referer' => 'http://dev.sustens.com/gongsijianjie_en.html',
  'accept' => 'image/avif,image/webp,image/apng,image/svg+xml,image/*,*/*;q=0.8',
  'user-agent' => 'Mozilla/5.0 (Macintosh; Intel Mac OS X 10_15_7) AppleWebKit/537.36 (KHTML, like Gecko) Chrome/130.0.0.0 Safari/537.36',
  'connection' => 'keep-alive',
  'host' => 'dev.sustens.com',
  'content-length' => '',
  'content-type' => '',
)
[ info ] [ PARAM ] array (
  'ldcms2024en' => 'images',
)
[ info ] [ LOG ] INIT File
---------------------------------------------------------------
[ 2024-11-18T11:30:46+08:00 ] 10.211.55.2 GET dev.sustens.com/MTyvDCHVOo.php/user/user?addtabs=1
[运行时间：0.088881s] [吞吐率：11.25req/s] [内存消耗：642.29kb] [文件加载：95]
[ info ] [ BEHAVIOR ] Run Closure @app_init [ RunTime:0.000025s ]
[ info ] [ CACHE ] INIT File
[ info ] [ DB ] INIT mysql
[ info ] [ BEHAVIOR ] Run \addons\ldcms\Ldcms @app_init [ RunTime:0.005656s ]
[ info ] [ BEHAVIOR ] Run Closure @app_init [ RunTime:0.005691s ]
[ info ] [ BEHAVIOR ] Run app\common\behavior\Common @app_init [ RunTime:0.000338s ]
[ info ] [ LANG ] /var/webstars/sustens/thinkphp/lang/zh-cn.php
[ info ] [ BEHAVIOR ] Run app\common\behavior\Common @app_dispatch [ RunTime:0.000027s ]
[ info ] [ ROUTE ] array (
  'type' => 'module',
  'module' => 
  array (
    0 => 'admin',
    1 => 'user.user',
    2 => NULL,
  ),
)
[ info ] [ HEADER ] array (
  'cookie' => 'thinkphp_show_page_trace=0|0; uid=2; token=50446b79-6f1c-4eb2-9abc-2c19eb7a9159; backend_language=zh-cn; thinkphp_show_page_trace=0|0; PHPSESSID=40vsve0haqvtacvur4afbs4v0t; keeplogin=1%7C86400%7C1731986374%7Cc033686637a60cbe64c2f8276a802fb1; frontend_language=en',
  'accept-language' => 'zh-CN,zh;q=0.9,en;q=0.8',
  'accept-encoding' => 'gzip, deflate',
  'accept' => 'text/html,application/xhtml+xml,application/xml;q=0.9,image/avif,image/webp,image/apng,*/*;q=0.8,application/signed-exchange;v=b3;q=0.7',
  'user-agent' => 'Mozilla/5.0 (Macintosh; Intel Mac OS X 10_15_7) AppleWebKit/537.36 (KHTML, like Gecko) Chrome/130.0.0.0 Safari/537.36',
  'upgrade-insecure-requests' => '1',
  'connection' => 'keep-alive',
  'host' => 'dev.sustens.com',
  'content-length' => '',
  'content-type' => '',
)
[ info ] [ PARAM ] array (
  'addtabs' => '1',
)
[ info ] [ LANG ] /var/webstars/sustens/public/../application/admin/lang/zh-cn.php
[ info ] [ BEHAVIOR ] Run app\common\behavior\Common @module_init [ RunTime:0.001091s ]
[ info ] [ SESSION ] INIT array (
  'id' => '',
  'var_session_id' => '',
  'prefix' => 'think',
  'type' => '',
  'auto_start' => true,
)
[ info ] [ BEHAVIOR ] Run \addons\ldcms\Ldcms @config_init [ RunTime:0.000058s ]
[ info ] [ LANG ] /var/webstars/sustens/public/../application/admin/lang/zh-cn/user/user.php
[ info ] [ RUN ] app\admin\controller\user\User->index[ /var/webstars/sustens/application/admin/controller/user/User.php ]
[ info ] [ VIEW ] /var/webstars/sustens/public/../application/admin/view/user/user/index.html [ array (
  0 => 'breadcrumb',
  1 => 'site',
  2 => 'config',
  3 => 'auth',
  4 => 'admin',
) ]
[ info ] [ BEHAVIOR ] Run app\admin\behavior\AdminLog @app_end [ RunTime:0.000049s ]
[ info ] [ LOG ] INIT File
---------------------------------------------------------------
[ 2024-11-18T11:30:47+08:00 ] 10.211.55.2 GET dev.sustens.com/MTyvDCHVOo.php/ajax/lang?callback=define&controllername=user.user&lang=zh-cn&v=1731900646
[运行时间：0.022800s] [吞吐率：43.86req/s] [内存消耗：300.59kb] [文件加载：90]
[ info ] [ BEHAVIOR ] Run Closure @app_init [ RunTime:0.000028s ]
[ info ] [ CACHE ] INIT File
[ info ] [ DB ] INIT mysql
[ info ] [ BEHAVIOR ] Run \addons\ldcms\Ldcms @app_init [ RunTime:0.004712s ]
[ info ] [ BEHAVIOR ] Run Closure @app_init [ RunTime:0.004744s ]
[ info ] [ BEHAVIOR ] Run app\common\behavior\Common @app_init [ RunTime:0.000173s ]
[ info ] [ LANG ] /var/webstars/sustens/thinkphp/lang/zh-cn.php
[ info ] [ BEHAVIOR ] Run app\common\behavior\Common @app_dispatch [ RunTime:0.000020s ]
[ info ] [ ROUTE ] array (
  'type' => 'module',
  'module' => 
  array (
    0 => 'admin',
    1 => 'ajax',
    2 => 'lang',
  ),
)
[ info ] [ HEADER ] array (
  'cookie' => 'thinkphp_show_page_trace=0|0; uid=2; token=50446b79-6f1c-4eb2-9abc-2c19eb7a9159; backend_language=zh-cn; thinkphp_show_page_trace=0|0; PHPSESSID=40vsve0haqvtacvur4afbs4v0t; keeplogin=1%7C86400%7C1731986374%7Cc033686637a60cbe64c2f8276a802fb1; frontend_language=en',
  'accept-language' => 'zh-CN,zh;q=0.9,en;q=0.8',
  'accept-encoding' => 'gzip, deflate',
  'accept' => '*/*',
  'user-agent' => 'Mozilla/5.0 (Macintosh; Intel Mac OS X 10_15_7) AppleWebKit/537.36 (KHTML, like Gecko) Chrome/130.0.0.0 Safari/537.36',
  'connection' => 'keep-alive',
  'host' => 'dev.sustens.com',
  'content-length' => '',
  'content-type' => '',
)
[ info ] [ PARAM ] array (
  'callback' => 'define',
  'controllername' => 'user.user',
  'lang' => 'zh-cn',
  'v' => '1731900646',
)
[ info ] [ LANG ] /var/webstars/sustens/public/../application/admin/lang/zh-cn.php
[ info ] [ BEHAVIOR ] Run app\common\behavior\Common @module_init [ RunTime:0.000099s ]
[ info ] [ SESSION ] INIT array (
  'id' => '',
  'var_session_id' => '',
  'prefix' => 'think',
  'type' => '',
  'auto_start' => true,
)
[ info ] [ BEHAVIOR ] Run \addons\ldcms\Ldcms @config_init [ RunTime:0.000045s ]
[ info ] [ LANG ] /var/webstars/sustens/public/../application/admin/lang/zh-cn/ajax.php
[ info ] [ RUN ] app\admin\controller\Ajax->lang[ /var/webstars/sustens/application/admin/controller/Ajax.php ]
[ info ] [ LANG ] /var/webstars/sustens/public/../application/admin/lang/zh-cn/user/user.php
[ info ] [ BEHAVIOR ] Run app\admin\behavior\AdminLog @app_end [ RunTime:0.000050s ]
[ info ] [ LOG ] INIT File
---------------------------------------------------------------
[ 2024-11-18T11:30:47+08:00 ] 10.211.55.2 GET dev.sustens.com/MTyvDCHVOo.php/user/user/index?sort=user.id&order=desc&offset=0&limit=10&filter=%7B%7D&op=%7B%7D&_=1731900647114
[运行时间：0.173651s] [吞吐率：5.76req/s] [内存消耗：662.95kb] [文件加载：97]
[ info ] [ BEHAVIOR ] Run Closure @app_init [ RunTime:0.000023s ]
[ info ] [ CACHE ] INIT File
[ info ] [ DB ] INIT mysql
[ info ] [ BEHAVIOR ] Run \addons\ldcms\Ldcms @app_init [ RunTime:0.012817s ]
[ info ] [ BEHAVIOR ] Run Closure @app_init [ RunTime:0.012844s ]
[ info ] [ BEHAVIOR ] Run app\common\behavior\Common @app_init [ RunTime:0.000070s ]
[ info ] [ LANG ] /var/webstars/sustens/thinkphp/lang/zh-cn.php
[ info ] [ BEHAVIOR ] Run app\common\behavior\Common @app_dispatch [ RunTime:0.000037s ]
[ info ] [ ROUTE ] array (
  'type' => 'module',
  'module' => 
  array (
    0 => 'admin',
    1 => 'user.user',
    2 => 'index',
  ),
)
[ info ] [ HEADER ] array (
  'cookie' => 'thinkphp_show_page_trace=0|0; thinkphp_show_page_trace=0|0; uid=2; token=50446b79-6f1c-4eb2-9abc-2c19eb7a9159; backend_language=zh-cn; thinkphp_show_page_trace=0|0; PHPSESSID=40vsve0haqvtacvur4afbs4v0t; keeplogin=1%7C86400%7C1731986374%7Cc033686637a60cbe64c2f8276a802fb1; frontend_language=en',
  'accept-language' => 'zh-CN,zh;q=0.9,en;q=0.8',
  'accept-encoding' => 'gzip, deflate',
  'content-type' => 'application/json',
  'accept' => 'application/json, text/javascript, */*; q=0.01',
  'user-agent' => 'Mozilla/5.0 (Macintosh; Intel Mac OS X 10_15_7) AppleWebKit/537.36 (KHTML, like Gecko) Chrome/130.0.0.0 Safari/537.36',
  'x-requested-with' => 'XMLHttpRequest',
  'connection' => 'keep-alive',
  'host' => 'dev.sustens.com',
  'content-length' => '',
)
[ info ] [ PARAM ] array (
  'sort' => 'user.id',
  'order' => 'desc',
  'offset' => '0',
  'limit' => '10',
  'filter' => '{}',
  'op' => '{}',
  '_' => '1731900647114',
)
[ info ] [ LANG ] /var/webstars/sustens/public/../application/admin/lang/zh-cn.php
[ info ] [ BEHAVIOR ] Run app\common\behavior\Common @module_init [ RunTime:0.000098s ]
[ info ] [ SESSION ] INIT array (
  'id' => '',
  'var_session_id' => '',
  'prefix' => 'think',
  'type' => '',
  'auto_start' => true,
)
[ info ] [ BEHAVIOR ] Run \addons\ldcms\Ldcms @config_init [ RunTime:0.000051s ]
[ info ] [ LANG ] /var/webstars/sustens/public/../application/admin/lang/zh-cn/user/user.php
[ info ] [ RUN ] app\admin\controller\user\User->index[ /var/webstars/sustens/application/admin/controller/user/User.php ]
[ info ] [ BEHAVIOR ] Run app\admin\behavior\AdminLog @app_end [ RunTime:0.000052s ]
[ info ] [ LOG ] INIT File
---------------------------------------------------------------
[ 2024-11-18T11:31:15+08:00 ] 10.211.55.2 GET dev.sustens.com/MTyvDCHVOo.php/ldcms/diyform/index?addtabs=1&sort=id&order=desc&offset=0&limit=10&filter=%7B%7D&op=%7B%7D&_=1731899987989
[运行时间：0.244345s] [吞吐率：4.09req/s] [内存消耗：646.92kb] [文件加载：95]
[ info ] [ BEHAVIOR ] Run Closure @app_init [ RunTime:0.000031s ]
[ info ] [ CACHE ] INIT File
[ info ] [ DB ] INIT mysql
[ info ] [ BEHAVIOR ] Run \addons\ldcms\Ldcms @app_init [ RunTime:0.025247s ]
[ info ] [ BEHAVIOR ] Run Closure @app_init [ RunTime:0.025281s ]
[ info ] [ BEHAVIOR ] Run app\common\behavior\Common @app_init [ RunTime:0.001870s ]
[ info ] [ LANG ] /var/webstars/sustens/thinkphp/lang/zh-cn.php
[ info ] [ BEHAVIOR ] Run app\common\behavior\Common @app_dispatch [ RunTime:0.000028s ]
[ info ] [ ROUTE ] array (
  'type' => 'module',
  'module' => 
  array (
    0 => 'admin',
    1 => 'ldcms.diyform',
    2 => 'index',
  ),
)
[ info ] [ HEADER ] array (
  'cookie' => 'thinkphp_show_page_trace=0|0; thinkphp_show_page_trace=0|0; thinkphp_show_page_trace=0|0; uid=2; token=50446b79-6f1c-4eb2-9abc-2c19eb7a9159; backend_language=zh-cn; thinkphp_show_page_trace=0|0; PHPSESSID=40vsve0haqvtacvur4afbs4v0t; keeplogin=1%7C86400%7C1731986374%7Cc033686637a60cbe64c2f8276a802fb1; frontend_language=en',
  'accept-language' => 'zh-CN,zh;q=0.9,en;q=0.8',
  'accept-encoding' => 'gzip, deflate',
  'content-type' => 'application/json',
  'accept' => 'application/json, text/javascript, */*; q=0.01',
  'user-agent' => 'Mozilla/5.0 (Macintosh; Intel Mac OS X 10_15_7) AppleWebKit/537.36 (KHTML, like Gecko) Chrome/130.0.0.0 Safari/537.36',
  'x-requested-with' => 'XMLHttpRequest',
  'connection' => 'keep-alive',
  'host' => 'dev.sustens.com',
  'content-length' => '',
)
[ info ] [ PARAM ] array (
  'addtabs' => '1',
  'sort' => 'id',
  'order' => 'desc',
  'offset' => '0',
  'limit' => '10',
  'filter' => '{}',
  'op' => '{}',
  '_' => '1731899987989',
)
[ info ] [ LANG ] /var/webstars/sustens/public/../application/admin/lang/zh-cn.php
[ info ] [ BEHAVIOR ] Run app\common\behavior\Common @module_init [ RunTime:0.000839s ]
[ info ] [ SESSION ] INIT array (
  'id' => '',
  'var_session_id' => '',
  'prefix' => 'think',
  'type' => '',
  'auto_start' => true,
)
[ info ] [ BEHAVIOR ] Run \addons\ldcms\Ldcms @config_init [ RunTime:0.000119s ]
[ info ] [ LANG ] /var/webstars/sustens/public/../application/admin/lang/zh-cn/ldcms/diyform.php
[ info ] [ RUN ] app\common\controller\Backend->index[ /var/webstars/sustens/application/admin/library/traits/Backend.php ]
[ info ] [ BEHAVIOR ] Run app\admin\behavior\AdminLog @app_end [ RunTime:0.002270s ]
[ info ] [ LOG ] INIT File
---------------------------------------------------------------
[ 2024-11-18T11:31:21+08:00 ] 10.211.55.2 GET dev.sustens.com/MTyvDCHVOo.php/ldcms/diyform_data/index/diyform_id/16?addtabs=1
[运行时间：0.091474s] [吞吐率：10.93req/s] [内存消耗：712.80kb] [文件加载：101]
[ info ] [ BEHAVIOR ] Run Closure @app_init [ RunTime:0.000027s ]
[ info ] [ CACHE ] INIT File
[ info ] [ DB ] INIT mysql
[ info ] [ BEHAVIOR ] Run \addons\ldcms\Ldcms @app_init [ RunTime:0.006255s ]
[ info ] [ BEHAVIOR ] Run Closure @app_init [ RunTime:0.006295s ]
[ info ] [ BEHAVIOR ] Run app\common\behavior\Common @app_init [ RunTime:0.000107s ]
[ info ] [ LANG ] /var/webstars/sustens/thinkphp/lang/zh-cn.php
[ info ] [ BEHAVIOR ] Run app\common\behavior\Common @app_dispatch [ RunTime:0.000025s ]
[ info ] [ ROUTE ] array (
  'type' => 'module',
  'module' => 
  array (
    0 => 'admin',
    1 => 'ldcms.diyform_data',
    2 => 'index',
  ),
)
[ info ] [ HEADER ] array (
  'cookie' => 'thinkphp_show_page_trace=0|0; thinkphp_show_page_trace=0|0; uid=2; token=50446b79-6f1c-4eb2-9abc-2c19eb7a9159; backend_language=zh-cn; thinkphp_show_page_trace=0|0; PHPSESSID=40vsve0haqvtacvur4afbs4v0t; keeplogin=1%7C86400%7C1731986374%7Cc033686637a60cbe64c2f8276a802fb1; frontend_language=en',
  'accept-language' => 'zh-CN,zh;q=0.9,en;q=0.8',
  'accept-encoding' => 'gzip, deflate',
  'accept' => 'text/html,application/xhtml+xml,application/xml;q=0.9,image/avif,image/webp,image/apng,*/*;q=0.8,application/signed-exchange;v=b3;q=0.7',
  'user-agent' => 'Mozilla/5.0 (Macintosh; Intel Mac OS X 10_15_7) AppleWebKit/537.36 (KHTML, like Gecko) Chrome/130.0.0.0 Safari/537.36',
  'upgrade-insecure-requests' => '1',
  'connection' => 'keep-alive',
  'host' => 'dev.sustens.com',
  'content-length' => '',
  'content-type' => '',
)
[ info ] [ PARAM ] array (
  'addtabs' => '1',
  'diyform_id' => '16',
)
[ info ] [ LANG ] /var/webstars/sustens/public/../application/admin/lang/zh-cn.php
[ info ] [ BEHAVIOR ] Run app\common\behavior\Common @module_init [ RunTime:0.000073s ]
[ info ] [ SESSION ] INIT array (
  'id' => '',
  'var_session_id' => '',
  'prefix' => 'think',
  'type' => '',
  'auto_start' => true,
)
[ info ] [ BEHAVIOR ] Run \addons\ldcms\Ldcms @config_init [ RunTime:0.000053s ]
[ info ] [ LANG ] /var/webstars/sustens/public/../application/admin/lang/zh-cn/ldcms/diyform_data.php
[ info ] [ RUN ] app\admin\controller\ldcms\DiyformData->index[ /var/webstars/sustens/application/admin/controller/ldcms/DiyformData.php ]
[ info ] [ VIEW ] /var/webstars/sustens/public/../application/admin/view/ldcms/diyform_data/index.html [ array (
  0 => 'breadcrumb',
  1 => 'site',
  2 => 'config',
  3 => 'auth',
  4 => 'admin',
  5 => 'addon_config',
  6 => 'diyform',
) ]
[ info ] [ BEHAVIOR ] Run app\admin\behavior\AdminLog @app_end [ RunTime:0.000138s ]
[ info ] [ LOG ] INIT File
---------------------------------------------------------------
[ 2024-11-18T11:31:21+08:00 ] 10.211.55.2 GET dev.sustens.com/MTyvDCHVOo.php/ajax/lang?callback=define&controllername=ldcms.diyform_data&lang=zh-cn&v=1731900681
[运行时间：0.014345s] [吞吐率：69.71req/s] [内存消耗：304.21kb] [文件加载：91]
[ info ] [ BEHAVIOR ] Run Closure @app_init [ RunTime:0.000025s ]
[ info ] [ CACHE ] INIT File
[ info ] [ DB ] INIT mysql
[ info ] [ BEHAVIOR ] Run \addons\ldcms\Ldcms @app_init [ RunTime:0.002176s ]
[ info ] [ BEHAVIOR ] Run Closure @app_init [ RunTime:0.002200s ]
[ info ] [ BEHAVIOR ] Run app\common\behavior\Common @app_init [ RunTime:0.000053s ]
[ info ] [ LANG ] /var/webstars/sustens/thinkphp/lang/zh-cn.php
[ info ] [ BEHAVIOR ] Run app\common\behavior\Common @app_dispatch [ RunTime:0.000013s ]
[ info ] [ ROUTE ] array (
  'type' => 'module',
  'module' => 
  array (
    0 => 'admin',
    1 => 'ajax',
    2 => 'lang',
  ),
)
[ info ] [ HEADER ] array (
  'cookie' => 'thinkphp_show_page_trace=0|0; uid=2; token=50446b79-6f1c-4eb2-9abc-2c19eb7a9159; backend_language=zh-cn; thinkphp_show_page_trace=0|0; PHPSESSID=40vsve0haqvtacvur4afbs4v0t; keeplogin=1%7C86400%7C1731986374%7Cc033686637a60cbe64c2f8276a802fb1; frontend_language=en',
  'accept-language' => 'zh-CN,zh;q=0.9,en;q=0.8',
  'accept-encoding' => 'gzip, deflate',
  'accept' => '*/*',
  'user-agent' => 'Mozilla/5.0 (Macintosh; Intel Mac OS X 10_15_7) AppleWebKit/537.36 (KHTML, like Gecko) Chrome/130.0.0.0 Safari/537.36',
  'connection' => 'keep-alive',
  'host' => 'dev.sustens.com',
  'content-length' => '',
  'content-type' => '',
)
[ info ] [ PARAM ] array (
  'callback' => 'define',
  'controllername' => 'ldcms.diyform_data',
  'lang' => 'zh-cn',
  'v' => '1731900681',
)
[ info ] [ LANG ] /var/webstars/sustens/public/../application/admin/lang/zh-cn.php
[ info ] [ BEHAVIOR ] Run app\common\behavior\Common @module_init [ RunTime:0.000149s ]
[ info ] [ SESSION ] INIT array (
  'id' => '',
  'var_session_id' => '',
  'prefix' => 'think',
  'type' => '',
  'auto_start' => true,
)
[ info ] [ BEHAVIOR ] Run \addons\ldcms\Ldcms @config_init [ RunTime:0.000028s ]
[ info ] [ LANG ] /var/webstars/sustens/public/../application/admin/lang/zh-cn/ajax.php
[ info ] [ RUN ] app\admin\controller\Ajax->lang[ /var/webstars/sustens/application/admin/controller/Ajax.php ]
[ info ] [ LANG ] /var/webstars/sustens/public/../application/admin/lang/zh-cn/ldcms/diyform_data.php
[ info ] [ BEHAVIOR ] Run app\admin\behavior\AdminLog @app_end [ RunTime:0.000025s ]
[ info ] [ LOG ] INIT File
---------------------------------------------------------------
[ 2024-11-18T11:31:22+08:00 ] 10.211.55.2 GET dev.sustens.com/MTyvDCHVOo.php/ldcms/diyform_data/index/diyform_id/16?addtabs=1&sort=id&order=desc&offset=0&limit=10&filter=%7B%7D&op=%7B%7D&_=1731900681583
[运行时间：0.071440s] [吞吐率：14.00req/s] [内存消耗：696.71kb] [文件加载：98]
[ info ] [ BEHAVIOR ] Run Closure @app_init [ RunTime:0.000022s ]
[ info ] [ CACHE ] INIT File
[ info ] [ DB ] INIT mysql
[ info ] [ BEHAVIOR ] Run \addons\ldcms\Ldcms @app_init [ RunTime:0.003316s ]
[ info ] [ BEHAVIOR ] Run Closure @app_init [ RunTime:0.003340s ]
[ info ] [ BEHAVIOR ] Run app\common\behavior\Common @app_init [ RunTime:0.000058s ]
[ info ] [ LANG ] /var/webstars/sustens/thinkphp/lang/zh-cn.php
[ info ] [ BEHAVIOR ] Run app\common\behavior\Common @app_dispatch [ RunTime:0.000014s ]
[ info ] [ ROUTE ] array (
  'type' => 'module',
  'module' => 
  array (
    0 => 'admin',
    1 => 'ldcms.diyform_data',
    2 => 'index',
  ),
)
[ info ] [ HEADER ] array (
  'cookie' => 'thinkphp_show_page_trace=0|0; thinkphp_show_page_trace=0|0; thinkphp_show_page_trace=0|0; uid=2; token=50446b79-6f1c-4eb2-9abc-2c19eb7a9159; backend_language=zh-cn; thinkphp_show_page_trace=0|0; PHPSESSID=40vsve0haqvtacvur4afbs4v0t; keeplogin=1%7C86400%7C1731986374%7Cc033686637a60cbe64c2f8276a802fb1; frontend_language=en',
  'accept-language' => 'zh-CN,zh;q=0.9,en;q=0.8',
  'accept-encoding' => 'gzip, deflate',
  'content-type' => 'application/json',
  'accept' => 'application/json, text/javascript, */*; q=0.01',
  'user-agent' => 'Mozilla/5.0 (Macintosh; Intel Mac OS X 10_15_7) AppleWebKit/537.36 (KHTML, like Gecko) Chrome/130.0.0.0 Safari/537.36',
  'x-requested-with' => 'XMLHttpRequest',
  'connection' => 'keep-alive',
  'host' => 'dev.sustens.com',
  'content-length' => '',
)
[ info ] [ PARAM ] array (
  'addtabs' => '1',
  'sort' => 'id',
  'order' => 'desc',
  'offset' => '0',
  'limit' => '10',
  'filter' => '{}',
  'op' => '{}',
  '_' => '1731900681583',
  'diyform_id' => '16',
)
[ info ] [ LANG ] /var/webstars/sustens/public/../application/admin/lang/zh-cn.php
[ info ] [ BEHAVIOR ] Run app\common\behavior\Common @module_init [ RunTime:0.000067s ]
[ info ] [ SESSION ] INIT array (
  'id' => '',
  'var_session_id' => '',
  'prefix' => 'think',
  'type' => '',
  'auto_start' => true,
)
[ info ] [ BEHAVIOR ] Run \addons\ldcms\Ldcms @config_init [ RunTime:0.000039s ]
[ info ] [ LANG ] /var/webstars/sustens/public/../application/admin/lang/zh-cn/ldcms/diyform_data.php
[ info ] [ RUN ] app\admin\controller\ldcms\DiyformData->index[ /var/webstars/sustens/application/admin/controller/ldcms/DiyformData.php ]
[ info ] [ BEHAVIOR ] Run app\admin\behavior\AdminLog @app_end [ RunTime:0.000036s ]
[ info ] [ LOG ] INIT File
---------------------------------------------------------------
[ 2024-11-18T11:31:25+08:00 ] 10.211.55.2 GET dev.sustens.com/MTyvDCHVOo.php/ldcms/diyform_data/index/diyform_id/16?addtabs=1&sort=id&order=desc&offset=0&limit=10&filter=%7B%7D&op=%7B%7D&_=1731900681584
[运行时间：0.042545s] [吞吐率：23.50req/s] [内存消耗：696.71kb] [文件加载：98]
[ info ] [ BEHAVIOR ] Run Closure @app_init [ RunTime:0.000018s ]
[ info ] [ CACHE ] INIT File
[ info ] [ DB ] INIT mysql
[ info ] [ BEHAVIOR ] Run \addons\ldcms\Ldcms @app_init [ RunTime:0.005136s ]
[ info ] [ BEHAVIOR ] Run Closure @app_init [ RunTime:0.005234s ]
[ info ] [ BEHAVIOR ] Run app\common\behavior\Common @app_init [ RunTime:0.000194s ]
[ info ] [ LANG ] /var/webstars/sustens/thinkphp/lang/zh-cn.php
[ info ] [ BEHAVIOR ] Run app\common\behavior\Common @app_dispatch [ RunTime:0.000018s ]
[ info ] [ ROUTE ] array (
  'type' => 'module',
  'module' => 
  array (
    0 => 'admin',
    1 => 'ldcms.diyform_data',
    2 => 'index',
  ),
)
[ info ] [ HEADER ] array (
  'cookie' => 'thinkphp_show_page_trace=0|0; thinkphp_show_page_trace=0|0; thinkphp_show_page_trace=0|0; uid=2; token=50446b79-6f1c-4eb2-9abc-2c19eb7a9159; backend_language=zh-cn; thinkphp_show_page_trace=0|0; PHPSESSID=40vsve0haqvtacvur4afbs4v0t; keeplogin=1%7C86400%7C1731986374%7Cc033686637a60cbe64c2f8276a802fb1; frontend_language=en',
  'accept-language' => 'zh-CN,zh;q=0.9,en;q=0.8',
  'accept-encoding' => 'gzip, deflate',
  'content-type' => 'application/json',
  'accept' => 'application/json, text/javascript, */*; q=0.01',
  'user-agent' => 'Mozilla/5.0 (Macintosh; Intel Mac OS X 10_15_7) AppleWebKit/537.36 (KHTML, like Gecko) Chrome/130.0.0.0 Safari/537.36',
  'x-requested-with' => 'XMLHttpRequest',
  'connection' => 'keep-alive',
  'host' => 'dev.sustens.com',
  'content-length' => '',
)
[ info ] [ PARAM ] array (
  'addtabs' => '1',
  'sort' => 'id',
  'order' => 'desc',
  'offset' => '0',
  'limit' => '10',
  'filter' => '{}',
  'op' => '{}',
  '_' => '1731900681584',
  'diyform_id' => '16',
)
[ info ] [ LANG ] /var/webstars/sustens/public/../application/admin/lang/zh-cn.php
[ info ] [ BEHAVIOR ] Run app\common\behavior\Common @module_init [ RunTime:0.000168s ]
[ info ] [ SESSION ] INIT array (
  'id' => '',
  'var_session_id' => '',
  'prefix' => 'think',
  'type' => '',
  'auto_start' => true,
)
[ info ] [ BEHAVIOR ] Run \addons\ldcms\Ldcms @config_init [ RunTime:0.000039s ]
[ info ] [ LANG ] /var/webstars/sustens/public/../application/admin/lang/zh-cn/ldcms/diyform_data.php
[ info ] [ RUN ] app\admin\controller\ldcms\DiyformData->index[ /var/webstars/sustens/application/admin/controller/ldcms/DiyformData.php ]
[ info ] [ BEHAVIOR ] Run app\admin\behavior\AdminLog @app_end [ RunTime:0.000037s ]
[ info ] [ LOG ] INIT File
---------------------------------------------------------------
[ 2024-11-18T11:31:27+08:00 ] 10.211.55.2 GET dev.sustens.com/MTyvDCHVOo.php/ldcms/diyform_data/index/diyform_id/16?addtabs=1&sort=id&order=desc&offset=0&limit=10&filter=%7B%7D&op=%7B%7D&_=1731900681585
[运行时间：0.060217s] [吞吐率：16.61req/s] [内存消耗：696.71kb] [文件加载：98]
[ info ] [ BEHAVIOR ] Run Closure @app_init [ RunTime:0.000017s ]
[ info ] [ CACHE ] INIT File
[ info ] [ DB ] INIT mysql
[ info ] [ BEHAVIOR ] Run \addons\ldcms\Ldcms @app_init [ RunTime:0.005209s ]
[ info ] [ BEHAVIOR ] Run Closure @app_init [ RunTime:0.005236s ]
[ info ] [ BEHAVIOR ] Run app\common\behavior\Common @app_init [ RunTime:0.000108s ]
[ info ] [ LANG ] /var/webstars/sustens/thinkphp/lang/zh-cn.php
[ info ] [ BEHAVIOR ] Run app\common\behavior\Common @app_dispatch [ RunTime:0.000018s ]
[ info ] [ ROUTE ] array (
  'type' => 'module',
  'module' => 
  array (
    0 => 'admin',
    1 => 'ldcms.diyform_data',
    2 => 'index',
  ),
)
[ info ] [ HEADER ] array (
  'cookie' => 'thinkphp_show_page_trace=0|0; thinkphp_show_page_trace=0|0; thinkphp_show_page_trace=0|0; uid=2; token=50446b79-6f1c-4eb2-9abc-2c19eb7a9159; backend_language=zh-cn; thinkphp_show_page_trace=0|0; PHPSESSID=40vsve0haqvtacvur4afbs4v0t; keeplogin=1%7C86400%7C1731986374%7Cc033686637a60cbe64c2f8276a802fb1; frontend_language=en',
  'accept-language' => 'zh-CN,zh;q=0.9,en;q=0.8',
  'accept-encoding' => 'gzip, deflate',
  'content-type' => 'application/json',
  'accept' => 'application/json, text/javascript, */*; q=0.01',
  'user-agent' => 'Mozilla/5.0 (Macintosh; Intel Mac OS X 10_15_7) AppleWebKit/537.36 (KHTML, like Gecko) Chrome/130.0.0.0 Safari/537.36',
  'x-requested-with' => 'XMLHttpRequest',
  'connection' => 'keep-alive',
  'host' => 'dev.sustens.com',
  'content-length' => '',
)
[ info ] [ PARAM ] array (
  'addtabs' => '1',
  'sort' => 'id',
  'order' => 'desc',
  'offset' => '0',
  'limit' => '10',
  'filter' => '{}',
  'op' => '{}',
  '_' => '1731900681585',
  'diyform_id' => '16',
)
[ info ] [ LANG ] /var/webstars/sustens/public/../application/admin/lang/zh-cn.php
[ info ] [ BEHAVIOR ] Run app\common\behavior\Common @module_init [ RunTime:0.000073s ]
[ info ] [ SESSION ] INIT array (
  'id' => '',
  'var_session_id' => '',
  'prefix' => 'think',
  'type' => '',
  'auto_start' => true,
)
[ info ] [ BEHAVIOR ] Run \addons\ldcms\Ldcms @config_init [ RunTime:0.000037s ]
[ info ] [ LANG ] /var/webstars/sustens/public/../application/admin/lang/zh-cn/ldcms/diyform_data.php
[ info ] [ RUN ] app\admin\controller\ldcms\DiyformData->index[ /var/webstars/sustens/application/admin/controller/ldcms/DiyformData.php ]
[ info ] [ BEHAVIOR ] Run app\admin\behavior\AdminLog @app_end [ RunTime:0.000469s ]
[ info ] [ LOG ] INIT File
---------------------------------------------------------------
[ 2024-11-18T11:31:44+08:00 ] 10.211.55.2 GET dev.sustens.com/MTyvDCHVOo.php/ajax/wipecache?type=all&_=1731899975313
[运行时间：0.177245s] [吞吐率：5.64req/s] [内存消耗：466.90kb] [文件加载：93]
[ info ] [ BEHAVIOR ] Run Closure @app_init [ RunTime:0.000016s ]
[ info ] [ CACHE ] INIT File
[ info ] [ DB ] INIT mysql
[ info ] [ BEHAVIOR ] Run \addons\ldcms\Ldcms @app_init [ RunTime:0.002506s ]
[ info ] [ BEHAVIOR ] Run Closure @app_init [ RunTime:0.002531s ]
[ info ] [ BEHAVIOR ] Run app\common\behavior\Common @app_init [ RunTime:0.000070s ]
[ info ] [ LANG ] /var/webstars/sustens/thinkphp/lang/zh-cn.php
[ info ] [ BEHAVIOR ] Run app\common\behavior\Common @app_dispatch [ RunTime:0.000014s ]
[ info ] [ ROUTE ] array (
  'type' => 'module',
  'module' => 
  array (
    0 => 'admin',
    1 => 'ajax',
    2 => 'wipecache',
  ),
)
[ info ] [ HEADER ] array (
  'cookie' => 'thinkphp_show_page_trace=0|0; uid=2; token=50446b79-6f1c-4eb2-9abc-2c19eb7a9159; backend_language=zh-cn; thinkphp_show_page_trace=0|0; PHPSESSID=40vsve0haqvtacvur4afbs4v0t; keeplogin=1%7C86400%7C1731986374%7Cc033686637a60cbe64c2f8276a802fb1; frontend_language=en',
  'accept-language' => 'zh-CN,zh;q=0.9,en;q=0.8',
  'accept-encoding' => 'gzip, deflate',
  'x-requested-with' => 'XMLHttpRequest',
  'accept' => 'application/json, text/javascript, */*; q=0.01',
  'user-agent' => 'Mozilla/5.0 (Macintosh; Intel Mac OS X 10_15_7) AppleWebKit/537.36 (KHTML, like Gecko) Chrome/130.0.0.0 Safari/537.36',
  'connection' => 'keep-alive',
  'host' => 'dev.sustens.com',
  'content-length' => '',
  'content-type' => '',
)
[ info ] [ PARAM ] array (
  'type' => 'all',
  '_' => '1731899975313',
)
[ info ] [ LANG ] /var/webstars/sustens/public/../application/admin/lang/zh-cn.php
[ info ] [ BEHAVIOR ] Run app\common\behavior\Common @module_init [ RunTime:0.000069s ]
[ info ] [ SESSION ] INIT array (
  'id' => '',
  'var_session_id' => '',
  'prefix' => 'think',
  'type' => '',
  'auto_start' => true,
)
[ info ] [ BEHAVIOR ] Run \addons\ldcms\Ldcms @config_init [ RunTime:0.000034s ]
[ info ] [ LANG ] /var/webstars/sustens/public/../application/admin/lang/zh-cn/ajax.php
[ info ] [ RUN ] app\admin\controller\Ajax->wipecache[ /var/webstars/sustens/application/admin/controller/Ajax.php ]
[ info ] [ BEHAVIOR ] Run app\admin\behavior\AdminLog @app_end [ RunTime:0.000254s ]
[ info ] [ LOG ] INIT File
---------------------------------------------------------------
[ 2024-11-18T11:31:51+08:00 ] 10.211.55.2 GET dev.sustens.com/MTyvDCHVOo.php/ldcms/diyform_data/index/diyform_id/16?addtabs=1&sort=id&order=desc&offset=0&limit=10&filter=%7B%7D&op=%7B%7D&_=1731900681586
[运行时间：0.081026s] [吞吐率：12.34req/s] [内存消耗：699.95kb] [文件加载：98]
[ info ] [ BEHAVIOR ] Run Closure @app_init [ RunTime:0.000034s ]
[ info ] [ CACHE ] INIT File
[ info ] [ DB ] INIT mysql
[ info ] [ BEHAVIOR ] Run \addons\ldcms\Ldcms @app_init [ RunTime:0.018116s ]
[ info ] [ BEHAVIOR ] Run Closure @app_init [ RunTime:0.018185s ]
[ info ] [ BEHAVIOR ] Run app\common\behavior\Common @app_init [ RunTime:0.000077s ]
[ info ] [ LANG ] /var/webstars/sustens/thinkphp/lang/zh-cn.php
[ info ] [ BEHAVIOR ] Run app\common\behavior\Common @app_dispatch [ RunTime:0.000015s ]
[ info ] [ ROUTE ] array (
  'type' => 'module',
  'module' => 
  array (
    0 => 'admin',
    1 => 'ldcms.diyform_data',
    2 => 'index',
  ),
)
[ info ] [ HEADER ] array (
  'cookie' => 'thinkphp_show_page_trace=0|0; thinkphp_show_page_trace=0|0; thinkphp_show_page_trace=0|0; uid=2; token=50446b79-6f1c-4eb2-9abc-2c19eb7a9159; backend_language=zh-cn; thinkphp_show_page_trace=0|0; PHPSESSID=40vsve0haqvtacvur4afbs4v0t; keeplogin=1%7C86400%7C1731986374%7Cc033686637a60cbe64c2f8276a802fb1; frontend_language=en',
  'accept-language' => 'zh-CN,zh;q=0.9,en;q=0.8',
  'accept-encoding' => 'gzip, deflate',
  'content-type' => 'application/json',
  'accept' => 'application/json, text/javascript, */*; q=0.01',
  'user-agent' => 'Mozilla/5.0 (Macintosh; Intel Mac OS X 10_15_7) AppleWebKit/537.36 (KHTML, like Gecko) Chrome/130.0.0.0 Safari/537.36',
  'x-requested-with' => 'XMLHttpRequest',
  'connection' => 'keep-alive',
  'host' => 'dev.sustens.com',
  'content-length' => '',
)
[ info ] [ PARAM ] array (
  'addtabs' => '1',
  'sort' => 'id',
  'order' => 'desc',
  'offset' => '0',
  'limit' => '10',
  'filter' => '{}',
  'op' => '{}',
  '_' => '1731900681586',
  'diyform_id' => '16',
)
[ info ] [ LANG ] /var/webstars/sustens/public/../application/admin/lang/zh-cn.php
[ info ] [ BEHAVIOR ] Run app\common\behavior\Common @module_init [ RunTime:0.000666s ]
[ info ] [ SESSION ] INIT array (
  'id' => '',
  'var_session_id' => '',
  'prefix' => 'think',
  'type' => '',
  'auto_start' => true,
)
[ info ] [ BEHAVIOR ] Run \addons\ldcms\Ldcms @config_init [ RunTime:0.000046s ]
[ info ] [ LANG ] /var/webstars/sustens/public/../application/admin/lang/zh-cn/ldcms/diyform_data.php
[ info ] [ RUN ] app\admin\controller\ldcms\DiyformData->index[ /var/webstars/sustens/application/admin/controller/ldcms/DiyformData.php ]
[ info ] [ BEHAVIOR ] Run app\admin\behavior\AdminLog @app_end [ RunTime:0.000116s ]
[ info ] [ LOG ] INIT File
---------------------------------------------------------------
[ 2024-11-18T11:31:52+08:00 ] 10.211.55.2 GET dev.sustens.com/MTyvDCHVOo.php/ldcms/diyform_data/index/diyform_id/16?addtabs=1&sort=id&order=desc&offset=0&limit=10&filter=%7B%7D&op=%7B%7D&_=1731900681587
[运行时间：0.061497s] [吞吐率：16.26req/s] [内存消耗：696.71kb] [文件加载：98]
[ info ] [ BEHAVIOR ] Run Closure @app_init [ RunTime:0.000028s ]
[ info ] [ CACHE ] INIT File
[ info ] [ DB ] INIT mysql
[ info ] [ BEHAVIOR ] Run \addons\ldcms\Ldcms @app_init [ RunTime:0.006873s ]
[ info ] [ BEHAVIOR ] Run Closure @app_init [ RunTime:0.006910s ]
[ info ] [ BEHAVIOR ] Run app\common\behavior\Common @app_init [ RunTime:0.000171s ]
[ info ] [ LANG ] /var/webstars/sustens/thinkphp/lang/zh-cn.php
[ info ] [ BEHAVIOR ] Run app\common\behavior\Common @app_dispatch [ RunTime:0.000027s ]
[ info ] [ ROUTE ] array (
  'type' => 'module',
  'module' => 
  array (
    0 => 'admin',
    1 => 'ldcms.diyform_data',
    2 => 'index',
  ),
)
[ info ] [ HEADER ] array (
  'cookie' => 'thinkphp_show_page_trace=0|0; thinkphp_show_page_trace=0|0; thinkphp_show_page_trace=0|0; uid=2; token=50446b79-6f1c-4eb2-9abc-2c19eb7a9159; backend_language=zh-cn; thinkphp_show_page_trace=0|0; PHPSESSID=40vsve0haqvtacvur4afbs4v0t; keeplogin=1%7C86400%7C1731986374%7Cc033686637a60cbe64c2f8276a802fb1; frontend_language=en',
  'accept-language' => 'zh-CN,zh;q=0.9,en;q=0.8',
  'accept-encoding' => 'gzip, deflate',
  'content-type' => 'application/json',
  'accept' => 'application/json, text/javascript, */*; q=0.01',
  'user-agent' => 'Mozilla/5.0 (Macintosh; Intel Mac OS X 10_15_7) AppleWebKit/537.36 (KHTML, like Gecko) Chrome/130.0.0.0 Safari/537.36',
  'x-requested-with' => 'XMLHttpRequest',
  'connection' => 'keep-alive',
  'host' => 'dev.sustens.com',
  'content-length' => '',
)
[ info ] [ PARAM ] array (
  'addtabs' => '1',
  'sort' => 'id',
  'order' => 'desc',
  'offset' => '0',
  'limit' => '10',
  'filter' => '{}',
  'op' => '{}',
  '_' => '1731900681587',
  'diyform_id' => '16',
)
[ info ] [ LANG ] /var/webstars/sustens/public/../application/admin/lang/zh-cn.php
[ info ] [ BEHAVIOR ] Run app\common\behavior\Common @module_init [ RunTime:0.000363s ]
[ info ] [ SESSION ] INIT array (
  'id' => '',
  'var_session_id' => '',
  'prefix' => 'think',
  'type' => '',
  'auto_start' => true,
)
[ info ] [ BEHAVIOR ] Run \addons\ldcms\Ldcms @config_init [ RunTime:0.000048s ]
[ info ] [ LANG ] /var/webstars/sustens/public/../application/admin/lang/zh-cn/ldcms/diyform_data.php
[ info ] [ RUN ] app\admin\controller\ldcms\DiyformData->index[ /var/webstars/sustens/application/admin/controller/ldcms/DiyformData.php ]
[ info ] [ BEHAVIOR ] Run app\admin\behavior\AdminLog @app_end [ RunTime:0.000047s ]
[ info ] [ LOG ] INIT File
---------------------------------------------------------------
[ 2024-11-18T11:31:52+08:00 ] 10.211.55.2 GET dev.sustens.com/MTyvDCHVOo.php/ldcms/diyform_data/index/diyform_id/16?addtabs=1&sort=id&order=desc&offset=0&limit=10&filter=%7B%7D&op=%7B%7D&_=1731900681588
[运行时间：0.050478s] [吞吐率：19.81req/s] [内存消耗：696.71kb] [文件加载：98]
[ info ] [ BEHAVIOR ] Run Closure @app_init [ RunTime:0.000027s ]
[ info ] [ CACHE ] INIT File
[ info ] [ DB ] INIT mysql
[ info ] [ BEHAVIOR ] Run \addons\ldcms\Ldcms @app_init [ RunTime:0.002427s ]
[ info ] [ BEHAVIOR ] Run Closure @app_init [ RunTime:0.002453s ]
[ info ] [ BEHAVIOR ] Run app\common\behavior\Common @app_init [ RunTime:0.000058s ]
[ info ] [ LANG ] /var/webstars/sustens/thinkphp/lang/zh-cn.php
[ info ] [ BEHAVIOR ] Run app\common\behavior\Common @app_dispatch [ RunTime:0.000014s ]
[ info ] [ ROUTE ] array (
  'type' => 'module',
  'module' => 
  array (
    0 => 'admin',
    1 => 'ldcms.diyform_data',
    2 => 'index',
  ),
)
[ info ] [ HEADER ] array (
  'cookie' => 'thinkphp_show_page_trace=0|0; thinkphp_show_page_trace=0|0; thinkphp_show_page_trace=0|0; uid=2; token=50446b79-6f1c-4eb2-9abc-2c19eb7a9159; backend_language=zh-cn; thinkphp_show_page_trace=0|0; PHPSESSID=40vsve0haqvtacvur4afbs4v0t; keeplogin=1%7C86400%7C1731986374%7Cc033686637a60cbe64c2f8276a802fb1; frontend_language=en',
  'accept-language' => 'zh-CN,zh;q=0.9,en;q=0.8',
  'accept-encoding' => 'gzip, deflate',
  'content-type' => 'application/json',
  'accept' => 'application/json, text/javascript, */*; q=0.01',
  'user-agent' => 'Mozilla/5.0 (Macintosh; Intel Mac OS X 10_15_7) AppleWebKit/537.36 (KHTML, like Gecko) Chrome/130.0.0.0 Safari/537.36',
  'x-requested-with' => 'XMLHttpRequest',
  'connection' => 'keep-alive',
  'host' => 'dev.sustens.com',
  'content-length' => '',
)
[ info ] [ PARAM ] array (
  'addtabs' => '1',
  'sort' => 'id',
  'order' => 'desc',
  'offset' => '0',
  'limit' => '10',
  'filter' => '{}',
  'op' => '{}',
  '_' => '1731900681588',
  'diyform_id' => '16',
)
[ info ] [ LANG ] /var/webstars/sustens/public/../application/admin/lang/zh-cn.php
[ info ] [ BEHAVIOR ] Run app\common\behavior\Common @module_init [ RunTime:0.000065s ]
[ info ] [ SESSION ] INIT array (
  'id' => '',
  'var_session_id' => '',
  'prefix' => 'think',
  'type' => '',
  'auto_start' => true,
)
[ info ] [ BEHAVIOR ] Run \addons\ldcms\Ldcms @config_init [ RunTime:0.000042s ]
[ info ] [ LANG ] /var/webstars/sustens/public/../application/admin/lang/zh-cn/ldcms/diyform_data.php
[ info ] [ RUN ] app\admin\controller\ldcms\DiyformData->index[ /var/webstars/sustens/application/admin/controller/ldcms/DiyformData.php ]
[ info ] [ BEHAVIOR ] Run app\admin\behavior\AdminLog @app_end [ RunTime:0.000031s ]
[ info ] [ LOG ] INIT File
---------------------------------------------------------------
[ 2024-11-18T11:31:52+08:00 ] 10.211.55.2 GET dev.sustens.com/MTyvDCHVOo.php/ldcms/diyform_data/index/diyform_id/16?addtabs=1&sort=id&order=desc&offset=0&limit=10&filter=%7B%7D&op=%7B%7D&_=1731900681589
[运行时间：0.053099s] [吞吐率：18.83req/s] [内存消耗：696.71kb] [文件加载：98]
[ info ] [ BEHAVIOR ] Run Closure @app_init [ RunTime:0.000016s ]
[ info ] [ CACHE ] INIT File
[ info ] [ DB ] INIT mysql
[ info ] [ BEHAVIOR ] Run \addons\ldcms\Ldcms @app_init [ RunTime:0.006335s ]
[ info ] [ BEHAVIOR ] Run Closure @app_init [ RunTime:0.006378s ]
[ info ] [ BEHAVIOR ] Run app\common\behavior\Common @app_init [ RunTime:0.000085s ]
[ info ] [ LANG ] /var/webstars/sustens/thinkphp/lang/zh-cn.php
[ info ] [ BEHAVIOR ] Run app\common\behavior\Common @app_dispatch [ RunTime:0.000133s ]
[ info ] [ ROUTE ] array (
  'type' => 'module',
  'module' => 
  array (
    0 => 'admin',
    1 => 'ldcms.diyform_data',
    2 => 'index',
  ),
)
[ info ] [ HEADER ] array (
  'cookie' => 'thinkphp_show_page_trace=0|0; thinkphp_show_page_trace=0|0; thinkphp_show_page_trace=0|0; uid=2; token=50446b79-6f1c-4eb2-9abc-2c19eb7a9159; backend_language=zh-cn; thinkphp_show_page_trace=0|0; PHPSESSID=40vsve0haqvtacvur4afbs4v0t; keeplogin=1%7C86400%7C1731986374%7Cc033686637a60cbe64c2f8276a802fb1; frontend_language=en',
  'accept-language' => 'zh-CN,zh;q=0.9,en;q=0.8',
  'accept-encoding' => 'gzip, deflate',
  'content-type' => 'application/json',
  'accept' => 'application/json, text/javascript, */*; q=0.01',
  'user-agent' => 'Mozilla/5.0 (Macintosh; Intel Mac OS X 10_15_7) AppleWebKit/537.36 (KHTML, like Gecko) Chrome/130.0.0.0 Safari/537.36',
  'x-requested-with' => 'XMLHttpRequest',
  'connection' => 'keep-alive',
  'host' => 'dev.sustens.com',
  'content-length' => '',
)
[ info ] [ PARAM ] array (
  'addtabs' => '1',
  'sort' => 'id',
  'order' => 'desc',
  'offset' => '0',
  'limit' => '10',
  'filter' => '{}',
  'op' => '{}',
  '_' => '1731900681589',
  'diyform_id' => '16',
)
[ info ] [ LANG ] /var/webstars/sustens/public/../application/admin/lang/zh-cn.php
[ info ] [ BEHAVIOR ] Run app\common\behavior\Common @module_init [ RunTime:0.000182s ]
[ info ] [ SESSION ] INIT array (
  'id' => '',
  'var_session_id' => '',
  'prefix' => 'think',
  'type' => '',
  'auto_start' => true,
)
[ info ] [ BEHAVIOR ] Run \addons\ldcms\Ldcms @config_init [ RunTime:0.000038s ]
[ info ] [ LANG ] /var/webstars/sustens/public/../application/admin/lang/zh-cn/ldcms/diyform_data.php
[ info ] [ RUN ] app\admin\controller\ldcms\DiyformData->index[ /var/webstars/sustens/application/admin/controller/ldcms/DiyformData.php ]
[ info ] [ BEHAVIOR ] Run app\admin\behavior\AdminLog @app_end [ RunTime:0.000031s ]
[ info ] [ LOG ] INIT File
---------------------------------------------------------------
[ 2024-11-18T11:31:52+08:00 ] 10.211.55.2 GET dev.sustens.com/MTyvDCHVOo.php/ldcms/diyform_data/index/diyform_id/16?addtabs=1&sort=id&order=desc&offset=0&limit=10&filter=%7B%7D&op=%7B%7D&_=1731900681590
[运行时间：0.058457s] [吞吐率：17.11req/s] [内存消耗：696.71kb] [文件加载：98]
[ info ] [ BEHAVIOR ] Run Closure @app_init [ RunTime:0.000020s ]
[ info ] [ CACHE ] INIT File
[ info ] [ DB ] INIT mysql
[ info ] [ BEHAVIOR ] Run \addons\ldcms\Ldcms @app_init [ RunTime:0.007149s ]
[ info ] [ BEHAVIOR ] Run Closure @app_init [ RunTime:0.007187s ]
[ info ] [ BEHAVIOR ] Run app\common\behavior\Common @app_init [ RunTime:0.000253s ]
[ info ] [ LANG ] /var/webstars/sustens/thinkphp/lang/zh-cn.php
[ info ] [ BEHAVIOR ] Run app\common\behavior\Common @app_dispatch [ RunTime:0.000029s ]
[ info ] [ ROUTE ] array (
  'type' => 'module',
  'module' => 
  array (
    0 => 'admin',
    1 => 'ldcms.diyform_data',
    2 => 'index',
  ),
)
[ info ] [ HEADER ] array (
  'cookie' => 'thinkphp_show_page_trace=0|0; thinkphp_show_page_trace=0|0; thinkphp_show_page_trace=0|0; uid=2; token=50446b79-6f1c-4eb2-9abc-2c19eb7a9159; backend_language=zh-cn; thinkphp_show_page_trace=0|0; PHPSESSID=40vsve0haqvtacvur4afbs4v0t; keeplogin=1%7C86400%7C1731986374%7Cc033686637a60cbe64c2f8276a802fb1; frontend_language=en',
  'accept-language' => 'zh-CN,zh;q=0.9,en;q=0.8',
  'accept-encoding' => 'gzip, deflate',
  'content-type' => 'application/json',
  'accept' => 'application/json, text/javascript, */*; q=0.01',
  'user-agent' => 'Mozilla/5.0 (Macintosh; Intel Mac OS X 10_15_7) AppleWebKit/537.36 (KHTML, like Gecko) Chrome/130.0.0.0 Safari/537.36',
  'x-requested-with' => 'XMLHttpRequest',
  'connection' => 'keep-alive',
  'host' => 'dev.sustens.com',
  'content-length' => '',
)
[ info ] [ PARAM ] array (
  'addtabs' => '1',
  'sort' => 'id',
  'order' => 'desc',
  'offset' => '0',
  'limit' => '10',
  'filter' => '{}',
  'op' => '{}',
  '_' => '1731900681590',
  'diyform_id' => '16',
)
[ info ] [ LANG ] /var/webstars/sustens/public/../application/admin/lang/zh-cn.php
[ info ] [ BEHAVIOR ] Run app\common\behavior\Common @module_init [ RunTime:0.000067s ]
[ info ] [ SESSION ] INIT array (
  'id' => '',
  'var_session_id' => '',
  'prefix' => 'think',
  'type' => '',
  'auto_start' => true,
)
[ info ] [ BEHAVIOR ] Run \addons\ldcms\Ldcms @config_init [ RunTime:0.000039s ]
[ info ] [ LANG ] /var/webstars/sustens/public/../application/admin/lang/zh-cn/ldcms/diyform_data.php
[ info ] [ RUN ] app\admin\controller\ldcms\DiyformData->index[ /var/webstars/sustens/application/admin/controller/ldcms/DiyformData.php ]
[ info ] [ BEHAVIOR ] Run app\admin\behavior\AdminLog @app_end [ RunTime:0.000058s ]
[ info ] [ LOG ] INIT File
---------------------------------------------------------------
[ 2024-11-18T11:31:58+08:00 ] 10.211.55.2 GET dev.sustens.com/MTyvDCHVOo.php/ldcms/diyform/index?addtabs=1&sort=id&order=desc&offset=0&limit=10&filter=%7B%7D&op=%7B%7D&_=1731899987990
[运行时间：0.047429s] [吞吐率：21.08req/s] [内存消耗：646.92kb] [文件加载：95]
[ info ] [ BEHAVIOR ] Run Closure @app_init [ RunTime:0.000024s ]
[ info ] [ CACHE ] INIT File
[ info ] [ DB ] INIT mysql
[ info ] [ BEHAVIOR ] Run \addons\ldcms\Ldcms @app_init [ RunTime:0.008859s ]
[ info ] [ BEHAVIOR ] Run Closure @app_init [ RunTime:0.008888s ]
[ info ] [ BEHAVIOR ] Run app\common\behavior\Common @app_init [ RunTime:0.000134s ]
[ info ] [ LANG ] /var/webstars/sustens/thinkphp/lang/zh-cn.php
[ info ] [ BEHAVIOR ] Run app\common\behavior\Common @app_dispatch [ RunTime:0.000015s ]
[ info ] [ ROUTE ] array (
  'type' => 'module',
  'module' => 
  array (
    0 => 'admin',
    1 => 'ldcms.diyform',
    2 => 'index',
  ),
)
[ info ] [ HEADER ] array (
  'cookie' => 'thinkphp_show_page_trace=0|0; thinkphp_show_page_trace=0|0; thinkphp_show_page_trace=0|0; uid=2; token=50446b79-6f1c-4eb2-9abc-2c19eb7a9159; backend_language=zh-cn; thinkphp_show_page_trace=0|0; PHPSESSID=40vsve0haqvtacvur4afbs4v0t; keeplogin=1%7C86400%7C1731986374%7Cc033686637a60cbe64c2f8276a802fb1; frontend_language=en',
  'accept-language' => 'zh-CN,zh;q=0.9,en;q=0.8',
  'accept-encoding' => 'gzip, deflate',
  'content-type' => 'application/json',
  'accept' => 'application/json, text/javascript, */*; q=0.01',
  'user-agent' => 'Mozilla/5.0 (Macintosh; Intel Mac OS X 10_15_7) AppleWebKit/537.36 (KHTML, like Gecko) Chrome/130.0.0.0 Safari/537.36',
  'x-requested-with' => 'XMLHttpRequest',
  'connection' => 'keep-alive',
  'host' => 'dev.sustens.com',
  'content-length' => '',
)
[ info ] [ PARAM ] array (
  'addtabs' => '1',
  'sort' => 'id',
  'order' => 'desc',
  'offset' => '0',
  'limit' => '10',
  'filter' => '{}',
  'op' => '{}',
  '_' => '1731899987990',
)
[ info ] [ LANG ] /var/webstars/sustens/public/../application/admin/lang/zh-cn.php
[ info ] [ BEHAVIOR ] Run app\common\behavior\Common @module_init [ RunTime:0.000094s ]
[ info ] [ SESSION ] INIT array (
  'id' => '',
  'var_session_id' => '',
  'prefix' => 'think',
  'type' => '',
  'auto_start' => true,
)
[ info ] [ BEHAVIOR ] Run \addons\ldcms\Ldcms @config_init [ RunTime:0.000031s ]
[ info ] [ LANG ] /var/webstars/sustens/public/../application/admin/lang/zh-cn/ldcms/diyform.php
[ info ] [ RUN ] app\common\controller\Backend->index[ /var/webstars/sustens/application/admin/library/traits/Backend.php ]
[ info ] [ BEHAVIOR ] Run app\admin\behavior\AdminLog @app_end [ RunTime:0.000028s ]
[ info ] [ LOG ] INIT File
---------------------------------------------------------------
[ 2024-11-18T11:32:04+08:00 ] 10.211.55.2 POST dev.sustens.com/MTyvDCHVOo.php/ldcms/diyform/multi
[运行时间：0.053224s] [吞吐率：18.79req/s] [内存消耗：630.69kb] [文件加载：95]
[ info ] [ BEHAVIOR ] Run Closure @app_init [ RunTime:0.000015s ]
[ info ] [ CACHE ] INIT File
[ info ] [ DB ] INIT mysql
[ info ] [ BEHAVIOR ] Run \addons\ldcms\Ldcms @app_init [ RunTime:0.003592s ]
[ info ] [ BEHAVIOR ] Run Closure @app_init [ RunTime:0.003673s ]
[ info ] [ BEHAVIOR ] Run app\common\behavior\Common @app_init [ RunTime:0.000074s ]
[ info ] [ LANG ] /var/webstars/sustens/thinkphp/lang/zh-cn.php
[ info ] [ BEHAVIOR ] Run app\common\behavior\Common @app_dispatch [ RunTime:0.000013s ]
[ info ] [ ROUTE ] array (
  'type' => 'module',
  'module' => 
  array (
    0 => 'admin',
    1 => 'ldcms.diyform',
    2 => 'multi',
  ),
)
[ info ] [ HEADER ] array (
  'cookie' => 'thinkphp_show_page_trace=0|0; thinkphp_show_page_trace=0|0; thinkphp_show_page_trace=0|0; uid=2; token=50446b79-6f1c-4eb2-9abc-2c19eb7a9159; backend_language=zh-cn; thinkphp_show_page_trace=0|0; PHPSESSID=40vsve0haqvtacvur4afbs4v0t; keeplogin=1%7C86400%7C1731986374%7Cc033686637a60cbe64c2f8276a802fb1; frontend_language=en',
  'accept-language' => 'zh-CN,zh;q=0.9,en;q=0.8',
  'accept-encoding' => 'gzip, deflate',
  'origin' => 'http://dev.sustens.com',
  'content-type' => 'application/x-www-form-urlencoded; charset=UTF-8',
  'accept' => 'application/json, text/javascript, */*; q=0.01',
  'user-agent' => 'Mozilla/5.0 (Macintosh; Intel Mac OS X 10_15_7) AppleWebKit/537.36 (KHTML, like Gecko) Chrome/130.0.0.0 Safari/537.36',
  'x-requested-with' => 'XMLHttpRequest',
  'content-length' => '35',
  'connection' => 'keep-alive',
  'host' => 'dev.sustens.com',
)
[ info ] [ PARAM ] array (
  'action' => '',
  'ids' => '16',
  'params' => 'needlogin=1',
)
[ info ] [ LANG ] /var/webstars/sustens/public/../application/admin/lang/zh-cn.php
[ info ] [ BEHAVIOR ] Run app\common\behavior\Common @module_init [ RunTime:0.000068s ]
[ info ] [ SESSION ] INIT array (
  'id' => '',
  'var_session_id' => '',
  'prefix' => 'think',
  'type' => '',
  'auto_start' => true,
)
[ info ] [ BEHAVIOR ] Run \addons\ldcms\Ldcms @config_init [ RunTime:0.000038s ]
[ info ] [ LANG ] /var/webstars/sustens/public/../application/admin/lang/zh-cn/ldcms/diyform.php
[ info ] [ RUN ] app\common\controller\Backend->multi[ /var/webstars/sustens/application/admin/library/traits/Backend.php ]
[ info ] [ BEHAVIOR ] Run app\admin\behavior\AdminLog @app_end [ RunTime:0.012198s ]
[ info ] [ LOG ] INIT File
---------------------------------------------------------------
[ 2024-11-18T11:32:04+08:00 ] 10.211.55.2 GET dev.sustens.com/MTyvDCHVOo.php/ldcms/diyform/index?addtabs=1&sort=id&order=desc&offset=0&limit=10&filter=%7B%7D&op=%7B%7D&_=1731899987991
[运行时间：0.039765s] [吞吐率：25.15req/s] [内存消耗：646.92kb] [文件加载：95]
[ info ] [ BEHAVIOR ] Run Closure @app_init [ RunTime:0.000017s ]
[ info ] [ CACHE ] INIT File
[ info ] [ DB ] INIT mysql
[ info ] [ BEHAVIOR ] Run \addons\ldcms\Ldcms @app_init [ RunTime:0.002308s ]
[ info ] [ BEHAVIOR ] Run Closure @app_init [ RunTime:0.002330s ]
[ info ] [ BEHAVIOR ] Run app\common\behavior\Common @app_init [ RunTime:0.000052s ]
[ info ] [ LANG ] /var/webstars/sustens/thinkphp/lang/zh-cn.php
[ info ] [ BEHAVIOR ] Run app\common\behavior\Common @app_dispatch [ RunTime:0.000013s ]
[ info ] [ ROUTE ] array (
  'type' => 'module',
  'module' => 
  array (
    0 => 'admin',
    1 => 'ldcms.diyform',
    2 => 'index',
  ),
)
[ info ] [ HEADER ] array (
  'cookie' => 'thinkphp_show_page_trace=0|0; thinkphp_show_page_trace=0|0; thinkphp_show_page_trace=0|0; uid=2; token=50446b79-6f1c-4eb2-9abc-2c19eb7a9159; backend_language=zh-cn; thinkphp_show_page_trace=0|0; PHPSESSID=40vsve0haqvtacvur4afbs4v0t; keeplogin=1%7C86400%7C1731986374%7Cc033686637a60cbe64c2f8276a802fb1; frontend_language=en',
  'accept-language' => 'zh-CN,zh;q=0.9,en;q=0.8',
  'accept-encoding' => 'gzip, deflate',
  'content-type' => 'application/json',
  'accept' => 'application/json, text/javascript, */*; q=0.01',
  'user-agent' => 'Mozilla/5.0 (Macintosh; Intel Mac OS X 10_15_7) AppleWebKit/537.36 (KHTML, like Gecko) Chrome/130.0.0.0 Safari/537.36',
  'x-requested-with' => 'XMLHttpRequest',
  'connection' => 'keep-alive',
  'host' => 'dev.sustens.com',
  'content-length' => '',
)
[ info ] [ PARAM ] array (
  'addtabs' => '1',
  'sort' => 'id',
  'order' => 'desc',
  'offset' => '0',
  'limit' => '10',
  'filter' => '{}',
  'op' => '{}',
  '_' => '1731899987991',
)
[ info ] [ LANG ] /var/webstars/sustens/public/../application/admin/lang/zh-cn.php
[ info ] [ BEHAVIOR ] Run app\common\behavior\Common @module_init [ RunTime:0.000065s ]
[ info ] [ SESSION ] INIT array (
  'id' => '',
  'var_session_id' => '',
  'prefix' => 'think',
  'type' => '',
  'auto_start' => true,
)
[ info ] [ BEHAVIOR ] Run \addons\ldcms\Ldcms @config_init [ RunTime:0.000036s ]
[ info ] [ LANG ] /var/webstars/sustens/public/../application/admin/lang/zh-cn/ldcms/diyform.php
[ info ] [ RUN ] app\common\controller\Backend->index[ /var/webstars/sustens/application/admin/library/traits/Backend.php ]
[ info ] [ BEHAVIOR ] Run app\admin\behavior\AdminLog @app_end [ RunTime:0.000073s ]
[ info ] [ LOG ] INIT File
---------------------------------------------------------------
[ 2024-11-18T11:32:07+08:00 ] 10.211.55.2 POST dev.sustens.com/MTyvDCHVOo.php/ldcms/diyform/multi
[运行时间：0.085631s] [吞吐率：11.68req/s] [内存消耗：630.69kb] [文件加载：95]
[ info ] [ BEHAVIOR ] Run Closure @app_init [ RunTime:0.000028s ]
[ info ] [ CACHE ] INIT File
[ info ] [ DB ] INIT mysql
[ info ] [ BEHAVIOR ] Run \addons\ldcms\Ldcms @app_init [ RunTime:0.005336s ]
[ info ] [ BEHAVIOR ] Run Closure @app_init [ RunTime:0.005372s ]
[ info ] [ BEHAVIOR ] Run app\common\behavior\Common @app_init [ RunTime:0.000343s ]
[ info ] [ LANG ] /var/webstars/sustens/thinkphp/lang/zh-cn.php
[ info ] [ BEHAVIOR ] Run app\common\behavior\Common @app_dispatch [ RunTime:0.000036s ]
[ info ] [ ROUTE ] array (
  'type' => 'module',
  'module' => 
  array (
    0 => 'admin',
    1 => 'ldcms.diyform',
    2 => 'multi',
  ),
)
[ info ] [ HEADER ] array (
  'cookie' => 'thinkphp_show_page_trace=0|0; thinkphp_show_page_trace=0|0; thinkphp_show_page_trace=0|0; uid=2; token=50446b79-6f1c-4eb2-9abc-2c19eb7a9159; backend_language=zh-cn; thinkphp_show_page_trace=0|0; PHPSESSID=40vsve0haqvtacvur4afbs4v0t; keeplogin=1%7C86400%7C1731986374%7Cc033686637a60cbe64c2f8276a802fb1; frontend_language=en',
  'accept-language' => 'zh-CN,zh;q=0.9,en;q=0.8',
  'accept-encoding' => 'gzip, deflate',
  'origin' => 'http://dev.sustens.com',
  'content-type' => 'application/x-www-form-urlencoded; charset=UTF-8',
  'accept' => 'application/json, text/javascript, */*; q=0.01',
  'user-agent' => 'Mozilla/5.0 (Macintosh; Intel Mac OS X 10_15_7) AppleWebKit/537.36 (KHTML, like Gecko) Chrome/130.0.0.0 Safari/537.36',
  'x-requested-with' => 'XMLHttpRequest',
  'content-length' => '35',
  'connection' => 'keep-alive',
  'host' => 'dev.sustens.com',
)
[ info ] [ PARAM ] array (
  'action' => '',
  'ids' => '16',
  'params' => 'iscaptcha=1',
)
[ info ] [ LANG ] /var/webstars/sustens/public/../application/admin/lang/zh-cn.php
[ info ] [ BEHAVIOR ] Run app\common\behavior\Common @module_init [ RunTime:0.000148s ]
[ info ] [ SESSION ] INIT array (
  'id' => '',
  'var_session_id' => '',
  'prefix' => 'think',
  'type' => '',
  'auto_start' => true,
)
[ info ] [ BEHAVIOR ] Run \addons\ldcms\Ldcms @config_init [ RunTime:0.000200s ]
[ info ] [ LANG ] /var/webstars/sustens/public/../application/admin/lang/zh-cn/ldcms/diyform.php
[ info ] [ RUN ] app\common\controller\Backend->multi[ /var/webstars/sustens/application/admin/library/traits/Backend.php ]
[ info ] [ BEHAVIOR ] Run app\admin\behavior\AdminLog @app_end [ RunTime:0.009985s ]
[ info ] [ LOG ] INIT File
---------------------------------------------------------------
[ 2024-11-18T11:32:07+08:00 ] 10.211.55.2 GET dev.sustens.com/MTyvDCHVOo.php/ldcms/diyform/index?addtabs=1&sort=id&order=desc&offset=0&limit=10&filter=%7B%7D&op=%7B%7D&_=1731899987992
[运行时间：0.053958s] [吞吐率：18.53req/s] [内存消耗：646.92kb] [文件加载：95]
[ info ] [ BEHAVIOR ] Run Closure @app_init [ RunTime:0.000023s ]
[ info ] [ CACHE ] INIT File
[ info ] [ DB ] INIT mysql
[ info ] [ BEHAVIOR ] Run \addons\ldcms\Ldcms @app_init [ RunTime:0.010639s ]
[ info ] [ BEHAVIOR ] Run Closure @app_init [ RunTime:0.010673s ]
[ info ] [ BEHAVIOR ] Run app\common\behavior\Common @app_init [ RunTime:0.000094s ]
[ info ] [ LANG ] /var/webstars/sustens/thinkphp/lang/zh-cn.php
[ info ] [ BEHAVIOR ] Run app\common\behavior\Common @app_dispatch [ RunTime:0.000022s ]
[ info ] [ ROUTE ] array (
  'type' => 'module',
  'module' => 
  array (
    0 => 'admin',
    1 => 'ldcms.diyform',
    2 => 'index',
  ),
)
[ info ] [ HEADER ] array (
  'cookie' => 'thinkphp_show_page_trace=0|0; thinkphp_show_page_trace=0|0; thinkphp_show_page_trace=0|0; uid=2; token=50446b79-6f1c-4eb2-9abc-2c19eb7a9159; backend_language=zh-cn; thinkphp_show_page_trace=0|0; PHPSESSID=40vsve0haqvtacvur4afbs4v0t; keeplogin=1%7C86400%7C1731986374%7Cc033686637a60cbe64c2f8276a802fb1; frontend_language=en',
  'accept-language' => 'zh-CN,zh;q=0.9,en;q=0.8',
  'accept-encoding' => 'gzip, deflate',
  'content-type' => 'application/json',
  'accept' => 'application/json, text/javascript, */*; q=0.01',
  'user-agent' => 'Mozilla/5.0 (Macintosh; Intel Mac OS X 10_15_7) AppleWebKit/537.36 (KHTML, like Gecko) Chrome/130.0.0.0 Safari/537.36',
  'x-requested-with' => 'XMLHttpRequest',
  'connection' => 'keep-alive',
  'host' => 'dev.sustens.com',
  'content-length' => '',
)
[ info ] [ PARAM ] array (
  'addtabs' => '1',
  'sort' => 'id',
  'order' => 'desc',
  'offset' => '0',
  'limit' => '10',
  'filter' => '{}',
  'op' => '{}',
  '_' => '1731899987992',
)
[ info ] [ LANG ] /var/webstars/sustens/public/../application/admin/lang/zh-cn.php
[ info ] [ BEHAVIOR ] Run app\common\behavior\Common @module_init [ RunTime:0.001631s ]
[ info ] [ SESSION ] INIT array (
  'id' => '',
  'var_session_id' => '',
  'prefix' => 'think',
  'type' => '',
  'auto_start' => true,
)
[ info ] [ BEHAVIOR ] Run \addons\ldcms\Ldcms @config_init [ RunTime:0.000075s ]
[ info ] [ LANG ] /var/webstars/sustens/public/../application/admin/lang/zh-cn/ldcms/diyform.php
[ info ] [ RUN ] app\common\controller\Backend->index[ /var/webstars/sustens/application/admin/library/traits/Backend.php ]
[ info ] [ BEHAVIOR ] Run app\admin\behavior\AdminLog @app_end [ RunTime:0.000034s ]
[ info ] [ LOG ] INIT File
---------------------------------------------------------------
[ 2024-11-18T11:32:10+08:00 ] 10.211.55.2 GET dev.sustens.com/MTyvDCHVOo.php/ldcms/diyform_fields/index/diyform_id/16/ids/16?addtabs=1
[运行时间：0.114833s] [吞吐率：8.71req/s] [内存消耗：686.14kb] [文件加载：99]
[ info ] [ BEHAVIOR ] Run Closure @app_init [ RunTime:0.000027s ]
[ info ] [ CACHE ] INIT File
[ info ] [ DB ] INIT mysql
[ info ] [ BEHAVIOR ] Run \addons\ldcms\Ldcms @app_init [ RunTime:0.003920s ]
[ info ] [ BEHAVIOR ] Run Closure @app_init [ RunTime:0.003957s ]
[ info ] [ BEHAVIOR ] Run app\common\behavior\Common @app_init [ RunTime:0.000235s ]
[ info ] [ LANG ] /var/webstars/sustens/thinkphp/lang/zh-cn.php
[ info ] [ BEHAVIOR ] Run app\common\behavior\Common @app_dispatch [ RunTime:0.000245s ]
[ info ] [ ROUTE ] array (
  'type' => 'module',
  'module' => 
  array (
    0 => 'admin',
    1 => 'ldcms.diyform_fields',
    2 => 'index',
  ),
)
[ info ] [ HEADER ] array (
  'cookie' => 'thinkphp_show_page_trace=0|0; thinkphp_show_page_trace=0|0; uid=2; token=50446b79-6f1c-4eb2-9abc-2c19eb7a9159; backend_language=zh-cn; thinkphp_show_page_trace=0|0; PHPSESSID=40vsve0haqvtacvur4afbs4v0t; keeplogin=1%7C86400%7C1731986374%7Cc033686637a60cbe64c2f8276a802fb1; frontend_language=en',
  'accept-language' => 'zh-CN,zh;q=0.9,en;q=0.8',
  'accept-encoding' => 'gzip, deflate',
  'accept' => 'text/html,application/xhtml+xml,application/xml;q=0.9,image/avif,image/webp,image/apng,*/*;q=0.8,application/signed-exchange;v=b3;q=0.7',
  'user-agent' => 'Mozilla/5.0 (Macintosh; Intel Mac OS X 10_15_7) AppleWebKit/537.36 (KHTML, like Gecko) Chrome/130.0.0.0 Safari/537.36',
  'upgrade-insecure-requests' => '1',
  'connection' => 'keep-alive',
  'host' => 'dev.sustens.com',
  'content-length' => '',
  'content-type' => '',
)
[ info ] [ PARAM ] array (
  'addtabs' => '1',
  'diyform_id' => '16',
  'ids' => '16',
)
[ info ] [ LANG ] /var/webstars/sustens/public/../application/admin/lang/zh-cn.php
[ info ] [ BEHAVIOR ] Run app\common\behavior\Common @module_init [ RunTime:0.000114s ]
[ info ] [ LANG ] /var/webstars/sustens/public/../application/admin/lang/zh-cn/general/config.php
[ info ] [ SESSION ] INIT array (
  'id' => '',
  'var_session_id' => '',
  'prefix' => 'think',
  'type' => '',
  'auto_start' => true,
)
[ info ] [ BEHAVIOR ] Run \addons\ldcms\Ldcms @config_init [ RunTime:0.000173s ]
[ info ] [ LANG ] /var/webstars/sustens/public/../application/admin/lang/zh-cn/ldcms/diyform_fields.php
[ info ] [ RUN ] app\admin\controller\ldcms\DiyformFields->index[ /var/webstars/sustens/application/admin/controller/ldcms/DiyformFields.php ]
[ info ] [ VIEW ] /var/webstars/sustens/public/../application/admin/view/ldcms/diyform_fields/index.html [ array (
  0 => 'breadcrumb',
  1 => 'site',
  2 => 'config',
  3 => 'auth',
  4 => 'admin',
  5 => 'addon_config',
  6 => 'diyform',
) ]
[ info ] [ BEHAVIOR ] Run app\admin\behavior\AdminLog @app_end [ RunTime:0.000035s ]
[ info ] [ LOG ] INIT File
---------------------------------------------------------------
[ 2024-11-18T11:32:10+08:00 ] 10.211.55.2 GET dev.sustens.com/MTyvDCHVOo.php/ajax/lang?callback=define&controllername=ldcms.diyform_fields&lang=zh-cn&v=1731900729
[运行时间：0.017170s] [吞吐率：58.24req/s] [内存消耗：304.67kb] [文件加载：91]
[ info ] [ BEHAVIOR ] Run Closure @app_init [ RunTime:0.000037s ]
[ info ] [ CACHE ] INIT File
[ info ] [ DB ] INIT mysql
[ info ] [ BEHAVIOR ] Run \addons\ldcms\Ldcms @app_init [ RunTime:0.001972s ]
[ info ] [ BEHAVIOR ] Run Closure @app_init [ RunTime:0.001991s ]
[ info ] [ BEHAVIOR ] Run app\common\behavior\Common @app_init [ RunTime:0.000059s ]
[ info ] [ LANG ] /var/webstars/sustens/thinkphp/lang/zh-cn.php
[ info ] [ BEHAVIOR ] Run app\common\behavior\Common @app_dispatch [ RunTime:0.000012s ]
[ info ] [ ROUTE ] array (
  'type' => 'module',
  'module' => 
  array (
    0 => 'admin',
    1 => 'ajax',
    2 => 'lang',
  ),
)
[ info ] [ HEADER ] array (
  'cookie' => 'thinkphp_show_page_trace=0|0; uid=2; token=50446b79-6f1c-4eb2-9abc-2c19eb7a9159; backend_language=zh-cn; thinkphp_show_page_trace=0|0; PHPSESSID=40vsve0haqvtacvur4afbs4v0t; keeplogin=1%7C86400%7C1731986374%7Cc033686637a60cbe64c2f8276a802fb1; frontend_language=en',
  'accept-language' => 'zh-CN,zh;q=0.9,en;q=0.8',
  'accept-encoding' => 'gzip, deflate',
  'accept' => '*/*',
  'user-agent' => 'Mozilla/5.0 (Macintosh; Intel Mac OS X 10_15_7) AppleWebKit/537.36 (KHTML, like Gecko) Chrome/130.0.0.0 Safari/537.36',
  'connection' => 'keep-alive',
  'host' => 'dev.sustens.com',
  'content-length' => '',
  'content-type' => '',
)
[ info ] [ PARAM ] array (
  'callback' => 'define',
  'controllername' => 'ldcms.diyform_fields',
  'lang' => 'zh-cn',
  'v' => '1731900729',
)
[ info ] [ LANG ] /var/webstars/sustens/public/../application/admin/lang/zh-cn.php
[ info ] [ BEHAVIOR ] Run app\common\behavior\Common @module_init [ RunTime:0.000070s ]
[ info ] [ SESSION ] INIT array (
  'id' => '',
  'var_session_id' => '',
  'prefix' => 'think',
  'type' => '',
  'auto_start' => true,
)
[ info ] [ BEHAVIOR ] Run \addons\ldcms\Ldcms @config_init [ RunTime:0.000136s ]
[ info ] [ LANG ] /var/webstars/sustens/public/../application/admin/lang/zh-cn/ajax.php
[ info ] [ RUN ] app\admin\controller\Ajax->lang[ /var/webstars/sustens/application/admin/controller/Ajax.php ]
[ info ] [ LANG ] /var/webstars/sustens/public/../application/admin/lang/zh-cn/ldcms/diyform_fields.php
[ info ] [ BEHAVIOR ] Run app\admin\behavior\AdminLog @app_end [ RunTime:0.000041s ]
[ info ] [ LOG ] INIT File
---------------------------------------------------------------
[ 2024-11-18T11:32:10+08:00 ] 10.211.55.2 GET dev.sustens.com/MTyvDCHVOo.php/ldcms/diyform_fields/index/diyform_id/16?addtabs=1&sort=id&order=desc&offset=0&limit=10&_=1731900730529
[运行时间：0.061702s] [吞吐率：16.21req/s] [内存消耗：675.84kb] [文件加载：97]
[ info ] [ BEHAVIOR ] Run Closure @app_init [ RunTime:0.000019s ]
[ info ] [ CACHE ] INIT File
[ info ] [ DB ] INIT mysql
[ info ] [ BEHAVIOR ] Run \addons\ldcms\Ldcms @app_init [ RunTime:0.012476s ]
[ info ] [ BEHAVIOR ] Run Closure @app_init [ RunTime:0.012765s ]
[ info ] [ BEHAVIOR ] Run app\common\behavior\Common @app_init [ RunTime:0.000099s ]
[ info ] [ LANG ] /var/webstars/sustens/thinkphp/lang/zh-cn.php
[ info ] [ BEHAVIOR ] Run app\common\behavior\Common @app_dispatch [ RunTime:0.000016s ]
[ info ] [ ROUTE ] array (
  'type' => 'module',
  'module' => 
  array (
    0 => 'admin',
    1 => 'ldcms.diyform_fields',
    2 => 'index',
  ),
)
[ info ] [ HEADER ] array (
  'cookie' => 'thinkphp_show_page_trace=0|0; thinkphp_show_page_trace=0|0; uid=2; token=50446b79-6f1c-4eb2-9abc-2c19eb7a9159; backend_language=zh-cn; thinkphp_show_page_trace=0|0; PHPSESSID=40vsve0haqvtacvur4afbs4v0t; keeplogin=1%7C86400%7C1731986374%7Cc033686637a60cbe64c2f8276a802fb1; frontend_language=en',
  'accept-language' => 'zh-CN,zh;q=0.9,en;q=0.8',
  'accept-encoding' => 'gzip, deflate',
  'content-type' => 'application/json',
  'accept' => 'application/json, text/javascript, */*; q=0.01',
  'user-agent' => 'Mozilla/5.0 (Macintosh; Intel Mac OS X 10_15_7) AppleWebKit/537.36 (KHTML, like Gecko) Chrome/130.0.0.0 Safari/537.36',
  'x-requested-with' => 'XMLHttpRequest',
  'connection' => 'keep-alive',
  'host' => 'dev.sustens.com',
  'content-length' => '',
)
[ info ] [ PARAM ] array (
  'addtabs' => '1',
  'sort' => 'id',
  'order' => 'desc',
  'offset' => '0',
  'limit' => '10',
  '_' => '1731900730529',
  'diyform_id' => '16',
)
[ info ] [ LANG ] /var/webstars/sustens/public/../application/admin/lang/zh-cn.php
[ info ] [ BEHAVIOR ] Run app\common\behavior\Common @module_init [ RunTime:0.000073s ]
[ info ] [ LANG ] /var/webstars/sustens/public/../application/admin/lang/zh-cn/general/config.php
[ info ] [ SESSION ] INIT array (
  'id' => '',
  'var_session_id' => '',
  'prefix' => 'think',
  'type' => '',
  'auto_start' => true,
)
[ info ] [ BEHAVIOR ] Run \addons\ldcms\Ldcms @config_init [ RunTime:0.000035s ]
[ info ] [ LANG ] /var/webstars/sustens/public/../application/admin/lang/zh-cn/ldcms/diyform_fields.php
[ info ] [ RUN ] app\admin\controller\ldcms\DiyformFields->index[ /var/webstars/sustens/application/admin/controller/ldcms/DiyformFields.php ]
[ info ] [ BEHAVIOR ] Run app\admin\behavior\AdminLog @app_end [ RunTime:0.000024s ]
[ info ] [ LOG ] INIT File
---------------------------------------------------------------
[ 2024-11-18T11:32:37+08:00 ] 10.211.55.2 GET dev.sustens.com/message.html
[运行时间：0.463984s] [吞吐率：2.16req/s] [内存消耗：689.81kb] [文件加载：174]
[ info ] [ BEHAVIOR ] Run Closure @app_init [ RunTime:0.000021s ]
[ info ] [ CACHE ] INIT File
[ info ] [ DB ] INIT mysql
[ info ] [ BEHAVIOR ] Run \addons\ldcms\Ldcms @app_init [ RunTime:0.016099s ]
[ info ] [ BEHAVIOR ] Run Closure @app_init [ RunTime:0.016120s ]
[ info ] [ BEHAVIOR ] Run app\common\behavior\Common @app_init [ RunTime:0.003319s ]
[ info ] [ LANG ] /var/webstars/sustens/thinkphp/lang/zh-cn.php
[ info ] [ BEHAVIOR ] Run app\common\behavior\Common @app_dispatch [ RunTime:0.000029s ]
[ info ] [ ROUTE ] array (
  'type' => 'method',
  'method' => 
  array (
    0 => '\\think\\addons\\Route',
    1 => 'execute',
  ),
  'var' => 
  array (
    'addon' => 'ldcms',
    'controller' => 'lists',
    'action' => 'index',
  ),
)
[ info ] [ HEADER ] array (
  'cookie' => 'uid=2; token=50446b79-6f1c-4eb2-9abc-2c19eb7a9159; backend_language=zh-cn; thinkphp_show_page_trace=0|0; PHPSESSID=40vsve0haqvtacvur4afbs4v0t; keeplogin=1%7C86400%7C1731986374%7Cc033686637a60cbe64c2f8276a802fb1; frontend_language=en',
  'accept-language' => 'zh-CN,zh;q=0.9,en;q=0.8',
  'accept-encoding' => 'gzip, deflate',
  'referer' => 'http://dev.sustens.com/product.html?page=2',
  'accept' => 'text/html,application/xhtml+xml,application/xml;q=0.9,image/avif,image/webp,image/apng,*/*;q=0.8,application/signed-exchange;v=b3;q=0.7',
  'user-agent' => 'Mozilla/5.0 (Macintosh; Intel Mac OS X 10_15_7) AppleWebKit/537.36 (KHTML, like Gecko) Chrome/130.0.0.0 Safari/537.36',
  'upgrade-insecure-requests' => '1',
  'cache-control' => 'no-cache',
  'pragma' => 'no-cache',
  'connection' => 'keep-alive',
  'host' => 'dev.sustens.com',
  'content-length' => '',
  'content-type' => '',
)
[ info ] [ PARAM ] array (
  'category' => 'message',
)
[ info ] [ RUN ] think\addons\Route->execute[ /var/webstars/sustens/vendor/karsonzhang/fastadmin-addons/src/addons/Route.php ]
[ info ] [ LANG ] /var/webstars/sustens/public/../application/common/lang/zh-cn/addon.php
[ info ] [ BEHAVIOR ] Run app\common\behavior\Common @addon_begin [ RunTime:0.002038s ]
[ info ] [ TOKEN ] INIT Mysql
[ info ] [ BEHAVIOR ] Run \addons\ldcms\Ldcms @config_init [ RunTime:0.000037s ]
[ info ] [ LOG ] INIT File
---------------------------------------------------------------
[ 2024-11-18T11:32:40+08:00 ] 10.211.55.2 GET dev.sustens.com/message.html
[运行时间：0.060845s] [吞吐率：16.44req/s] [内存消耗：689.45kb] [文件加载：174]
[ info ] [ BEHAVIOR ] Run Closure @app_init [ RunTime:0.000084s ]
[ info ] [ CACHE ] INIT File
[ info ] [ DB ] INIT mysql
[ info ] [ BEHAVIOR ] Run \addons\ldcms\Ldcms @app_init [ RunTime:0.003522s ]
[ info ] [ BEHAVIOR ] Run Closure @app_init [ RunTime:0.003554s ]
[ info ] [ BEHAVIOR ] Run app\common\behavior\Common @app_init [ RunTime:0.000171s ]
[ info ] [ LANG ] /var/webstars/sustens/thinkphp/lang/zh-cn.php
[ info ] [ BEHAVIOR ] Run app\common\behavior\Common @app_dispatch [ RunTime:0.000024s ]
[ info ] [ ROUTE ] array (
  'type' => 'method',
  'method' => 
  array (
    0 => '\\think\\addons\\Route',
    1 => 'execute',
  ),
  'var' => 
  array (
    'addon' => 'ldcms',
    'controller' => 'lists',
    'action' => 'index',
  ),
)
[ info ] [ HEADER ] array (
  'cookie' => 'uid=2; token=50446b79-6f1c-4eb2-9abc-2c19eb7a9159; backend_language=zh-cn; thinkphp_show_page_trace=0|0; PHPSESSID=40vsve0haqvtacvur4afbs4v0t; keeplogin=1%7C86400%7C1731986374%7Cc033686637a60cbe64c2f8276a802fb1; frontend_language=en',
  'accept-language' => 'zh-CN,zh;q=0.9,en;q=0.8',
  'accept-encoding' => 'gzip, deflate',
  'accept' => 'text/html,application/xhtml+xml,application/xml;q=0.9,image/avif,image/webp,image/apng,*/*;q=0.8,application/signed-exchange;v=b3;q=0.7',
  'user-agent' => 'Mozilla/5.0 (Macintosh; Intel Mac OS X 10_15_7) AppleWebKit/537.36 (KHTML, like Gecko) Chrome/130.0.0.0 Safari/537.36',
  'upgrade-insecure-requests' => '1',
  'cache-control' => 'no-cache',
  'pragma' => 'no-cache',
  'connection' => 'keep-alive',
  'host' => 'dev.sustens.com',
  'content-length' => '',
  'content-type' => '',
)
[ info ] [ PARAM ] array (
  'category' => 'message',
)
[ info ] [ RUN ] think\addons\Route->execute[ /var/webstars/sustens/vendor/karsonzhang/fastadmin-addons/src/addons/Route.php ]
[ info ] [ LANG ] /var/webstars/sustens/public/../application/common/lang/zh-cn/addon.php
[ info ] [ BEHAVIOR ] Run app\common\behavior\Common @addon_begin [ RunTime:0.000298s ]
[ info ] [ TOKEN ] INIT Mysql
[ info ] [ BEHAVIOR ] Run \addons\ldcms\Ldcms @config_init [ RunTime:0.000061s ]
[ info ] [ LOG ] INIT File
---------------------------------------------------------------
[ 2024-11-18T11:32:45+08:00 ] 10.211.55.2 GET dev.sustens.com/team.html
[运行时间：0.156528s] [吞吐率：6.39req/s] [内存消耗：689.81kb] [文件加载：174]
[ info ] [ BEHAVIOR ] Run Closure @app_init [ RunTime:0.000030s ]
[ info ] [ CACHE ] INIT File
[ info ] [ DB ] INIT mysql
[ info ] [ BEHAVIOR ] Run \addons\ldcms\Ldcms @app_init [ RunTime:0.028989s ]
[ info ] [ BEHAVIOR ] Run Closure @app_init [ RunTime:0.029019s ]
[ info ] [ BEHAVIOR ] Run app\common\behavior\Common @app_init [ RunTime:0.000119s ]
[ info ] [ LANG ] /var/webstars/sustens/thinkphp/lang/zh-cn.php
[ info ] [ BEHAVIOR ] Run app\common\behavior\Common @app_dispatch [ RunTime:0.000037s ]
[ info ] [ ROUTE ] array (
  'type' => 'method',
  'method' => 
  array (
    0 => '\\think\\addons\\Route',
    1 => 'execute',
  ),
  'var' => 
  array (
    'addon' => 'ldcms',
    'controller' => 'lists',
    'action' => 'index',
  ),
)
[ info ] [ HEADER ] array (
  'cookie' => 'uid=2; token=50446b79-6f1c-4eb2-9abc-2c19eb7a9159; backend_language=zh-cn; thinkphp_show_page_trace=0|0; PHPSESSID=40vsve0haqvtacvur4afbs4v0t; keeplogin=1%7C86400%7C1731986374%7Cc033686637a60cbe64c2f8276a802fb1; frontend_language=en',
  'accept-language' => 'zh-CN,zh;q=0.9,en;q=0.8',
  'accept-encoding' => 'gzip, deflate',
  'referer' => 'http://dev.sustens.com/product.html?page=2',
  'accept' => 'text/html,application/xhtml+xml,application/xml;q=0.9,image/avif,image/webp,image/apng,*/*;q=0.8,application/signed-exchange;v=b3;q=0.7',
  'user-agent' => 'Mozilla/5.0 (Macintosh; Intel Mac OS X 10_15_7) AppleWebKit/537.36 (KHTML, like Gecko) Chrome/130.0.0.0 Safari/537.36',
  'upgrade-insecure-requests' => '1',
  'cache-control' => 'no-cache',
  'pragma' => 'no-cache',
  'connection' => 'keep-alive',
  'host' => 'dev.sustens.com',
  'content-length' => '',
  'content-type' => '',
)
[ info ] [ PARAM ] array (
  'category' => 'team',
)
[ info ] [ RUN ] think\addons\Route->execute[ /var/webstars/sustens/vendor/karsonzhang/fastadmin-addons/src/addons/Route.php ]
[ info ] [ LANG ] /var/webstars/sustens/public/../application/common/lang/zh-cn/addon.php
[ info ] [ BEHAVIOR ] Run app\common\behavior\Common @addon_begin [ RunTime:0.000206s ]
[ info ] [ TOKEN ] INIT Mysql
[ info ] [ BEHAVIOR ] Run \addons\ldcms\Ldcms @config_init [ RunTime:0.000134s ]
[ info ] [ LOG ] INIT File
---------------------------------------------------------------
[ 2024-11-18T11:32:49+08:00 ] 10.211.55.2 GET dev.sustens.com/team.html
[运行时间：0.055367s] [吞吐率：18.06req/s] [内存消耗：689.81kb] [文件加载：174]
[ info ] [ BEHAVIOR ] Run Closure @app_init [ RunTime:0.000023s ]
[ info ] [ CACHE ] INIT File
[ info ] [ DB ] INIT mysql
[ info ] [ BEHAVIOR ] Run \addons\ldcms\Ldcms @app_init [ RunTime:0.002498s ]
[ info ] [ BEHAVIOR ] Run Closure @app_init [ RunTime:0.002526s ]
[ info ] [ BEHAVIOR ] Run app\common\behavior\Common @app_init [ RunTime:0.000087s ]
[ info ] [ LANG ] /var/webstars/sustens/thinkphp/lang/zh-cn.php
[ info ] [ BEHAVIOR ] Run app\common\behavior\Common @app_dispatch [ RunTime:0.000036s ]
[ info ] [ ROUTE ] array (
  'type' => 'method',
  'method' => 
  array (
    0 => '\\think\\addons\\Route',
    1 => 'execute',
  ),
  'var' => 
  array (
    'addon' => 'ldcms',
    'controller' => 'lists',
    'action' => 'index',
  ),
)
[ info ] [ HEADER ] array (
  'cookie' => 'uid=2; token=50446b79-6f1c-4eb2-9abc-2c19eb7a9159; backend_language=zh-cn; thinkphp_show_page_trace=0|0; PHPSESSID=40vsve0haqvtacvur4afbs4v0t; keeplogin=1%7C86400%7C1731986374%7Cc033686637a60cbe64c2f8276a802fb1; frontend_language=en',
  'accept-language' => 'zh-CN,zh;q=0.9,en;q=0.8',
  'accept-encoding' => 'gzip, deflate',
  'referer' => 'http://dev.sustens.com/product.html?page=2',
  'accept' => 'text/html,application/xhtml+xml,application/xml;q=0.9,image/avif,image/webp,image/apng,*/*;q=0.8,application/signed-exchange;v=b3;q=0.7',
  'user-agent' => 'Mozilla/5.0 (Macintosh; Intel Mac OS X 10_15_7) AppleWebKit/537.36 (KHTML, like Gecko) Chrome/130.0.0.0 Safari/537.36',
  'upgrade-insecure-requests' => '1',
  'cache-control' => 'no-cache',
  'pragma' => 'no-cache',
  'connection' => 'keep-alive',
  'host' => 'dev.sustens.com',
  'content-length' => '',
  'content-type' => '',
)
[ info ] [ PARAM ] array (
  'category' => 'team',
)
[ info ] [ RUN ] think\addons\Route->execute[ /var/webstars/sustens/vendor/karsonzhang/fastadmin-addons/src/addons/Route.php ]
[ info ] [ LANG ] /var/webstars/sustens/public/../application/common/lang/zh-cn/addon.php
[ info ] [ BEHAVIOR ] Run app\common\behavior\Common @addon_begin [ RunTime:0.001757s ]
[ info ] [ TOKEN ] INIT Mysql
[ info ] [ BEHAVIOR ] Run \addons\ldcms\Ldcms @config_init [ RunTime:0.000038s ]
[ info ] [ LOG ] INIT File
---------------------------------------------------------------
[ 2024-11-18T11:33:05+08:00 ] 10.211.55.2 GET dev.sustens.com/MTyvDCHVOo.php/ldcms/diyform_fields/index/diyform_id/16/ids/16?ref=addtabs&ldcms_lang=en
[运行时间：0.067647s] [吞吐率：14.78req/s] [内存消耗：561.57kb] [文件加载：91]
[ info ] [ BEHAVIOR ] Run Closure @app_init [ RunTime:0.000021s ]
[ info ] [ CACHE ] INIT File
[ info ] [ DB ] INIT mysql
[ info ] [ BEHAVIOR ] Run \addons\ldcms\Ldcms @app_init [ RunTime:0.006626s ]
[ info ] [ BEHAVIOR ] Run Closure @app_init [ RunTime:0.006711s ]
[ info ] [ BEHAVIOR ] Run app\common\behavior\Common @app_init [ RunTime:0.000138s ]
[ info ] [ LANG ] /var/webstars/sustens/thinkphp/lang/zh-cn.php
[ info ] [ BEHAVIOR ] Run app\common\behavior\Common @app_dispatch [ RunTime:0.000023s ]
[ info ] [ ROUTE ] array (
  'type' => 'module',
  'module' => 
  array (
    0 => 'admin',
    1 => 'ldcms.diyform_fields',
    2 => 'index',
  ),
)
[ info ] [ HEADER ] array (
  'cookie' => 'thinkphp_show_page_trace=0|0; thinkphp_show_page_trace=0|0; thinkphp_show_page_trace=0|0; uid=2; token=50446b79-6f1c-4eb2-9abc-2c19eb7a9159; backend_language=zh-cn; thinkphp_show_page_trace=0|0; PHPSESSID=40vsve0haqvtacvur4afbs4v0t; keeplogin=1%7C86400%7C1731986374%7Cc033686637a60cbe64c2f8276a802fb1; frontend_language=en',
  'accept-language' => 'zh-CN,zh;q=0.9,en;q=0.8',
  'accept-encoding' => 'gzip, deflate',
  'accept' => 'text/html,application/xhtml+xml,application/xml;q=0.9,image/avif,image/webp,image/apng,*/*;q=0.8,application/signed-exchange;v=b3;q=0.7',
  'user-agent' => 'Mozilla/5.0 (Macintosh; Intel Mac OS X 10_15_7) AppleWebKit/537.36 (KHTML, like Gecko) Chrome/130.0.0.0 Safari/537.36',
  'upgrade-insecure-requests' => '1',
  'connection' => 'keep-alive',
  'host' => 'dev.sustens.com',
  'content-length' => '',
  'content-type' => '',
)
[ info ] [ PARAM ] array (
  'ref' => 'addtabs',
  'ldcms_lang' => 'en',
  'diyform_id' => '16',
  'ids' => '16',
)
[ info ] [ LANG ] /var/webstars/sustens/public/../application/admin/lang/zh-cn.php
[ info ] [ BEHAVIOR ] Run app\common\behavior\Common @module_init [ RunTime:0.000897s ]
[ info ] [ LANG ] /var/webstars/sustens/public/../application/admin/lang/zh-cn/general/config.php
[ info ] [ SESSION ] INIT array (
  'id' => '',
  'var_session_id' => '',
  'prefix' => 'think',
  'type' => '',
  'auto_start' => true,
)
[ info ] [ BEHAVIOR ] Run app\admin\behavior\AdminLog @app_end [ RunTime:0.000870s ]
[ info ] [ LOG ] INIT File
---------------------------------------------------------------
[ 2024-11-18T11:33:05+08:00 ] 10.211.55.2 GET dev.sustens.com/MTyvDCHVOo.php/index/index
[运行时间：0.088552s] [吞吐率：11.29req/s] [内存消耗：761.34kb] [文件加载：99]
[ info ] [ BEHAVIOR ] Run Closure @app_init [ RunTime:0.000021s ]
[ info ] [ CACHE ] INIT File
[ info ] [ DB ] INIT mysql
[ info ] [ BEHAVIOR ] Run \addons\ldcms\Ldcms @app_init [ RunTime:0.007264s ]
[ info ] [ BEHAVIOR ] Run Closure @app_init [ RunTime:0.007296s ]
[ info ] [ BEHAVIOR ] Run app\common\behavior\Common @app_init [ RunTime:0.000079s ]
[ info ] [ LANG ] /var/webstars/sustens/thinkphp/lang/zh-cn.php
[ info ] [ BEHAVIOR ] Run app\common\behavior\Common @app_dispatch [ RunTime:0.000022s ]
[ info ] [ ROUTE ] array (
  'type' => 'module',
  'module' => 
  array (
    0 => 'admin',
    1 => 'index',
    2 => 'index',
  ),
)
[ info ] [ HEADER ] array (
  'cookie' => 'thinkphp_show_page_trace=0|0; thinkphp_show_page_trace=0|0; uid=2; token=50446b79-6f1c-4eb2-9abc-2c19eb7a9159; backend_language=zh-cn; thinkphp_show_page_trace=0|0; PHPSESSID=40vsve0haqvtacvur4afbs4v0t; keeplogin=1%7C86400%7C1731986374%7Cc033686637a60cbe64c2f8276a802fb1; frontend_language=en',
  'accept-language' => 'zh-CN,zh;q=0.9,en;q=0.8',
  'accept-encoding' => 'gzip, deflate',
  'accept' => 'text/html,application/xhtml+xml,application/xml;q=0.9,image/avif,image/webp,image/apng,*/*;q=0.8,application/signed-exchange;v=b3;q=0.7',
  'user-agent' => 'Mozilla/5.0 (Macintosh; Intel Mac OS X 10_15_7) AppleWebKit/537.36 (KHTML, like Gecko) Chrome/130.0.0.0 Safari/537.36',
  'upgrade-insecure-requests' => '1',
  'connection' => 'keep-alive',
  'host' => 'dev.sustens.com',
  'content-length' => '',
  'content-type' => '',
)
[ info ] [ PARAM ] array (
)
[ info ] [ LANG ] /var/webstars/sustens/public/../application/admin/lang/zh-cn.php
[ info ] [ BEHAVIOR ] Run app\common\behavior\Common @module_init [ RunTime:0.000090s ]
[ info ] [ SESSION ] INIT array (
  'id' => '',
  'var_session_id' => '',
  'prefix' => 'think',
  'type' => '',
  'auto_start' => true,
)
[ info ] [ BEHAVIOR ] Run \addons\ldcms\Ldcms @config_init [ RunTime:0.000035s ]
[ info ] [ LANG ] /var/webstars/sustens/public/../application/admin/lang/zh-cn/index.php
[ info ] [ RUN ] app\admin\controller\Index->index[ /var/webstars/sustens/application/admin/controller/Index.php ]
[ info ] [ VIEW ] /var/webstars/sustens/public/../application/admin/view/index/index.html [ array (
  0 => 'breadcrumb',
  1 => 'site',
  2 => 'config',
  3 => 'auth',
  4 => 'admin',
  5 => 'menulist',
  6 => 'navlist',
  7 => 'fixedmenu',
  8 => 'referermenu',
  9 => 'title',
) ]
[ info ] [ BEHAVIOR ] Run app\admin\behavior\AdminLog @app_end [ RunTime:0.000032s ]
[ info ] [ LOG ] INIT File
---------------------------------------------------------------
[ 2024-11-18T11:33:06+08:00 ] 10.211.55.2 GET dev.sustens.com/MTyvDCHVOo.php/dashboard?addtabs=1
[运行时间：0.182401s] [吞吐率：5.48req/s] [内存消耗：734.23kb] [文件加载：99]
[ info ] [ BEHAVIOR ] Run Closure @app_init [ RunTime:0.000018s ]
[ info ] [ CACHE ] INIT File
[ info ] [ DB ] INIT mysql
[ info ] [ BEHAVIOR ] Run \addons\ldcms\Ldcms @app_init [ RunTime:0.002907s ]
[ info ] [ BEHAVIOR ] Run Closure @app_init [ RunTime:0.002932s ]
[ info ] [ BEHAVIOR ] Run app\common\behavior\Common @app_init [ RunTime:0.000106s ]
[ info ] [ LANG ] /var/webstars/sustens/thinkphp/lang/zh-cn.php
[ info ] [ BEHAVIOR ] Run app\common\behavior\Common @app_dispatch [ RunTime:0.000017s ]
[ info ] [ ROUTE ] array (
  'type' => 'module',
  'module' => 
  array (
    0 => 'admin',
    1 => 'dashboard',
    2 => NULL,
  ),
)
[ info ] [ HEADER ] array (
  'cookie' => 'thinkphp_show_page_trace=0|0; uid=2; token=50446b79-6f1c-4eb2-9abc-2c19eb7a9159; backend_language=zh-cn; thinkphp_show_page_trace=0|0; PHPSESSID=40vsve0haqvtacvur4afbs4v0t; keeplogin=1%7C86400%7C1731986374%7Cc033686637a60cbe64c2f8276a802fb1; frontend_language=en',
  'accept-language' => 'zh-CN,zh;q=0.9,en;q=0.8',
  'accept-encoding' => 'gzip, deflate',
  'accept' => 'text/html,application/xhtml+xml,application/xml;q=0.9,image/avif,image/webp,image/apng,*/*;q=0.8,application/signed-exchange;v=b3;q=0.7',
  'user-agent' => 'Mozilla/5.0 (Macintosh; Intel Mac OS X 10_15_7) AppleWebKit/537.36 (KHTML, like Gecko) Chrome/130.0.0.0 Safari/537.36',
  'upgrade-insecure-requests' => '1',
  'connection' => 'keep-alive',
  'host' => 'dev.sustens.com',
  'content-length' => '',
  'content-type' => '',
)
[ info ] [ PARAM ] array (
  'addtabs' => '1',
)
[ info ] [ LANG ] /var/webstars/sustens/public/../application/admin/lang/zh-cn.php
[ info ] [ BEHAVIOR ] Run app\common\behavior\Common @module_init [ RunTime:0.000110s ]
[ info ] [ SESSION ] INIT array (
  'id' => '',
  'var_session_id' => '',
  'prefix' => 'think',
  'type' => '',
  'auto_start' => true,
)
[ info ] [ BEHAVIOR ] Run \addons\ldcms\Ldcms @config_init [ RunTime:0.000082s ]
[ info ] [ LANG ] /var/webstars/sustens/public/../application/admin/lang/zh-cn/dashboard.php
[ info ] [ RUN ] app\admin\controller\Dashboard->index[ /var/webstars/sustens/application/admin/controller/Dashboard.php ]
[ info ] [ VIEW ] /var/webstars/sustens/public/../application/admin/view/dashboard/index.html [ array (
  0 => 'breadcrumb',
  1 => 'site',
  2 => 'config',
  3 => 'auth',
  4 => 'admin',
  5 => 'totaluser',
  6 => 'totaladdon',
  7 => 'totaladmin',
  8 => 'totalcategory',
  9 => 'todayusersignup',
  10 => 'todayuserlogin',
  11 => 'sevendau',
  12 => 'thirtydau',
  13 => 'threednu',
  14 => 'sevendnu',
  15 => 'dbtablenums',
  16 => 'dbsize',
  17 => 'totalworkingaddon',
  18 => 'attachmentnums',
  19 => 'attachmentsize',
  20 => 'picturenums',
  21 => 'picturesize',
) ]
[ info ] [ BEHAVIOR ] Run app\admin\behavior\AdminLog @app_end [ RunTime:0.000030s ]
[ info ] [ LOG ] INIT File
---------------------------------------------------------------
[ 2024-11-18T11:33:06+08:00 ] 10.211.55.2 GET dev.sustens.com/MTyvDCHVOo.php/ajax/lang?callback=define&controllername=index&lang=zh-cn&v=1731900785
[运行时间：0.063777s] [吞吐率：15.68req/s] [内存消耗：302.95kb] [文件加载：90]
[ info ] [ BEHAVIOR ] Run Closure @app_init [ RunTime:0.000018s ]
[ info ] [ CACHE ] INIT File
[ info ] [ DB ] INIT mysql
[ info ] [ BEHAVIOR ] Run \addons\ldcms\Ldcms @app_init [ RunTime:0.002804s ]
[ info ] [ BEHAVIOR ] Run Closure @app_init [ RunTime:0.002825s ]
[ info ] [ BEHAVIOR ] Run app\common\behavior\Common @app_init [ RunTime:0.000056s ]
[ info ] [ LANG ] /var/webstars/sustens/thinkphp/lang/zh-cn.php
[ info ] [ BEHAVIOR ] Run app\common\behavior\Common @app_dispatch [ RunTime:0.000013s ]
[ info ] [ ROUTE ] array (
  'type' => 'module',
  'module' => 
  array (
    0 => 'admin',
    1 => 'ajax',
    2 => 'lang',
  ),
)
[ info ] [ HEADER ] array (
  'cookie' => 'thinkphp_show_page_trace=0|0; uid=2; token=50446b79-6f1c-4eb2-9abc-2c19eb7a9159; backend_language=zh-cn; thinkphp_show_page_trace=0|0; PHPSESSID=40vsve0haqvtacvur4afbs4v0t; keeplogin=1%7C86400%7C1731986374%7Cc033686637a60cbe64c2f8276a802fb1; frontend_language=en',
  'accept-language' => 'zh-CN,zh;q=0.9,en;q=0.8',
  'accept-encoding' => 'gzip, deflate',
  'accept' => '*/*',
  'user-agent' => 'Mozilla/5.0 (Macintosh; Intel Mac OS X 10_15_7) AppleWebKit/537.36 (KHTML, like Gecko) Chrome/130.0.0.0 Safari/537.36',
  'connection' => 'keep-alive',
  'host' => 'dev.sustens.com',
  'content-length' => '',
  'content-type' => '',
)
[ info ] [ PARAM ] array (
  'callback' => 'define',
  'controllername' => 'index',
  'lang' => 'zh-cn',
  'v' => '1731900785',
)
[ info ] [ LANG ] /var/webstars/sustens/public/../application/admin/lang/zh-cn.php
[ info ] [ BEHAVIOR ] Run app\common\behavior\Common @module_init [ RunTime:0.000060s ]
[ info ] [ SESSION ] INIT array (
  'id' => '',
  'var_session_id' => '',
  'prefix' => 'think',
  'type' => '',
  'auto_start' => true,
)
[ info ] [ BEHAVIOR ] Run \addons\ldcms\Ldcms @config_init [ RunTime:0.000461s ]
[ info ] [ LANG ] /var/webstars/sustens/public/../application/admin/lang/zh-cn/ajax.php
[ info ] [ RUN ] app\admin\controller\Ajax->lang[ /var/webstars/sustens/application/admin/controller/Ajax.php ]
[ info ] [ LANG ] /var/webstars/sustens/public/../application/admin/lang/zh-cn/index.php
[ info ] [ BEHAVIOR ] Run app\admin\behavior\AdminLog @app_end [ RunTime:0.000129s ]
[ info ] [ LOG ] INIT File
---------------------------------------------------------------
[ 2024-11-18T11:33:06+08:00 ] 10.211.55.2 GET dev.sustens.com/MTyvDCHVOo.php/ajax/lang?callback=define&controllername=dashboard&lang=zh-cn&v=1731900785
[运行时间：0.028028s] [吞吐率：35.68req/s] [内存消耗：300.41kb] [文件加载：90]
[ info ] [ BEHAVIOR ] Run Closure @app_init [ RunTime:0.000023s ]
[ info ] [ CACHE ] INIT File
[ info ] [ DB ] INIT mysql
[ info ] [ BEHAVIOR ] Run \addons\ldcms\Ldcms @app_init [ RunTime:0.004579s ]
[ info ] [ BEHAVIOR ] Run Closure @app_init [ RunTime:0.004612s ]
[ info ] [ BEHAVIOR ] Run app\common\behavior\Common @app_init [ RunTime:0.000072s ]
[ info ] [ LANG ] /var/webstars/sustens/thinkphp/lang/zh-cn.php
[ info ] [ BEHAVIOR ] Run app\common\behavior\Common @app_dispatch [ RunTime:0.000018s ]
[ info ] [ ROUTE ] array (
  'type' => 'module',
  'module' => 
  array (
    0 => 'admin',
    1 => 'ajax',
    2 => 'lang',
  ),
)
[ info ] [ HEADER ] array (
  'cookie' => 'thinkphp_show_page_trace=0|0; uid=2; token=50446b79-6f1c-4eb2-9abc-2c19eb7a9159; backend_language=zh-cn; thinkphp_show_page_trace=0|0; PHPSESSID=40vsve0haqvtacvur4afbs4v0t; keeplogin=1%7C86400%7C1731986374%7Cc033686637a60cbe64c2f8276a802fb1; frontend_language=en',
  'accept-language' => 'zh-CN,zh;q=0.9,en;q=0.8',
  'accept-encoding' => 'gzip, deflate',
  'accept' => '*/*',
  'user-agent' => 'Mozilla/5.0 (Macintosh; Intel Mac OS X 10_15_7) AppleWebKit/537.36 (KHTML, like Gecko) Chrome/130.0.0.0 Safari/537.36',
  'connection' => 'keep-alive',
  'host' => 'dev.sustens.com',
  'content-length' => '',
  'content-type' => '',
)
[ info ] [ PARAM ] array (
  'callback' => 'define',
  'controllername' => 'dashboard',
  'lang' => 'zh-cn',
  'v' => '1731900785',
)
[ info ] [ LANG ] /var/webstars/sustens/public/../application/admin/lang/zh-cn.php
[ info ] [ BEHAVIOR ] Run app\common\behavior\Common @module_init [ RunTime:0.000105s ]
[ info ] [ SESSION ] INIT array (
  'id' => '',
  'var_session_id' => '',
  'prefix' => 'think',
  'type' => '',
  'auto_start' => true,
)
[ info ] [ BEHAVIOR ] Run \addons\ldcms\Ldcms @config_init [ RunTime:0.000036s ]
[ info ] [ LANG ] /var/webstars/sustens/public/../application/admin/lang/zh-cn/ajax.php
[ info ] [ RUN ] app\admin\controller\Ajax->lang[ /var/webstars/sustens/application/admin/controller/Ajax.php ]
[ info ] [ LANG ] /var/webstars/sustens/public/../application/admin/lang/zh-cn/dashboard.php
[ info ] [ BEHAVIOR ] Run app\admin\behavior\AdminLog @app_end [ RunTime:0.000031s ]
[ info ] [ LOG ] INIT File
---------------------------------------------------------------
[ 2024-11-18T11:33:07+08:00 ] 10.211.55.2 GET dev.sustens.com/MTyvDCHVOo.php/ldcms/diyform_fields/index/diyform_id/16/ids/16?ldcms_lang=en&addtabs=1
[运行时间：0.367160s] [吞吐率：2.72req/s] [内存消耗：660.23kb] [文件加载：96]
[ info ] [ BEHAVIOR ] Run Closure @app_init [ RunTime:0.000024s ]
[ info ] [ CACHE ] INIT File
[ info ] [ DB ] INIT mysql
[ info ] [ BEHAVIOR ] Run \addons\ldcms\Ldcms @app_init [ RunTime:0.004343s ]
[ info ] [ BEHAVIOR ] Run Closure @app_init [ RunTime:0.004365s ]
[ info ] [ BEHAVIOR ] Run app\common\behavior\Common @app_init [ RunTime:0.000064s ]
[ info ] [ LANG ] /var/webstars/sustens/thinkphp/lang/zh-cn.php
[ info ] [ BEHAVIOR ] Run app\common\behavior\Common @app_dispatch [ RunTime:0.000014s ]
[ info ] [ ROUTE ] array (
  'type' => 'module',
  'module' => 
  array (
    0 => 'admin',
    1 => 'ldcms.diyform_fields',
    2 => 'index',
  ),
)
[ info ] [ HEADER ] array (
  'cookie' => 'thinkphp_show_page_trace=0|0; thinkphp_show_page_trace=0|0; thinkphp_show_page_trace=0|0; uid=2; token=50446b79-6f1c-4eb2-9abc-2c19eb7a9159; backend_language=zh-cn; thinkphp_show_page_trace=0|0; PHPSESSID=40vsve0haqvtacvur4afbs4v0t; keeplogin=1%7C86400%7C1731986374%7Cc033686637a60cbe64c2f8276a802fb1; frontend_language=en',
  'accept-language' => 'zh-CN,zh;q=0.9,en;q=0.8',
  'accept-encoding' => 'gzip, deflate',
  'accept' => 'text/html,application/xhtml+xml,application/xml;q=0.9,image/avif,image/webp,image/apng,*/*;q=0.8,application/signed-exchange;v=b3;q=0.7',
  'user-agent' => 'Mozilla/5.0 (Macintosh; Intel Mac OS X 10_15_7) AppleWebKit/537.36 (KHTML, like Gecko) Chrome/130.0.0.0 Safari/537.36',
  'upgrade-insecure-requests' => '1',
  'connection' => 'keep-alive',
  'host' => 'dev.sustens.com',
  'content-length' => '',
  'content-type' => '',
)
[ info ] [ PARAM ] array (
  'ldcms_lang' => 'en',
  'addtabs' => '1',
  'diyform_id' => '16',
  'ids' => '16',
)
[ info ] [ LANG ] /var/webstars/sustens/public/../application/admin/lang/zh-cn.php
[ info ] [ BEHAVIOR ] Run app\common\behavior\Common @module_init [ RunTime:0.000070s ]
[ info ] [ LANG ] /var/webstars/sustens/public/../application/admin/lang/zh-cn/general/config.php
[ info ] [ SESSION ] INIT array (
  'id' => '',
  'var_session_id' => '',
  'prefix' => 'think',
  'type' => '',
  'auto_start' => true,
)
[ info ] [ BEHAVIOR ] Run \addons\ldcms\Ldcms @config_init [ RunTime:0.000052s ]
[ info ] [ LANG ] /var/webstars/sustens/public/../application/admin/lang/zh-cn/ldcms/diyform_fields.php
[ info ] [ RUN ] app\admin\controller\ldcms\DiyformFields->index[ /var/webstars/sustens/application/admin/controller/ldcms/DiyformFields.php ]
[ info ] [ VIEW ] /var/webstars/sustens/public/../application/admin/view/ldcms/diyform_fields/index.html [ array (
  0 => 'breadcrumb',
  1 => 'site',
  2 => 'config',
  3 => 'auth',
  4 => 'admin',
  5 => 'addon_config',
  6 => 'diyform',
) ]
[ info ] [ BEHAVIOR ] Run app\admin\behavior\AdminLog @app_end [ RunTime:0.000048s ]
[ info ] [ LOG ] INIT File
---------------------------------------------------------------
[ 2024-11-18T11:33:07+08:00 ] 10.211.55.2 GET dev.sustens.com/MTyvDCHVOo.php/ajax/lang?callback=define&controllername=ldcms.diyform_fields&lang=zh-cn&v=1731900787
[运行时间：0.011416s] [吞吐率：87.60req/s] [内存消耗：304.67kb] [文件加载：91]
[ info ] [ BEHAVIOR ] Run Closure @app_init [ RunTime:0.000014s ]
[ info ] [ CACHE ] INIT File
[ info ] [ DB ] INIT mysql
[ info ] [ BEHAVIOR ] Run \addons\ldcms\Ldcms @app_init [ RunTime:0.002324s ]
[ info ] [ BEHAVIOR ] Run Closure @app_init [ RunTime:0.002343s ]
[ info ] [ BEHAVIOR ] Run app\common\behavior\Common @app_init [ RunTime:0.000094s ]
[ info ] [ LANG ] /var/webstars/sustens/thinkphp/lang/zh-cn.php
[ info ] [ BEHAVIOR ] Run app\common\behavior\Common @app_dispatch [ RunTime:0.000018s ]
[ info ] [ ROUTE ] array (
  'type' => 'module',
  'module' => 
  array (
    0 => 'admin',
    1 => 'ajax',
    2 => 'lang',
  ),
)
[ info ] [ HEADER ] array (
  'cookie' => 'thinkphp_show_page_trace=0|0; uid=2; token=50446b79-6f1c-4eb2-9abc-2c19eb7a9159; thinkphp_show_page_trace=0|0; PHPSESSID=40vsve0haqvtacvur4afbs4v0t; keeplogin=1%7C86400%7C1731986374%7Cc033686637a60cbe64c2f8276a802fb1; frontend_language=en; backend_language=en',
  'accept-language' => 'zh-CN,zh;q=0.9,en;q=0.8',
  'accept-encoding' => 'gzip, deflate',
  'accept' => '*/*',
  'user-agent' => 'Mozilla/5.0 (Macintosh; Intel Mac OS X 10_15_7) AppleWebKit/537.36 (KHTML, like Gecko) Chrome/130.0.0.0 Safari/537.36',
  'connection' => 'keep-alive',
  'host' => 'dev.sustens.com',
  'content-length' => '',
  'content-type' => '',
)
[ info ] [ PARAM ] array (
  'callback' => 'define',
  'controllername' => 'ldcms.diyform_fields',
  'lang' => 'zh-cn',
  'v' => '1731900787',
)
[ info ] [ LANG ] /var/webstars/sustens/public/../application/admin/lang/zh-cn.php
[ info ] [ BEHAVIOR ] Run app\common\behavior\Common @module_init [ RunTime:0.000056s ]
[ info ] [ SESSION ] INIT array (
  'id' => '',
  'var_session_id' => '',
  'prefix' => 'think',
  'type' => '',
  'auto_start' => true,
)
[ info ] [ BEHAVIOR ] Run \addons\ldcms\Ldcms @config_init [ RunTime:0.000022s ]
[ info ] [ LANG ] /var/webstars/sustens/public/../application/admin/lang/zh-cn/ajax.php
[ info ] [ RUN ] app\admin\controller\Ajax->lang[ /var/webstars/sustens/application/admin/controller/Ajax.php ]
[ info ] [ LANG ] /var/webstars/sustens/public/../application/admin/lang/zh-cn/ldcms/diyform_fields.php
[ info ] [ BEHAVIOR ] Run app\admin\behavior\AdminLog @app_end [ RunTime:0.000040s ]
[ info ] [ LOG ] INIT File
---------------------------------------------------------------
[ 2024-11-18T11:33:08+08:00 ] 10.211.55.2 GET dev.sustens.com/MTyvDCHVOo.php/ldcms/diyform_fields/index/diyform_id/16?ldcms_lang=en&addtabs=1&sort=id&order=desc&offset=0&limit=10&_=1731900787725
[运行时间：0.093903s] [吞吐率：10.65req/s] [内存消耗：676.63kb] [文件加载：97]
[ info ] [ BEHAVIOR ] Run Closure @app_init [ RunTime:0.000021s ]
[ info ] [ CACHE ] INIT File
[ info ] [ DB ] INIT mysql
[ info ] [ BEHAVIOR ] Run \addons\ldcms\Ldcms @app_init [ RunTime:0.007720s ]
[ info ] [ BEHAVIOR ] Run Closure @app_init [ RunTime:0.007752s ]
[ info ] [ BEHAVIOR ] Run app\common\behavior\Common @app_init [ RunTime:0.000174s ]
[ info ] [ LANG ] /var/webstars/sustens/thinkphp/lang/zh-cn.php
[ info ] [ BEHAVIOR ] Run app\common\behavior\Common @app_dispatch [ RunTime:0.000019s ]
[ info ] [ ROUTE ] array (
  'type' => 'module',
  'module' => 
  array (
    0 => 'admin',
    1 => 'ldcms.diyform_fields',
    2 => 'index',
  ),
)
[ info ] [ HEADER ] array (
  'cookie' => 'thinkphp_show_page_trace=0|0; thinkphp_show_page_trace=0|0; uid=2; token=50446b79-6f1c-4eb2-9abc-2c19eb7a9159; thinkphp_show_page_trace=0|0; PHPSESSID=40vsve0haqvtacvur4afbs4v0t; keeplogin=1%7C86400%7C1731986374%7Cc033686637a60cbe64c2f8276a802fb1; frontend_language=en; backend_language=en',
  'accept-language' => 'zh-CN,zh;q=0.9,en;q=0.8',
  'accept-encoding' => 'gzip, deflate',
  'content-type' => 'application/json',
  'accept' => 'application/json, text/javascript, */*; q=0.01',
  'user-agent' => 'Mozilla/5.0 (Macintosh; Intel Mac OS X 10_15_7) AppleWebKit/537.36 (KHTML, like Gecko) Chrome/130.0.0.0 Safari/537.36',
  'x-requested-with' => 'XMLHttpRequest',
  'connection' => 'keep-alive',
  'host' => 'dev.sustens.com',
  'content-length' => '',
)
[ info ] [ PARAM ] array (
  'ldcms_lang' => 'en',
  'addtabs' => '1',
  'sort' => 'id',
  'order' => 'desc',
  'offset' => '0',
  'limit' => '10',
  '_' => '1731900787725',
  'diyform_id' => '16',
)
[ info ] [ LANG ] /var/webstars/sustens/public/../application/admin/lang/zh-cn.php
[ info ] [ BEHAVIOR ] Run app\common\behavior\Common @module_init [ RunTime:0.000070s ]
[ info ] [ LANG ] /var/webstars/sustens/public/../application/admin/lang/zh-cn/general/config.php
[ info ] [ SESSION ] INIT array (
  'id' => '',
  'var_session_id' => '',
  'prefix' => 'think',
  'type' => '',
  'auto_start' => true,
)
[ info ] [ BEHAVIOR ] Run \addons\ldcms\Ldcms @config_init [ RunTime:0.000043s ]
[ info ] [ LANG ] /var/webstars/sustens/public/../application/admin/lang/zh-cn/ldcms/diyform_fields.php
[ info ] [ RUN ] app\admin\controller\ldcms\DiyformFields->index[ /var/webstars/sustens/application/admin/controller/ldcms/DiyformFields.php ]
[ info ] [ BEHAVIOR ] Run app\admin\behavior\AdminLog @app_end [ RunTime:0.000063s ]
[ info ] [ LOG ] INIT File
---------------------------------------------------------------
[ 2024-11-18T11:33:11+08:00 ] 10.211.55.2 GET dev.sustens.com/MTyvDCHVOo.php/ajax/wipecache?type=all&_=1731900785894
[运行时间：0.066172s] [吞吐率：15.11req/s] [内存消耗：401.91kb] [文件加载：93]
[ info ] [ BEHAVIOR ] Run Closure @app_init [ RunTime:0.000017s ]
[ info ] [ CACHE ] INIT File
[ info ] [ DB ] INIT mysql
[ info ] [ BEHAVIOR ] Run \addons\ldcms\Ldcms @app_init [ RunTime:0.002879s ]
[ info ] [ BEHAVIOR ] Run Closure @app_init [ RunTime:0.002904s ]
[ info ] [ BEHAVIOR ] Run app\common\behavior\Common @app_init [ RunTime:0.000075s ]
[ info ] [ LANG ] /var/webstars/sustens/thinkphp/lang/zh-cn.php
[ info ] [ BEHAVIOR ] Run app\common\behavior\Common @app_dispatch [ RunTime:0.000014s ]
[ info ] [ ROUTE ] array (
  'type' => 'module',
  'module' => 
  array (
    0 => 'admin',
    1 => 'ajax',
    2 => 'wipecache',
  ),
)
[ info ] [ HEADER ] array (
  'cookie' => 'thinkphp_show_page_trace=0|0; uid=2; token=50446b79-6f1c-4eb2-9abc-2c19eb7a9159; thinkphp_show_page_trace=0|0; PHPSESSID=40vsve0haqvtacvur4afbs4v0t; keeplogin=1%7C86400%7C1731986374%7Cc033686637a60cbe64c2f8276a802fb1; frontend_language=en; backend_language=en',
  'accept-language' => 'zh-CN,zh;q=0.9,en;q=0.8',
  'accept-encoding' => 'gzip, deflate',
  'x-requested-with' => 'XMLHttpRequest',
  'accept' => 'application/json, text/javascript, */*; q=0.01',
  'user-agent' => 'Mozilla/5.0 (Macintosh; Intel Mac OS X 10_15_7) AppleWebKit/537.36 (KHTML, like Gecko) Chrome/130.0.0.0 Safari/537.36',
  'connection' => 'keep-alive',
  'host' => 'dev.sustens.com',
  'content-length' => '',
  'content-type' => '',
)
[ info ] [ PARAM ] array (
  'type' => 'all',
  '_' => '1731900785894',
)
[ info ] [ LANG ] /var/webstars/sustens/public/../application/admin/lang/zh-cn.php
[ info ] [ BEHAVIOR ] Run app\common\behavior\Common @module_init [ RunTime:0.000086s ]
[ info ] [ SESSION ] INIT array (
  'id' => '',
  'var_session_id' => '',
  'prefix' => 'think',
  'type' => '',
  'auto_start' => true,
)
[ info ] [ BEHAVIOR ] Run \addons\ldcms\Ldcms @config_init [ RunTime:0.000044s ]
[ info ] [ LANG ] /var/webstars/sustens/public/../application/admin/lang/zh-cn/ajax.php
[ info ] [ RUN ] app\admin\controller\Ajax->wipecache[ /var/webstars/sustens/application/admin/controller/Ajax.php ]
[ info ] [ BEHAVIOR ] Run app\admin\behavior\AdminLog @app_end [ RunTime:0.000070s ]
[ info ] [ LOG ] INIT File
---------------------------------------------------------------
[ 2024-11-18T11:33:16+08:00 ] 10.211.55.2 GET dev.sustens.com/message.html
[运行时间：0.078680s] [吞吐率：12.71req/s] [内存消耗：692.98kb] [文件加载：174]
[ info ] [ BEHAVIOR ] Run Closure @app_init [ RunTime:0.000018s ]
[ info ] [ CACHE ] INIT File
[ info ] [ DB ] INIT mysql
[ info ] [ BEHAVIOR ] Run \addons\ldcms\Ldcms @app_init [ RunTime:0.018303s ]
[ info ] [ BEHAVIOR ] Run Closure @app_init [ RunTime:0.018329s ]
[ info ] [ BEHAVIOR ] Run app\common\behavior\Common @app_init [ RunTime:0.000077s ]
[ info ] [ LANG ] /var/webstars/sustens/thinkphp/lang/zh-cn.php
[ info ] [ BEHAVIOR ] Run app\common\behavior\Common @app_dispatch [ RunTime:0.000032s ]
[ info ] [ ROUTE ] array (
  'type' => 'method',
  'method' => 
  array (
    0 => '\\think\\addons\\Route',
    1 => 'execute',
  ),
  'var' => 
  array (
    'addon' => 'ldcms',
    'controller' => 'lists',
    'action' => 'index',
  ),
)
[ info ] [ HEADER ] array (
  'cookie' => 'uid=2; token=50446b79-6f1c-4eb2-9abc-2c19eb7a9159; thinkphp_show_page_trace=0|0; PHPSESSID=40vsve0haqvtacvur4afbs4v0t; keeplogin=1%7C86400%7C1731986374%7Cc033686637a60cbe64c2f8276a802fb1; frontend_language=en; backend_language=en',
  'accept-language' => 'zh-CN,zh;q=0.9,en;q=0.8',
  'accept-encoding' => 'gzip, deflate',
  'referer' => 'http://dev.sustens.com/product.html?page=2',
  'accept' => 'text/html,application/xhtml+xml,application/xml;q=0.9,image/avif,image/webp,image/apng,*/*;q=0.8,application/signed-exchange;v=b3;q=0.7',
  'user-agent' => 'Mozilla/5.0 (Macintosh; Intel Mac OS X 10_15_7) AppleWebKit/537.36 (KHTML, like Gecko) Chrome/130.0.0.0 Safari/537.36',
  'upgrade-insecure-requests' => '1',
  'cache-control' => 'no-cache',
  'pragma' => 'no-cache',
  'connection' => 'keep-alive',
  'host' => 'dev.sustens.com',
  'content-length' => '',
  'content-type' => '',
)
[ info ] [ PARAM ] array (
  'category' => 'message',
)
[ info ] [ RUN ] think\addons\Route->execute[ /var/webstars/sustens/vendor/karsonzhang/fastadmin-addons/src/addons/Route.php ]
[ info ] [ LANG ] /var/webstars/sustens/public/../application/common/lang/zh-cn/addon.php
[ info ] [ BEHAVIOR ] Run app\common\behavior\Common @addon_begin [ RunTime:0.000159s ]
[ info ] [ TOKEN ] INIT Mysql
[ info ] [ BEHAVIOR ] Run \addons\ldcms\Ldcms @config_init [ RunTime:0.000048s ]
[ info ] [ LOG ] INIT File
---------------------------------------------------------------
[ 2024-11-18T11:33:24+08:00 ] 10.211.55.2 GET dev.sustens.com/?lg=zh-cn
[运行时间：0.434330s] [吞吐率：2.30req/s] [内存消耗：998.96kb] [文件加载：195]
[ info ] [ BEHAVIOR ] Run Closure @app_init [ RunTime:0.000024s ]
[ info ] [ CACHE ] INIT File
[ info ] [ DB ] INIT mysql
[ info ] [ BEHAVIOR ] Run \addons\ldcms\Ldcms @app_init [ RunTime:0.004329s ]
[ info ] [ BEHAVIOR ] Run Closure @app_init [ RunTime:0.004382s ]
[ info ] [ BEHAVIOR ] Run app\common\behavior\Common @app_init [ RunTime:0.000107s ]
[ info ] [ LANG ] /var/webstars/sustens/thinkphp/lang/zh-cn.php
[ info ] [ BEHAVIOR ] Run app\common\behavior\Common @app_dispatch [ RunTime:0.000030s ]
[ info ] [ ROUTE ] array (
  'type' => 'method',
  'method' => 
  array (
    0 => '\\think\\addons\\Route',
    1 => 'execute',
  ),
  'var' => 
  array (
    'addon' => 'ldcms',
    'controller' => 'index',
    'action' => 'index',
  ),
)
[ info ] [ HEADER ] array (
  'cookie' => 'uid=2; token=50446b79-6f1c-4eb2-9abc-2c19eb7a9159; thinkphp_show_page_trace=0|0; PHPSESSID=40vsve0haqvtacvur4afbs4v0t; keeplogin=1%7C86400%7C1731986374%7Cc033686637a60cbe64c2f8276a802fb1; frontend_language=en; backend_language=en',
  'accept-language' => 'zh-CN,zh;q=0.9,en;q=0.8',
  'accept-encoding' => 'gzip, deflate',
  'referer' => 'http://dev.sustens.com/product.html?page=2',
  'accept' => 'text/html,application/xhtml+xml,application/xml;q=0.9,image/avif,image/webp,image/apng,*/*;q=0.8,application/signed-exchange;v=b3;q=0.7',
  'user-agent' => 'Mozilla/5.0 (Macintosh; Intel Mac OS X 10_15_7) AppleWebKit/537.36 (KHTML, like Gecko) Chrome/130.0.0.0 Safari/537.36',
  'upgrade-insecure-requests' => '1',
  'cache-control' => 'no-cache',
  'pragma' => 'no-cache',
  'connection' => 'keep-alive',
  'host' => 'dev.sustens.com',
  'content-length' => '',
  'content-type' => '',
)
[ info ] [ PARAM ] array (
  'lg' => 'zh-cn',
)
[ info ] [ RUN ] think\addons\Route->execute[ /var/webstars/sustens/vendor/karsonzhang/fastadmin-addons/src/addons/Route.php ]
[ info ] [ LANG ] /var/webstars/sustens/public/../application/common/lang/zh-cn/addon.php
[ info ] [ BEHAVIOR ] Run app\common\behavior\Common @addon_begin [ RunTime:0.000159s ]
[ info ] [ TOKEN ] INIT Mysql
[ info ] [ BEHAVIOR ] Run \addons\ldcms\Ldcms @config_init [ RunTime:0.000100s ]
[ info ] [ LANG ] /var/webstars/sustens/addons/ldcms/lang/zh-cn.php
[ info ] [ VIEW ] /var/webstars/sustens/addons/ldcms/view/ldcms2024/index.html [ array (
  0 => 'user',
  1 => 'site',
  2 => 'config',
  3 => 'ld',
  4 => 'topid',
) ]
[ info ] [ SESSION ] INIT array (
  'id' => '',
  'var_session_id' => '',
  'prefix' => 'think',
  'type' => '',
  'auto_start' => true,
)
[ info ] [ LOG ] INIT File
[ error ] [2]Undefined variable $item[/var/webstars/sustens/runtime/temp/8359a87d2c49931d01c8bc03aba12b50.php:52]
[ error ] [2]Trying to access array offset on value of type null[/var/webstars/sustens/runtime/temp/8359a87d2c49931d01c8bc03aba12b50.php:52]
[ error ] [2]foreach() argument must be of type array|object, null given[/var/webstars/sustens/thinkphp/library/think/db/Query.php:746]
[ error ] [2]foreach() argument must be of type array|object, null given[/var/webstars/sustens/thinkphp/library/think/db/Query.php:746]
[ error ] [2]foreach() argument must be of type array|object, null given[/var/webstars/sustens/thinkphp/library/think/db/Query.php:746]
[ error ] [2]foreach() argument must be of type array|object, null given[/var/webstars/sustens/thinkphp/library/think/db/Query.php:746]
---------------------------------------------------------------
[ 2024-11-18T11:33:25+08:00 ] 10.211.55.2 GET dev.sustens.com/assets/addons/ldcms/ldcms2024/js/swiper.min.js.map
[运行时间：0.086908s] [吞吐率：11.51req/s] [内存消耗：240.42kb] [文件加载：77]
[ info ] [ BEHAVIOR ] Run Closure @app_init [ RunTime:0.000025s ]
[ info ] [ CACHE ] INIT File
[ info ] [ DB ] INIT mysql
[ info ] [ BEHAVIOR ] Run \addons\ldcms\Ldcms @app_init [ RunTime:0.022315s ]
[ info ] [ BEHAVIOR ] Run Closure @app_init [ RunTime:0.022351s ]
[ info ] [ BEHAVIOR ] Run app\common\behavior\Common @app_init [ RunTime:0.000741s ]
[ info ] [ LANG ] /var/webstars/sustens/thinkphp/lang/zh-cn.php
[ info ] [ BEHAVIOR ] Run app\common\behavior\Common @app_dispatch [ RunTime:0.000038s ]
[ info ] [ ROUTE ] array (
  'type' => 'module',
  'module' => 
  array (
    0 => 'assets',
    1 => 'addons',
    2 => 'ldcms',
  ),
)
[ info ] [ HEADER ] array (
  'cookie' => 'uid=2; token=50446b79-6f1c-4eb2-9abc-2c19eb7a9159; thinkphp_show_page_trace=0|0; PHPSESSID=40vsve0haqvtacvur4afbs4v0t; keeplogin=1%7C86400%7C1731986374%7Cc033686637a60cbe64c2f8276a802fb1; backend_language=en; frontend_language=zh-cn',
  'accept-language' => 'zh-CN,zh;q=0.9,en;q=0.8',
  'accept-encoding' => 'gzip, deflate',
  'user-agent' => 'Mozilla/5.0 (Macintosh; Intel Mac OS X 10_15_7) AppleWebKit/537.36 (KHTML, like Gecko) Chrome/130.0.0.0 Safari/537.36',
  'cache-control' => 'no-cache',
  'pragma' => 'no-cache',
  'connection' => 'keep-alive',
  'host' => 'dev.sustens.com',
  'content-length' => '',
  'content-type' => '',
)
[ info ] [ PARAM ] array (
  'ldcms2024' => 'js',
)
[ info ] [ LOG ] INIT File
---------------------------------------------------------------
[ 2024-11-18T11:33:26+08:00 ] 10.211.55.2 GET dev.sustens.com/assets/addons/ldcms/ldcms2024/css/bootstrap.min.css.map
[运行时间：0.020987s] [吞吐率：47.65req/s] [内存消耗：240.42kb] [文件加载：77]
[ info ] [ BEHAVIOR ] Run Closure @app_init [ RunTime:0.000022s ]
[ info ] [ CACHE ] INIT File
[ info ] [ DB ] INIT mysql
[ info ] [ BEHAVIOR ] Run \addons\ldcms\Ldcms @app_init [ RunTime:0.004873s ]
[ info ] [ BEHAVIOR ] Run Closure @app_init [ RunTime:0.005236s ]
[ info ] [ BEHAVIOR ] Run app\common\behavior\Common @app_init [ RunTime:0.000349s ]
[ info ] [ LANG ] /var/webstars/sustens/thinkphp/lang/zh-cn.php
[ info ] [ BEHAVIOR ] Run app\common\behavior\Common @app_dispatch [ RunTime:0.000025s ]
[ info ] [ ROUTE ] array (
  'type' => 'module',
  'module' => 
  array (
    0 => 'assets',
    1 => 'addons',
    2 => 'ldcms',
  ),
)
[ info ] [ HEADER ] array (
  'cookie' => 'uid=2; token=50446b79-6f1c-4eb2-9abc-2c19eb7a9159; thinkphp_show_page_trace=0|0; PHPSESSID=40vsve0haqvtacvur4afbs4v0t; keeplogin=1%7C86400%7C1731986374%7Cc033686637a60cbe64c2f8276a802fb1; backend_language=en; frontend_language=zh-cn',
  'accept-language' => 'zh-CN,zh;q=0.9,en;q=0.8',
  'accept-encoding' => 'gzip, deflate',
  'user-agent' => 'Mozilla/5.0 (Macintosh; Intel Mac OS X 10_15_7) AppleWebKit/537.36 (KHTML, like Gecko) Chrome/130.0.0.0 Safari/537.36',
  'cache-control' => 'no-cache',
  'pragma' => 'no-cache',
  'connection' => 'keep-alive',
  'host' => 'dev.sustens.com',
  'content-length' => '',
  'content-type' => '',
)
[ info ] [ PARAM ] array (
  'ldcms2024' => 'css',
)
[ info ] [ LOG ] INIT File
---------------------------------------------------------------
[ 2024-11-18T11:33:27+08:00 ] 10.211.55.2 GET dev.sustens.com/gongsixinwen.html
[运行时间：0.118980s] [吞吐率：8.40req/s] [内存消耗：961.95kb] [文件加载：192]
[ info ] [ BEHAVIOR ] Run Closure @app_init [ RunTime:0.000017s ]
[ info ] [ CACHE ] INIT File
[ info ] [ DB ] INIT mysql
[ info ] [ BEHAVIOR ] Run \addons\ldcms\Ldcms @app_init [ RunTime:0.003481s ]
[ info ] [ BEHAVIOR ] Run Closure @app_init [ RunTime:0.003504s ]
[ info ] [ BEHAVIOR ] Run app\common\behavior\Common @app_init [ RunTime:0.000085s ]
[ info ] [ LANG ] /var/webstars/sustens/thinkphp/lang/zh-cn.php
[ info ] [ BEHAVIOR ] Run app\common\behavior\Common @app_dispatch [ RunTime:0.000018s ]
[ info ] [ ROUTE ] array (
  'type' => 'method',
  'method' => 
  array (
    0 => '\\think\\addons\\Route',
    1 => 'execute',
  ),
  'var' => 
  array (
    'addon' => 'ldcms',
    'controller' => 'lists',
    'action' => 'index',
  ),
)
[ info ] [ HEADER ] array (
  'cookie' => 'uid=2; token=50446b79-6f1c-4eb2-9abc-2c19eb7a9159; thinkphp_show_page_trace=0|0; PHPSESSID=40vsve0haqvtacvur4afbs4v0t; keeplogin=1%7C86400%7C1731986374%7Cc033686637a60cbe64c2f8276a802fb1; backend_language=en; frontend_language=zh-cn',
  'accept-language' => 'zh-CN,zh;q=0.9,en;q=0.8',
  'accept-encoding' => 'gzip, deflate',
  'referer' => 'http://dev.sustens.com/?lg=zh-cn',
  'accept' => 'text/html,application/xhtml+xml,application/xml;q=0.9,image/avif,image/webp,image/apng,*/*;q=0.8,application/signed-exchange;v=b3;q=0.7',
  'user-agent' => 'Mozilla/5.0 (Macintosh; Intel Mac OS X 10_15_7) AppleWebKit/537.36 (KHTML, like Gecko) Chrome/130.0.0.0 Safari/537.36',
  'upgrade-insecure-requests' => '1',
  'connection' => 'keep-alive',
  'host' => 'dev.sustens.com',
  'content-length' => '',
  'content-type' => '',
)
[ info ] [ PARAM ] array (
  'category' => 'gongsixinwen',
)
[ info ] [ RUN ] think\addons\Route->execute[ /var/webstars/sustens/vendor/karsonzhang/fastadmin-addons/src/addons/Route.php ]
[ info ] [ LANG ] /var/webstars/sustens/public/../application/common/lang/zh-cn/addon.php
[ info ] [ BEHAVIOR ] Run app\common\behavior\Common @addon_begin [ RunTime:0.000137s ]
[ info ] [ TOKEN ] INIT Mysql
[ info ] [ BEHAVIOR ] Run \addons\ldcms\Ldcms @config_init [ RunTime:0.000034s ]
[ info ] [ LANG ] /var/webstars/sustens/addons/ldcms/lang/zh-cn.php
[ info ] [ VIEW ] /var/webstars/sustens/addons/ldcms/view/ldcms2024/list_news.html [ array (
  0 => 'user',
  1 => 'site',
  2 => 'config',
  3 => 'category',
  4 => 'parentsid',
  5 => 'childids',
  6 => 'ld',
  7 => 'topid',
) ]
[ info ] [ SESSION ] INIT array (
  'id' => '',
  'var_session_id' => '',
  'prefix' => 'think',
  'type' => '',
  'auto_start' => true,
)
[ info ] [ LOG ] INIT File
[ error ] [2]Undefined variable $item[/var/webstars/sustens/runtime/temp/eee8406db64de47c47d78feb87aa71a7.php:52]
[ error ] [2]Trying to access array offset on value of type null[/var/webstars/sustens/runtime/temp/eee8406db64de47c47d78feb87aa71a7.php:52]
---------------------------------------------------------------
[ 2024-11-18T11:33:30+08:00 ] 10.211.55.2 GET dev.sustens.com/?lg=en
[运行时间：0.240515s] [吞吐率：4.16req/s] [内存消耗：991.17kb] [文件加载：193]
[ info ] [ BEHAVIOR ] Run Closure @app_init [ RunTime:0.000026s ]
[ info ] [ CACHE ] INIT File
[ info ] [ DB ] INIT mysql
[ info ] [ BEHAVIOR ] Run \addons\ldcms\Ldcms @app_init [ RunTime:0.003070s ]
[ info ] [ BEHAVIOR ] Run Closure @app_init [ RunTime:0.003100s ]
[ info ] [ BEHAVIOR ] Run app\common\behavior\Common @app_init [ RunTime:0.000170s ]
[ info ] [ LANG ] /var/webstars/sustens/thinkphp/lang/zh-cn.php
[ info ] [ BEHAVIOR ] Run app\common\behavior\Common @app_dispatch [ RunTime:0.000020s ]
[ info ] [ ROUTE ] array (
  'type' => 'method',
  'method' => 
  array (
    0 => '\\think\\addons\\Route',
    1 => 'execute',
  ),
  'var' => 
  array (
    'addon' => 'ldcms',
    'controller' => 'index',
    'action' => 'index',
  ),
)
[ info ] [ HEADER ] array (
  'cookie' => 'uid=2; token=50446b79-6f1c-4eb2-9abc-2c19eb7a9159; thinkphp_show_page_trace=0|0; PHPSESSID=40vsve0haqvtacvur4afbs4v0t; keeplogin=1%7C86400%7C1731986374%7Cc033686637a60cbe64c2f8276a802fb1; backend_language=en; frontend_language=zh-cn',
  'accept-language' => 'zh-CN,zh;q=0.9,en;q=0.8',
  'accept-encoding' => 'gzip, deflate',
  'referer' => 'http://dev.sustens.com/gongsixinwen.html',
  'accept' => 'text/html,application/xhtml+xml,application/xml;q=0.9,image/avif,image/webp,image/apng,*/*;q=0.8,application/signed-exchange;v=b3;q=0.7',
  'user-agent' => 'Mozilla/5.0 (Macintosh; Intel Mac OS X 10_15_7) AppleWebKit/537.36 (KHTML, like Gecko) Chrome/130.0.0.0 Safari/537.36',
  'upgrade-insecure-requests' => '1',
  'connection' => 'keep-alive',
  'host' => 'dev.sustens.com',
  'content-length' => '',
  'content-type' => '',
)
[ info ] [ PARAM ] array (
  'lg' => 'en',
)
[ info ] [ RUN ] think\addons\Route->execute[ /var/webstars/sustens/vendor/karsonzhang/fastadmin-addons/src/addons/Route.php ]
[ info ] [ LANG ] /var/webstars/sustens/public/../application/common/lang/zh-cn/addon.php
[ info ] [ BEHAVIOR ] Run app\common\behavior\Common @addon_begin [ RunTime:0.003057s ]
[ info ] [ TOKEN ] INIT Mysql
[ info ] [ BEHAVIOR ] Run \addons\ldcms\Ldcms @config_init [ RunTime:0.000045s ]
[ info ] [ LANG ] /var/webstars/sustens/addons/ldcms/lang/en.php
[ info ] [ VIEW ] /var/webstars/sustens/addons/ldcms/view/ldcms2024en/index.html [ array (
  0 => 'user',
  1 => 'site',
  2 => 'config',
  3 => 'ld',
  4 => 'topid',
) ]
[ info ] [ SESSION ] INIT array (
  'id' => '',
  'var_session_id' => '',
  'prefix' => 'think',
  'type' => '',
  'auto_start' => true,
)
[ info ] [ LOG ] INIT File
[ error ] [2]Undefined variable $item[/var/webstars/sustens/runtime/temp/299657e5b27cba4c6150258fc30dfc8a.php:52]
[ error ] [2]Trying to access array offset on value of type null[/var/webstars/sustens/runtime/temp/299657e5b27cba4c6150258fc30dfc8a.php:52]
[ error ] [2]foreach() argument must be of type array|object, null given[/var/webstars/sustens/thinkphp/library/think/db/Query.php:746]
[ error ] [2]foreach() argument must be of type array|object, null given[/var/webstars/sustens/thinkphp/library/think/db/Query.php:746]
[ error ] [2]foreach() argument must be of type array|object, null given[/var/webstars/sustens/thinkphp/library/think/db/Query.php:746]
[ error ] [2]foreach() argument must be of type array|object, null given[/var/webstars/sustens/thinkphp/library/think/db/Query.php:746]
[ error ] [2]Undefined array key "url"[/var/webstars/sustens/runtime/temp/299657e5b27cba4c6150258fc30dfc8a.php:809]
[ error ] [2]Undefined array key "name"[/var/webstars/sustens/runtime/temp/299657e5b27cba4c6150258fc30dfc8a.php:809]
[ error ] [2]Undefined array key "url"[/var/webstars/sustens/runtime/temp/299657e5b27cba4c6150258fc30dfc8a.php:811]
[ error ] [2]Undefined array key "name"[/var/webstars/sustens/runtime/temp/299657e5b27cba4c6150258fc30dfc8a.php:811]
---------------------------------------------------------------
[ 2024-11-18T11:33:32+08:00 ] 10.211.55.2 GET dev.sustens.com/fuwuanli_en.html
[运行时间：0.174871s] [吞吐率：5.72req/s] [内存消耗：960.85kb] [文件加载：193]
[ info ] [ BEHAVIOR ] Run Closure @app_init [ RunTime:0.000028s ]
[ info ] [ CACHE ] INIT File
[ info ] [ DB ] INIT mysql
[ info ] [ BEHAVIOR ] Run \addons\ldcms\Ldcms @app_init [ RunTime:0.006278s ]
[ info ] [ BEHAVIOR ] Run Closure @app_init [ RunTime:0.006309s ]
[ info ] [ BEHAVIOR ] Run app\common\behavior\Common @app_init [ RunTime:0.000080s ]
[ info ] [ LANG ] /var/webstars/sustens/thinkphp/lang/zh-cn.php
[ info ] [ BEHAVIOR ] Run app\common\behavior\Common @app_dispatch [ RunTime:0.000024s ]
[ info ] [ ROUTE ] array (
  'type' => 'method',
  'method' => 
  array (
    0 => '\\think\\addons\\Route',
    1 => 'execute',
  ),
  'var' => 
  array (
    'addon' => 'ldcms',
    'controller' => 'lists',
    'action' => 'index',
  ),
)
[ info ] [ HEADER ] array (
  'cookie' => 'uid=2; token=50446b79-6f1c-4eb2-9abc-2c19eb7a9159; thinkphp_show_page_trace=0|0; PHPSESSID=40vsve0haqvtacvur4afbs4v0t; keeplogin=1%7C86400%7C1731986374%7Cc033686637a60cbe64c2f8276a802fb1; backend_language=en; frontend_language=en',
  'accept-language' => 'zh-CN,zh;q=0.9,en;q=0.8',
  'accept-encoding' => 'gzip, deflate',
  'referer' => 'http://dev.sustens.com/?lg=en',
  'accept' => 'text/html,application/xhtml+xml,application/xml;q=0.9,image/avif,image/webp,image/apng,*/*;q=0.8,application/signed-exchange;v=b3;q=0.7',
  'user-agent' => 'Mozilla/5.0 (Macintosh; Intel Mac OS X 10_15_7) AppleWebKit/537.36 (KHTML, like Gecko) Chrome/130.0.0.0 Safari/537.36',
  'upgrade-insecure-requests' => '1',
  'connection' => 'keep-alive',
  'host' => 'dev.sustens.com',
  'content-length' => '',
  'content-type' => '',
)
[ info ] [ PARAM ] array (
  'category' => 'fuwuanli_en',
)
[ info ] [ RUN ] think\addons\Route->execute[ /var/webstars/sustens/vendor/karsonzhang/fastadmin-addons/src/addons/Route.php ]
[ info ] [ LANG ] /var/webstars/sustens/public/../application/common/lang/zh-cn/addon.php
[ info ] [ BEHAVIOR ] Run app\common\behavior\Common @addon_begin [ RunTime:0.000152s ]
[ info ] [ TOKEN ] INIT Mysql
[ info ] [ BEHAVIOR ] Run \addons\ldcms\Ldcms @config_init [ RunTime:0.000050s ]
[ info ] [ LANG ] /var/webstars/sustens/addons/ldcms/lang/en.php
[ info ] [ VIEW ] /var/webstars/sustens/addons/ldcms/view/ldcms2024en/list_case.html [ array (
  0 => 'user',
  1 => 'site',
  2 => 'config',
  3 => 'category',
  4 => 'parentsid',
  5 => 'childids',
  6 => 'ld',
  7 => 'topid',
) ]
[ info ] [ SESSION ] INIT array (
  'id' => '',
  'var_session_id' => '',
  'prefix' => 'think',
  'type' => '',
  'auto_start' => true,
)
[ info ] [ LOG ] INIT File
[ error ] [2]Undefined variable $item[/var/webstars/sustens/runtime/temp/4b1836516588cbe822e8037295a5111c.php:52]
[ error ] [2]Trying to access array offset on value of type null[/var/webstars/sustens/runtime/temp/4b1836516588cbe822e8037295a5111c.php:52]
[ error ] [2]Undefined array key "url"[/var/webstars/sustens/runtime/temp/4b1836516588cbe822e8037295a5111c.php:442]
[ error ] [2]Undefined array key "name"[/var/webstars/sustens/runtime/temp/4b1836516588cbe822e8037295a5111c.php:442]
[ error ] [2]Undefined array key "url"[/var/webstars/sustens/runtime/temp/4b1836516588cbe822e8037295a5111c.php:444]
[ error ] [2]Undefined array key "name"[/var/webstars/sustens/runtime/temp/4b1836516588cbe822e8037295a5111c.php:444]
---------------------------------------------------------------
[ 2024-11-18T11:33:34+08:00 ] 10.211.55.2 GET dev.sustens.com/gongsixinwen_en.html
[运行时间：0.146568s] [吞吐率：6.82req/s] [内存消耗：962.14kb] [文件加载：192]
[ info ] [ BEHAVIOR ] Run Closure @app_init [ RunTime:0.000022s ]
[ info ] [ CACHE ] INIT File
[ info ] [ DB ] INIT mysql
[ info ] [ BEHAVIOR ] Run \addons\ldcms\Ldcms @app_init [ RunTime:0.003036s ]
[ info ] [ BEHAVIOR ] Run Closure @app_init [ RunTime:0.003068s ]
[ info ] [ BEHAVIOR ] Run app\common\behavior\Common @app_init [ RunTime:0.000094s ]
[ info ] [ LANG ] /var/webstars/sustens/thinkphp/lang/zh-cn.php
[ info ] [ BEHAVIOR ] Run app\common\behavior\Common @app_dispatch [ RunTime:0.000031s ]
[ info ] [ ROUTE ] array (
  'type' => 'method',
  'method' => 
  array (
    0 => '\\think\\addons\\Route',
    1 => 'execute',
  ),
  'var' => 
  array (
    'addon' => 'ldcms',
    'controller' => 'lists',
    'action' => 'index',
  ),
)
[ info ] [ HEADER ] array (
  'cookie' => 'uid=2; token=50446b79-6f1c-4eb2-9abc-2c19eb7a9159; thinkphp_show_page_trace=0|0; PHPSESSID=40vsve0haqvtacvur4afbs4v0t; keeplogin=1%7C86400%7C1731986374%7Cc033686637a60cbe64c2f8276a802fb1; backend_language=en; frontend_language=en',
  'accept-language' => 'zh-CN,zh;q=0.9,en;q=0.8',
  'accept-encoding' => 'gzip, deflate',
  'referer' => 'http://dev.sustens.com/fuwuanli_en.html',
  'accept' => 'text/html,application/xhtml+xml,application/xml;q=0.9,image/avif,image/webp,image/apng,*/*;q=0.8,application/signed-exchange;v=b3;q=0.7',
  'user-agent' => 'Mozilla/5.0 (Macintosh; Intel Mac OS X 10_15_7) AppleWebKit/537.36 (KHTML, like Gecko) Chrome/130.0.0.0 Safari/537.36',
  'upgrade-insecure-requests' => '1',
  'connection' => 'keep-alive',
  'host' => 'dev.sustens.com',
  'content-length' => '',
  'content-type' => '',
)
[ info ] [ PARAM ] array (
  'category' => 'gongsixinwen_en',
)
[ info ] [ RUN ] think\addons\Route->execute[ /var/webstars/sustens/vendor/karsonzhang/fastadmin-addons/src/addons/Route.php ]
[ info ] [ LANG ] /var/webstars/sustens/public/../application/common/lang/zh-cn/addon.php
[ info ] [ BEHAVIOR ] Run app\common\behavior\Common @addon_begin [ RunTime:0.000159s ]
[ info ] [ TOKEN ] INIT Mysql
[ info ] [ BEHAVIOR ] Run \addons\ldcms\Ldcms @config_init [ RunTime:0.000045s ]
[ info ] [ LANG ] /var/webstars/sustens/addons/ldcms/lang/en.php
[ info ] [ VIEW ] /var/webstars/sustens/addons/ldcms/view/ldcms2024en/list_news.html [ array (
  0 => 'user',
  1 => 'site',
  2 => 'config',
  3 => 'category',
  4 => 'parentsid',
  5 => 'childids',
  6 => 'ld',
  7 => 'topid',
) ]
[ info ] [ SESSION ] INIT array (
  'id' => '',
  'var_session_id' => '',
  'prefix' => 'think',
  'type' => '',
  'auto_start' => true,
)
[ info ] [ LOG ] INIT File
[ error ] [2]Undefined variable $item[/var/webstars/sustens/runtime/temp/4a880abd5a005cc72c8db074a6baf84f.php:52]
[ error ] [2]Trying to access array offset on value of type null[/var/webstars/sustens/runtime/temp/4a880abd5a005cc72c8db074a6baf84f.php:52]
[ error ] [2]Undefined array key "url"[/var/webstars/sustens/runtime/temp/4a880abd5a005cc72c8db074a6baf84f.php:473]
[ error ] [2]Undefined array key "name"[/var/webstars/sustens/runtime/temp/4a880abd5a005cc72c8db074a6baf84f.php:473]
[ error ] [2]Undefined array key "url"[/var/webstars/sustens/runtime/temp/4a880abd5a005cc72c8db074a6baf84f.php:475]
[ error ] [2]Undefined array key "name"[/var/webstars/sustens/runtime/temp/4a880abd5a005cc72c8db074a6baf84f.php:475]
---------------------------------------------------------------
[ 2024-11-18T11:33:39+08:00 ] 10.211.55.2 GET dev.sustens.com/?lg=zh-cn
[运行时间：0.578737s] [吞吐率：1.73req/s] [内存消耗：899.82kb] [文件加载：191]
[ info ] [ BEHAVIOR ] Run Closure @app_init [ RunTime:0.000025s ]
[ info ] [ CACHE ] INIT File
[ info ] [ DB ] INIT mysql
[ info ] [ BEHAVIOR ] Run \addons\ldcms\Ldcms @app_init [ RunTime:0.020049s ]
[ info ] [ BEHAVIOR ] Run Closure @app_init [ RunTime:0.020077s ]
[ info ] [ BEHAVIOR ] Run app\common\behavior\Common @app_init [ RunTime:0.001757s ]
[ info ] [ LANG ] /var/webstars/sustens/thinkphp/lang/zh-cn.php
[ info ] [ BEHAVIOR ] Run app\common\behavior\Common @app_dispatch [ RunTime:0.000023s ]
[ info ] [ ROUTE ] array (
  'type' => 'method',
  'method' => 
  array (
    0 => '\\think\\addons\\Route',
    1 => 'execute',
  ),
  'var' => 
  array (
    'addon' => 'ldcms',
    'controller' => 'index',
    'action' => 'index',
  ),
)
[ info ] [ HEADER ] array (
  'cookie' => 'uid=2; token=50446b79-6f1c-4eb2-9abc-2c19eb7a9159; thinkphp_show_page_trace=0|0; PHPSESSID=40vsve0haqvtacvur4afbs4v0t; keeplogin=1%7C86400%7C1731986374%7Cc033686637a60cbe64c2f8276a802fb1; backend_language=en; frontend_language=en',
  'accept-language' => 'zh-CN,zh;q=0.9,en;q=0.8',
  'accept-encoding' => 'gzip, deflate',
  'referer' => 'http://dev.sustens.com/gongsixinwen_en.html',
  'accept' => 'text/html,application/xhtml+xml,application/xml;q=0.9,image/avif,image/webp,image/apng,*/*;q=0.8,application/signed-exchange;v=b3;q=0.7',
  'user-agent' => 'Mozilla/5.0 (Macintosh; Intel Mac OS X 10_15_7) AppleWebKit/537.36 (KHTML, like Gecko) Chrome/130.0.0.0 Safari/537.36',
  'upgrade-insecure-requests' => '1',
  'connection' => 'keep-alive',
  'host' => 'dev.sustens.com',
  'content-length' => '',
  'content-type' => '',
)
[ info ] [ PARAM ] array (
  'lg' => 'zh-cn',
)
[ info ] [ RUN ] think\addons\Route->execute[ /var/webstars/sustens/vendor/karsonzhang/fastadmin-addons/src/addons/Route.php ]
[ info ] [ LANG ] /var/webstars/sustens/public/../application/common/lang/zh-cn/addon.php
[ info ] [ BEHAVIOR ] Run app\common\behavior\Common @addon_begin [ RunTime:0.001972s ]
[ info ] [ TOKEN ] INIT Mysql
[ info ] [ BEHAVIOR ] Run \addons\ldcms\Ldcms @config_init [ RunTime:0.000052s ]
[ info ] [ LANG ] /var/webstars/sustens/addons/ldcms/lang/zh-cn.php
[ info ] [ VIEW ] /var/webstars/sustens/addons/ldcms/view/ldcms2024/index.html [ array (
  0 => 'user',
  1 => 'site',
  2 => 'config',
  3 => 'ld',
  4 => 'topid',
) ]
[ info ] [ SESSION ] INIT array (
  'id' => '',
  'var_session_id' => '',
  'prefix' => 'think',
  'type' => '',
  'auto_start' => true,
)
[ info ] [ LOG ] INIT File
[ error ] [2]Undefined variable $item[/var/webstars/sustens/runtime/temp/8359a87d2c49931d01c8bc03aba12b50.php:52]
[ error ] [2]Trying to access array offset on value of type null[/var/webstars/sustens/runtime/temp/8359a87d2c49931d01c8bc03aba12b50.php:52]
[ error ] [2]foreach() argument must be of type array|object, null given[/var/webstars/sustens/thinkphp/library/think/db/Query.php:746]
[ error ] [2]foreach() argument must be of type array|object, null given[/var/webstars/sustens/thinkphp/library/think/db/Query.php:746]
[ error ] [2]foreach() argument must be of type array|object, null given[/var/webstars/sustens/thinkphp/library/think/db/Query.php:746]
[ error ] [2]foreach() argument must be of type array|object, null given[/var/webstars/sustens/thinkphp/library/think/db/Query.php:746]
---------------------------------------------------------------
[ 2024-11-18T11:33:41+08:00 ] 10.211.55.2 GET dev.sustens.com/lianxiwomen.html
[运行时间：0.131755s] [吞吐率：7.59req/s] [内存消耗：861.30kb] [文件加载：188]
[ info ] [ BEHAVIOR ] Run Closure @app_init [ RunTime:0.000031s ]
[ info ] [ CACHE ] INIT File
[ info ] [ DB ] INIT mysql
[ info ] [ BEHAVIOR ] Run \addons\ldcms\Ldcms @app_init [ RunTime:0.006572s ]
[ info ] [ BEHAVIOR ] Run Closure @app_init [ RunTime:0.006595s ]
[ info ] [ BEHAVIOR ] Run app\common\behavior\Common @app_init [ RunTime:0.000057s ]
[ info ] [ LANG ] /var/webstars/sustens/thinkphp/lang/zh-cn.php
[ info ] [ BEHAVIOR ] Run app\common\behavior\Common @app_dispatch [ RunTime:0.000017s ]
[ info ] [ ROUTE ] array (
  'type' => 'method',
  'method' => 
  array (
    0 => '\\think\\addons\\Route',
    1 => 'execute',
  ),
  'var' => 
  array (
    'addon' => 'ldcms',
    'controller' => 'lists',
    'action' => 'index',
  ),
)
[ info ] [ HEADER ] array (
  'cookie' => 'uid=2; token=50446b79-6f1c-4eb2-9abc-2c19eb7a9159; thinkphp_show_page_trace=0|0; PHPSESSID=40vsve0haqvtacvur4afbs4v0t; keeplogin=1%7C86400%7C1731986374%7Cc033686637a60cbe64c2f8276a802fb1; backend_language=en; frontend_language=zh-cn',
  'accept-language' => 'zh-CN,zh;q=0.9,en;q=0.8',
  'accept-encoding' => 'gzip, deflate',
  'referer' => 'http://dev.sustens.com/?lg=zh-cn',
  'accept' => 'text/html,application/xhtml+xml,application/xml;q=0.9,image/avif,image/webp,image/apng,*/*;q=0.8,application/signed-exchange;v=b3;q=0.7',
  'user-agent' => 'Mozilla/5.0 (Macintosh; Intel Mac OS X 10_15_7) AppleWebKit/537.36 (KHTML, like Gecko) Chrome/130.0.0.0 Safari/537.36',
  'upgrade-insecure-requests' => '1',
  'connection' => 'keep-alive',
  'host' => 'dev.sustens.com',
  'content-length' => '',
  'content-type' => '',
)
[ info ] [ PARAM ] array (
  'category' => 'lianxiwomen',
)
[ info ] [ RUN ] think\addons\Route->execute[ /var/webstars/sustens/vendor/karsonzhang/fastadmin-addons/src/addons/Route.php ]
[ info ] [ LANG ] /var/webstars/sustens/public/../application/common/lang/zh-cn/addon.php
[ info ] [ BEHAVIOR ] Run app\common\behavior\Common @addon_begin [ RunTime:0.000100s ]
[ info ] [ TOKEN ] INIT Mysql
[ info ] [ BEHAVIOR ] Run \addons\ldcms\Ldcms @config_init [ RunTime:0.000047s ]
[ info ] [ LANG ] /var/webstars/sustens/addons/ldcms/lang/zh-cn.php
[ info ] [ VIEW ] /var/webstars/sustens/addons/ldcms/view/ldcms2024/detail_contact.html [ array (
  0 => 'user',
  1 => 'site',
  2 => 'config',
  3 => 'category',
  4 => 'parentsid',
  5 => 'childids',
  6 => 'content',
  7 => 'ld',
  8 => 'topid',
) ]
[ info ] [ SESSION ] INIT array (
  'id' => '',
  'var_session_id' => '',
  'prefix' => 'think',
  'type' => '',
  'auto_start' => true,
)
[ info ] [ LOG ] INIT File
[ error ] [2]Undefined variable $item[/var/webstars/sustens/runtime/temp/247a14ae28b014573822b19d7c28bc79.php:52]
[ error ] [2]Trying to access array offset on value of type null[/var/webstars/sustens/runtime/temp/247a14ae28b014573822b19d7c28bc79.php:52]
---------------------------------------------------------------
[ 2024-11-18T11:33:52+08:00 ] 10.211.55.2 POST dev.sustens.com/addons/ldcms/diyform/message.html
[运行时间：0.097903s] [吞吐率：10.21req/s] [内存消耗：771.73kb] [文件加载：185]
[ info ] [ BEHAVIOR ] Run Closure @app_init [ RunTime:0.000037s ]
[ info ] [ CACHE ] INIT File
[ info ] [ DB ] INIT mysql
[ info ] [ BEHAVIOR ] Run \addons\ldcms\Ldcms @app_init [ RunTime:0.004703s ]
[ info ] [ BEHAVIOR ] Run Closure @app_init [ RunTime:0.004729s ]
[ info ] [ BEHAVIOR ] Run app\common\behavior\Common @app_init [ RunTime:0.000078s ]
[ info ] [ LANG ] /var/webstars/sustens/thinkphp/lang/zh-cn.php
[ info ] [ BEHAVIOR ] Run app\common\behavior\Common @app_dispatch [ RunTime:0.000018s ]
[ info ] [ ROUTE ] array (
  'type' => 'method',
  'method' => 
  array (
    0 => '\\think\\addons\\Route',
    1 => 'execute',
  ),
  'var' => 
  array (
  ),
)
[ info ] [ HEADER ] array (
  'cookie' => 'thinkphp_show_page_trace=0|0; uid=2; token=50446b79-6f1c-4eb2-9abc-2c19eb7a9159; thinkphp_show_page_trace=0|0; PHPSESSID=40vsve0haqvtacvur4afbs4v0t; keeplogin=1%7C86400%7C1731986374%7Cc033686637a60cbe64c2f8276a802fb1; backend_language=en; frontend_language=zh-cn',
  'accept-language' => 'zh-CN,zh;q=0.9,en;q=0.8',
  'accept-encoding' => 'gzip, deflate',
  'referer' => 'http://dev.sustens.com/lianxiwomen.html',
  'accept' => 'text/html,application/xhtml+xml,application/xml;q=0.9,image/avif,image/webp,image/apng,*/*;q=0.8,application/signed-exchange;v=b3;q=0.7',
  'user-agent' => 'Mozilla/5.0 (Macintosh; Intel Mac OS X 10_15_7) AppleWebKit/537.36 (KHTML, like Gecko) Chrome/130.0.0.0 Safari/537.36',
  'upgrade-insecure-requests' => '1',
  'content-type' => 'application/x-www-form-urlencoded',
  'origin' => 'http://dev.sustens.com',
  'cache-control' => 'max-age=0',
  'content-length' => '140',
  'connection' => 'keep-alive',
  'host' => 'dev.sustens.com',
)
[ info ] [ PARAM ] array (
  'uname' => '代发',
  'mobile' => '13651963992',
  'emails' => 'tai@sina.om',
  'companys' => 'taizi',
  'remark' => 'afsdfafasf',
  '__token__' => 'aea7344f27e6fe146e7cd049413fef94',
  'addon' => 'ldcms',
  'controller' => 'diyform',
  'action' => 'message',
)
[ info ] [ RUN ] think\addons\Route->execute[ /var/webstars/sustens/vendor/karsonzhang/fastadmin-addons/src/addons/Route.php ]
[ info ] [ LANG ] /var/webstars/sustens/public/../application/common/lang/zh-cn/addon.php
[ info ] [ BEHAVIOR ] Run app\common\behavior\Common @addon_begin [ RunTime:0.000221s ]
[ info ] [ TOKEN ] INIT Mysql
[ info ] [ BEHAVIOR ] Run \addons\ldcms\Ldcms @config_init [ RunTime:0.000046s ]
[ info ] [ LANG ] /var/webstars/sustens/addons/ldcms/lang/zh-cn.php
[ info ] [ SESSION ] INIT array (
  'id' => '',
  'var_session_id' => '',
  'prefix' => 'think',
  'type' => '',
  'auto_start' => true,
)
[ info ] [ VIEW ] /var/webstars/sustens/public/../application/common/view/tpl/dispatch_jump.tpl [ array (
  0 => 'user',
  1 => 'site',
  2 => 'config',
  3 => 'ld',
  4 => 'topid',
  5 => 'code',
  6 => 'msg',
  7 => 'data',
  8 => 'url',
  9 => 'wait',
) ]
[ info ] [ LOG ] INIT File
[ error ] [2]Undefined array key "captcha"[/var/webstars/sustens/addons/ldcms/controller/Diyform.php:46]
---------------------------------------------------------------
[ 2024-11-18T11:33:56+08:00 ] 10.211.55.2 GET dev.sustens.com/lianxiwomen.html
[运行时间：0.136873s] [吞吐率：7.31req/s] [内存消耗：808.02kb] [文件加载：184]
[ info ] [ BEHAVIOR ] Run Closure @app_init [ RunTime:0.000142s ]
[ info ] [ CACHE ] INIT File
[ info ] [ DB ] INIT mysql
[ info ] [ BEHAVIOR ] Run \addons\ldcms\Ldcms @app_init [ RunTime:0.003931s ]
[ info ] [ BEHAVIOR ] Run Closure @app_init [ RunTime:0.003969s ]
[ info ] [ BEHAVIOR ] Run app\common\behavior\Common @app_init [ RunTime:0.000588s ]
[ info ] [ LANG ] /var/webstars/sustens/thinkphp/lang/zh-cn.php
[ info ] [ BEHAVIOR ] Run app\common\behavior\Common @app_dispatch [ RunTime:0.000112s ]
[ info ] [ ROUTE ] array (
  'type' => 'method',
  'method' => 
  array (
    0 => '\\think\\addons\\Route',
    1 => 'execute',
  ),
  'var' => 
  array (
    'addon' => 'ldcms',
    'controller' => 'lists',
    'action' => 'index',
  ),
)
[ info ] [ HEADER ] array (
  'cookie' => 'uid=2; token=50446b79-6f1c-4eb2-9abc-2c19eb7a9159; thinkphp_show_page_trace=0|0; PHPSESSID=40vsve0haqvtacvur4afbs4v0t; keeplogin=1%7C86400%7C1731986374%7Cc033686637a60cbe64c2f8276a802fb1; backend_language=en; frontend_language=zh-cn',
  'accept-language' => 'zh-CN,zh;q=0.9,en;q=0.8',
  'accept-encoding' => 'gzip, deflate',
  'referer' => 'http://dev.sustens.com/?lg=zh-cn',
  'accept' => 'text/html,application/xhtml+xml,application/xml;q=0.9,image/avif,image/webp,image/apng,*/*;q=0.8,application/signed-exchange;v=b3;q=0.7',
  'user-agent' => 'Mozilla/5.0 (Macintosh; Intel Mac OS X 10_15_7) AppleWebKit/537.36 (KHTML, like Gecko) Chrome/130.0.0.0 Safari/537.36',
  'upgrade-insecure-requests' => '1',
  'connection' => 'keep-alive',
  'host' => 'dev.sustens.com',
  'content-length' => '',
  'content-type' => '',
)
[ info ] [ PARAM ] array (
  'category' => 'lianxiwomen',
)
[ info ] [ RUN ] think\addons\Route->execute[ /var/webstars/sustens/vendor/karsonzhang/fastadmin-addons/src/addons/Route.php ]
[ info ] [ LANG ] /var/webstars/sustens/public/../application/common/lang/zh-cn/addon.php
[ info ] [ BEHAVIOR ] Run app\common\behavior\Common @addon_begin [ RunTime:0.000190s ]
[ info ] [ TOKEN ] INIT Mysql
[ info ] [ BEHAVIOR ] Run \addons\ldcms\Ldcms @config_init [ RunTime:0.000041s ]
[ info ] [ LANG ] /var/webstars/sustens/addons/ldcms/lang/zh-cn.php
[ info ] [ VIEW ] /var/webstars/sustens/addons/ldcms/view/ldcms2024/detail_contact.html [ array (
  0 => 'user',
  1 => 'site',
  2 => 'config',
  3 => 'category',
  4 => 'parentsid',
  5 => 'childids',
  6 => 'content',
  7 => 'ld',
  8 => 'topid',
) ]
[ info ] [ SESSION ] INIT array (
  'id' => '',
  'var_session_id' => '',
  'prefix' => 'think',
  'type' => '',
  'auto_start' => true,
)
[ info ] [ LOG ] INIT File
[ error ] [2]Undefined variable $item[/var/webstars/sustens/runtime/temp/247a14ae28b014573822b19d7c28bc79.php:52]
[ error ] [2]Trying to access array offset on value of type null[/var/webstars/sustens/runtime/temp/247a14ae28b014573822b19d7c28bc79.php:52]
---------------------------------------------------------------
[ 2024-11-18T11:34:17+08:00 ] 10.211.55.2 POST dev.sustens.com/addons/ldcms/diyform/message.html
[运行时间：0.098006s] [吞吐率：10.20req/s] [内存消耗：756.74kb] [文件加载：182]
[ info ] [ BEHAVIOR ] Run Closure @app_init [ RunTime:0.000032s ]
[ info ] [ CACHE ] INIT File
[ info ] [ DB ] INIT mysql
[ info ] [ BEHAVIOR ] Run \addons\ldcms\Ldcms @app_init [ RunTime:0.004003s ]
[ info ] [ BEHAVIOR ] Run Closure @app_init [ RunTime:0.004053s ]
[ info ] [ BEHAVIOR ] Run app\common\behavior\Common @app_init [ RunTime:0.000092s ]
[ info ] [ LANG ] /var/webstars/sustens/thinkphp/lang/zh-cn.php
[ info ] [ BEHAVIOR ] Run app\common\behavior\Common @app_dispatch [ RunTime:0.000027s ]
[ info ] [ ROUTE ] array (
  'type' => 'method',
  'method' => 
  array (
    0 => '\\think\\addons\\Route',
    1 => 'execute',
  ),
  'var' => 
  array (
  ),
)
[ info ] [ HEADER ] array (
  'cookie' => 'thinkphp_show_page_trace=0|0; uid=2; token=50446b79-6f1c-4eb2-9abc-2c19eb7a9159; thinkphp_show_page_trace=0|0; PHPSESSID=40vsve0haqvtacvur4afbs4v0t; keeplogin=1%7C86400%7C1731986374%7Cc033686637a60cbe64c2f8276a802fb1; backend_language=en; frontend_language=zh-cn',
  'accept-language' => 'zh-CN,zh;q=0.9,en;q=0.8',
  'accept-encoding' => 'gzip, deflate',
  'referer' => 'http://dev.sustens.com/lianxiwomen.html',
  'accept' => 'text/html,application/xhtml+xml,application/xml;q=0.9,image/avif,image/webp,image/apng,*/*;q=0.8,application/signed-exchange;v=b3;q=0.7',
  'user-agent' => 'Mozilla/5.0 (Macintosh; Intel Mac OS X 10_15_7) AppleWebKit/537.36 (KHTML, like Gecko) Chrome/130.0.0.0 Safari/537.36',
  'upgrade-insecure-requests' => '1',
  'content-type' => 'application/x-www-form-urlencoded',
  'origin' => 'http://dev.sustens.com',
  'cache-control' => 'max-age=0',
  'content-length' => '90',
  'connection' => 'keep-alive',
  'host' => 'dev.sustens.com',
)
[ info ] [ PARAM ] array (
  'uname' => 'ffsaf',
  'mobile' => '13651963992',
  'remark' => 'fasdfsaaf',
  '__token__' => 'f4314d6e401b9ded661970caa40a6950',
  'addon' => 'ldcms',
  'controller' => 'diyform',
  'action' => 'message',
)
[ info ] [ RUN ] think\addons\Route->execute[ /var/webstars/sustens/vendor/karsonzhang/fastadmin-addons/src/addons/Route.php ]
[ info ] [ LANG ] /var/webstars/sustens/public/../application/common/lang/zh-cn/addon.php
[ info ] [ BEHAVIOR ] Run app\common\behavior\Common @addon_begin [ RunTime:0.003731s ]
[ info ] [ TOKEN ] INIT Mysql
[ info ] [ BEHAVIOR ] Run \addons\ldcms\Ldcms @config_init [ RunTime:0.000038s ]
[ info ] [ LANG ] /var/webstars/sustens/addons/ldcms/lang/zh-cn.php
[ info ] [ SESSION ] INIT array (
  'id' => '',
  'var_session_id' => '',
  'prefix' => 'think',
  'type' => '',
  'auto_start' => true,
)
[ info ] [ VIEW ] /var/webstars/sustens/public/../application/common/view/tpl/dispatch_jump.tpl [ array (
  0 => 'user',
  1 => 'site',
  2 => 'config',
  3 => 'ld',
  4 => 'topid',
  5 => 'code',
  6 => 'msg',
  7 => 'data',
  8 => 'url',
  9 => 'wait',
) ]
[ info ] [ LOG ] INIT File
[ error ] [2]Undefined array key "emails"[/var/webstars/sustens/addons/ldcms/controller/Diyform.php:37]
[ error ] [2]Undefined array key "companys"[/var/webstars/sustens/addons/ldcms/controller/Diyform.php:37]
[ error ] [2]Undefined array key "captcha"[/var/webstars/sustens/addons/ldcms/controller/Diyform.php:46]
---------------------------------------------------------------
[ 2024-11-18T11:34:20+08:00 ] 10.211.55.2 GET dev.sustens.com/
[运行时间：0.173936s] [吞吐率：5.75req/s] [内存消耗：894.59kb] [文件加载：191]
[ info ] [ BEHAVIOR ] Run Closure @app_init [ RunTime:0.000024s ]
[ info ] [ CACHE ] INIT File
[ info ] [ DB ] INIT mysql
[ info ] [ BEHAVIOR ] Run \addons\ldcms\Ldcms @app_init [ RunTime:0.003958s ]
[ info ] [ BEHAVIOR ] Run Closure @app_init [ RunTime:0.003983s ]
[ info ] [ BEHAVIOR ] Run app\common\behavior\Common @app_init [ RunTime:0.000077s ]
[ info ] [ LANG ] /var/webstars/sustens/thinkphp/lang/zh-cn.php
[ info ] [ BEHAVIOR ] Run app\common\behavior\Common @app_dispatch [ RunTime:0.000014s ]
[ info ] [ ROUTE ] array (
  'type' => 'method',
  'method' => 
  array (
    0 => '\\think\\addons\\Route',
    1 => 'execute',
  ),
  'var' => 
  array (
    'addon' => 'ldcms',
    'controller' => 'index',
    'action' => 'index',
  ),
)
[ info ] [ HEADER ] array (
  'cookie' => 'uid=2; token=50446b79-6f1c-4eb2-9abc-2c19eb7a9159; thinkphp_show_page_trace=0|0; PHPSESSID=40vsve0haqvtacvur4afbs4v0t; keeplogin=1%7C86400%7C1731986374%7Cc033686637a60cbe64c2f8276a802fb1; backend_language=en; frontend_language=zh-cn',
  'accept-language' => 'zh-CN,zh;q=0.9,en;q=0.8',
  'accept-encoding' => 'gzip, deflate',
  'referer' => 'http://dev.sustens.com/addons/ldcms/diyform/message.html',
  'accept' => 'text/html,application/xhtml+xml,application/xml;q=0.9,image/avif,image/webp,image/apng,*/*;q=0.8,application/signed-exchange;v=b3;q=0.7',
  'user-agent' => 'Mozilla/5.0 (Macintosh; Intel Mac OS X 10_15_7) AppleWebKit/537.36 (KHTML, like Gecko) Chrome/130.0.0.0 Safari/537.36',
  'upgrade-insecure-requests' => '1',
  'connection' => 'keep-alive',
  'host' => 'dev.sustens.com',
  'content-length' => '',
  'content-type' => '',
)
[ info ] [ PARAM ] array (
)
[ info ] [ RUN ] think\addons\Route->execute[ /var/webstars/sustens/vendor/karsonzhang/fastadmin-addons/src/addons/Route.php ]
[ info ] [ LANG ] /var/webstars/sustens/public/../application/common/lang/zh-cn/addon.php
[ info ] [ BEHAVIOR ] Run app\common\behavior\Common @addon_begin [ RunTime:0.000126s ]
[ info ] [ TOKEN ] INIT Mysql
[ info ] [ BEHAVIOR ] Run \addons\ldcms\Ldcms @config_init [ RunTime:0.000074s ]
[ info ] [ LANG ] /var/webstars/sustens/addons/ldcms/lang/zh-cn.php
[ info ] [ VIEW ] /var/webstars/sustens/addons/ldcms/view/ldcms2024/index.html [ array (
  0 => 'user',
  1 => 'site',
  2 => 'config',
  3 => 'ld',
  4 => 'topid',
) ]
[ info ] [ SESSION ] INIT array (
  'id' => '',
  'var_session_id' => '',
  'prefix' => 'think',
  'type' => '',
  'auto_start' => true,
)
[ info ] [ LOG ] INIT File
[ error ] [2]Undefined variable $item[/var/webstars/sustens/runtime/temp/8359a87d2c49931d01c8bc03aba12b50.php:52]
[ error ] [2]Trying to access array offset on value of type null[/var/webstars/sustens/runtime/temp/8359a87d2c49931d01c8bc03aba12b50.php:52]
[ error ] [2]foreach() argument must be of type array|object, null given[/var/webstars/sustens/thinkphp/library/think/db/Query.php:746]
[ error ] [2]foreach() argument must be of type array|object, null given[/var/webstars/sustens/thinkphp/library/think/db/Query.php:746]
[ error ] [2]foreach() argument must be of type array|object, null given[/var/webstars/sustens/thinkphp/library/think/db/Query.php:746]
[ error ] [2]foreach() argument must be of type array|object, null given[/var/webstars/sustens/thinkphp/library/think/db/Query.php:746]
---------------------------------------------------------------
[ 2024-11-18T11:34:26+08:00 ] 10.211.55.2 GET dev.sustens.com/lianxiwomen.html
[运行时间：0.087766s] [吞吐率：11.39req/s] [内存消耗：807.22kb] [文件加载：184]
[ info ] [ BEHAVIOR ] Run Closure @app_init [ RunTime:0.000021s ]
[ info ] [ CACHE ] INIT File
[ info ] [ DB ] INIT mysql
[ info ] [ BEHAVIOR ] Run \addons\ldcms\Ldcms @app_init [ RunTime:0.003203s ]
[ info ] [ BEHAVIOR ] Run Closure @app_init [ RunTime:0.003226s ]
[ info ] [ BEHAVIOR ] Run app\common\behavior\Common @app_init [ RunTime:0.000440s ]
[ info ] [ LANG ] /var/webstars/sustens/thinkphp/lang/zh-cn.php
[ info ] [ BEHAVIOR ] Run app\common\behavior\Common @app_dispatch [ RunTime:0.000019s ]
[ info ] [ ROUTE ] array (
  'type' => 'method',
  'method' => 
  array (
    0 => '\\think\\addons\\Route',
    1 => 'execute',
  ),
  'var' => 
  array (
    'addon' => 'ldcms',
    'controller' => 'lists',
    'action' => 'index',
  ),
)
[ info ] [ HEADER ] array (
  'cookie' => 'uid=2; token=50446b79-6f1c-4eb2-9abc-2c19eb7a9159; thinkphp_show_page_trace=0|0; PHPSESSID=40vsve0haqvtacvur4afbs4v0t; keeplogin=1%7C86400%7C1731986374%7Cc033686637a60cbe64c2f8276a802fb1; backend_language=en; frontend_language=zh-cn',
  'accept-language' => 'zh-CN,zh;q=0.9,en;q=0.8',
  'accept-encoding' => 'gzip, deflate',
  'referer' => 'http://dev.sustens.com/',
  'accept' => 'text/html,application/xhtml+xml,application/xml;q=0.9,image/avif,image/webp,image/apng,*/*;q=0.8,application/signed-exchange;v=b3;q=0.7',
  'user-agent' => 'Mozilla/5.0 (Macintosh; Intel Mac OS X 10_15_7) AppleWebKit/537.36 (KHTML, like Gecko) Chrome/130.0.0.0 Safari/537.36',
  'upgrade-insecure-requests' => '1',
  'connection' => 'keep-alive',
  'host' => 'dev.sustens.com',
  'content-length' => '',
  'content-type' => '',
)
[ info ] [ PARAM ] array (
  'category' => 'lianxiwomen',
)
[ info ] [ RUN ] think\addons\Route->execute[ /var/webstars/sustens/vendor/karsonzhang/fastadmin-addons/src/addons/Route.php ]
[ info ] [ LANG ] /var/webstars/sustens/public/../application/common/lang/zh-cn/addon.php
[ info ] [ BEHAVIOR ] Run app\common\behavior\Common @addon_begin [ RunTime:0.000080s ]
[ info ] [ TOKEN ] INIT Mysql
[ info ] [ BEHAVIOR ] Run \addons\ldcms\Ldcms @config_init [ RunTime:0.000032s ]
[ info ] [ LANG ] /var/webstars/sustens/addons/ldcms/lang/zh-cn.php
[ info ] [ VIEW ] /var/webstars/sustens/addons/ldcms/view/ldcms2024/detail_contact.html [ array (
  0 => 'user',
  1 => 'site',
  2 => 'config',
  3 => 'category',
  4 => 'parentsid',
  5 => 'childids',
  6 => 'content',
  7 => 'ld',
  8 => 'topid',
) ]
[ info ] [ SESSION ] INIT array (
  'id' => '',
  'var_session_id' => '',
  'prefix' => 'think',
  'type' => '',
  'auto_start' => true,
)
[ info ] [ LOG ] INIT File
[ error ] [2]Undefined variable $item[/var/webstars/sustens/runtime/temp/247a14ae28b014573822b19d7c28bc79.php:52]
[ error ] [2]Trying to access array offset on value of type null[/var/webstars/sustens/runtime/temp/247a14ae28b014573822b19d7c28bc79.php:52]
---------------------------------------------------------------
[ 2024-11-18T11:34:34+08:00 ] 10.211.55.2 GET dev.sustens.com/lianxiwomen.html
[运行时间：0.116405s] [吞吐率：8.59req/s] [内存消耗：807.22kb] [文件加载：184]
[ info ] [ BEHAVIOR ] Run Closure @app_init [ RunTime:0.000021s ]
[ info ] [ CACHE ] INIT File
[ info ] [ DB ] INIT mysql
[ info ] [ BEHAVIOR ] Run \addons\ldcms\Ldcms @app_init [ RunTime:0.003472s ]
[ info ] [ BEHAVIOR ] Run Closure @app_init [ RunTime:0.003500s ]
[ info ] [ BEHAVIOR ] Run app\common\behavior\Common @app_init [ RunTime:0.000085s ]
[ info ] [ LANG ] /var/webstars/sustens/thinkphp/lang/zh-cn.php
[ info ] [ BEHAVIOR ] Run app\common\behavior\Common @app_dispatch [ RunTime:0.000021s ]
[ info ] [ ROUTE ] array (
  'type' => 'method',
  'method' => 
  array (
    0 => '\\think\\addons\\Route',
    1 => 'execute',
  ),
  'var' => 
  array (
    'addon' => 'ldcms',
    'controller' => 'lists',
    'action' => 'index',
  ),
)
[ info ] [ HEADER ] array (
  'cookie' => 'uid=2; token=50446b79-6f1c-4eb2-9abc-2c19eb7a9159; thinkphp_show_page_trace=0|0; PHPSESSID=40vsve0haqvtacvur4afbs4v0t; keeplogin=1%7C86400%7C1731986374%7Cc033686637a60cbe64c2f8276a802fb1; backend_language=en; frontend_language=zh-cn',
  'accept-language' => 'zh-CN,zh;q=0.9,en;q=0.8',
  'accept-encoding' => 'gzip, deflate',
  'accept' => 'text/html,application/xhtml+xml,application/xml;q=0.9,image/avif,image/webp,image/apng,*/*;q=0.8,application/signed-exchange;v=b3;q=0.7',
  'user-agent' => 'Mozilla/5.0 (Macintosh; Intel Mac OS X 10_15_7) AppleWebKit/537.36 (KHTML, like Gecko) Chrome/130.0.0.0 Safari/537.36',
  'upgrade-insecure-requests' => '1',
  'cache-control' => 'max-age=0',
  'connection' => 'keep-alive',
  'host' => 'dev.sustens.com',
  'content-length' => '',
  'content-type' => '',
)
[ info ] [ PARAM ] array (
  'category' => 'lianxiwomen',
)
[ info ] [ RUN ] think\addons\Route->execute[ /var/webstars/sustens/vendor/karsonzhang/fastadmin-addons/src/addons/Route.php ]
[ info ] [ LANG ] /var/webstars/sustens/public/../application/common/lang/zh-cn/addon.php
[ info ] [ BEHAVIOR ] Run app\common\behavior\Common @addon_begin [ RunTime:0.000193s ]
[ info ] [ TOKEN ] INIT Mysql
[ info ] [ BEHAVIOR ] Run \addons\ldcms\Ldcms @config_init [ RunTime:0.000038s ]
[ info ] [ LANG ] /var/webstars/sustens/addons/ldcms/lang/zh-cn.php
[ info ] [ VIEW ] /var/webstars/sustens/addons/ldcms/view/ldcms2024/detail_contact.html [ array (
  0 => 'user',
  1 => 'site',
  2 => 'config',
  3 => 'category',
  4 => 'parentsid',
  5 => 'childids',
  6 => 'content',
  7 => 'ld',
  8 => 'topid',
) ]
[ info ] [ SESSION ] INIT array (
  'id' => '',
  'var_session_id' => '',
  'prefix' => 'think',
  'type' => '',
  'auto_start' => true,
)
[ info ] [ LOG ] INIT File
[ error ] [2]Undefined variable $item[/var/webstars/sustens/runtime/temp/247a14ae28b014573822b19d7c28bc79.php:52]
[ error ] [2]Trying to access array offset on value of type null[/var/webstars/sustens/runtime/temp/247a14ae28b014573822b19d7c28bc79.php:52]
---------------------------------------------------------------
[ 2024-11-18T11:34:57+08:00 ] 10.211.55.2 GET dev.sustens.com/MTyvDCHVOo.php/ldcms/diyform/index?addtabs=1
[运行时间：0.223946s] [吞吐率：4.47req/s] [内存消耗：663.37kb] [文件加载：97]
[ info ] [ BEHAVIOR ] Run Closure @app_init [ RunTime:0.000032s ]
[ info ] [ CACHE ] INIT File
[ info ] [ DB ] INIT mysql
[ info ] [ BEHAVIOR ] Run \addons\ldcms\Ldcms @app_init [ RunTime:0.025701s ]
[ info ] [ BEHAVIOR ] Run Closure @app_init [ RunTime:0.025726s ]
[ info ] [ BEHAVIOR ] Run app\common\behavior\Common @app_init [ RunTime:0.002128s ]
[ info ] [ LANG ] /var/webstars/sustens/thinkphp/lang/zh-cn.php
[ info ] [ BEHAVIOR ] Run app\common\behavior\Common @app_dispatch [ RunTime:0.000035s ]
[ info ] [ ROUTE ] array (
  'type' => 'module',
  'module' => 
  array (
    0 => 'admin',
    1 => 'ldcms.diyform',
    2 => 'index',
  ),
)
[ info ] [ HEADER ] array (
  'cookie' => 'thinkphp_show_page_trace=0|0; thinkphp_show_page_trace=0|0; thinkphp_show_page_trace=0|0; uid=2; token=50446b79-6f1c-4eb2-9abc-2c19eb7a9159; thinkphp_show_page_trace=0|0; PHPSESSID=40vsve0haqvtacvur4afbs4v0t; keeplogin=1%7C86400%7C1731986374%7Cc033686637a60cbe64c2f8276a802fb1; backend_language=en; frontend_language=zh-cn',
  'accept-language' => 'zh-CN,zh;q=0.9,en;q=0.8',
  'accept-encoding' => 'gzip, deflate',
  'accept' => 'text/html,application/xhtml+xml,application/xml;q=0.9,image/avif,image/webp,image/apng,*/*;q=0.8,application/signed-exchange;v=b3;q=0.7',
  'user-agent' => 'Mozilla/5.0 (Macintosh; Intel Mac OS X 10_15_7) AppleWebKit/537.36 (KHTML, like Gecko) Chrome/130.0.0.0 Safari/537.36',
  'upgrade-insecure-requests' => '1',
  'connection' => 'keep-alive',
  'host' => 'dev.sustens.com',
  'content-length' => '',
  'content-type' => '',
)
[ info ] [ PARAM ] array (
  'addtabs' => '1',
)
[ info ] [ LANG ] /var/webstars/sustens/public/../application/admin/lang/zh-cn.php
[ info ] [ BEHAVIOR ] Run app\common\behavior\Common @module_init [ RunTime:0.001081s ]
[ info ] [ SESSION ] INIT array (
  'id' => '',
  'var_session_id' => '',
  'prefix' => 'think',
  'type' => '',
  'auto_start' => true,
)
[ info ] [ BEHAVIOR ] Run \addons\ldcms\Ldcms @config_init [ RunTime:0.000044s ]
[ info ] [ LANG ] /var/webstars/sustens/public/../application/admin/lang/zh-cn/ldcms/diyform.php
[ info ] [ RUN ] app\common\controller\Backend->index[ /var/webstars/sustens/application/admin/library/traits/Backend.php ]
[ info ] [ VIEW ] /var/webstars/sustens/public/../application/admin/view/ldcms/diyform/index.html [ array (
  0 => 'breadcrumb',
  1 => 'site',
  2 => 'config',
  3 => 'auth',
  4 => 'admin',
  5 => 'addon_config',
) ]
[ info ] [ BEHAVIOR ] Run app\admin\behavior\AdminLog @app_end [ RunTime:0.002101s ]
[ info ] [ LOG ] INIT File
---------------------------------------------------------------
[ 2024-11-18T11:34:57+08:00 ] 10.211.55.2 GET dev.sustens.com/MTyvDCHVOo.php/ajax/lang?callback=define&controllername=ldcms.diyform&lang=zh-cn&v=1731900897
[运行时间：0.025322s] [吞吐率：39.49req/s] [内存消耗：304.57kb] [文件加载：91]
[ info ] [ BEHAVIOR ] Run Closure @app_init [ RunTime:0.000024s ]
[ info ] [ CACHE ] INIT File
[ info ] [ DB ] INIT mysql
[ info ] [ BEHAVIOR ] Run \addons\ldcms\Ldcms @app_init [ RunTime:0.002461s ]
[ info ] [ BEHAVIOR ] Run Closure @app_init [ RunTime:0.002482s ]
[ info ] [ BEHAVIOR ] Run app\common\behavior\Common @app_init [ RunTime:0.000252s ]
[ info ] [ LANG ] /var/webstars/sustens/thinkphp/lang/zh-cn.php
[ info ] [ BEHAVIOR ] Run app\common\behavior\Common @app_dispatch [ RunTime:0.000054s ]
[ info ] [ ROUTE ] array (
  'type' => 'module',
  'module' => 
  array (
    0 => 'admin',
    1 => 'ajax',
    2 => 'lang',
  ),
)
[ info ] [ HEADER ] array (
  'cookie' => 'thinkphp_show_page_trace=0|0; uid=2; token=50446b79-6f1c-4eb2-9abc-2c19eb7a9159; thinkphp_show_page_trace=0|0; PHPSESSID=40vsve0haqvtacvur4afbs4v0t; keeplogin=1%7C86400%7C1731986374%7Cc033686637a60cbe64c2f8276a802fb1; backend_language=en; frontend_language=zh-cn',
  'accept-language' => 'zh-CN,zh;q=0.9,en;q=0.8',
  'accept-encoding' => 'gzip, deflate',
  'accept' => '*/*',
  'user-agent' => 'Mozilla/5.0 (Macintosh; Intel Mac OS X 10_15_7) AppleWebKit/537.36 (KHTML, like Gecko) Chrome/130.0.0.0 Safari/537.36',
  'connection' => 'keep-alive',
  'host' => 'dev.sustens.com',
  'content-length' => '',
  'content-type' => '',
)
[ info ] [ PARAM ] array (
  'callback' => 'define',
  'controllername' => 'ldcms.diyform',
  'lang' => 'zh-cn',
  'v' => '1731900897',
)
[ info ] [ LANG ] /var/webstars/sustens/public/../application/admin/lang/zh-cn.php
[ info ] [ BEHAVIOR ] Run app\common\behavior\Common @module_init [ RunTime:0.000070s ]
[ info ] [ SESSION ] INIT array (
  'id' => '',
  'var_session_id' => '',
  'prefix' => 'think',
  'type' => '',
  'auto_start' => true,
)
[ info ] [ BEHAVIOR ] Run \addons\ldcms\Ldcms @config_init [ RunTime:0.000038s ]
[ info ] [ LANG ] /var/webstars/sustens/public/../application/admin/lang/zh-cn/ajax.php
[ info ] [ RUN ] app\admin\controller\Ajax->lang[ /var/webstars/sustens/application/admin/controller/Ajax.php ]
[ info ] [ LANG ] /var/webstars/sustens/public/../application/admin/lang/zh-cn/ldcms/diyform.php
[ info ] [ BEHAVIOR ] Run app\admin\behavior\AdminLog @app_end [ RunTime:0.000032s ]
[ info ] [ LOG ] INIT File
---------------------------------------------------------------
[ 2024-11-18T11:34:58+08:00 ] 10.211.55.2 GET dev.sustens.com/MTyvDCHVOo.php/ldcms/diyform/index?addtabs=1&sort=id&order=desc&offset=0&limit=10&filter=%7B%7D&op=%7B%7D&_=1731900897608
[运行时间：0.065952s] [吞吐率：15.16req/s] [内存消耗：646.92kb] [文件加载：95]
[ info ] [ BEHAVIOR ] Run Closure @app_init [ RunTime:0.000083s ]
[ info ] [ CACHE ] INIT File
[ info ] [ DB ] INIT mysql
[ info ] [ BEHAVIOR ] Run \addons\ldcms\Ldcms @app_init [ RunTime:0.010317s ]
[ info ] [ BEHAVIOR ] Run Closure @app_init [ RunTime:0.010356s ]
[ info ] [ BEHAVIOR ] Run app\common\behavior\Common @app_init [ RunTime:0.000147s ]
[ info ] [ LANG ] /var/webstars/sustens/thinkphp/lang/zh-cn.php
[ info ] [ BEHAVIOR ] Run app\common\behavior\Common @app_dispatch [ RunTime:0.000030s ]
[ info ] [ ROUTE ] array (
  'type' => 'module',
  'module' => 
  array (
    0 => 'admin',
    1 => 'ldcms.diyform',
    2 => 'index',
  ),
)
[ info ] [ HEADER ] array (
  'cookie' => 'thinkphp_show_page_trace=0|0; thinkphp_show_page_trace=0|0; thinkphp_show_page_trace=0|0; uid=2; token=50446b79-6f1c-4eb2-9abc-2c19eb7a9159; thinkphp_show_page_trace=0|0; PHPSESSID=40vsve0haqvtacvur4afbs4v0t; keeplogin=1%7C86400%7C1731986374%7Cc033686637a60cbe64c2f8276a802fb1; backend_language=en; frontend_language=zh-cn',
  'accept-language' => 'zh-CN,zh;q=0.9,en;q=0.8',
  'accept-encoding' => 'gzip, deflate',
  'content-type' => 'application/json',
  'accept' => 'application/json, text/javascript, */*; q=0.01',
  'user-agent' => 'Mozilla/5.0 (Macintosh; Intel Mac OS X 10_15_7) AppleWebKit/537.36 (KHTML, like Gecko) Chrome/130.0.0.0 Safari/537.36',
  'x-requested-with' => 'XMLHttpRequest',
  'connection' => 'keep-alive',
  'host' => 'dev.sustens.com',
  'content-length' => '',
)
[ info ] [ PARAM ] array (
  'addtabs' => '1',
  'sort' => 'id',
  'order' => 'desc',
  'offset' => '0',
  'limit' => '10',
  'filter' => '{}',
  'op' => '{}',
  '_' => '1731900897608',
)
[ info ] [ LANG ] /var/webstars/sustens/public/../application/admin/lang/zh-cn.php
[ info ] [ BEHAVIOR ] Run app\common\behavior\Common @module_init [ RunTime:0.000145s ]
[ info ] [ SESSION ] INIT array (
  'id' => '',
  'var_session_id' => '',
  'prefix' => 'think',
  'type' => '',
  'auto_start' => true,
)
[ info ] [ BEHAVIOR ] Run \addons\ldcms\Ldcms @config_init [ RunTime:0.000043s ]
[ info ] [ LANG ] /var/webstars/sustens/public/../application/admin/lang/zh-cn/ldcms/diyform.php
[ info ] [ RUN ] app\common\controller\Backend->index[ /var/webstars/sustens/application/admin/library/traits/Backend.php ]
[ info ] [ BEHAVIOR ] Run app\admin\behavior\AdminLog @app_end [ RunTime:0.000059s ]
[ info ] [ LOG ] INIT File
---------------------------------------------------------------
[ 2024-11-18T11:35:10+08:00 ] 10.211.55.2 GET dev.sustens.com/MTyvDCHVOo.php/ldcms/diyform/add?dialog=1
[运行时间：0.060875s] [吞吐率：16.43req/s] [内存消耗：715.29kb] [文件加载：98]
[ info ] [ BEHAVIOR ] Run Closure @app_init [ RunTime:0.000046s ]
[ info ] [ CACHE ] INIT File
[ info ] [ DB ] INIT mysql
[ info ] [ BEHAVIOR ] Run \addons\ldcms\Ldcms @app_init [ RunTime:0.002493s ]
[ info ] [ BEHAVIOR ] Run Closure @app_init [ RunTime:0.002528s ]
[ info ] [ BEHAVIOR ] Run app\common\behavior\Common @app_init [ RunTime:0.000066s ]
[ info ] [ LANG ] /var/webstars/sustens/thinkphp/lang/zh-cn.php
[ info ] [ BEHAVIOR ] Run app\common\behavior\Common @app_dispatch [ RunTime:0.000013s ]
[ info ] [ ROUTE ] array (
  'type' => 'module',
  'module' => 
  array (
    0 => 'admin',
    1 => 'ldcms.diyform',
    2 => 'add',
  ),
)
[ info ] [ HEADER ] array (
  'cookie' => 'thinkphp_show_page_trace=0|0; thinkphp_show_page_trace=0|0; thinkphp_show_page_trace=0|0; uid=2; token=50446b79-6f1c-4eb2-9abc-2c19eb7a9159; thinkphp_show_page_trace=0|0; PHPSESSID=40vsve0haqvtacvur4afbs4v0t; keeplogin=1%7C86400%7C1731986374%7Cc033686637a60cbe64c2f8276a802fb1; backend_language=en; frontend_language=zh-cn',
  'accept-language' => 'zh-CN,zh;q=0.9,en;q=0.8',
  'accept-encoding' => 'gzip, deflate',
  'accept' => 'text/html,application/xhtml+xml,application/xml;q=0.9,image/avif,image/webp,image/apng,*/*;q=0.8,application/signed-exchange;v=b3;q=0.7',
  'user-agent' => 'Mozilla/5.0 (Macintosh; Intel Mac OS X 10_15_7) AppleWebKit/537.36 (KHTML, like Gecko) Chrome/130.0.0.0 Safari/537.36',
  'upgrade-insecure-requests' => '1',
  'connection' => 'keep-alive',
  'host' => 'dev.sustens.com',
  'content-length' => '',
  'content-type' => '',
)
[ info ] [ PARAM ] array (
  'dialog' => '1',
)
[ info ] [ LANG ] /var/webstars/sustens/public/../application/admin/lang/zh-cn.php
[ info ] [ BEHAVIOR ] Run app\common\behavior\Common @module_init [ RunTime:0.000209s ]
[ info ] [ SESSION ] INIT array (
  'id' => '',
  'var_session_id' => '',
  'prefix' => 'think',
  'type' => '',
  'auto_start' => true,
)
[ info ] [ BEHAVIOR ] Run \addons\ldcms\Ldcms @config_init [ RunTime:0.000188s ]
[ info ] [ LANG ] /var/webstars/sustens/public/../application/admin/lang/zh-cn/ldcms/diyform.php
[ info ] [ RUN ] app\admin\controller\ldcms\Diyform->add[ /var/webstars/sustens/application/admin/controller/ldcms/Diyform.php ]
[ info ] [ VIEW ] /var/webstars/sustens/public/../application/admin/view/../../../addons/ldcms/utils/builder/view/fields.html [ array (
  0 => 'breadcrumb',
  1 => 'site',
  2 => 'config',
  3 => 'auth',
  4 => 'admin',
  5 => 'addon_config',
  6 => 'isForm',
  7 => 'fields',
  8 => 'tab_group',
  9 => 'item_group',
  10 => 'field_show',
) ]
[ info ] [ BEHAVIOR ] Run app\admin\behavior\AdminLog @app_end [ RunTime:0.000040s ]
[ info ] [ LOG ] INIT File
---------------------------------------------------------------
[ 2024-11-18T11:35:11+08:00 ] 10.211.55.2 GET dev.sustens.com/MTyvDCHVOo.php/ajax/lang?callback=define&controllername=ldcms.diyform&lang=zh-cn&v=1731900910
[运行时间：0.023225s] [吞吐率：43.06req/s] [内存消耗：304.57kb] [文件加载：91]
[ info ] [ BEHAVIOR ] Run Closure @app_init [ RunTime:0.000024s ]
[ info ] [ CACHE ] INIT File
[ info ] [ DB ] INIT mysql
[ info ] [ BEHAVIOR ] Run \addons\ldcms\Ldcms @app_init [ RunTime:0.004726s ]
[ info ] [ BEHAVIOR ] Run Closure @app_init [ RunTime:0.004755s ]
[ info ] [ BEHAVIOR ] Run app\common\behavior\Common @app_init [ RunTime:0.000112s ]
[ info ] [ LANG ] /var/webstars/sustens/thinkphp/lang/zh-cn.php
[ info ] [ BEHAVIOR ] Run app\common\behavior\Common @app_dispatch [ RunTime:0.000021s ]
[ info ] [ ROUTE ] array (
  'type' => 'module',
  'module' => 
  array (
    0 => 'admin',
    1 => 'ajax',
    2 => 'lang',
  ),
)
[ info ] [ HEADER ] array (
  'cookie' => 'thinkphp_show_page_trace=0|0; uid=2; token=50446b79-6f1c-4eb2-9abc-2c19eb7a9159; thinkphp_show_page_trace=0|0; PHPSESSID=40vsve0haqvtacvur4afbs4v0t; keeplogin=1%7C86400%7C1731986374%7Cc033686637a60cbe64c2f8276a802fb1; backend_language=en; frontend_language=zh-cn',
  'accept-language' => 'zh-CN,zh;q=0.9,en;q=0.8',
  'accept-encoding' => 'gzip, deflate',
  'accept' => '*/*',
  'user-agent' => 'Mozilla/5.0 (Macintosh; Intel Mac OS X 10_15_7) AppleWebKit/537.36 (KHTML, like Gecko) Chrome/130.0.0.0 Safari/537.36',
  'connection' => 'keep-alive',
  'host' => 'dev.sustens.com',
  'content-length' => '',
  'content-type' => '',
)
[ info ] [ PARAM ] array (
  'callback' => 'define',
  'controllername' => 'ldcms.diyform',
  'lang' => 'zh-cn',
  'v' => '1731900910',
)
[ info ] [ LANG ] /var/webstars/sustens/public/../application/admin/lang/zh-cn.php
[ info ] [ BEHAVIOR ] Run app\common\behavior\Common @module_init [ RunTime:0.000083s ]
[ info ] [ SESSION ] INIT array (
  'id' => '',
  'var_session_id' => '',
  'prefix' => 'think',
  'type' => '',
  'auto_start' => true,
)
[ info ] [ BEHAVIOR ] Run \addons\ldcms\Ldcms @config_init [ RunTime:0.000037s ]
[ info ] [ LANG ] /var/webstars/sustens/public/../application/admin/lang/zh-cn/ajax.php
[ info ] [ RUN ] app\admin\controller\Ajax->lang[ /var/webstars/sustens/application/admin/controller/Ajax.php ]
[ info ] [ LANG ] /var/webstars/sustens/public/../application/admin/lang/zh-cn/ldcms/diyform.php
[ info ] [ BEHAVIOR ] Run app\admin\behavior\AdminLog @app_end [ RunTime:0.000030s ]
[ info ] [ LOG ] INIT File
---------------------------------------------------------------
[ 2024-11-18T11:36:00+08:00 ] 10.211.55.2 POST dev.sustens.com/MTyvDCHVOo.php/ldcms/diyform/add?dialog=1
[运行时间：0.523136s] [吞吐率：1.91req/s] [内存消耗：611.70kb] [文件加载：93]
[ info ] [ BEHAVIOR ] Run Closure @app_init [ RunTime:0.000035s ]
[ info ] [ CACHE ] INIT File
[ info ] [ DB ] INIT mysql
[ info ] [ BEHAVIOR ] Run \addons\ldcms\Ldcms @app_init [ RunTime:0.203842s ]
[ info ] [ BEHAVIOR ] Run Closure @app_init [ RunTime:0.203873s ]
[ info ] [ BEHAVIOR ] Run app\common\behavior\Common @app_init [ RunTime:0.004223s ]
[ info ] [ LANG ] /var/webstars/sustens/thinkphp/lang/zh-cn.php
[ info ] [ BEHAVIOR ] Run app\common\behavior\Common @app_dispatch [ RunTime:0.000038s ]
[ info ] [ ROUTE ] array (
  'type' => 'module',
  'module' => 
  array (
    0 => 'admin',
    1 => 'ldcms.diyform',
    2 => 'add',
  ),
)
[ info ] [ HEADER ] array (
  'cookie' => 'thinkphp_show_page_trace=0|0; thinkphp_show_page_trace=0|0; thinkphp_show_page_trace=0|0; uid=2; token=50446b79-6f1c-4eb2-9abc-2c19eb7a9159; thinkphp_show_page_trace=0|0; PHPSESSID=40vsve0haqvtacvur4afbs4v0t; keeplogin=1%7C86400%7C1731986374%7Cc033686637a60cbe64c2f8276a802fb1; backend_language=en; frontend_language=zh-cn',
  'accept-language' => 'zh-CN,zh;q=0.9,en;q=0.8',
  'accept-encoding' => 'gzip, deflate',
  'origin' => 'http://dev.sustens.com',
  'content-type' => 'application/x-www-form-urlencoded; charset=UTF-8',
  'accept' => 'application/json, text/javascript, */*; q=0.01',
  'user-agent' => 'Mozilla/5.0 (Macintosh; Intel Mac OS X 10_15_7) AppleWebKit/537.36 (KHTML, like Gecko) Chrome/130.0.0.0 Safari/537.36',
  'x-requested-with' => 'XMLHttpRequest',
  'content-length' => '164',
  'connection' => 'keep-alive',
  'host' => 'dev.sustens.com',
)
[ info ] [ PARAM ] array (
  'dialog' => '1',
  'row' => 
  array (
    'name' => 'business',
    'title' => '商务咨询',
    'table' => 'ldcms_business',
    'needlogin' => '0',
    'iscaptcha' => '0',
    'status' => '1',
  ),
)
[ info ] [ LANG ] /var/webstars/sustens/public/../application/admin/lang/zh-cn.php
[ info ] [ BEHAVIOR ] Run app\common\behavior\Common @module_init [ RunTime:0.001630s ]
[ info ] [ SESSION ] INIT array (
  'id' => '',
  'var_session_id' => '',
  'prefix' => 'think',
  'type' => '',
  'auto_start' => true,
)
[ info ] [ BEHAVIOR ] Run \addons\ldcms\Ldcms @config_init [ RunTime:0.000051s ]
[ info ] [ LANG ] /var/webstars/sustens/public/../application/admin/lang/zh-cn/ldcms/diyform.php
[ info ] [ RUN ] app\admin\controller\ldcms\Diyform->add[ /var/webstars/sustens/application/admin/controller/ldcms/Diyform.php ]
[ info ] [ LOG ] INIT File
[ error ] [0]There is no active transaction[/var/webstars/sustens/thinkphp/library/think/db/Connection.php:695]
---------------------------------------------------------------
[ 2024-11-18T11:36:04+08:00 ] 10.211.55.2 POST dev.sustens.com/MTyvDCHVOo.php/ldcms/diyform/add?dialog=1
[运行时间：0.088270s] [吞吐率：11.33req/s] [内存消耗：632.44kb] [文件加载：96]
[ info ] [ BEHAVIOR ] Run Closure @app_init [ RunTime:0.000027s ]
[ info ] [ CACHE ] INIT File
[ info ] [ DB ] INIT mysql
[ info ] [ BEHAVIOR ] Run \addons\ldcms\Ldcms @app_init [ RunTime:0.005272s ]
[ info ] [ BEHAVIOR ] Run Closure @app_init [ RunTime:0.005295s ]
[ info ] [ BEHAVIOR ] Run app\common\behavior\Common @app_init [ RunTime:0.000085s ]
[ info ] [ LANG ] /var/webstars/sustens/thinkphp/lang/zh-cn.php
[ info ] [ BEHAVIOR ] Run app\common\behavior\Common @app_dispatch [ RunTime:0.000014s ]
[ info ] [ ROUTE ] array (
  'type' => 'module',
  'module' => 
  array (
    0 => 'admin',
    1 => 'ldcms.diyform',
    2 => 'add',
  ),
)
[ info ] [ HEADER ] array (
  'cookie' => 'thinkphp_show_page_trace=0|0; thinkphp_show_page_trace=0|0; thinkphp_show_page_trace=0|0; uid=2; token=50446b79-6f1c-4eb2-9abc-2c19eb7a9159; thinkphp_show_page_trace=0|0; PHPSESSID=40vsve0haqvtacvur4afbs4v0t; keeplogin=1%7C86400%7C1731986374%7Cc033686637a60cbe64c2f8276a802fb1; backend_language=en; frontend_language=zh-cn',
  'accept-language' => 'zh-CN,zh;q=0.9,en;q=0.8',
  'accept-encoding' => 'gzip, deflate',
  'origin' => 'http://dev.sustens.com',
  'content-type' => 'application/x-www-form-urlencoded; charset=UTF-8',
  'accept' => 'application/json, text/javascript, */*; q=0.01',
  'user-agent' => 'Mozilla/5.0 (Macintosh; Intel Mac OS X 10_15_7) AppleWebKit/537.36 (KHTML, like Gecko) Chrome/130.0.0.0 Safari/537.36',
  'x-requested-with' => 'XMLHttpRequest',
  'content-length' => '164',
  'connection' => 'keep-alive',
  'host' => 'dev.sustens.com',
)
[ info ] [ PARAM ] array (
  'dialog' => '1',
  'row' => 
  array (
    'name' => 'business',
    'title' => '商务咨询',
    'table' => 'ldcms_business',
    'needlogin' => '0',
    'iscaptcha' => '0',
    'status' => '1',
  ),
)
[ info ] [ LANG ] /var/webstars/sustens/public/../application/admin/lang/zh-cn.php
[ info ] [ BEHAVIOR ] Run app\common\behavior\Common @module_init [ RunTime:0.000168s ]
[ info ] [ SESSION ] INIT array (
  'id' => '',
  'var_session_id' => '',
  'prefix' => 'think',
  'type' => '',
  'auto_start' => true,
)
[ info ] [ BEHAVIOR ] Run \addons\ldcms\Ldcms @config_init [ RunTime:0.000051s ]
[ info ] [ LANG ] /var/webstars/sustens/public/../application/admin/lang/zh-cn/ldcms/diyform.php
[ info ] [ RUN ] app\admin\controller\ldcms\Diyform->add[ /var/webstars/sustens/application/admin/controller/ldcms/Diyform.php ]
[ info ] [ BEHAVIOR ] Run app\admin\behavior\AdminLog @app_end [ RunTime:0.015005s ]
[ info ] [ LOG ] INIT File
---------------------------------------------------------------
[ 2024-11-18T11:36:05+08:00 ] 10.211.55.2 POST dev.sustens.com/MTyvDCHVOo.php/ldcms/diyform/add?dialog=1
[运行时间：0.099491s] [吞吐率：10.05req/s] [内存消耗：632.44kb] [文件加载：96]
[ info ] [ BEHAVIOR ] Run Closure @app_init [ RunTime:0.000040s ]
[ info ] [ CACHE ] INIT File
[ info ] [ DB ] INIT mysql
[ info ] [ BEHAVIOR ] Run \addons\ldcms\Ldcms @app_init [ RunTime:0.005441s ]
[ info ] [ BEHAVIOR ] Run Closure @app_init [ RunTime:0.005473s ]
[ info ] [ BEHAVIOR ] Run app\common\behavior\Common @app_init [ RunTime:0.000200s ]
[ info ] [ LANG ] /var/webstars/sustens/thinkphp/lang/zh-cn.php
[ info ] [ BEHAVIOR ] Run app\common\behavior\Common @app_dispatch [ RunTime:0.000025s ]
[ info ] [ ROUTE ] array (
  'type' => 'module',
  'module' => 
  array (
    0 => 'admin',
    1 => 'ldcms.diyform',
    2 => 'add',
  ),
)
[ info ] [ HEADER ] array (
  'cookie' => 'thinkphp_show_page_trace=0|0; thinkphp_show_page_trace=0|0; thinkphp_show_page_trace=0|0; uid=2; token=50446b79-6f1c-4eb2-9abc-2c19eb7a9159; thinkphp_show_page_trace=0|0; PHPSESSID=40vsve0haqvtacvur4afbs4v0t; keeplogin=1%7C86400%7C1731986374%7Cc033686637a60cbe64c2f8276a802fb1; backend_language=en; frontend_language=zh-cn',
  'accept-language' => 'zh-CN,zh;q=0.9,en;q=0.8',
  'accept-encoding' => 'gzip, deflate',
  'origin' => 'http://dev.sustens.com',
  'content-type' => 'application/x-www-form-urlencoded; charset=UTF-8',
  'accept' => 'application/json, text/javascript, */*; q=0.01',
  'user-agent' => 'Mozilla/5.0 (Macintosh; Intel Mac OS X 10_15_7) AppleWebKit/537.36 (KHTML, like Gecko) Chrome/130.0.0.0 Safari/537.36',
  'x-requested-with' => 'XMLHttpRequest',
  'content-length' => '164',
  'connection' => 'keep-alive',
  'host' => 'dev.sustens.com',
)
[ info ] [ PARAM ] array (
  'dialog' => '1',
  'row' => 
  array (
    'name' => 'business',
    'title' => '商务咨询',
    'table' => 'ldcms_business',
    'needlogin' => '0',
    'iscaptcha' => '0',
    'status' => '1',
  ),
)
[ info ] [ LANG ] /var/webstars/sustens/public/../application/admin/lang/zh-cn.php
[ info ] [ BEHAVIOR ] Run app\common\behavior\Common @module_init [ RunTime:0.000113s ]
[ info ] [ SESSION ] INIT array (
  'id' => '',
  'var_session_id' => '',
  'prefix' => 'think',
  'type' => '',
  'auto_start' => true,
)
[ info ] [ BEHAVIOR ] Run \addons\ldcms\Ldcms @config_init [ RunTime:0.000054s ]
[ info ] [ LANG ] /var/webstars/sustens/public/../application/admin/lang/zh-cn/ldcms/diyform.php
[ info ] [ RUN ] app\admin\controller\ldcms\Diyform->add[ /var/webstars/sustens/application/admin/controller/ldcms/Diyform.php ]
[ info ] [ BEHAVIOR ] Run app\admin\behavior\AdminLog @app_end [ RunTime:0.009003s ]
[ info ] [ LOG ] INIT File
---------------------------------------------------------------
[ 2024-11-18T11:36:12+08:00 ] 10.211.55.2 GET dev.sustens.com/MTyvDCHVOo.php/ldcms/diyform/index?addtabs=1&sort=id&order=desc&offset=0&limit=10&filter=%7B%7D&op=%7B%7D&_=1731900897609
[运行时间：0.052517s] [吞吐率：19.04req/s] [内存消耗：647.25kb] [文件加载：95]
[ info ] [ BEHAVIOR ] Run Closure @app_init [ RunTime:0.000028s ]
[ info ] [ CACHE ] INIT File
[ info ] [ DB ] INIT mysql
[ info ] [ BEHAVIOR ] Run \addons\ldcms\Ldcms @app_init [ RunTime:0.005760s ]
[ info ] [ BEHAVIOR ] Run Closure @app_init [ RunTime:0.005835s ]
[ info ] [ BEHAVIOR ] Run app\common\behavior\Common @app_init [ RunTime:0.000222s ]
[ info ] [ LANG ] /var/webstars/sustens/thinkphp/lang/zh-cn.php
[ info ] [ BEHAVIOR ] Run app\common\behavior\Common @app_dispatch [ RunTime:0.000211s ]
[ info ] [ ROUTE ] array (
  'type' => 'module',
  'module' => 
  array (
    0 => 'admin',
    1 => 'ldcms.diyform',
    2 => 'index',
  ),
)
[ info ] [ HEADER ] array (
  'cookie' => 'thinkphp_show_page_trace=0|0; thinkphp_show_page_trace=0|0; thinkphp_show_page_trace=0|0; uid=2; token=50446b79-6f1c-4eb2-9abc-2c19eb7a9159; thinkphp_show_page_trace=0|0; PHPSESSID=40vsve0haqvtacvur4afbs4v0t; keeplogin=1%7C86400%7C1731986374%7Cc033686637a60cbe64c2f8276a802fb1; backend_language=en; frontend_language=zh-cn',
  'accept-language' => 'zh-CN,zh;q=0.9,en;q=0.8',
  'accept-encoding' => 'gzip, deflate',
  'content-type' => 'application/json',
  'accept' => 'application/json, text/javascript, */*; q=0.01',
  'user-agent' => 'Mozilla/5.0 (Macintosh; Intel Mac OS X 10_15_7) AppleWebKit/537.36 (KHTML, like Gecko) Chrome/130.0.0.0 Safari/537.36',
  'x-requested-with' => 'XMLHttpRequest',
  'connection' => 'keep-alive',
  'host' => 'dev.sustens.com',
  'content-length' => '',
)
[ info ] [ PARAM ] array (
  'addtabs' => '1',
  'sort' => 'id',
  'order' => 'desc',
  'offset' => '0',
  'limit' => '10',
  'filter' => '{}',
  'op' => '{}',
  '_' => '1731900897609',
)
[ info ] [ LANG ] /var/webstars/sustens/public/../application/admin/lang/zh-cn.php
[ info ] [ BEHAVIOR ] Run app\common\behavior\Common @module_init [ RunTime:0.000089s ]
[ info ] [ SESSION ] INIT array (
  'id' => '',
  'var_session_id' => '',
  'prefix' => 'think',
  'type' => '',
  'auto_start' => true,
)
[ info ] [ BEHAVIOR ] Run \addons\ldcms\Ldcms @config_init [ RunTime:0.000038s ]
[ info ] [ LANG ] /var/webstars/sustens/public/../application/admin/lang/zh-cn/ldcms/diyform.php
[ info ] [ RUN ] app\common\controller\Backend->index[ /var/webstars/sustens/application/admin/library/traits/Backend.php ]
[ info ] [ BEHAVIOR ] Run app\admin\behavior\AdminLog @app_end [ RunTime:0.000050s ]
[ info ] [ LOG ] INIT File
---------------------------------------------------------------
[ 2024-11-18T11:36:20+08:00 ] 10.211.55.2 POST dev.sustens.com/MTyvDCHVOo.php/ldcms/diyform/del
[运行时间：0.083835s] [吞吐率：11.93req/s] [内存消耗：609.65kb] [文件加载：93]
[ info ] [ BEHAVIOR ] Run Closure @app_init [ RunTime:0.000029s ]
[ info ] [ CACHE ] INIT File
[ info ] [ DB ] INIT mysql
[ info ] [ BEHAVIOR ] Run \addons\ldcms\Ldcms @app_init [ RunTime:0.005924s ]
[ info ] [ BEHAVIOR ] Run Closure @app_init [ RunTime:0.005958s ]
[ info ] [ BEHAVIOR ] Run app\common\behavior\Common @app_init [ RunTime:0.000123s ]
[ info ] [ LANG ] /var/webstars/sustens/thinkphp/lang/zh-cn.php
[ info ] [ BEHAVIOR ] Run app\common\behavior\Common @app_dispatch [ RunTime:0.000025s ]
[ info ] [ ROUTE ] array (
  'type' => 'module',
  'module' => 
  array (
    0 => 'admin',
    1 => 'ldcms.diyform',
    2 => 'del',
  ),
)
[ info ] [ HEADER ] array (
  'cookie' => 'thinkphp_show_page_trace=0|0; thinkphp_show_page_trace=0|0; thinkphp_show_page_trace=0|0; uid=2; token=50446b79-6f1c-4eb2-9abc-2c19eb7a9159; thinkphp_show_page_trace=0|0; PHPSESSID=40vsve0haqvtacvur4afbs4v0t; keeplogin=1%7C86400%7C1731986374%7Cc033686637a60cbe64c2f8276a802fb1; backend_language=en; frontend_language=zh-cn',
  'accept-language' => 'zh-CN,zh;q=0.9,en;q=0.8',
  'accept-encoding' => 'gzip, deflate',
  'origin' => 'http://dev.sustens.com',
  'content-type' => 'application/x-www-form-urlencoded; charset=UTF-8',
  'accept' => 'application/json, text/javascript, */*; q=0.01',
  'user-agent' => 'Mozilla/5.0 (Macintosh; Intel Mac OS X 10_15_7) AppleWebKit/537.36 (KHTML, like Gecko) Chrome/130.0.0.0 Safari/537.36',
  'x-requested-with' => 'XMLHttpRequest',
  'content-length' => '25',
  'connection' => 'keep-alive',
  'host' => 'dev.sustens.com',
)
[ info ] [ PARAM ] array (
  'action' => 'del',
  'ids' => '17',
  'params' => '',
)
[ info ] [ LANG ] /var/webstars/sustens/public/../application/admin/lang/zh-cn.php
[ info ] [ BEHAVIOR ] Run app\common\behavior\Common @module_init [ RunTime:0.000129s ]
[ info ] [ SESSION ] INIT array (
  'id' => '',
  'var_session_id' => '',
  'prefix' => 'think',
  'type' => '',
  'auto_start' => true,
)
[ info ] [ BEHAVIOR ] Run \addons\ldcms\Ldcms @config_init [ RunTime:0.000042s ]
[ info ] [ LANG ] /var/webstars/sustens/public/../application/admin/lang/zh-cn/ldcms/diyform.php
[ info ] [ RUN ] app\common\controller\Backend->del[ /var/webstars/sustens/application/admin/library/traits/Backend.php ]
[ info ] [ LOG ] INIT File
[ error ] [0]There is no active transaction[/var/webstars/sustens/thinkphp/library/think/db/Connection.php:695]
---------------------------------------------------------------
[ 2024-11-18T11:36:24+08:00 ] 10.211.55.2 GET dev.sustens.com/MTyvDCHVOo.php/ldcms/diyform/index?addtabs=1&sort=id&order=desc&offset=0&limit=10&filter=%7B%7D&op=%7B%7D&_=1731900897610
[运行时间：0.046518s] [吞吐率：21.50req/s] [内存消耗：646.92kb] [文件加载：95]
[ info ] [ BEHAVIOR ] Run Closure @app_init [ RunTime:0.000021s ]
[ info ] [ CACHE ] INIT File
[ info ] [ DB ] INIT mysql
[ info ] [ BEHAVIOR ] Run \addons\ldcms\Ldcms @app_init [ RunTime:0.006169s ]
[ info ] [ BEHAVIOR ] Run Closure @app_init [ RunTime:0.006306s ]
[ info ] [ BEHAVIOR ] Run app\common\behavior\Common @app_init [ RunTime:0.000244s ]
[ info ] [ LANG ] /var/webstars/sustens/thinkphp/lang/zh-cn.php
[ info ] [ BEHAVIOR ] Run app\common\behavior\Common @app_dispatch [ RunTime:0.000038s ]
[ info ] [ ROUTE ] array (
  'type' => 'module',
  'module' => 
  array (
    0 => 'admin',
    1 => 'ldcms.diyform',
    2 => 'index',
  ),
)
[ info ] [ HEADER ] array (
  'cookie' => 'thinkphp_show_page_trace=0|0; thinkphp_show_page_trace=0|0; thinkphp_show_page_trace=0|0; uid=2; token=50446b79-6f1c-4eb2-9abc-2c19eb7a9159; thinkphp_show_page_trace=0|0; PHPSESSID=40vsve0haqvtacvur4afbs4v0t; keeplogin=1%7C86400%7C1731986374%7Cc033686637a60cbe64c2f8276a802fb1; backend_language=en; frontend_language=zh-cn',
  'accept-language' => 'zh-CN,zh;q=0.9,en;q=0.8',
  'accept-encoding' => 'gzip, deflate',
  'content-type' => 'application/json',
  'accept' => 'application/json, text/javascript, */*; q=0.01',
  'user-agent' => 'Mozilla/5.0 (Macintosh; Intel Mac OS X 10_15_7) AppleWebKit/537.36 (KHTML, like Gecko) Chrome/130.0.0.0 Safari/537.36',
  'x-requested-with' => 'XMLHttpRequest',
  'connection' => 'keep-alive',
  'host' => 'dev.sustens.com',
  'content-length' => '',
)
[ info ] [ PARAM ] array (
  'addtabs' => '1',
  'sort' => 'id',
  'order' => 'desc',
  'offset' => '0',
  'limit' => '10',
  'filter' => '{}',
  'op' => '{}',
  '_' => '1731900897610',
)
[ info ] [ LANG ] /var/webstars/sustens/public/../application/admin/lang/zh-cn.php
[ info ] [ BEHAVIOR ] Run app\common\behavior\Common @module_init [ RunTime:0.000092s ]
[ info ] [ SESSION ] INIT array (
  'id' => '',
  'var_session_id' => '',
  'prefix' => 'think',
  'type' => '',
  'auto_start' => true,
)
[ info ] [ BEHAVIOR ] Run \addons\ldcms\Ldcms @config_init [ RunTime:0.000041s ]
[ info ] [ LANG ] /var/webstars/sustens/public/../application/admin/lang/zh-cn/ldcms/diyform.php
[ info ] [ RUN ] app\common\controller\Backend->index[ /var/webstars/sustens/application/admin/library/traits/Backend.php ]
[ info ] [ BEHAVIOR ] Run app\admin\behavior\AdminLog @app_end [ RunTime:0.000047s ]
[ info ] [ LOG ] INIT File
---------------------------------------------------------------
[ 2024-11-18T11:36:25+08:00 ] 10.211.55.2 GET dev.sustens.com/MTyvDCHVOo.php/ldcms/diyform/index?addtabs=1&sort=id&order=desc&offset=0&limit=10&filter=%7B%7D&op=%7B%7D&_=1731900897611
[运行时间：0.047087s] [吞吐率：21.24req/s] [内存消耗：646.92kb] [文件加载：95]
[ info ] [ BEHAVIOR ] Run Closure @app_init [ RunTime:0.000029s ]
[ info ] [ CACHE ] INIT File
[ info ] [ DB ] INIT mysql
[ info ] [ BEHAVIOR ] Run \addons\ldcms\Ldcms @app_init [ RunTime:0.002906s ]
[ info ] [ BEHAVIOR ] Run Closure @app_init [ RunTime:0.002939s ]
[ info ] [ BEHAVIOR ] Run app\common\behavior\Common @app_init [ RunTime:0.000153s ]
[ info ] [ LANG ] /var/webstars/sustens/thinkphp/lang/zh-cn.php
[ info ] [ BEHAVIOR ] Run app\common\behavior\Common @app_dispatch [ RunTime:0.000018s ]
[ info ] [ ROUTE ] array (
  'type' => 'module',
  'module' => 
  array (
    0 => 'admin',
    1 => 'ldcms.diyform',
    2 => 'index',
  ),
)
[ info ] [ HEADER ] array (
  'cookie' => 'thinkphp_show_page_trace=0|0; thinkphp_show_page_trace=0|0; thinkphp_show_page_trace=0|0; uid=2; token=50446b79-6f1c-4eb2-9abc-2c19eb7a9159; thinkphp_show_page_trace=0|0; PHPSESSID=40vsve0haqvtacvur4afbs4v0t; keeplogin=1%7C86400%7C1731986374%7Cc033686637a60cbe64c2f8276a802fb1; backend_language=en; frontend_language=zh-cn',
  'accept-language' => 'zh-CN,zh;q=0.9,en;q=0.8',
  'accept-encoding' => 'gzip, deflate',
  'content-type' => 'application/json',
  'accept' => 'application/json, text/javascript, */*; q=0.01',
  'user-agent' => 'Mozilla/5.0 (Macintosh; Intel Mac OS X 10_15_7) AppleWebKit/537.36 (KHTML, like Gecko) Chrome/130.0.0.0 Safari/537.36',
  'x-requested-with' => 'XMLHttpRequest',
  'connection' => 'keep-alive',
  'host' => 'dev.sustens.com',
  'content-length' => '',
)
[ info ] [ PARAM ] array (
  'addtabs' => '1',
  'sort' => 'id',
  'order' => 'desc',
  'offset' => '0',
  'limit' => '10',
  'filter' => '{}',
  'op' => '{}',
  '_' => '1731900897611',
)
[ info ] [ LANG ] /var/webstars/sustens/public/../application/admin/lang/zh-cn.php
[ info ] [ BEHAVIOR ] Run app\common\behavior\Common @module_init [ RunTime:0.000069s ]
[ info ] [ SESSION ] INIT array (
  'id' => '',
  'var_session_id' => '',
  'prefix' => 'think',
  'type' => '',
  'auto_start' => true,
)
[ info ] [ BEHAVIOR ] Run \addons\ldcms\Ldcms @config_init [ RunTime:0.000038s ]
[ info ] [ LANG ] /var/webstars/sustens/public/../application/admin/lang/zh-cn/ldcms/diyform.php
[ info ] [ RUN ] app\common\controller\Backend->index[ /var/webstars/sustens/application/admin/library/traits/Backend.php ]
[ info ] [ BEHAVIOR ] Run app\admin\behavior\AdminLog @app_end [ RunTime:0.000052s ]
[ info ] [ LOG ] INIT File
---------------------------------------------------------------
[ 2024-11-18T11:36:26+08:00 ] 10.211.55.2 GET dev.sustens.com/MTyvDCHVOo.php/ldcms/diyform/index?addtabs=1&sort=id&order=desc&offset=0&limit=10&filter=%7B%7D&op=%7B%7D&_=1731900897612
[运行时间：0.052966s] [吞吐率：18.88req/s] [内存消耗：646.92kb] [文件加载：95]
[ info ] [ BEHAVIOR ] Run Closure @app_init [ RunTime:0.000019s ]
[ info ] [ CACHE ] INIT File
[ info ] [ DB ] INIT mysql
[ info ] [ BEHAVIOR ] Run \addons\ldcms\Ldcms @app_init [ RunTime:0.006670s ]
[ info ] [ BEHAVIOR ] Run Closure @app_init [ RunTime:0.006709s ]
[ info ] [ BEHAVIOR ] Run app\common\behavior\Common @app_init [ RunTime:0.000201s ]
[ info ] [ LANG ] /var/webstars/sustens/thinkphp/lang/zh-cn.php
[ info ] [ BEHAVIOR ] Run app\common\behavior\Common @app_dispatch [ RunTime:0.000027s ]
[ info ] [ ROUTE ] array (
  'type' => 'module',
  'module' => 
  array (
    0 => 'admin',
    1 => 'ldcms.diyform',
    2 => 'index',
  ),
)
[ info ] [ HEADER ] array (
  'cookie' => 'thinkphp_show_page_trace=0|0; thinkphp_show_page_trace=0|0; thinkphp_show_page_trace=0|0; uid=2; token=50446b79-6f1c-4eb2-9abc-2c19eb7a9159; thinkphp_show_page_trace=0|0; PHPSESSID=40vsve0haqvtacvur4afbs4v0t; keeplogin=1%7C86400%7C1731986374%7Cc033686637a60cbe64c2f8276a802fb1; backend_language=en; frontend_language=zh-cn',
  'accept-language' => 'zh-CN,zh;q=0.9,en;q=0.8',
  'accept-encoding' => 'gzip, deflate',
  'content-type' => 'application/json',
  'accept' => 'application/json, text/javascript, */*; q=0.01',
  'user-agent' => 'Mozilla/5.0 (Macintosh; Intel Mac OS X 10_15_7) AppleWebKit/537.36 (KHTML, like Gecko) Chrome/130.0.0.0 Safari/537.36',
  'x-requested-with' => 'XMLHttpRequest',
  'connection' => 'keep-alive',
  'host' => 'dev.sustens.com',
  'content-length' => '',
)
[ info ] [ PARAM ] array (
  'addtabs' => '1',
  'sort' => 'id',
  'order' => 'desc',
  'offset' => '0',
  'limit' => '10',
  'filter' => '{}',
  'op' => '{}',
  '_' => '1731900897612',
)
[ info ] [ LANG ] /var/webstars/sustens/public/../application/admin/lang/zh-cn.php
[ info ] [ BEHAVIOR ] Run app\common\behavior\Common @module_init [ RunTime:0.000091s ]
[ info ] [ SESSION ] INIT array (
  'id' => '',
  'var_session_id' => '',
  'prefix' => 'think',
  'type' => '',
  'auto_start' => true,
)
[ info ] [ BEHAVIOR ] Run \addons\ldcms\Ldcms @config_init [ RunTime:0.000041s ]
[ info ] [ LANG ] /var/webstars/sustens/public/../application/admin/lang/zh-cn/ldcms/diyform.php
[ info ] [ RUN ] app\common\controller\Backend->index[ /var/webstars/sustens/application/admin/library/traits/Backend.php ]
[ info ] [ BEHAVIOR ] Run app\admin\behavior\AdminLog @app_end [ RunTime:0.000030s ]
[ info ] [ LOG ] INIT File
---------------------------------------------------------------
[ 2024-11-18T11:36:26+08:00 ] 10.211.55.2 GET dev.sustens.com/MTyvDCHVOo.php/ldcms/diyform/index?addtabs=1&sort=id&order=desc&offset=0&limit=10&filter=%7B%7D&op=%7B%7D&_=1731900897613
[运行时间：0.051409s] [吞吐率：19.45req/s] [内存消耗：646.92kb] [文件加载：95]
[ info ] [ BEHAVIOR ] Run Closure @app_init [ RunTime:0.000018s ]
[ info ] [ CACHE ] INIT File
[ info ] [ DB ] INIT mysql
[ info ] [ BEHAVIOR ] Run \addons\ldcms\Ldcms @app_init [ RunTime:0.002969s ]
[ info ] [ BEHAVIOR ] Run Closure @app_init [ RunTime:0.002991s ]
[ info ] [ BEHAVIOR ] Run app\common\behavior\Common @app_init [ RunTime:0.000055s ]
[ info ] [ LANG ] /var/webstars/sustens/thinkphp/lang/zh-cn.php
[ info ] [ BEHAVIOR ] Run app\common\behavior\Common @app_dispatch [ RunTime:0.000017s ]
[ info ] [ ROUTE ] array (
  'type' => 'module',
  'module' => 
  array (
    0 => 'admin',
    1 => 'ldcms.diyform',
    2 => 'index',
  ),
)
[ info ] [ HEADER ] array (
  'cookie' => 'thinkphp_show_page_trace=0|0; thinkphp_show_page_trace=0|0; thinkphp_show_page_trace=0|0; uid=2; token=50446b79-6f1c-4eb2-9abc-2c19eb7a9159; thinkphp_show_page_trace=0|0; PHPSESSID=40vsve0haqvtacvur4afbs4v0t; keeplogin=1%7C86400%7C1731986374%7Cc033686637a60cbe64c2f8276a802fb1; backend_language=en; frontend_language=zh-cn',
  'accept-language' => 'zh-CN,zh;q=0.9,en;q=0.8',
  'accept-encoding' => 'gzip, deflate',
  'content-type' => 'application/json',
  'accept' => 'application/json, text/javascript, */*; q=0.01',
  'user-agent' => 'Mozilla/5.0 (Macintosh; Intel Mac OS X 10_15_7) AppleWebKit/537.36 (KHTML, like Gecko) Chrome/130.0.0.0 Safari/537.36',
  'x-requested-with' => 'XMLHttpRequest',
  'connection' => 'keep-alive',
  'host' => 'dev.sustens.com',
  'content-length' => '',
)
[ info ] [ PARAM ] array (
  'addtabs' => '1',
  'sort' => 'id',
  'order' => 'desc',
  'offset' => '0',
  'limit' => '10',
  'filter' => '{}',
  'op' => '{}',
  '_' => '1731900897613',
)
[ info ] [ LANG ] /var/webstars/sustens/public/../application/admin/lang/zh-cn.php
[ info ] [ BEHAVIOR ] Run app\common\behavior\Common @module_init [ RunTime:0.000085s ]
[ info ] [ SESSION ] INIT array (
  'id' => '',
  'var_session_id' => '',
  'prefix' => 'think',
  'type' => '',
  'auto_start' => true,
)
[ info ] [ BEHAVIOR ] Run \addons\ldcms\Ldcms @config_init [ RunTime:0.000037s ]
[ info ] [ LANG ] /var/webstars/sustens/public/../application/admin/lang/zh-cn/ldcms/diyform.php
[ info ] [ RUN ] app\common\controller\Backend->index[ /var/webstars/sustens/application/admin/library/traits/Backend.php ]
[ info ] [ BEHAVIOR ] Run app\admin\behavior\AdminLog @app_end [ RunTime:0.000027s ]
[ info ] [ LOG ] INIT File
---------------------------------------------------------------
[ 2024-11-18T11:36:26+08:00 ] 10.211.55.2 GET dev.sustens.com/MTyvDCHVOo.php/ldcms/diyform/index?addtabs=1&sort=id&order=desc&offset=0&limit=10&filter=%7B%7D&op=%7B%7D&_=1731900897614
[运行时间：0.061043s] [吞吐率：16.38req/s] [内存消耗：646.92kb] [文件加载：95]
[ info ] [ BEHAVIOR ] Run Closure @app_init [ RunTime:0.000031s ]
[ info ] [ CACHE ] INIT File
[ info ] [ DB ] INIT mysql
[ info ] [ BEHAVIOR ] Run \addons\ldcms\Ldcms @app_init [ RunTime:0.003273s ]
[ info ] [ BEHAVIOR ] Run Closure @app_init [ RunTime:0.003301s ]
[ info ] [ BEHAVIOR ] Run app\common\behavior\Common @app_init [ RunTime:0.000071s ]
[ info ] [ LANG ] /var/webstars/sustens/thinkphp/lang/zh-cn.php
[ info ] [ BEHAVIOR ] Run app\common\behavior\Common @app_dispatch [ RunTime:0.000017s ]
[ info ] [ ROUTE ] array (
  'type' => 'module',
  'module' => 
  array (
    0 => 'admin',
    1 => 'ldcms.diyform',
    2 => 'index',
  ),
)
[ info ] [ HEADER ] array (
  'cookie' => 'thinkphp_show_page_trace=0|0; thinkphp_show_page_trace=0|0; thinkphp_show_page_trace=0|0; uid=2; token=50446b79-6f1c-4eb2-9abc-2c19eb7a9159; thinkphp_show_page_trace=0|0; PHPSESSID=40vsve0haqvtacvur4afbs4v0t; keeplogin=1%7C86400%7C1731986374%7Cc033686637a60cbe64c2f8276a802fb1; backend_language=en; frontend_language=zh-cn',
  'accept-language' => 'zh-CN,zh;q=0.9,en;q=0.8',
  'accept-encoding' => 'gzip, deflate',
  'content-type' => 'application/json',
  'accept' => 'application/json, text/javascript, */*; q=0.01',
  'user-agent' => 'Mozilla/5.0 (Macintosh; Intel Mac OS X 10_15_7) AppleWebKit/537.36 (KHTML, like Gecko) Chrome/130.0.0.0 Safari/537.36',
  'x-requested-with' => 'XMLHttpRequest',
  'connection' => 'keep-alive',
  'host' => 'dev.sustens.com',
  'content-length' => '',
)
[ info ] [ PARAM ] array (
  'addtabs' => '1',
  'sort' => 'id',
  'order' => 'desc',
  'offset' => '0',
  'limit' => '10',
  'filter' => '{}',
  'op' => '{}',
  '_' => '1731900897614',
)
[ info ] [ LANG ] /var/webstars/sustens/public/../application/admin/lang/zh-cn.php
[ info ] [ BEHAVIOR ] Run app\common\behavior\Common @module_init [ RunTime:0.000100s ]
[ info ] [ SESSION ] INIT array (
  'id' => '',
  'var_session_id' => '',
  'prefix' => 'think',
  'type' => '',
  'auto_start' => true,
)
[ info ] [ BEHAVIOR ] Run \addons\ldcms\Ldcms @config_init [ RunTime:0.000214s ]
[ info ] [ LANG ] /var/webstars/sustens/public/../application/admin/lang/zh-cn/ldcms/diyform.php
[ info ] [ RUN ] app\common\controller\Backend->index[ /var/webstars/sustens/application/admin/library/traits/Backend.php ]
[ info ] [ BEHAVIOR ] Run app\admin\behavior\AdminLog @app_end [ RunTime:0.000040s ]
[ info ] [ LOG ] INIT File
---------------------------------------------------------------
[ 2024-11-18T11:36:27+08:00 ] 10.211.55.2 GET dev.sustens.com/MTyvDCHVOo.php/ldcms/diyform/add?dialog=1
[运行时间：0.045910s] [吞吐率：21.78req/s] [内存消耗：671.79kb] [文件加载：95]
[ info ] [ BEHAVIOR ] Run Closure @app_init [ RunTime:0.000019s ]
[ info ] [ CACHE ] INIT File
[ info ] [ DB ] INIT mysql
[ info ] [ BEHAVIOR ] Run \addons\ldcms\Ldcms @app_init [ RunTime:0.006905s ]
[ info ] [ BEHAVIOR ] Run Closure @app_init [ RunTime:0.006939s ]
[ info ] [ BEHAVIOR ] Run app\common\behavior\Common @app_init [ RunTime:0.000087s ]
[ info ] [ LANG ] /var/webstars/sustens/thinkphp/lang/zh-cn.php
[ info ] [ BEHAVIOR ] Run app\common\behavior\Common @app_dispatch [ RunTime:0.000015s ]
[ info ] [ ROUTE ] array (
  'type' => 'module',
  'module' => 
  array (
    0 => 'admin',
    1 => 'ldcms.diyform',
    2 => 'add',
  ),
)
[ info ] [ HEADER ] array (
  'cookie' => 'thinkphp_show_page_trace=0|0; thinkphp_show_page_trace=0|0; thinkphp_show_page_trace=0|0; uid=2; token=50446b79-6f1c-4eb2-9abc-2c19eb7a9159; thinkphp_show_page_trace=0|0; PHPSESSID=40vsve0haqvtacvur4afbs4v0t; keeplogin=1%7C86400%7C1731986374%7Cc033686637a60cbe64c2f8276a802fb1; backend_language=en; frontend_language=zh-cn',
  'accept-language' => 'zh-CN,zh;q=0.9,en;q=0.8',
  'accept-encoding' => 'gzip, deflate',
  'accept' => 'text/html,application/xhtml+xml,application/xml;q=0.9,image/avif,image/webp,image/apng,*/*;q=0.8,application/signed-exchange;v=b3;q=0.7',
  'user-agent' => 'Mozilla/5.0 (Macintosh; Intel Mac OS X 10_15_7) AppleWebKit/537.36 (KHTML, like Gecko) Chrome/130.0.0.0 Safari/537.36',
  'upgrade-insecure-requests' => '1',
  'connection' => 'keep-alive',
  'host' => 'dev.sustens.com',
  'content-length' => '',
  'content-type' => '',
)
[ info ] [ PARAM ] array (
  'dialog' => '1',
)
[ info ] [ LANG ] /var/webstars/sustens/public/../application/admin/lang/zh-cn.php
[ info ] [ BEHAVIOR ] Run app\common\behavior\Common @module_init [ RunTime:0.000136s ]
[ info ] [ SESSION ] INIT array (
  'id' => '',
  'var_session_id' => '',
  'prefix' => 'think',
  'type' => '',
  'auto_start' => true,
)
[ info ] [ BEHAVIOR ] Run \addons\ldcms\Ldcms @config_init [ RunTime:0.000119s ]
[ info ] [ LANG ] /var/webstars/sustens/public/../application/admin/lang/zh-cn/ldcms/diyform.php
[ info ] [ RUN ] app\admin\controller\ldcms\Diyform->add[ /var/webstars/sustens/application/admin/controller/ldcms/Diyform.php ]
[ info ] [ VIEW ] /var/webstars/sustens/public/../application/admin/view/../../../addons/ldcms/utils/builder/view/fields.html [ array (
  0 => 'breadcrumb',
  1 => 'site',
  2 => 'config',
  3 => 'auth',
  4 => 'admin',
  5 => 'addon_config',
  6 => 'isForm',
  7 => 'fields',
  8 => 'tab_group',
  9 => 'item_group',
  10 => 'field_show',
) ]
[ info ] [ BEHAVIOR ] Run app\admin\behavior\AdminLog @app_end [ RunTime:0.000039s ]
[ info ] [ LOG ] INIT File
---------------------------------------------------------------
[ 2024-11-18T11:36:28+08:00 ] 10.211.55.2 GET dev.sustens.com/MTyvDCHVOo.php/ajax/lang?callback=define&controllername=ldcms.diyform&lang=zh-cn&v=1731900987
[运行时间：0.032137s] [吞吐率：31.12req/s] [内存消耗：304.57kb] [文件加载：91]
[ info ] [ BEHAVIOR ] Run Closure @app_init [ RunTime:0.000029s ]
[ info ] [ CACHE ] INIT File
[ info ] [ DB ] INIT mysql
[ info ] [ BEHAVIOR ] Run \addons\ldcms\Ldcms @app_init [ RunTime:0.002737s ]
[ info ] [ BEHAVIOR ] Run Closure @app_init [ RunTime:0.002769s ]
[ info ] [ BEHAVIOR ] Run app\common\behavior\Common @app_init [ RunTime:0.000073s ]
[ info ] [ LANG ] /var/webstars/sustens/thinkphp/lang/zh-cn.php
[ info ] [ BEHAVIOR ] Run app\common\behavior\Common @app_dispatch [ RunTime:0.000019s ]
[ info ] [ ROUTE ] array (
  'type' => 'module',
  'module' => 
  array (
    0 => 'admin',
    1 => 'ajax',
    2 => 'lang',
  ),
)
[ info ] [ HEADER ] array (
  'cookie' => 'thinkphp_show_page_trace=0|0; uid=2; token=50446b79-6f1c-4eb2-9abc-2c19eb7a9159; thinkphp_show_page_trace=0|0; PHPSESSID=40vsve0haqvtacvur4afbs4v0t; keeplogin=1%7C86400%7C1731986374%7Cc033686637a60cbe64c2f8276a802fb1; backend_language=en; frontend_language=zh-cn',
  'accept-language' => 'zh-CN,zh;q=0.9,en;q=0.8',
  'accept-encoding' => 'gzip, deflate',
  'accept' => '*/*',
  'user-agent' => 'Mozilla/5.0 (Macintosh; Intel Mac OS X 10_15_7) AppleWebKit/537.36 (KHTML, like Gecko) Chrome/130.0.0.0 Safari/537.36',
  'connection' => 'keep-alive',
  'host' => 'dev.sustens.com',
  'content-length' => '',
  'content-type' => '',
)
[ info ] [ PARAM ] array (
  'callback' => 'define',
  'controllername' => 'ldcms.diyform',
  'lang' => 'zh-cn',
  'v' => '1731900987',
)
[ info ] [ LANG ] /var/webstars/sustens/public/../application/admin/lang/zh-cn.php
[ info ] [ BEHAVIOR ] Run app\common\behavior\Common @module_init [ RunTime:0.000132s ]
[ info ] [ SESSION ] INIT array (
  'id' => '',
  'var_session_id' => '',
  'prefix' => 'think',
  'type' => '',
  'auto_start' => true,
)
[ info ] [ BEHAVIOR ] Run \addons\ldcms\Ldcms @config_init [ RunTime:0.000043s ]
[ info ] [ LANG ] /var/webstars/sustens/public/../application/admin/lang/zh-cn/ajax.php
[ info ] [ RUN ] app\admin\controller\Ajax->lang[ /var/webstars/sustens/application/admin/controller/Ajax.php ]
[ info ] [ LANG ] /var/webstars/sustens/public/../application/admin/lang/zh-cn/ldcms/diyform.php
[ info ] [ BEHAVIOR ] Run app\admin\behavior\AdminLog @app_end [ RunTime:0.000050s ]
[ info ] [ LOG ] INIT File
---------------------------------------------------------------
[ 2024-11-18T11:36:51+08:00 ] 10.211.55.2 POST dev.sustens.com/MTyvDCHVOo.php/ldcms/diyform/add?dialog=1
[运行时间：0.356174s] [吞吐率：2.81req/s] [内存消耗：610.86kb] [文件加载：93]
[ info ] [ BEHAVIOR ] Run Closure @app_init [ RunTime:0.000024s ]
[ info ] [ CACHE ] INIT File
[ info ] [ DB ] INIT mysql
[ info ] [ BEHAVIOR ] Run \addons\ldcms\Ldcms @app_init [ RunTime:0.007666s ]
[ info ] [ BEHAVIOR ] Run Closure @app_init [ RunTime:0.007710s ]
[ info ] [ BEHAVIOR ] Run app\common\behavior\Common @app_init [ RunTime:0.000138s ]
[ info ] [ LANG ] /var/webstars/sustens/thinkphp/lang/zh-cn.php
[ info ] [ BEHAVIOR ] Run app\common\behavior\Common @app_dispatch [ RunTime:0.000023s ]
[ info ] [ ROUTE ] array (
  'type' => 'module',
  'module' => 
  array (
    0 => 'admin',
    1 => 'ldcms.diyform',
    2 => 'add',
  ),
)
[ info ] [ HEADER ] array (
  'cookie' => 'thinkphp_show_page_trace=0|0; thinkphp_show_page_trace=0|0; thinkphp_show_page_trace=0|0; uid=2; token=50446b79-6f1c-4eb2-9abc-2c19eb7a9159; thinkphp_show_page_trace=0|0; PHPSESSID=40vsve0haqvtacvur4afbs4v0t; keeplogin=1%7C86400%7C1731986374%7Cc033686637a60cbe64c2f8276a802fb1; backend_language=en; frontend_language=zh-cn',
  'accept-language' => 'zh-CN,zh;q=0.9,en;q=0.8',
  'accept-encoding' => 'gzip, deflate',
  'origin' => 'http://dev.sustens.com',
  'content-type' => 'application/x-www-form-urlencoded; charset=UTF-8',
  'accept' => 'application/json, text/javascript, */*; q=0.01',
  'user-agent' => 'Mozilla/5.0 (Macintosh; Intel Mac OS X 10_15_7) AppleWebKit/537.36 (KHTML, like Gecko) Chrome/130.0.0.0 Safari/537.36',
  'x-requested-with' => 'XMLHttpRequest',
  'content-length' => '158',
  'connection' => 'keep-alive',
  'host' => 'dev.sustens.com',
)
[ info ] [ PARAM ] array (
  'dialog' => '1',
  'row' => 
  array (
    'name' => 'business',
    'title' => '商务咨询',
    'table' => 'business',
    'needlogin' => '0',
    'iscaptcha' => '0',
    'status' => '1',
  ),
)
[ info ] [ LANG ] /var/webstars/sustens/public/../application/admin/lang/zh-cn.php
[ info ] [ BEHAVIOR ] Run app\common\behavior\Common @module_init [ RunTime:0.000115s ]
[ info ] [ SESSION ] INIT array (
  'id' => '',
  'var_session_id' => '',
  'prefix' => 'think',
  'type' => '',
  'auto_start' => true,
)
[ info ] [ BEHAVIOR ] Run \addons\ldcms\Ldcms @config_init [ RunTime:0.000042s ]
[ info ] [ LANG ] /var/webstars/sustens/public/../application/admin/lang/zh-cn/ldcms/diyform.php
[ info ] [ RUN ] app\admin\controller\ldcms\Diyform->add[ /var/webstars/sustens/application/admin/controller/ldcms/Diyform.php ]
[ info ] [ LOG ] INIT File
[ error ] [0]There is no active transaction[/var/webstars/sustens/thinkphp/library/think/db/Connection.php:695]
---------------------------------------------------------------
[ 2024-11-18T11:37:01+08:00 ] 10.211.55.2 GET dev.sustens.com/MTyvDCHVOo.php/ldcms/diyform/index?addtabs=1&sort=id&order=desc&offset=0&limit=10&filter=%7B%7D&op=%7B%7D&_=1731900897615
[运行时间：0.106057s] [吞吐率：9.43req/s] [内存消耗：647.24kb] [文件加载：95]
[ info ] [ BEHAVIOR ] Run Closure @app_init [ RunTime:0.000021s ]
[ info ] [ CACHE ] INIT File
[ info ] [ DB ] INIT mysql
[ info ] [ BEHAVIOR ] Run \addons\ldcms\Ldcms @app_init [ RunTime:0.013351s ]
[ info ] [ BEHAVIOR ] Run Closure @app_init [ RunTime:0.013371s ]
[ info ] [ BEHAVIOR ] Run app\common\behavior\Common @app_init [ RunTime:0.001491s ]
[ info ] [ LANG ] /var/webstars/sustens/thinkphp/lang/zh-cn.php
[ info ] [ BEHAVIOR ] Run app\common\behavior\Common @app_dispatch [ RunTime:0.000020s ]
[ info ] [ ROUTE ] array (
  'type' => 'module',
  'module' => 
  array (
    0 => 'admin',
    1 => 'ldcms.diyform',
    2 => 'index',
  ),
)
[ info ] [ HEADER ] array (
  'cookie' => 'thinkphp_show_page_trace=0|0; thinkphp_show_page_trace=0|0; thinkphp_show_page_trace=0|0; uid=2; token=50446b79-6f1c-4eb2-9abc-2c19eb7a9159; thinkphp_show_page_trace=0|0; PHPSESSID=40vsve0haqvtacvur4afbs4v0t; keeplogin=1%7C86400%7C1731986374%7Cc033686637a60cbe64c2f8276a802fb1; backend_language=en; frontend_language=zh-cn',
  'accept-language' => 'zh-CN,zh;q=0.9,en;q=0.8',
  'accept-encoding' => 'gzip, deflate',
  'content-type' => 'application/json',
  'accept' => 'application/json, text/javascript, */*; q=0.01',
  'user-agent' => 'Mozilla/5.0 (Macintosh; Intel Mac OS X 10_15_7) AppleWebKit/537.36 (KHTML, like Gecko) Chrome/130.0.0.0 Safari/537.36',
  'x-requested-with' => 'XMLHttpRequest',
  'connection' => 'keep-alive',
  'host' => 'dev.sustens.com',
  'content-length' => '',
)
[ info ] [ PARAM ] array (
  'addtabs' => '1',
  'sort' => 'id',
  'order' => 'desc',
  'offset' => '0',
  'limit' => '10',
  'filter' => '{}',
  'op' => '{}',
  '_' => '1731900897615',
)
[ info ] [ LANG ] /var/webstars/sustens/public/../application/admin/lang/zh-cn.php
[ info ] [ BEHAVIOR ] Run app\common\behavior\Common @module_init [ RunTime:0.001362s ]
[ info ] [ SESSION ] INIT array (
  'id' => '',
  'var_session_id' => '',
  'prefix' => 'think',
  'type' => '',
  'auto_start' => true,
)
[ info ] [ BEHAVIOR ] Run \addons\ldcms\Ldcms @config_init [ RunTime:0.000065s ]
[ info ] [ LANG ] /var/webstars/sustens/public/../application/admin/lang/zh-cn/ldcms/diyform.php
[ info ] [ RUN ] app\common\controller\Backend->index[ /var/webstars/sustens/application/admin/library/traits/Backend.php ]
[ info ] [ BEHAVIOR ] Run app\admin\behavior\AdminLog @app_end [ RunTime:0.000097s ]
[ info ] [ LOG ] INIT File
---------------------------------------------------------------
[ 2024-11-18T11:37:04+08:00 ] 10.211.55.2 POST dev.sustens.com/MTyvDCHVOo.php/ldcms/diyform/multi
[运行时间：0.073681s] [吞吐率：13.57req/s] [内存消耗：630.69kb] [文件加载：95]
[ info ] [ BEHAVIOR ] Run Closure @app_init [ RunTime:0.000019s ]
[ info ] [ CACHE ] INIT File
[ info ] [ DB ] INIT mysql
[ info ] [ BEHAVIOR ] Run \addons\ldcms\Ldcms @app_init [ RunTime:0.003486s ]
[ info ] [ BEHAVIOR ] Run Closure @app_init [ RunTime:0.003515s ]
[ info ] [ BEHAVIOR ] Run app\common\behavior\Common @app_init [ RunTime:0.000089s ]
[ info ] [ LANG ] /var/webstars/sustens/thinkphp/lang/zh-cn.php
[ info ] [ BEHAVIOR ] Run app\common\behavior\Common @app_dispatch [ RunTime:0.000030s ]
[ info ] [ ROUTE ] array (
  'type' => 'module',
  'module' => 
  array (
    0 => 'admin',
    1 => 'ldcms.diyform',
    2 => 'multi',
  ),
)
[ info ] [ HEADER ] array (
  'cookie' => 'thinkphp_show_page_trace=0|0; thinkphp_show_page_trace=0|0; thinkphp_show_page_trace=0|0; uid=2; token=50446b79-6f1c-4eb2-9abc-2c19eb7a9159; thinkphp_show_page_trace=0|0; PHPSESSID=40vsve0haqvtacvur4afbs4v0t; keeplogin=1%7C86400%7C1731986374%7Cc033686637a60cbe64c2f8276a802fb1; backend_language=en; frontend_language=zh-cn',
  'accept-language' => 'zh-CN,zh;q=0.9,en;q=0.8',
  'accept-encoding' => 'gzip, deflate',
  'origin' => 'http://dev.sustens.com',
  'content-type' => 'application/x-www-form-urlencoded; charset=UTF-8',
  'accept' => 'application/json, text/javascript, */*; q=0.01',
  'user-agent' => 'Mozilla/5.0 (Macintosh; Intel Mac OS X 10_15_7) AppleWebKit/537.36 (KHTML, like Gecko) Chrome/130.0.0.0 Safari/537.36',
  'x-requested-with' => 'XMLHttpRequest',
  'content-length' => '35',
  'connection' => 'keep-alive',
  'host' => 'dev.sustens.com',
)
[ info ] [ PARAM ] array (
  'action' => '',
  'ids' => '18',
  'params' => 'needlogin=1',
)
[ info ] [ LANG ] /var/webstars/sustens/public/../application/admin/lang/zh-cn.php
[ info ] [ BEHAVIOR ] Run app\common\behavior\Common @module_init [ RunTime:0.000294s ]
[ info ] [ SESSION ] INIT array (
  'id' => '',
  'var_session_id' => '',
  'prefix' => 'think',
  'type' => '',
  'auto_start' => true,
)
[ info ] [ BEHAVIOR ] Run \addons\ldcms\Ldcms @config_init [ RunTime:0.000036s ]
[ info ] [ LANG ] /var/webstars/sustens/public/../application/admin/lang/zh-cn/ldcms/diyform.php
[ info ] [ RUN ] app\common\controller\Backend->multi[ /var/webstars/sustens/application/admin/library/traits/Backend.php ]
[ info ] [ BEHAVIOR ] Run app\admin\behavior\AdminLog @app_end [ RunTime:0.010586s ]
[ info ] [ LOG ] INIT File
---------------------------------------------------------------
[ 2024-11-18T11:37:04+08:00 ] 10.211.55.2 GET dev.sustens.com/MTyvDCHVOo.php/ldcms/diyform/index?addtabs=1&sort=id&order=desc&offset=0&limit=10&filter=%7B%7D&op=%7B%7D&_=1731900897616
[运行时间：0.131003s] [吞吐率：7.63req/s] [内存消耗：647.24kb] [文件加载：95]
[ info ] [ BEHAVIOR ] Run Closure @app_init [ RunTime:0.000028s ]
[ info ] [ CACHE ] INIT File
[ info ] [ DB ] INIT mysql
[ info ] [ BEHAVIOR ] Run \addons\ldcms\Ldcms @app_init [ RunTime:0.003486s ]
[ info ] [ BEHAVIOR ] Run Closure @app_init [ RunTime:0.003511s ]
[ info ] [ BEHAVIOR ] Run app\common\behavior\Common @app_init [ RunTime:0.000064s ]
[ info ] [ LANG ] /var/webstars/sustens/thinkphp/lang/zh-cn.php
[ info ] [ BEHAVIOR ] Run app\common\behavior\Common @app_dispatch [ RunTime:0.000137s ]
[ info ] [ ROUTE ] array (
  'type' => 'module',
  'module' => 
  array (
    0 => 'admin',
    1 => 'ldcms.diyform',
    2 => 'index',
  ),
)
[ info ] [ HEADER ] array (
  'cookie' => 'thinkphp_show_page_trace=0|0; thinkphp_show_page_trace=0|0; thinkphp_show_page_trace=0|0; uid=2; token=50446b79-6f1c-4eb2-9abc-2c19eb7a9159; thinkphp_show_page_trace=0|0; PHPSESSID=40vsve0haqvtacvur4afbs4v0t; keeplogin=1%7C86400%7C1731986374%7Cc033686637a60cbe64c2f8276a802fb1; backend_language=en; frontend_language=zh-cn',
  'accept-language' => 'zh-CN,zh;q=0.9,en;q=0.8',
  'accept-encoding' => 'gzip, deflate',
  'content-type' => 'application/json',
  'accept' => 'application/json, text/javascript, */*; q=0.01',
  'user-agent' => 'Mozilla/5.0 (Macintosh; Intel Mac OS X 10_15_7) AppleWebKit/537.36 (KHTML, like Gecko) Chrome/130.0.0.0 Safari/537.36',
  'x-requested-with' => 'XMLHttpRequest',
  'connection' => 'keep-alive',
  'host' => 'dev.sustens.com',
  'content-length' => '',
)
[ info ] [ PARAM ] array (
  'addtabs' => '1',
  'sort' => 'id',
  'order' => 'desc',
  'offset' => '0',
  'limit' => '10',
  'filter' => '{}',
  'op' => '{}',
  '_' => '1731900897616',
)
[ info ] [ LANG ] /var/webstars/sustens/public/../application/admin/lang/zh-cn.php
[ info ] [ BEHAVIOR ] Run app\common\behavior\Common @module_init [ RunTime:0.000101s ]
[ info ] [ SESSION ] INIT array (
  'id' => '',
  'var_session_id' => '',
  'prefix' => 'think',
  'type' => '',
  'auto_start' => true,
)
[ info ] [ BEHAVIOR ] Run \addons\ldcms\Ldcms @config_init [ RunTime:0.000037s ]
[ info ] [ LANG ] /var/webstars/sustens/public/../application/admin/lang/zh-cn/ldcms/diyform.php
[ info ] [ RUN ] app\common\controller\Backend->index[ /var/webstars/sustens/application/admin/library/traits/Backend.php ]
[ info ] [ BEHAVIOR ] Run app\admin\behavior\AdminLog @app_end [ RunTime:0.000260s ]
[ info ] [ LOG ] INIT File
---------------------------------------------------------------
[ 2024-11-18T11:37:06+08:00 ] 10.211.55.2 GET dev.sustens.com/MTyvDCHVOo.php/ldcms/diyform_fields/index/diyform_id/18/ids/18?addtabs=1
[运行时间：0.039925s] [吞吐率：25.05req/s] [内存消耗：686.31kb] [文件加载：99]
[ info ] [ BEHAVIOR ] Run Closure @app_init [ RunTime:0.000024s ]
[ info ] [ CACHE ] INIT File
[ info ] [ DB ] INIT mysql
[ info ] [ BEHAVIOR ] Run \addons\ldcms\Ldcms @app_init [ RunTime:0.002359s ]
[ info ] [ BEHAVIOR ] Run Closure @app_init [ RunTime:0.002380s ]
[ info ] [ BEHAVIOR ] Run app\common\behavior\Common @app_init [ RunTime:0.000052s ]
[ info ] [ LANG ] /var/webstars/sustens/thinkphp/lang/zh-cn.php
[ info ] [ BEHAVIOR ] Run app\common\behavior\Common @app_dispatch [ RunTime:0.000024s ]
[ info ] [ ROUTE ] array (
  'type' => 'module',
  'module' => 
  array (
    0 => 'admin',
    1 => 'ldcms.diyform_fields',
    2 => 'index',
  ),
)
[ info ] [ HEADER ] array (
  'cookie' => 'thinkphp_show_page_trace=0|0; thinkphp_show_page_trace=0|0; uid=2; token=50446b79-6f1c-4eb2-9abc-2c19eb7a9159; thinkphp_show_page_trace=0|0; PHPSESSID=40vsve0haqvtacvur4afbs4v0t; keeplogin=1%7C86400%7C1731986374%7Cc033686637a60cbe64c2f8276a802fb1; backend_language=en; frontend_language=zh-cn',
  'accept-language' => 'zh-CN,zh;q=0.9,en;q=0.8',
  'accept-encoding' => 'gzip, deflate',
  'accept' => 'text/html,application/xhtml+xml,application/xml;q=0.9,image/avif,image/webp,image/apng,*/*;q=0.8,application/signed-exchange;v=b3;q=0.7',
  'user-agent' => 'Mozilla/5.0 (Macintosh; Intel Mac OS X 10_15_7) AppleWebKit/537.36 (KHTML, like Gecko) Chrome/130.0.0.0 Safari/537.36',
  'upgrade-insecure-requests' => '1',
  'connection' => 'keep-alive',
  'host' => 'dev.sustens.com',
  'content-length' => '',
  'content-type' => '',
)
[ info ] [ PARAM ] array (
  'addtabs' => '1',
  'diyform_id' => '18',
  'ids' => '18',
)
[ info ] [ LANG ] /var/webstars/sustens/public/../application/admin/lang/zh-cn.php
[ info ] [ BEHAVIOR ] Run app\common\behavior\Common @module_init [ RunTime:0.000063s ]
[ info ] [ LANG ] /var/webstars/sustens/public/../application/admin/lang/zh-cn/general/config.php
[ info ] [ SESSION ] INIT array (
  'id' => '',
  'var_session_id' => '',
  'prefix' => 'think',
  'type' => '',
  'auto_start' => true,
)
[ info ] [ BEHAVIOR ] Run \addons\ldcms\Ldcms @config_init [ RunTime:0.000030s ]
[ info ] [ LANG ] /var/webstars/sustens/public/../application/admin/lang/zh-cn/ldcms/diyform_fields.php
[ info ] [ RUN ] app\admin\controller\ldcms\DiyformFields->index[ /var/webstars/sustens/application/admin/controller/ldcms/DiyformFields.php ]
[ info ] [ VIEW ] /var/webstars/sustens/public/../application/admin/view/ldcms/diyform_fields/index.html [ array (
  0 => 'breadcrumb',
  1 => 'site',
  2 => 'config',
  3 => 'auth',
  4 => 'admin',
  5 => 'addon_config',
  6 => 'diyform',
) ]
[ info ] [ BEHAVIOR ] Run app\admin\behavior\AdminLog @app_end [ RunTime:0.000025s ]
[ info ] [ LOG ] INIT File
---------------------------------------------------------------
[ 2024-11-18T11:37:07+08:00 ] 10.211.55.2 GET dev.sustens.com/MTyvDCHVOo.php/ajax/lang?callback=define&controllername=ldcms.diyform_fields&lang=zh-cn&v=1731901026
[运行时间：0.019691s] [吞吐率：50.78req/s] [内存消耗：304.67kb] [文件加载：91]
[ info ] [ BEHAVIOR ] Run Closure @app_init [ RunTime:0.000021s ]
[ info ] [ CACHE ] INIT File
[ info ] [ DB ] INIT mysql
[ info ] [ BEHAVIOR ] Run \addons\ldcms\Ldcms @app_init [ RunTime:0.002697s ]
[ info ] [ BEHAVIOR ] Run Closure @app_init [ RunTime:0.002717s ]
[ info ] [ BEHAVIOR ] Run app\common\behavior\Common @app_init [ RunTime:0.000060s ]
[ info ] [ LANG ] /var/webstars/sustens/thinkphp/lang/zh-cn.php
[ info ] [ BEHAVIOR ] Run app\common\behavior\Common @app_dispatch [ RunTime:0.000013s ]
[ info ] [ ROUTE ] array (
  'type' => 'module',
  'module' => 
  array (
    0 => 'admin',
    1 => 'ajax',
    2 => 'lang',
  ),
)
[ info ] [ HEADER ] array (
  'cookie' => 'thinkphp_show_page_trace=0|0; uid=2; token=50446b79-6f1c-4eb2-9abc-2c19eb7a9159; thinkphp_show_page_trace=0|0; PHPSESSID=40vsve0haqvtacvur4afbs4v0t; keeplogin=1%7C86400%7C1731986374%7Cc033686637a60cbe64c2f8276a802fb1; backend_language=en; frontend_language=zh-cn',
  'accept-language' => 'zh-CN,zh;q=0.9,en;q=0.8',
  'accept-encoding' => 'gzip, deflate',
  'accept' => '*/*',
  'user-agent' => 'Mozilla/5.0 (Macintosh; Intel Mac OS X 10_15_7) AppleWebKit/537.36 (KHTML, like Gecko) Chrome/130.0.0.0 Safari/537.36',
  'connection' => 'keep-alive',
  'host' => 'dev.sustens.com',
  'content-length' => '',
  'content-type' => '',
)
[ info ] [ PARAM ] array (
  'callback' => 'define',
  'controllername' => 'ldcms.diyform_fields',
  'lang' => 'zh-cn',
  'v' => '1731901026',
)
[ info ] [ LANG ] /var/webstars/sustens/public/../application/admin/lang/zh-cn.php
[ info ] [ BEHAVIOR ] Run app\common\behavior\Common @module_init [ RunTime:0.000109s ]
[ info ] [ SESSION ] INIT array (
  'id' => '',
  'var_session_id' => '',
  'prefix' => 'think',
  'type' => '',
  'auto_start' => true,
)
[ info ] [ BEHAVIOR ] Run \addons\ldcms\Ldcms @config_init [ RunTime:0.000028s ]
[ info ] [ LANG ] /var/webstars/sustens/public/../application/admin/lang/zh-cn/ajax.php
[ info ] [ RUN ] app\admin\controller\Ajax->lang[ /var/webstars/sustens/application/admin/controller/Ajax.php ]
[ info ] [ LANG ] /var/webstars/sustens/public/../application/admin/lang/zh-cn/ldcms/diyform_fields.php
[ info ] [ BEHAVIOR ] Run app\admin\behavior\AdminLog @app_end [ RunTime:0.000023s ]
[ info ] [ LOG ] INIT File
---------------------------------------------------------------
[ 2024-11-18T11:37:07+08:00 ] 10.211.55.2 GET dev.sustens.com/MTyvDCHVOo.php/ldcms/diyform_fields/index/diyform_id/18?addtabs=1&sort=id&order=desc&offset=0&limit=10&_=1731901027061
[运行时间：0.176450s] [吞吐率：5.67req/s] [内存消耗：672.75kb] [文件加载：97]
[ info ] [ BEHAVIOR ] Run Closure @app_init [ RunTime:0.000029s ]
[ info ] [ CACHE ] INIT File
[ info ] [ DB ] INIT mysql
[ info ] [ BEHAVIOR ] Run \addons\ldcms\Ldcms @app_init [ RunTime:0.010773s ]
[ info ] [ BEHAVIOR ] Run Closure @app_init [ RunTime:0.010806s ]
[ info ] [ BEHAVIOR ] Run app\common\behavior\Common @app_init [ RunTime:0.000502s ]
[ info ] [ LANG ] /var/webstars/sustens/thinkphp/lang/zh-cn.php
[ info ] [ BEHAVIOR ] Run app\common\behavior\Common @app_dispatch [ RunTime:0.000246s ]
[ info ] [ ROUTE ] array (
  'type' => 'module',
  'module' => 
  array (
    0 => 'admin',
    1 => 'ldcms.diyform_fields',
    2 => 'index',
  ),
)
[ info ] [ HEADER ] array (
  'cookie' => 'thinkphp_show_page_trace=0|0; thinkphp_show_page_trace=0|0; uid=2; token=50446b79-6f1c-4eb2-9abc-2c19eb7a9159; thinkphp_show_page_trace=0|0; PHPSESSID=40vsve0haqvtacvur4afbs4v0t; keeplogin=1%7C86400%7C1731986374%7Cc033686637a60cbe64c2f8276a802fb1; backend_language=en; frontend_language=zh-cn',
  'accept-language' => 'zh-CN,zh;q=0.9,en;q=0.8',
  'accept-encoding' => 'gzip, deflate',
  'content-type' => 'application/json',
  'accept' => 'application/json, text/javascript, */*; q=0.01',
  'user-agent' => 'Mozilla/5.0 (Macintosh; Intel Mac OS X 10_15_7) AppleWebKit/537.36 (KHTML, like Gecko) Chrome/130.0.0.0 Safari/537.36',
  'x-requested-with' => 'XMLHttpRequest',
  'connection' => 'keep-alive',
  'host' => 'dev.sustens.com',
  'content-length' => '',
)
[ info ] [ PARAM ] array (
  'addtabs' => '1',
  'sort' => 'id',
  'order' => 'desc',
  'offset' => '0',
  'limit' => '10',
  '_' => '1731901027061',
  'diyform_id' => '18',
)
[ info ] [ LANG ] /var/webstars/sustens/public/../application/admin/lang/zh-cn.php
[ info ] [ BEHAVIOR ] Run app\common\behavior\Common @module_init [ RunTime:0.000242s ]
[ info ] [ LANG ] /var/webstars/sustens/public/../application/admin/lang/zh-cn/general/config.php
[ info ] [ SESSION ] INIT array (
  'id' => '',
  'var_session_id' => '',
  'prefix' => 'think',
  'type' => '',
  'auto_start' => true,
)
[ info ] [ BEHAVIOR ] Run \addons\ldcms\Ldcms @config_init [ RunTime:0.000050s ]
[ info ] [ LANG ] /var/webstars/sustens/public/../application/admin/lang/zh-cn/ldcms/diyform_fields.php
[ info ] [ RUN ] app\admin\controller\ldcms\DiyformFields->index[ /var/webstars/sustens/application/admin/controller/ldcms/DiyformFields.php ]
[ info ] [ BEHAVIOR ] Run app\admin\behavior\AdminLog @app_end [ RunTime:0.000045s ]
[ info ] [ LOG ] INIT File
---------------------------------------------------------------
[ 2024-11-18T11:38:07+08:00 ] 10.211.55.2 GET dev.sustens.com/MTyvDCHVOo.php/ldcms.diyform_fields/index?diyform_id=16&ids=16
[运行时间：0.433623s] [吞吐率：2.31req/s] [内存消耗：659.30kb] [文件加载：96]
[ info ] [ BEHAVIOR ] Run Closure @app_init [ RunTime:0.000028s ]
[ info ] [ CACHE ] INIT File
[ info ] [ DB ] INIT mysql
[ info ] [ BEHAVIOR ] Run \addons\ldcms\Ldcms @app_init [ RunTime:0.076473s ]
[ info ] [ BEHAVIOR ] Run Closure @app_init [ RunTime:0.076496s ]
[ info ] [ BEHAVIOR ] Run app\common\behavior\Common @app_init [ RunTime:0.001792s ]
[ info ] [ LANG ] /var/webstars/sustens/thinkphp/lang/zh-cn.php
[ info ] [ BEHAVIOR ] Run app\common\behavior\Common @app_dispatch [ RunTime:0.000029s ]
[ info ] [ ROUTE ] array (
  'type' => 'module',
  'module' => 
  array (
    0 => 'admin',
    1 => 'ldcms.diyform_fields',
    2 => 'index',
  ),
)
[ info ] [ HEADER ] array (
  'cookie' => 'thinkphp_show_page_trace=0|0; uid=2; token=50446b79-6f1c-4eb2-9abc-2c19eb7a9159; thinkphp_show_page_trace=0|0; PHPSESSID=40vsve0haqvtacvur4afbs4v0t; keeplogin=1%7C86400%7C1731986374%7Cc033686637a60cbe64c2f8276a802fb1; backend_language=en; frontend_language=zh-cn',
  'accept-language' => 'zh-CN,zh;q=0.9,en;q=0.8',
  'accept-encoding' => 'gzip, deflate',
  'accept' => 'text/html,application/xhtml+xml,application/xml;q=0.9,image/avif,image/webp,image/apng,*/*;q=0.8,application/signed-exchange;v=b3;q=0.7',
  'user-agent' => 'Mozilla/5.0 (Macintosh; Intel Mac OS X 10_15_7) AppleWebKit/537.36 (KHTML, like Gecko) Chrome/130.0.0.0 Safari/537.36',
  'upgrade-insecure-requests' => '1',
  'connection' => 'keep-alive',
  'host' => 'dev.sustens.com',
  'content-length' => '',
  'content-type' => '',
)
[ info ] [ PARAM ] array (
  'diyform_id' => '16',
  'ids' => '16',
)
[ info ] [ LANG ] /var/webstars/sustens/public/../application/admin/lang/zh-cn.php
[ info ] [ BEHAVIOR ] Run app\common\behavior\Common @module_init [ RunTime:0.002244s ]
[ info ] [ LANG ] /var/webstars/sustens/public/../application/admin/lang/zh-cn/general/config.php
[ info ] [ SESSION ] INIT array (
  'id' => '',
  'var_session_id' => '',
  'prefix' => 'think',
  'type' => '',
  'auto_start' => true,
)
[ info ] [ BEHAVIOR ] Run \addons\ldcms\Ldcms @config_init [ RunTime:0.000060s ]
[ info ] [ LANG ] /var/webstars/sustens/public/../application/admin/lang/zh-cn/ldcms/diyform_fields.php
[ info ] [ RUN ] app\admin\controller\ldcms\DiyformFields->index[ /var/webstars/sustens/application/admin/controller/ldcms/DiyformFields.php ]
[ info ] [ VIEW ] /var/webstars/sustens/public/../application/admin/view/ldcms/diyform_fields/index.html [ array (
  0 => 'breadcrumb',
  1 => 'site',
  2 => 'config',
  3 => 'auth',
  4 => 'admin',
  5 => 'addon_config',
  6 => 'diyform',
) ]
[ info ] [ BEHAVIOR ] Run app\admin\behavior\AdminLog @app_end [ RunTime:0.000910s ]
[ info ] [ LOG ] INIT File
---------------------------------------------------------------
[ 2024-11-18T11:38:08+08:00 ] 10.211.55.2 GET dev.sustens.com/MTyvDCHVOo.php/ajax/lang?callback=define&controllername=ldcms.diyform_fields&lang=zh-cn&v=1731901087
[运行时间：0.021175s] [吞吐率：47.23req/s] [内存消耗：304.67kb] [文件加载：91]
[ info ] [ BEHAVIOR ] Run Closure @app_init [ RunTime:0.000019s ]
[ info ] [ CACHE ] INIT File
[ info ] [ DB ] INIT mysql
[ info ] [ BEHAVIOR ] Run \addons\ldcms\Ldcms @app_init [ RunTime:0.002484s ]
[ info ] [ BEHAVIOR ] Run Closure @app_init [ RunTime:0.002508s ]
[ info ] [ BEHAVIOR ] Run app\common\behavior\Common @app_init [ RunTime:0.000054s ]
[ info ] [ LANG ] /var/webstars/sustens/thinkphp/lang/zh-cn.php
[ info ] [ BEHAVIOR ] Run app\common\behavior\Common @app_dispatch [ RunTime:0.000014s ]
[ info ] [ ROUTE ] array (
  'type' => 'module',
  'module' => 
  array (
    0 => 'admin',
    1 => 'ajax',
    2 => 'lang',
  ),
)
[ info ] [ HEADER ] array (
  'cookie' => 'thinkphp_show_page_trace=0|0; uid=2; token=50446b79-6f1c-4eb2-9abc-2c19eb7a9159; thinkphp_show_page_trace=0|0; PHPSESSID=40vsve0haqvtacvur4afbs4v0t; keeplogin=1%7C86400%7C1731986374%7Cc033686637a60cbe64c2f8276a802fb1; backend_language=en; frontend_language=zh-cn',
  'accept-language' => 'zh-CN,zh;q=0.9,en;q=0.8',
  'accept-encoding' => 'gzip, deflate',
  'accept' => '*/*',
  'user-agent' => 'Mozilla/5.0 (Macintosh; Intel Mac OS X 10_15_7) AppleWebKit/537.36 (KHTML, like Gecko) Chrome/130.0.0.0 Safari/537.36',
  'connection' => 'keep-alive',
  'host' => 'dev.sustens.com',
  'content-length' => '',
  'content-type' => '',
)
[ info ] [ PARAM ] array (
  'callback' => 'define',
  'controllername' => 'ldcms.diyform_fields',
  'lang' => 'zh-cn',
  'v' => '1731901087',
)
[ info ] [ LANG ] /var/webstars/sustens/public/../application/admin/lang/zh-cn.php
[ info ] [ BEHAVIOR ] Run app\common\behavior\Common @module_init [ RunTime:0.000068s ]
[ info ] [ SESSION ] INIT array (
  'id' => '',
  'var_session_id' => '',
  'prefix' => 'think',
  'type' => '',
  'auto_start' => true,
)
[ info ] [ BEHAVIOR ] Run \addons\ldcms\Ldcms @config_init [ RunTime:0.000037s ]
[ info ] [ LANG ] /var/webstars/sustens/public/../application/admin/lang/zh-cn/ajax.php
[ info ] [ RUN ] app\admin\controller\Ajax->lang[ /var/webstars/sustens/application/admin/controller/Ajax.php ]
[ info ] [ LANG ] /var/webstars/sustens/public/../application/admin/lang/zh-cn/ldcms/diyform_fields.php
[ info ] [ BEHAVIOR ] Run app\admin\behavior\AdminLog @app_end [ RunTime:0.000046s ]
[ info ] [ LOG ] INIT File
---------------------------------------------------------------
[ 2024-11-18T11:38:09+08:00 ] 10.211.55.2 GET dev.sustens.com/MTyvDCHVOo.php/ldcms/diyform_fields/index/diyform_id/16?diyform_id=16&ids=16&sort=id&order=desc&offset=0&limit=10&_=1731901088451
[运行时间：0.163837s] [吞吐率：6.10req/s] [内存消耗：676.16kb] [文件加载：97]
[ info ] [ BEHAVIOR ] Run Closure @app_init [ RunTime:0.000019s ]
[ info ] [ CACHE ] INIT File
[ info ] [ DB ] INIT mysql
[ info ] [ BEHAVIOR ] Run \addons\ldcms\Ldcms @app_init [ RunTime:0.007519s ]
[ info ] [ BEHAVIOR ] Run Closure @app_init [ RunTime:0.007553s ]
[ info ] [ BEHAVIOR ] Run app\common\behavior\Common @app_init [ RunTime:0.000139s ]
[ info ] [ LANG ] /var/webstars/sustens/thinkphp/lang/zh-cn.php
[ info ] [ BEHAVIOR ] Run app\common\behavior\Common @app_dispatch [ RunTime:0.000029s ]
[ info ] [ ROUTE ] array (
  'type' => 'module',
  'module' => 
  array (
    0 => 'admin',
    1 => 'ldcms.diyform_fields',
    2 => 'index',
  ),
)
[ info ] [ HEADER ] array (
  'cookie' => 'thinkphp_show_page_trace=0|0; thinkphp_show_page_trace=0|0; uid=2; token=50446b79-6f1c-4eb2-9abc-2c19eb7a9159; thinkphp_show_page_trace=0|0; PHPSESSID=40vsve0haqvtacvur4afbs4v0t; keeplogin=1%7C86400%7C1731986374%7Cc033686637a60cbe64c2f8276a802fb1; backend_language=en; frontend_language=zh-cn',
  'accept-language' => 'zh-CN,zh;q=0.9,en;q=0.8',
  'accept-encoding' => 'gzip, deflate',
  'content-type' => 'application/json',
  'accept' => 'application/json, text/javascript, */*; q=0.01',
  'user-agent' => 'Mozilla/5.0 (Macintosh; Intel Mac OS X 10_15_7) AppleWebKit/537.36 (KHTML, like Gecko) Chrome/130.0.0.0 Safari/537.36',
  'x-requested-with' => 'XMLHttpRequest',
  'connection' => 'keep-alive',
  'host' => 'dev.sustens.com',
  'content-length' => '',
)
[ info ] [ PARAM ] array (
  'diyform_id' => '16',
  'ids' => '16',
  'sort' => 'id',
  'order' => 'desc',
  'offset' => '0',
  'limit' => '10',
  '_' => '1731901088451',
)
[ info ] [ LANG ] /var/webstars/sustens/public/../application/admin/lang/zh-cn.php
[ info ] [ BEHAVIOR ] Run app\common\behavior\Common @module_init [ RunTime:0.000095s ]
[ info ] [ LANG ] /var/webstars/sustens/public/../application/admin/lang/zh-cn/general/config.php
[ info ] [ SESSION ] INIT array (
  'id' => '',
  'var_session_id' => '',
  'prefix' => 'think',
  'type' => '',
  'auto_start' => true,
)
[ info ] [ BEHAVIOR ] Run \addons\ldcms\Ldcms @config_init [ RunTime:0.000039s ]
[ info ] [ LANG ] /var/webstars/sustens/public/../application/admin/lang/zh-cn/ldcms/diyform_fields.php
[ info ] [ RUN ] app\admin\controller\ldcms\DiyformFields->index[ /var/webstars/sustens/application/admin/controller/ldcms/DiyformFields.php ]
[ info ] [ BEHAVIOR ] Run app\admin\behavior\AdminLog @app_end [ RunTime:0.000049s ]
[ info ] [ LOG ] INIT File
---------------------------------------------------------------
[ 2024-11-18T11:38:12+08:00 ] 10.211.55.2 GET dev.sustens.com/MTyvDCHVOo.php/ldcms.diyform_fields/index?diyform_id=18&ids=18
[运行时间：0.034669s] [吞吐率：28.84req/s] [内存消耗：658.65kb] [文件加载：96]
[ info ] [ BEHAVIOR ] Run Closure @app_init [ RunTime:0.000280s ]
[ info ] [ CACHE ] INIT File
[ info ] [ DB ] INIT mysql
[ info ] [ BEHAVIOR ] Run \addons\ldcms\Ldcms @app_init [ RunTime:0.005674s ]
[ info ] [ BEHAVIOR ] Run Closure @app_init [ RunTime:0.005698s ]
[ info ] [ BEHAVIOR ] Run app\common\behavior\Common @app_init [ RunTime:0.000077s ]
[ info ] [ LANG ] /var/webstars/sustens/thinkphp/lang/zh-cn.php
[ info ] [ BEHAVIOR ] Run app\common\behavior\Common @app_dispatch [ RunTime:0.000015s ]
[ info ] [ ROUTE ] array (
  'type' => 'module',
  'module' => 
  array (
    0 => 'admin',
    1 => 'ldcms.diyform_fields',
    2 => 'index',
  ),
)
[ info ] [ HEADER ] array (
  'cookie' => 'thinkphp_show_page_trace=0|0; thinkphp_show_page_trace=0|0; uid=2; token=50446b79-6f1c-4eb2-9abc-2c19eb7a9159; thinkphp_show_page_trace=0|0; PHPSESSID=40vsve0haqvtacvur4afbs4v0t; keeplogin=1%7C86400%7C1731986374%7Cc033686637a60cbe64c2f8276a802fb1; backend_language=en; frontend_language=zh-cn',
  'accept-language' => 'zh-CN,zh;q=0.9,en;q=0.8',
  'accept-encoding' => 'gzip, deflate',
  'accept' => 'text/html,application/xhtml+xml,application/xml;q=0.9,image/avif,image/webp,image/apng,*/*;q=0.8,application/signed-exchange;v=b3;q=0.7',
  'user-agent' => 'Mozilla/5.0 (Macintosh; Intel Mac OS X 10_15_7) AppleWebKit/537.36 (KHTML, like Gecko) Chrome/130.0.0.0 Safari/537.36',
  'upgrade-insecure-requests' => '1',
  'connection' => 'keep-alive',
  'host' => 'dev.sustens.com',
  'content-length' => '',
  'content-type' => '',
)
[ info ] [ PARAM ] array (
  'diyform_id' => '18',
  'ids' => '18',
)
[ info ] [ LANG ] /var/webstars/sustens/public/../application/admin/lang/zh-cn.php
[ info ] [ BEHAVIOR ] Run app\common\behavior\Common @module_init [ RunTime:0.000073s ]
[ info ] [ LANG ] /var/webstars/sustens/public/../application/admin/lang/zh-cn/general/config.php
[ info ] [ SESSION ] INIT array (
  'id' => '',
  'var_session_id' => '',
  'prefix' => 'think',
  'type' => '',
  'auto_start' => true,
)
[ info ] [ BEHAVIOR ] Run \addons\ldcms\Ldcms @config_init [ RunTime:0.000037s ]
[ info ] [ LANG ] /var/webstars/sustens/public/../application/admin/lang/zh-cn/ldcms/diyform_fields.php
[ info ] [ RUN ] app\admin\controller\ldcms\DiyformFields->index[ /var/webstars/sustens/application/admin/controller/ldcms/DiyformFields.php ]
[ info ] [ VIEW ] /var/webstars/sustens/public/../application/admin/view/ldcms/diyform_fields/index.html [ array (
  0 => 'breadcrumb',
  1 => 'site',
  2 => 'config',
  3 => 'auth',
  4 => 'admin',
  5 => 'addon_config',
  6 => 'diyform',
) ]
[ info ] [ BEHAVIOR ] Run app\admin\behavior\AdminLog @app_end [ RunTime:0.000033s ]
[ info ] [ LOG ] INIT File
---------------------------------------------------------------
[ 2024-11-18T11:38:12+08:00 ] 10.211.55.2 GET dev.sustens.com/MTyvDCHVOo.php/ajax/lang?callback=define&controllername=ldcms.diyform_fields&lang=zh-cn&v=1731901092
[运行时间：0.017996s] [吞吐率：55.57req/s] [内存消耗：304.67kb] [文件加载：91]
[ info ] [ BEHAVIOR ] Run Closure @app_init [ RunTime:0.000018s ]
[ info ] [ CACHE ] INIT File
[ info ] [ DB ] INIT mysql
[ info ] [ BEHAVIOR ] Run \addons\ldcms\Ldcms @app_init [ RunTime:0.003865s ]
[ info ] [ BEHAVIOR ] Run Closure @app_init [ RunTime:0.003887s ]
[ info ] [ BEHAVIOR ] Run app\common\behavior\Common @app_init [ RunTime:0.000116s ]
[ info ] [ LANG ] /var/webstars/sustens/thinkphp/lang/zh-cn.php
[ info ] [ BEHAVIOR ] Run app\common\behavior\Common @app_dispatch [ RunTime:0.000014s ]
[ info ] [ ROUTE ] array (
  'type' => 'module',
  'module' => 
  array (
    0 => 'admin',
    1 => 'ajax',
    2 => 'lang',
  ),
)
[ info ] [ HEADER ] array (
  'cookie' => 'thinkphp_show_page_trace=0|0; uid=2; token=50446b79-6f1c-4eb2-9abc-2c19eb7a9159; thinkphp_show_page_trace=0|0; PHPSESSID=40vsve0haqvtacvur4afbs4v0t; keeplogin=1%7C86400%7C1731986374%7Cc033686637a60cbe64c2f8276a802fb1; backend_language=en; frontend_language=zh-cn',
  'accept-language' => 'zh-CN,zh;q=0.9,en;q=0.8',
  'accept-encoding' => 'gzip, deflate',
  'accept' => '*/*',
  'user-agent' => 'Mozilla/5.0 (Macintosh; Intel Mac OS X 10_15_7) AppleWebKit/537.36 (KHTML, like Gecko) Chrome/130.0.0.0 Safari/537.36',
  'connection' => 'keep-alive',
  'host' => 'dev.sustens.com',
  'content-length' => '',
  'content-type' => '',
)
[ info ] [ PARAM ] array (
  'callback' => 'define',
  'controllername' => 'ldcms.diyform_fields',
  'lang' => 'zh-cn',
  'v' => '1731901092',
)
[ info ] [ LANG ] /var/webstars/sustens/public/../application/admin/lang/zh-cn.php
[ info ] [ BEHAVIOR ] Run app\common\behavior\Common @module_init [ RunTime:0.000061s ]
[ info ] [ SESSION ] INIT array (
  'id' => '',
  'var_session_id' => '',
  'prefix' => 'think',
  'type' => '',
  'auto_start' => true,
)
[ info ] [ BEHAVIOR ] Run \addons\ldcms\Ldcms @config_init [ RunTime:0.000027s ]
[ info ] [ LANG ] /var/webstars/sustens/public/../application/admin/lang/zh-cn/ajax.php
[ info ] [ RUN ] app\admin\controller\Ajax->lang[ /var/webstars/sustens/application/admin/controller/Ajax.php ]
[ info ] [ LANG ] /var/webstars/sustens/public/../application/admin/lang/zh-cn/ldcms/diyform_fields.php
[ info ] [ BEHAVIOR ] Run app\admin\behavior\AdminLog @app_end [ RunTime:0.000028s ]
[ info ] [ LOG ] INIT File
---------------------------------------------------------------
[ 2024-11-18T11:38:13+08:00 ] 10.211.55.2 GET dev.sustens.com/MTyvDCHVOo.php/ldcms/diyform_fields/index/diyform_id/18?diyform_id=18&ids=18&sort=id&order=desc&offset=0&limit=10&_=1731901092680
[运行时间：0.097743s] [吞吐率：10.23req/s] [内存消耗：673.06kb] [文件加载：97]
[ info ] [ BEHAVIOR ] Run Closure @app_init [ RunTime:0.000026s ]
[ info ] [ CACHE ] INIT File
[ info ] [ DB ] INIT mysql
[ info ] [ BEHAVIOR ] Run \addons\ldcms\Ldcms @app_init [ RunTime:0.003435s ]
[ info ] [ BEHAVIOR ] Run Closure @app_init [ RunTime:0.003463s ]
[ info ] [ BEHAVIOR ] Run app\common\behavior\Common @app_init [ RunTime:0.000075s ]
[ info ] [ LANG ] /var/webstars/sustens/thinkphp/lang/zh-cn.php
[ info ] [ BEHAVIOR ] Run app\common\behavior\Common @app_dispatch [ RunTime:0.000018s ]
[ info ] [ ROUTE ] array (
  'type' => 'module',
  'module' => 
  array (
    0 => 'admin',
    1 => 'ldcms.diyform_fields',
    2 => 'index',
  ),
)
[ info ] [ HEADER ] array (
  'cookie' => 'thinkphp_show_page_trace=0|0; thinkphp_show_page_trace=0|0; uid=2; token=50446b79-6f1c-4eb2-9abc-2c19eb7a9159; thinkphp_show_page_trace=0|0; PHPSESSID=40vsve0haqvtacvur4afbs4v0t; keeplogin=1%7C86400%7C1731986374%7Cc033686637a60cbe64c2f8276a802fb1; backend_language=en; frontend_language=zh-cn',
  'accept-language' => 'zh-CN,zh;q=0.9,en;q=0.8',
  'accept-encoding' => 'gzip, deflate',
  'content-type' => 'application/json',
  'accept' => 'application/json, text/javascript, */*; q=0.01',
  'user-agent' => 'Mozilla/5.0 (Macintosh; Intel Mac OS X 10_15_7) AppleWebKit/537.36 (KHTML, like Gecko) Chrome/130.0.0.0 Safari/537.36',
  'x-requested-with' => 'XMLHttpRequest',
  'connection' => 'keep-alive',
  'host' => 'dev.sustens.com',
  'content-length' => '',
)
[ info ] [ PARAM ] array (
  'diyform_id' => '18',
  'ids' => '18',
  'sort' => 'id',
  'order' => 'desc',
  'offset' => '0',
  'limit' => '10',
  '_' => '1731901092680',
)
[ info ] [ LANG ] /var/webstars/sustens/public/../application/admin/lang/zh-cn.php
[ info ] [ BEHAVIOR ] Run app\common\behavior\Common @module_init [ RunTime:0.000091s ]
[ info ] [ LANG ] /var/webstars/sustens/public/../application/admin/lang/zh-cn/general/config.php
[ info ] [ SESSION ] INIT array (
  'id' => '',
  'var_session_id' => '',
  'prefix' => 'think',
  'type' => '',
  'auto_start' => true,
)
[ info ] [ BEHAVIOR ] Run \addons\ldcms\Ldcms @config_init [ RunTime:0.000044s ]
[ info ] [ LANG ] /var/webstars/sustens/public/../application/admin/lang/zh-cn/ldcms/diyform_fields.php
[ info ] [ RUN ] app\admin\controller\ldcms\DiyformFields->index[ /var/webstars/sustens/application/admin/controller/ldcms/DiyformFields.php ]
[ info ] [ BEHAVIOR ] Run app\admin\behavior\AdminLog @app_end [ RunTime:0.000038s ]
[ info ] [ LOG ] INIT File
---------------------------------------------------------------
[ 2024-11-18T11:38:14+08:00 ] 10.211.55.2 GET dev.sustens.com/MTyvDCHVOo.php/ldcms.diyform_fields/index?diyform_id=16&ids=16
[运行时间：0.037859s] [吞吐率：26.41req/s] [内存消耗：658.65kb] [文件加载：96]
[ info ] [ BEHAVIOR ] Run Closure @app_init [ RunTime:0.000020s ]
[ info ] [ CACHE ] INIT File
[ info ] [ DB ] INIT mysql
[ info ] [ BEHAVIOR ] Run \addons\ldcms\Ldcms @app_init [ RunTime:0.003944s ]
[ info ] [ BEHAVIOR ] Run Closure @app_init [ RunTime:0.003968s ]
[ info ] [ BEHAVIOR ] Run app\common\behavior\Common @app_init [ RunTime:0.000113s ]
[ info ] [ LANG ] /var/webstars/sustens/thinkphp/lang/zh-cn.php
[ info ] [ BEHAVIOR ] Run app\common\behavior\Common @app_dispatch [ RunTime:0.000017s ]
[ info ] [ ROUTE ] array (
  'type' => 'module',
  'module' => 
  array (
    0 => 'admin',
    1 => 'ldcms.diyform_fields',
    2 => 'index',
  ),
)
[ info ] [ HEADER ] array (
  'cookie' => 'thinkphp_show_page_trace=0|0; thinkphp_show_page_trace=0|0; uid=2; token=50446b79-6f1c-4eb2-9abc-2c19eb7a9159; thinkphp_show_page_trace=0|0; PHPSESSID=40vsve0haqvtacvur4afbs4v0t; keeplogin=1%7C86400%7C1731986374%7Cc033686637a60cbe64c2f8276a802fb1; backend_language=en; frontend_language=zh-cn',
  'accept-language' => 'zh-CN,zh;q=0.9,en;q=0.8',
  'accept-encoding' => 'gzip, deflate',
  'accept' => 'text/html,application/xhtml+xml,application/xml;q=0.9,image/avif,image/webp,image/apng,*/*;q=0.8,application/signed-exchange;v=b3;q=0.7',
  'user-agent' => 'Mozilla/5.0 (Macintosh; Intel Mac OS X 10_15_7) AppleWebKit/537.36 (KHTML, like Gecko) Chrome/130.0.0.0 Safari/537.36',
  'upgrade-insecure-requests' => '1',
  'connection' => 'keep-alive',
  'host' => 'dev.sustens.com',
  'content-length' => '',
  'content-type' => '',
)
[ info ] [ PARAM ] array (
  'diyform_id' => '16',
  'ids' => '16',
)
[ info ] [ LANG ] /var/webstars/sustens/public/../application/admin/lang/zh-cn.php
[ info ] [ BEHAVIOR ] Run app\common\behavior\Common @module_init [ RunTime:0.000065s ]
[ info ] [ LANG ] /var/webstars/sustens/public/../application/admin/lang/zh-cn/general/config.php
[ info ] [ SESSION ] INIT array (
  'id' => '',
  'var_session_id' => '',
  'prefix' => 'think',
  'type' => '',
  'auto_start' => true,
)
[ info ] [ BEHAVIOR ] Run \addons\ldcms\Ldcms @config_init [ RunTime:0.000039s ]
[ info ] [ LANG ] /var/webstars/sustens/public/../application/admin/lang/zh-cn/ldcms/diyform_fields.php
[ info ] [ RUN ] app\admin\controller\ldcms\DiyformFields->index[ /var/webstars/sustens/application/admin/controller/ldcms/DiyformFields.php ]
[ info ] [ VIEW ] /var/webstars/sustens/public/../application/admin/view/ldcms/diyform_fields/index.html [ array (
  0 => 'breadcrumb',
  1 => 'site',
  2 => 'config',
  3 => 'auth',
  4 => 'admin',
  5 => 'addon_config',
  6 => 'diyform',
) ]
[ info ] [ BEHAVIOR ] Run app\admin\behavior\AdminLog @app_end [ RunTime:0.000028s ]
[ info ] [ LOG ] INIT File
---------------------------------------------------------------
[ 2024-11-18T11:38:14+08:00 ] 10.211.55.2 GET dev.sustens.com/MTyvDCHVOo.php/ajax/lang?callback=define&controllername=ldcms.diyform_fields&lang=zh-cn&v=1731901094
[运行时间：0.011908s] [吞吐率：83.98req/s] [内存消耗：304.67kb] [文件加载：91]
[ info ] [ BEHAVIOR ] Run Closure @app_init [ RunTime:0.000015s ]
[ info ] [ CACHE ] INIT File
[ info ] [ DB ] INIT mysql
[ info ] [ BEHAVIOR ] Run \addons\ldcms\Ldcms @app_init [ RunTime:0.002702s ]
[ info ] [ BEHAVIOR ] Run Closure @app_init [ RunTime:0.002721s ]
[ info ] [ BEHAVIOR ] Run app\common\behavior\Common @app_init [ RunTime:0.000094s ]
[ info ] [ LANG ] /var/webstars/sustens/thinkphp/lang/zh-cn.php
[ info ] [ BEHAVIOR ] Run app\common\behavior\Common @app_dispatch [ RunTime:0.000018s ]
[ info ] [ ROUTE ] array (
  'type' => 'module',
  'module' => 
  array (
    0 => 'admin',
    1 => 'ajax',
    2 => 'lang',
  ),
)
[ info ] [ HEADER ] array (
  'cookie' => 'thinkphp_show_page_trace=0|0; uid=2; token=50446b79-6f1c-4eb2-9abc-2c19eb7a9159; thinkphp_show_page_trace=0|0; PHPSESSID=40vsve0haqvtacvur4afbs4v0t; keeplogin=1%7C86400%7C1731986374%7Cc033686637a60cbe64c2f8276a802fb1; backend_language=en; frontend_language=zh-cn',
  'accept-language' => 'zh-CN,zh;q=0.9,en;q=0.8',
  'accept-encoding' => 'gzip, deflate',
  'accept' => '*/*',
  'user-agent' => 'Mozilla/5.0 (Macintosh; Intel Mac OS X 10_15_7) AppleWebKit/537.36 (KHTML, like Gecko) Chrome/130.0.0.0 Safari/537.36',
  'connection' => 'keep-alive',
  'host' => 'dev.sustens.com',
  'content-length' => '',
  'content-type' => '',
)
[ info ] [ PARAM ] array (
  'callback' => 'define',
  'controllername' => 'ldcms.diyform_fields',
  'lang' => 'zh-cn',
  'v' => '1731901094',
)
[ info ] [ LANG ] /var/webstars/sustens/public/../application/admin/lang/zh-cn.php
[ info ] [ BEHAVIOR ] Run app\common\behavior\Common @module_init [ RunTime:0.000078s ]
[ info ] [ SESSION ] INIT array (
  'id' => '',
  'var_session_id' => '',
  'prefix' => 'think',
  'type' => '',
  'auto_start' => true,
)
[ info ] [ BEHAVIOR ] Run \addons\ldcms\Ldcms @config_init [ RunTime:0.000033s ]
[ info ] [ LANG ] /var/webstars/sustens/public/../application/admin/lang/zh-cn/ajax.php
[ info ] [ RUN ] app\admin\controller\Ajax->lang[ /var/webstars/sustens/application/admin/controller/Ajax.php ]
[ info ] [ LANG ] /var/webstars/sustens/public/../application/admin/lang/zh-cn/ldcms/diyform_fields.php
[ info ] [ BEHAVIOR ] Run app\admin\behavior\AdminLog @app_end [ RunTime:0.000025s ]
[ info ] [ LOG ] INIT File
---------------------------------------------------------------
[ 2024-11-18T11:38:15+08:00 ] 10.211.55.2 GET dev.sustens.com/MTyvDCHVOo.php/ldcms/diyform_fields/index/diyform_id/16?diyform_id=16&ids=16&sort=id&order=desc&offset=0&limit=10&_=1731901094506
[运行时间：0.093284s] [吞吐率：10.72req/s] [内存消耗：676.16kb] [文件加载：97]
[ info ] [ BEHAVIOR ] Run Closure @app_init [ RunTime:0.000031s ]
[ info ] [ CACHE ] INIT File
[ info ] [ DB ] INIT mysql
[ info ] [ BEHAVIOR ] Run \addons\ldcms\Ldcms @app_init [ RunTime:0.007986s ]
[ info ] [ BEHAVIOR ] Run Closure @app_init [ RunTime:0.008012s ]
[ info ] [ BEHAVIOR ] Run app\common\behavior\Common @app_init [ RunTime:0.000111s ]
[ info ] [ LANG ] /var/webstars/sustens/thinkphp/lang/zh-cn.php
[ info ] [ BEHAVIOR ] Run app\common\behavior\Common @app_dispatch [ RunTime:0.000018s ]
[ info ] [ ROUTE ] array (
  'type' => 'module',
  'module' => 
  array (
    0 => 'admin',
    1 => 'ldcms.diyform_fields',
    2 => 'index',
  ),
)
[ info ] [ HEADER ] array (
  'cookie' => 'thinkphp_show_page_trace=0|0; thinkphp_show_page_trace=0|0; uid=2; token=50446b79-6f1c-4eb2-9abc-2c19eb7a9159; thinkphp_show_page_trace=0|0; PHPSESSID=40vsve0haqvtacvur4afbs4v0t; keeplogin=1%7C86400%7C1731986374%7Cc033686637a60cbe64c2f8276a802fb1; backend_language=en; frontend_language=zh-cn',
  'accept-language' => 'zh-CN,zh;q=0.9,en;q=0.8',
  'accept-encoding' => 'gzip, deflate',
  'content-type' => 'application/json',
  'accept' => 'application/json, text/javascript, */*; q=0.01',
  'user-agent' => 'Mozilla/5.0 (Macintosh; Intel Mac OS X 10_15_7) AppleWebKit/537.36 (KHTML, like Gecko) Chrome/130.0.0.0 Safari/537.36',
  'x-requested-with' => 'XMLHttpRequest',
  'connection' => 'keep-alive',
  'host' => 'dev.sustens.com',
  'content-length' => '',
)
[ info ] [ PARAM ] array (
  'diyform_id' => '16',
  'ids' => '16',
  'sort' => 'id',
  'order' => 'desc',
  'offset' => '0',
  'limit' => '10',
  '_' => '1731901094506',
)
[ info ] [ LANG ] /var/webstars/sustens/public/../application/admin/lang/zh-cn.php
[ info ] [ BEHAVIOR ] Run app\common\behavior\Common @module_init [ RunTime:0.000184s ]
[ info ] [ LANG ] /var/webstars/sustens/public/../application/admin/lang/zh-cn/general/config.php
[ info ] [ SESSION ] INIT array (
  'id' => '',
  'var_session_id' => '',
  'prefix' => 'think',
  'type' => '',
  'auto_start' => true,
)
[ info ] [ BEHAVIOR ] Run \addons\ldcms\Ldcms @config_init [ RunTime:0.000041s ]
[ info ] [ LANG ] /var/webstars/sustens/public/../application/admin/lang/zh-cn/ldcms/diyform_fields.php
[ info ] [ RUN ] app\admin\controller\ldcms\DiyformFields->index[ /var/webstars/sustens/application/admin/controller/ldcms/DiyformFields.php ]
[ info ] [ BEHAVIOR ] Run app\admin\behavior\AdminLog @app_end [ RunTime:0.000057s ]
[ info ] [ LOG ] INIT File
---------------------------------------------------------------
[ 2024-11-18T11:38:21+08:00 ] 10.211.55.2 GET dev.sustens.com/MTyvDCHVOo.php/ldcms.diyform_fields/index?diyform_id=18&ids=18
[运行时间：0.041412s] [吞吐率：24.15req/s] [内存消耗：658.65kb] [文件加载：96]
[ info ] [ BEHAVIOR ] Run Closure @app_init [ RunTime:0.000027s ]
[ info ] [ CACHE ] INIT File
[ info ] [ DB ] INIT mysql
[ info ] [ BEHAVIOR ] Run \addons\ldcms\Ldcms @app_init [ RunTime:0.005844s ]
[ info ] [ BEHAVIOR ] Run Closure @app_init [ RunTime:0.005878s ]
[ info ] [ BEHAVIOR ] Run app\common\behavior\Common @app_init [ RunTime:0.000116s ]
[ info ] [ LANG ] /var/webstars/sustens/thinkphp/lang/zh-cn.php
[ info ] [ BEHAVIOR ] Run app\common\behavior\Common @app_dispatch [ RunTime:0.000022s ]
[ info ] [ ROUTE ] array (
  'type' => 'module',
  'module' => 
  array (
    0 => 'admin',
    1 => 'ldcms.diyform_fields',
    2 => 'index',
  ),
)
[ info ] [ HEADER ] array (
  'cookie' => 'thinkphp_show_page_trace=0|0; thinkphp_show_page_trace=0|0; uid=2; token=50446b79-6f1c-4eb2-9abc-2c19eb7a9159; thinkphp_show_page_trace=0|0; PHPSESSID=40vsve0haqvtacvur4afbs4v0t; keeplogin=1%7C86400%7C1731986374%7Cc033686637a60cbe64c2f8276a802fb1; backend_language=en; frontend_language=zh-cn',
  'accept-language' => 'zh-CN,zh;q=0.9,en;q=0.8',
  'accept-encoding' => 'gzip, deflate',
  'accept' => 'text/html,application/xhtml+xml,application/xml;q=0.9,image/avif,image/webp,image/apng,*/*;q=0.8,application/signed-exchange;v=b3;q=0.7',
  'user-agent' => 'Mozilla/5.0 (Macintosh; Intel Mac OS X 10_15_7) AppleWebKit/537.36 (KHTML, like Gecko) Chrome/130.0.0.0 Safari/537.36',
  'upgrade-insecure-requests' => '1',
  'connection' => 'keep-alive',
  'host' => 'dev.sustens.com',
  'content-length' => '',
  'content-type' => '',
)
[ info ] [ PARAM ] array (
  'diyform_id' => '18',
  'ids' => '18',
)
[ info ] [ LANG ] /var/webstars/sustens/public/../application/admin/lang/zh-cn.php
[ info ] [ BEHAVIOR ] Run app\common\behavior\Common @module_init [ RunTime:0.000132s ]
[ info ] [ LANG ] /var/webstars/sustens/public/../application/admin/lang/zh-cn/general/config.php
[ info ] [ SESSION ] INIT array (
  'id' => '',
  'var_session_id' => '',
  'prefix' => 'think',
  'type' => '',
  'auto_start' => true,
)
[ info ] [ BEHAVIOR ] Run \addons\ldcms\Ldcms @config_init [ RunTime:0.000054s ]
[ info ] [ LANG ] /var/webstars/sustens/public/../application/admin/lang/zh-cn/ldcms/diyform_fields.php
[ info ] [ RUN ] app\admin\controller\ldcms\DiyformFields->index[ /var/webstars/sustens/application/admin/controller/ldcms/DiyformFields.php ]
[ info ] [ VIEW ] /var/webstars/sustens/public/../application/admin/view/ldcms/diyform_fields/index.html [ array (
  0 => 'breadcrumb',
  1 => 'site',
  2 => 'config',
  3 => 'auth',
  4 => 'admin',
  5 => 'addon_config',
  6 => 'diyform',
) ]
[ info ] [ BEHAVIOR ] Run app\admin\behavior\AdminLog @app_end [ RunTime:0.000046s ]
[ info ] [ LOG ] INIT File
---------------------------------------------------------------
[ 2024-11-18T11:38:21+08:00 ] 10.211.55.2 GET dev.sustens.com/MTyvDCHVOo.php/ajax/lang?callback=define&controllername=ldcms.diyform_fields&lang=zh-cn&v=1731901101
[运行时间：0.018187s] [吞吐率：54.98req/s] [内存消耗：304.67kb] [文件加载：91]
[ info ] [ BEHAVIOR ] Run Closure @app_init [ RunTime:0.000019s ]
[ info ] [ CACHE ] INIT File
[ info ] [ DB ] INIT mysql
[ info ] [ BEHAVIOR ] Run \addons\ldcms\Ldcms @app_init [ RunTime:0.002528s ]
[ info ] [ BEHAVIOR ] Run Closure @app_init [ RunTime:0.002551s ]
[ info ] [ BEHAVIOR ] Run app\common\behavior\Common @app_init [ RunTime:0.000061s ]
[ info ] [ LANG ] /var/webstars/sustens/thinkphp/lang/zh-cn.php
[ info ] [ BEHAVIOR ] Run app\common\behavior\Common @app_dispatch [ RunTime:0.000014s ]
[ info ] [ ROUTE ] array (
  'type' => 'module',
  'module' => 
  array (
    0 => 'admin',
    1 => 'ajax',
    2 => 'lang',
  ),
)
[ info ] [ HEADER ] array (
  'cookie' => 'thinkphp_show_page_trace=0|0; uid=2; token=50446b79-6f1c-4eb2-9abc-2c19eb7a9159; thinkphp_show_page_trace=0|0; PHPSESSID=40vsve0haqvtacvur4afbs4v0t; keeplogin=1%7C86400%7C1731986374%7Cc033686637a60cbe64c2f8276a802fb1; backend_language=en; frontend_language=zh-cn',
  'accept-language' => 'zh-CN,zh;q=0.9,en;q=0.8',
  'accept-encoding' => 'gzip, deflate',
  'accept' => '*/*',
  'user-agent' => 'Mozilla/5.0 (Macintosh; Intel Mac OS X 10_15_7) AppleWebKit/537.36 (KHTML, like Gecko) Chrome/130.0.0.0 Safari/537.36',
  'connection' => 'keep-alive',
  'host' => 'dev.sustens.com',
  'content-length' => '',
  'content-type' => '',
)
[ info ] [ PARAM ] array (
  'callback' => 'define',
  'controllername' => 'ldcms.diyform_fields',
  'lang' => 'zh-cn',
  'v' => '1731901101',
)
[ info ] [ LANG ] /var/webstars/sustens/public/../application/admin/lang/zh-cn.php
[ info ] [ BEHAVIOR ] Run app\common\behavior\Common @module_init [ RunTime:0.000132s ]
[ info ] [ SESSION ] INIT array (
  'id' => '',
  'var_session_id' => '',
  'prefix' => 'think',
  'type' => '',
  'auto_start' => true,
)
[ info ] [ BEHAVIOR ] Run \addons\ldcms\Ldcms @config_init [ RunTime:0.000029s ]
[ info ] [ LANG ] /var/webstars/sustens/public/../application/admin/lang/zh-cn/ajax.php
[ info ] [ RUN ] app\admin\controller\Ajax->lang[ /var/webstars/sustens/application/admin/controller/Ajax.php ]
[ info ] [ LANG ] /var/webstars/sustens/public/../application/admin/lang/zh-cn/ldcms/diyform_fields.php
[ info ] [ BEHAVIOR ] Run app\admin\behavior\AdminLog @app_end [ RunTime:0.000019s ]
[ info ] [ LOG ] INIT File
---------------------------------------------------------------
[ 2024-11-18T11:38:21+08:00 ] 10.211.55.2 GET dev.sustens.com/MTyvDCHVOo.php/ldcms/diyform_fields/index/diyform_id/18?diyform_id=18&ids=18&sort=id&order=desc&offset=0&limit=10&_=1731901101516
[运行时间：0.071309s] [吞吐率：14.02req/s] [内存消耗：673.06kb] [文件加载：97]
[ info ] [ BEHAVIOR ] Run Closure @app_init [ RunTime:0.000043s ]
[ info ] [ CACHE ] INIT File
[ info ] [ DB ] INIT mysql
[ info ] [ BEHAVIOR ] Run \addons\ldcms\Ldcms @app_init [ RunTime:0.006468s ]
[ info ] [ BEHAVIOR ] Run Closure @app_init [ RunTime:0.006493s ]
[ info ] [ BEHAVIOR ] Run app\common\behavior\Common @app_init [ RunTime:0.000065s ]
[ info ] [ LANG ] /var/webstars/sustens/thinkphp/lang/zh-cn.php
[ info ] [ BEHAVIOR ] Run app\common\behavior\Common @app_dispatch [ RunTime:0.000015s ]
[ info ] [ ROUTE ] array (
  'type' => 'module',
  'module' => 
  array (
    0 => 'admin',
    1 => 'ldcms.diyform_fields',
    2 => 'index',
  ),
)
[ info ] [ HEADER ] array (
  'cookie' => 'thinkphp_show_page_trace=0|0; thinkphp_show_page_trace=0|0; uid=2; token=50446b79-6f1c-4eb2-9abc-2c19eb7a9159; thinkphp_show_page_trace=0|0; PHPSESSID=40vsve0haqvtacvur4afbs4v0t; keeplogin=1%7C86400%7C1731986374%7Cc033686637a60cbe64c2f8276a802fb1; backend_language=en; frontend_language=zh-cn',
  'accept-language' => 'zh-CN,zh;q=0.9,en;q=0.8',
  'accept-encoding' => 'gzip, deflate',
  'content-type' => 'application/json',
  'accept' => 'application/json, text/javascript, */*; q=0.01',
  'user-agent' => 'Mozilla/5.0 (Macintosh; Intel Mac OS X 10_15_7) AppleWebKit/537.36 (KHTML, like Gecko) Chrome/130.0.0.0 Safari/537.36',
  'x-requested-with' => 'XMLHttpRequest',
  'connection' => 'keep-alive',
  'host' => 'dev.sustens.com',
  'content-length' => '',
)
[ info ] [ PARAM ] array (
  'diyform_id' => '18',
  'ids' => '18',
  'sort' => 'id',
  'order' => 'desc',
  'offset' => '0',
  'limit' => '10',
  '_' => '1731901101516',
)
[ info ] [ LANG ] /var/webstars/sustens/public/../application/admin/lang/zh-cn.php
[ info ] [ BEHAVIOR ] Run app\common\behavior\Common @module_init [ RunTime:0.000117s ]
[ info ] [ LANG ] /var/webstars/sustens/public/../application/admin/lang/zh-cn/general/config.php
[ info ] [ SESSION ] INIT array (
  'id' => '',
  'var_session_id' => '',
  'prefix' => 'think',
  'type' => '',
  'auto_start' => true,
)
[ info ] [ BEHAVIOR ] Run \addons\ldcms\Ldcms @config_init [ RunTime:0.000038s ]
[ info ] [ LANG ] /var/webstars/sustens/public/../application/admin/lang/zh-cn/ldcms/diyform_fields.php
[ info ] [ RUN ] app\admin\controller\ldcms\DiyformFields->index[ /var/webstars/sustens/application/admin/controller/ldcms/DiyformFields.php ]
[ info ] [ BEHAVIOR ] Run app\admin\behavior\AdminLog @app_end [ RunTime:0.000030s ]
[ info ] [ LOG ] INIT File
---------------------------------------------------------------
[ 2024-11-18T11:38:25+08:00 ] 10.211.55.2 GET dev.sustens.com/MTyvDCHVOo.php/ldcms/diyform_fields/add/diyform_id/18?dialog=1
[运行时间：0.046537s] [吞吐率：21.49req/s] [内存消耗：677.28kb] [文件加载：96]
[ info ] [ BEHAVIOR ] Run Closure @app_init [ RunTime:0.000033s ]
[ info ] [ CACHE ] INIT File
[ info ] [ DB ] INIT mysql
[ info ] [ BEHAVIOR ] Run \addons\ldcms\Ldcms @app_init [ RunTime:0.002321s ]
[ info ] [ BEHAVIOR ] Run Closure @app_init [ RunTime:0.002346s ]
[ info ] [ BEHAVIOR ] Run app\common\behavior\Common @app_init [ RunTime:0.000078s ]
[ info ] [ LANG ] /var/webstars/sustens/thinkphp/lang/zh-cn.php
[ info ] [ BEHAVIOR ] Run app\common\behavior\Common @app_dispatch [ RunTime:0.000016s ]
[ info ] [ ROUTE ] array (
  'type' => 'module',
  'module' => 
  array (
    0 => 'admin',
    1 => 'ldcms.diyform_fields',
    2 => 'add',
  ),
)
[ info ] [ HEADER ] array (
  'cookie' => 'thinkphp_show_page_trace=0|0; thinkphp_show_page_trace=0|0; uid=2; token=50446b79-6f1c-4eb2-9abc-2c19eb7a9159; thinkphp_show_page_trace=0|0; PHPSESSID=40vsve0haqvtacvur4afbs4v0t; keeplogin=1%7C86400%7C1731986374%7Cc033686637a60cbe64c2f8276a802fb1; backend_language=en; frontend_language=zh-cn',
  'accept-language' => 'zh-CN,zh;q=0.9,en;q=0.8',
  'accept-encoding' => 'gzip, deflate',
  'accept' => 'text/html,application/xhtml+xml,application/xml;q=0.9,image/avif,image/webp,image/apng,*/*;q=0.8,application/signed-exchange;v=b3;q=0.7',
  'user-agent' => 'Mozilla/5.0 (Macintosh; Intel Mac OS X 10_15_7) AppleWebKit/537.36 (KHTML, like Gecko) Chrome/130.0.0.0 Safari/537.36',
  'upgrade-insecure-requests' => '1',
  'connection' => 'keep-alive',
  'host' => 'dev.sustens.com',
  'content-length' => '',
  'content-type' => '',
)
[ info ] [ PARAM ] array (
  'dialog' => '1',
  'diyform_id' => '18',
)
[ info ] [ LANG ] /var/webstars/sustens/public/../application/admin/lang/zh-cn.php
[ info ] [ BEHAVIOR ] Run app\common\behavior\Common @module_init [ RunTime:0.000091s ]
[ info ] [ LANG ] /var/webstars/sustens/public/../application/admin/lang/zh-cn/general/config.php
[ info ] [ SESSION ] INIT array (
  'id' => '',
  'var_session_id' => '',
  'prefix' => 'think',
  'type' => '',
  'auto_start' => true,
)
[ info ] [ BEHAVIOR ] Run \addons\ldcms\Ldcms @config_init [ RunTime:0.000038s ]
[ info ] [ LANG ] /var/webstars/sustens/public/../application/admin/lang/zh-cn/ldcms/diyform_fields.php
[ info ] [ RUN ] app\admin\controller\ldcms\DiyformFields->add[ /var/webstars/sustens/application/admin/controller/ldcms/DiyformFields.php ]
[ info ] [ VIEW ] /var/webstars/sustens/public/../application/admin/view/../../../addons/ldcms/utils/builder/view/fields.html [ array (
  0 => 'breadcrumb',
  1 => 'site',
  2 => 'config',
  3 => 'auth',
  4 => 'admin',
  5 => 'addon_config',
  6 => 'isForm',
  7 => 'fields',
  8 => 'tab_group',
  9 => 'item_group',
  10 => 'field_show',
) ]
[ info ] [ BEHAVIOR ] Run app\admin\behavior\AdminLog @app_end [ RunTime:0.000030s ]
[ info ] [ LOG ] INIT File
---------------------------------------------------------------
[ 2024-11-18T11:38:26+08:00 ] 10.211.55.2 GET dev.sustens.com/MTyvDCHVOo.php/ajax/lang?callback=define&controllername=ldcms.diyform_fields&lang=zh-cn&v=1731901105
[运行时间：0.026255s] [吞吐率：38.09req/s] [内存消耗：304.67kb] [文件加载：91]
[ info ] [ BEHAVIOR ] Run Closure @app_init [ RunTime:0.000028s ]
[ info ] [ CACHE ] INIT File
[ info ] [ DB ] INIT mysql
[ info ] [ BEHAVIOR ] Run \addons\ldcms\Ldcms @app_init [ RunTime:0.003178s ]
[ info ] [ BEHAVIOR ] Run Closure @app_init [ RunTime:0.003211s ]
[ info ] [ BEHAVIOR ] Run app\common\behavior\Common @app_init [ RunTime:0.000074s ]
[ info ] [ LANG ] /var/webstars/sustens/thinkphp/lang/zh-cn.php
[ info ] [ BEHAVIOR ] Run app\common\behavior\Common @app_dispatch [ RunTime:0.000018s ]
[ info ] [ ROUTE ] array (
  'type' => 'module',
  'module' => 
  array (
    0 => 'admin',
    1 => 'ajax',
    2 => 'lang',
  ),
)
[ info ] [ HEADER ] array (
  'cookie' => 'thinkphp_show_page_trace=0|0; uid=2; token=50446b79-6f1c-4eb2-9abc-2c19eb7a9159; thinkphp_show_page_trace=0|0; PHPSESSID=40vsve0haqvtacvur4afbs4v0t; keeplogin=1%7C86400%7C1731986374%7Cc033686637a60cbe64c2f8276a802fb1; backend_language=en; frontend_language=zh-cn',
  'accept-language' => 'zh-CN,zh;q=0.9,en;q=0.8',
  'accept-encoding' => 'gzip, deflate',
  'accept' => '*/*',
  'user-agent' => 'Mozilla/5.0 (Macintosh; Intel Mac OS X 10_15_7) AppleWebKit/537.36 (KHTML, like Gecko) Chrome/130.0.0.0 Safari/537.36',
  'connection' => 'keep-alive',
  'host' => 'dev.sustens.com',
  'content-length' => '',
  'content-type' => '',
)
[ info ] [ PARAM ] array (
  'callback' => 'define',
  'controllername' => 'ldcms.diyform_fields',
  'lang' => 'zh-cn',
  'v' => '1731901105',
)
[ info ] [ LANG ] /var/webstars/sustens/public/../application/admin/lang/zh-cn.php
[ info ] [ BEHAVIOR ] Run app\common\behavior\Common @module_init [ RunTime:0.000153s ]
[ info ] [ SESSION ] INIT array (
  'id' => '',
  'var_session_id' => '',
  'prefix' => 'think',
  'type' => '',
  'auto_start' => true,
)
[ info ] [ BEHAVIOR ] Run \addons\ldcms\Ldcms @config_init [ RunTime:0.000042s ]
[ info ] [ LANG ] /var/webstars/sustens/public/../application/admin/lang/zh-cn/ajax.php
[ info ] [ RUN ] app\admin\controller\Ajax->lang[ /var/webstars/sustens/application/admin/controller/Ajax.php ]
[ info ] [ LANG ] /var/webstars/sustens/public/../application/admin/lang/zh-cn/ldcms/diyform_fields.php
[ info ] [ BEHAVIOR ] Run app\admin\behavior\AdminLog @app_end [ RunTime:0.000026s ]
[ info ] [ LOG ] INIT File
---------------------------------------------------------------
[ 2024-11-18T11:38:32+08:00 ] 10.211.55.2 GET dev.sustens.com/MTyvDCHVOo.php/ldcms.diyform_fields/index?diyform_id=16&ids=16
[运行时间：0.045393s] [吞吐率：22.03req/s] [内存消耗：658.65kb] [文件加载：96]
[ info ] [ BEHAVIOR ] Run Closure @app_init [ RunTime:0.000018s ]
[ info ] [ CACHE ] INIT File
[ info ] [ DB ] INIT mysql
[ info ] [ BEHAVIOR ] Run \addons\ldcms\Ldcms @app_init [ RunTime:0.003910s ]
[ info ] [ BEHAVIOR ] Run Closure @app_init [ RunTime:0.003943s ]
[ info ] [ BEHAVIOR ] Run app\common\behavior\Common @app_init [ RunTime:0.000082s ]
[ info ] [ LANG ] /var/webstars/sustens/thinkphp/lang/zh-cn.php
[ info ] [ BEHAVIOR ] Run app\common\behavior\Common @app_dispatch [ RunTime:0.000016s ]
[ info ] [ ROUTE ] array (
  'type' => 'module',
  'module' => 
  array (
    0 => 'admin',
    1 => 'ldcms.diyform_fields',
    2 => 'index',
  ),
)
[ info ] [ HEADER ] array (
  'cookie' => 'thinkphp_show_page_trace=0|0; thinkphp_show_page_trace=0|0; uid=2; token=50446b79-6f1c-4eb2-9abc-2c19eb7a9159; thinkphp_show_page_trace=0|0; PHPSESSID=40vsve0haqvtacvur4afbs4v0t; keeplogin=1%7C86400%7C1731986374%7Cc033686637a60cbe64c2f8276a802fb1; backend_language=en; frontend_language=zh-cn',
  'accept-language' => 'zh-CN,zh;q=0.9,en;q=0.8',
  'accept-encoding' => 'gzip, deflate',
  'accept' => 'text/html,application/xhtml+xml,application/xml;q=0.9,image/avif,image/webp,image/apng,*/*;q=0.8,application/signed-exchange;v=b3;q=0.7',
  'user-agent' => 'Mozilla/5.0 (Macintosh; Intel Mac OS X 10_15_7) AppleWebKit/537.36 (KHTML, like Gecko) Chrome/130.0.0.0 Safari/537.36',
  'upgrade-insecure-requests' => '1',
  'connection' => 'keep-alive',
  'host' => 'dev.sustens.com',
  'content-length' => '',
  'content-type' => '',
)
[ info ] [ PARAM ] array (
  'diyform_id' => '16',
  'ids' => '16',
)
[ info ] [ LANG ] /var/webstars/sustens/public/../application/admin/lang/zh-cn.php
[ info ] [ BEHAVIOR ] Run app\common\behavior\Common @module_init [ RunTime:0.000070s ]
[ info ] [ LANG ] /var/webstars/sustens/public/../application/admin/lang/zh-cn/general/config.php
[ info ] [ SESSION ] INIT array (
  'id' => '',
  'var_session_id' => '',
  'prefix' => 'think',
  'type' => '',
  'auto_start' => true,
)
[ info ] [ BEHAVIOR ] Run \addons\ldcms\Ldcms @config_init [ RunTime:0.000076s ]
[ info ] [ LANG ] /var/webstars/sustens/public/../application/admin/lang/zh-cn/ldcms/diyform_fields.php
[ info ] [ RUN ] app\admin\controller\ldcms\DiyformFields->index[ /var/webstars/sustens/application/admin/controller/ldcms/DiyformFields.php ]
[ info ] [ VIEW ] /var/webstars/sustens/public/../application/admin/view/ldcms/diyform_fields/index.html [ array (
  0 => 'breadcrumb',
  1 => 'site',
  2 => 'config',
  3 => 'auth',
  4 => 'admin',
  5 => 'addon_config',
  6 => 'diyform',
) ]
[ info ] [ BEHAVIOR ] Run app\admin\behavior\AdminLog @app_end [ RunTime:0.000053s ]
[ info ] [ LOG ] INIT File
---------------------------------------------------------------
[ 2024-11-18T11:38:32+08:00 ] 10.211.55.2 GET dev.sustens.com/MTyvDCHVOo.php/ajax/lang?callback=define&controllername=ldcms.diyform_fields&lang=zh-cn&v=1731901112
[运行时间：0.024283s] [吞吐率：41.18req/s] [内存消耗：304.67kb] [文件加载：91]
[ info ] [ BEHAVIOR ] Run Closure @app_init [ RunTime:0.000176s ]
[ info ] [ CACHE ] INIT File
[ info ] [ DB ] INIT mysql
[ info ] [ BEHAVIOR ] Run \addons\ldcms\Ldcms @app_init [ RunTime:0.002328s ]
[ info ] [ BEHAVIOR ] Run Closure @app_init [ RunTime:0.002351s ]
[ info ] [ BEHAVIOR ] Run app\common\behavior\Common @app_init [ RunTime:0.000054s ]
[ info ] [ LANG ] /var/webstars/sustens/thinkphp/lang/zh-cn.php
[ info ] [ BEHAVIOR ] Run app\common\behavior\Common @app_dispatch [ RunTime:0.000014s ]
[ info ] [ ROUTE ] array (
  'type' => 'module',
  'module' => 
  array (
    0 => 'admin',
    1 => 'ajax',
    2 => 'lang',
  ),
)
[ info ] [ HEADER ] array (
  'cookie' => 'thinkphp_show_page_trace=0|0; uid=2; token=50446b79-6f1c-4eb2-9abc-2c19eb7a9159; thinkphp_show_page_trace=0|0; PHPSESSID=40vsve0haqvtacvur4afbs4v0t; keeplogin=1%7C86400%7C1731986374%7Cc033686637a60cbe64c2f8276a802fb1; backend_language=en; frontend_language=zh-cn',
  'accept-language' => 'zh-CN,zh;q=0.9,en;q=0.8',
  'accept-encoding' => 'gzip, deflate',
  'accept' => '*/*',
  'user-agent' => 'Mozilla/5.0 (Macintosh; Intel Mac OS X 10_15_7) AppleWebKit/537.36 (KHTML, like Gecko) Chrome/130.0.0.0 Safari/537.36',
  'connection' => 'keep-alive',
  'host' => 'dev.sustens.com',
  'content-length' => '',
  'content-type' => '',
)
[ info ] [ PARAM ] array (
  'callback' => 'define',
  'controllername' => 'ldcms.diyform_fields',
  'lang' => 'zh-cn',
  'v' => '1731901112',
)
[ info ] [ LANG ] /var/webstars/sustens/public/../application/admin/lang/zh-cn.php
[ info ] [ BEHAVIOR ] Run app\common\behavior\Common @module_init [ RunTime:0.000112s ]
[ info ] [ SESSION ] INIT array (
  'id' => '',
  'var_session_id' => '',
  'prefix' => 'think',
  'type' => '',
  'auto_start' => true,
)
[ info ] [ BEHAVIOR ] Run \addons\ldcms\Ldcms @config_init [ RunTime:0.000076s ]
[ info ] [ LANG ] /var/webstars/sustens/public/../application/admin/lang/zh-cn/ajax.php
[ info ] [ RUN ] app\admin\controller\Ajax->lang[ /var/webstars/sustens/application/admin/controller/Ajax.php ]
[ info ] [ LANG ] /var/webstars/sustens/public/../application/admin/lang/zh-cn/ldcms/diyform_fields.php
[ info ] [ BEHAVIOR ] Run app\admin\behavior\AdminLog @app_end [ RunTime:0.000026s ]
[ info ] [ LOG ] INIT File
---------------------------------------------------------------
[ 2024-11-18T11:38:32+08:00 ] 10.211.55.2 GET dev.sustens.com/MTyvDCHVOo.php/ldcms/diyform_fields/index/diyform_id/16?diyform_id=16&ids=16&sort=id&order=desc&offset=0&limit=10&_=1731901112369
[运行时间：0.059569s] [吞吐率：16.79req/s] [内存消耗：676.16kb] [文件加载：97]
[ info ] [ BEHAVIOR ] Run Closure @app_init [ RunTime:0.000015s ]
[ info ] [ CACHE ] INIT File
[ info ] [ DB ] INIT mysql
[ info ] [ BEHAVIOR ] Run \addons\ldcms\Ldcms @app_init [ RunTime:0.008121s ]
[ info ] [ BEHAVIOR ] Run Closure @app_init [ RunTime:0.008153s ]
[ info ] [ BEHAVIOR ] Run app\common\behavior\Common @app_init [ RunTime:0.000074s ]
[ info ] [ LANG ] /var/webstars/sustens/thinkphp/lang/zh-cn.php
[ info ] [ BEHAVIOR ] Run app\common\behavior\Common @app_dispatch [ RunTime:0.000020s ]
[ info ] [ ROUTE ] array (
  'type' => 'module',
  'module' => 
  array (
    0 => 'admin',
    1 => 'ldcms.diyform_fields',
    2 => 'index',
  ),
)
[ info ] [ HEADER ] array (
  'cookie' => 'thinkphp_show_page_trace=0|0; thinkphp_show_page_trace=0|0; uid=2; token=50446b79-6f1c-4eb2-9abc-2c19eb7a9159; thinkphp_show_page_trace=0|0; PHPSESSID=40vsve0haqvtacvur4afbs4v0t; keeplogin=1%7C86400%7C1731986374%7Cc033686637a60cbe64c2f8276a802fb1; backend_language=en; frontend_language=zh-cn',
  'accept-language' => 'zh-CN,zh;q=0.9,en;q=0.8',
  'accept-encoding' => 'gzip, deflate',
  'content-type' => 'application/json',
  'accept' => 'application/json, text/javascript, */*; q=0.01',
  'user-agent' => 'Mozilla/5.0 (Macintosh; Intel Mac OS X 10_15_7) AppleWebKit/537.36 (KHTML, like Gecko) Chrome/130.0.0.0 Safari/537.36',
  'x-requested-with' => 'XMLHttpRequest',
  'connection' => 'keep-alive',
  'host' => 'dev.sustens.com',
  'content-length' => '',
)
[ info ] [ PARAM ] array (
  'diyform_id' => '16',
  'ids' => '16',
  'sort' => 'id',
  'order' => 'desc',
  'offset' => '0',
  'limit' => '10',
  '_' => '1731901112369',
)
[ info ] [ LANG ] /var/webstars/sustens/public/../application/admin/lang/zh-cn.php
[ info ] [ BEHAVIOR ] Run app\common\behavior\Common @module_init [ RunTime:0.000073s ]
[ info ] [ LANG ] /var/webstars/sustens/public/../application/admin/lang/zh-cn/general/config.php
[ info ] [ SESSION ] INIT array (
  'id' => '',
  'var_session_id' => '',
  'prefix' => 'think',
  'type' => '',
  'auto_start' => true,
)
[ info ] [ BEHAVIOR ] Run \addons\ldcms\Ldcms @config_init [ RunTime:0.000033s ]
[ info ] [ LANG ] /var/webstars/sustens/public/../application/admin/lang/zh-cn/ldcms/diyform_fields.php
[ info ] [ RUN ] app\admin\controller\ldcms\DiyformFields->index[ /var/webstars/sustens/application/admin/controller/ldcms/DiyformFields.php ]
[ info ] [ BEHAVIOR ] Run app\admin\behavior\AdminLog @app_end [ RunTime:0.000031s ]
[ info ] [ LOG ] INIT File
---------------------------------------------------------------
[ 2024-11-18T11:38:33+08:00 ] 10.211.55.2 GET dev.sustens.com/MTyvDCHVOo.php/ldcms.diyform_fields/index?diyform_id=18&ids=18
[运行时间：0.026615s] [吞吐率：37.57req/s] [内存消耗：658.65kb] [文件加载：96]
[ info ] [ BEHAVIOR ] Run Closure @app_init [ RunTime:0.000022s ]
[ info ] [ CACHE ] INIT File
[ info ] [ DB ] INIT mysql
[ info ] [ BEHAVIOR ] Run \addons\ldcms\Ldcms @app_init [ RunTime:0.001509s ]
[ info ] [ BEHAVIOR ] Run Closure @app_init [ RunTime:0.001532s ]
[ info ] [ BEHAVIOR ] Run app\common\behavior\Common @app_init [ RunTime:0.000100s ]
[ info ] [ LANG ] /var/webstars/sustens/thinkphp/lang/zh-cn.php
[ info ] [ BEHAVIOR ] Run app\common\behavior\Common @app_dispatch [ RunTime:0.000023s ]
[ info ] [ ROUTE ] array (
  'type' => 'module',
  'module' => 
  array (
    0 => 'admin',
    1 => 'ldcms.diyform_fields',
    2 => 'index',
  ),
)
[ info ] [ HEADER ] array (
  'cookie' => 'thinkphp_show_page_trace=0|0; thinkphp_show_page_trace=0|0; uid=2; token=50446b79-6f1c-4eb2-9abc-2c19eb7a9159; thinkphp_show_page_trace=0|0; PHPSESSID=40vsve0haqvtacvur4afbs4v0t; keeplogin=1%7C86400%7C1731986374%7Cc033686637a60cbe64c2f8276a802fb1; backend_language=en; frontend_language=zh-cn',
  'accept-language' => 'zh-CN,zh;q=0.9,en;q=0.8',
  'accept-encoding' => 'gzip, deflate',
  'accept' => 'text/html,application/xhtml+xml,application/xml;q=0.9,image/avif,image/webp,image/apng,*/*;q=0.8,application/signed-exchange;v=b3;q=0.7',
  'user-agent' => 'Mozilla/5.0 (Macintosh; Intel Mac OS X 10_15_7) AppleWebKit/537.36 (KHTML, like Gecko) Chrome/130.0.0.0 Safari/537.36',
  'upgrade-insecure-requests' => '1',
  'connection' => 'keep-alive',
  'host' => 'dev.sustens.com',
  'content-length' => '',
  'content-type' => '',
)
[ info ] [ PARAM ] array (
  'diyform_id' => '18',
  'ids' => '18',
)
[ info ] [ LANG ] /var/webstars/sustens/public/../application/admin/lang/zh-cn.php
[ info ] [ BEHAVIOR ] Run app\common\behavior\Common @module_init [ RunTime:0.000073s ]
[ info ] [ LANG ] /var/webstars/sustens/public/../application/admin/lang/zh-cn/general/config.php
[ info ] [ SESSION ] INIT array (
  'id' => '',
  'var_session_id' => '',
  'prefix' => 'think',
  'type' => '',
  'auto_start' => true,
)
[ info ] [ BEHAVIOR ] Run \addons\ldcms\Ldcms @config_init [ RunTime:0.000109s ]
[ info ] [ LANG ] /var/webstars/sustens/public/../application/admin/lang/zh-cn/ldcms/diyform_fields.php
[ info ] [ RUN ] app\admin\controller\ldcms\DiyformFields->index[ /var/webstars/sustens/application/admin/controller/ldcms/DiyformFields.php ]
[ info ] [ VIEW ] /var/webstars/sustens/public/../application/admin/view/ldcms/diyform_fields/index.html [ array (
  0 => 'breadcrumb',
  1 => 'site',
  2 => 'config',
  3 => 'auth',
  4 => 'admin',
  5 => 'addon_config',
  6 => 'diyform',
) ]
[ info ] [ BEHAVIOR ] Run app\admin\behavior\AdminLog @app_end [ RunTime:0.000130s ]
[ info ] [ LOG ] INIT File
---------------------------------------------------------------
[ 2024-11-18T11:38:33+08:00 ] 10.211.55.2 GET dev.sustens.com/MTyvDCHVOo.php/ajax/lang?callback=define&controllername=ldcms.diyform_fields&lang=zh-cn&v=1731901113
[运行时间：0.014848s] [吞吐率：67.35req/s] [内存消耗：304.67kb] [文件加载：91]
[ info ] [ BEHAVIOR ] Run Closure @app_init [ RunTime:0.000016s ]
[ info ] [ CACHE ] INIT File
[ info ] [ DB ] INIT mysql
[ info ] [ BEHAVIOR ] Run \addons\ldcms\Ldcms @app_init [ RunTime:0.002680s ]
[ info ] [ BEHAVIOR ] Run Closure @app_init [ RunTime:0.002702s ]
[ info ] [ BEHAVIOR ] Run app\common\behavior\Common @app_init [ RunTime:0.000060s ]
[ info ] [ LANG ] /var/webstars/sustens/thinkphp/lang/zh-cn.php
[ info ] [ BEHAVIOR ] Run app\common\behavior\Common @app_dispatch [ RunTime:0.000014s ]
[ info ] [ ROUTE ] array (
  'type' => 'module',
  'module' => 
  array (
    0 => 'admin',
    1 => 'ajax',
    2 => 'lang',
  ),
)
[ info ] [ HEADER ] array (
  'cookie' => 'thinkphp_show_page_trace=0|0; uid=2; token=50446b79-6f1c-4eb2-9abc-2c19eb7a9159; thinkphp_show_page_trace=0|0; PHPSESSID=40vsve0haqvtacvur4afbs4v0t; keeplogin=1%7C86400%7C1731986374%7Cc033686637a60cbe64c2f8276a802fb1; backend_language=en; frontend_language=zh-cn',
  'accept-language' => 'zh-CN,zh;q=0.9,en;q=0.8',
  'accept-encoding' => 'gzip, deflate',
  'accept' => '*/*',
  'user-agent' => 'Mozilla/5.0 (Macintosh; Intel Mac OS X 10_15_7) AppleWebKit/537.36 (KHTML, like Gecko) Chrome/130.0.0.0 Safari/537.36',
  'connection' => 'keep-alive',
  'host' => 'dev.sustens.com',
  'content-length' => '',
  'content-type' => '',
)
[ info ] [ PARAM ] array (
  'callback' => 'define',
  'controllername' => 'ldcms.diyform_fields',
  'lang' => 'zh-cn',
  'v' => '1731901113',
)
[ info ] [ LANG ] /var/webstars/sustens/public/../application/admin/lang/zh-cn.php
[ info ] [ BEHAVIOR ] Run app\common\behavior\Common @module_init [ RunTime:0.000213s ]
[ info ] [ SESSION ] INIT array (
  'id' => '',
  'var_session_id' => '',
  'prefix' => 'think',
  'type' => '',
  'auto_start' => true,
)
[ info ] [ BEHAVIOR ] Run \addons\ldcms\Ldcms @config_init [ RunTime:0.000028s ]
[ info ] [ LANG ] /var/webstars/sustens/public/../application/admin/lang/zh-cn/ajax.php
[ info ] [ RUN ] app\admin\controller\Ajax->lang[ /var/webstars/sustens/application/admin/controller/Ajax.php ]
[ info ] [ LANG ] /var/webstars/sustens/public/../application/admin/lang/zh-cn/ldcms/diyform_fields.php
[ info ] [ BEHAVIOR ] Run app\admin\behavior\AdminLog @app_end [ RunTime:0.000018s ]
[ info ] [ LOG ] INIT File
---------------------------------------------------------------
[ 2024-11-18T11:38:34+08:00 ] 10.211.55.2 GET dev.sustens.com/MTyvDCHVOo.php/ldcms/diyform_fields/index/diyform_id/18?diyform_id=18&ids=18&sort=id&order=desc&offset=0&limit=10&_=1731901113533
[运行时间：0.074888s] [吞吐率：13.35req/s] [内存消耗：673.06kb] [文件加载：97]
[ info ] [ BEHAVIOR ] Run Closure @app_init [ RunTime:0.000096s ]
[ info ] [ CACHE ] INIT File
[ info ] [ DB ] INIT mysql
[ info ] [ BEHAVIOR ] Run \addons\ldcms\Ldcms @app_init [ RunTime:0.004058s ]
[ info ] [ BEHAVIOR ] Run Closure @app_init [ RunTime:0.004084s ]
[ info ] [ BEHAVIOR ] Run app\common\behavior\Common @app_init [ RunTime:0.000056s ]
[ info ] [ LANG ] /var/webstars/sustens/thinkphp/lang/zh-cn.php
[ info ] [ BEHAVIOR ] Run app\common\behavior\Common @app_dispatch [ RunTime:0.000014s ]
[ info ] [ ROUTE ] array (
  'type' => 'module',
  'module' => 
  array (
    0 => 'admin',
    1 => 'ldcms.diyform_fields',
    2 => 'index',
  ),
)
[ info ] [ HEADER ] array (
  'cookie' => 'thinkphp_show_page_trace=0|0; thinkphp_show_page_trace=0|0; uid=2; token=50446b79-6f1c-4eb2-9abc-2c19eb7a9159; thinkphp_show_page_trace=0|0; PHPSESSID=40vsve0haqvtacvur4afbs4v0t; keeplogin=1%7C86400%7C1731986374%7Cc033686637a60cbe64c2f8276a802fb1; backend_language=en; frontend_language=zh-cn',
  'accept-language' => 'zh-CN,zh;q=0.9,en;q=0.8',
  'accept-encoding' => 'gzip, deflate',
  'content-type' => 'application/json',
  'accept' => 'application/json, text/javascript, */*; q=0.01',
  'user-agent' => 'Mozilla/5.0 (Macintosh; Intel Mac OS X 10_15_7) AppleWebKit/537.36 (KHTML, like Gecko) Chrome/130.0.0.0 Safari/537.36',
  'x-requested-with' => 'XMLHttpRequest',
  'connection' => 'keep-alive',
  'host' => 'dev.sustens.com',
  'content-length' => '',
)
[ info ] [ PARAM ] array (
  'diyform_id' => '18',
  'ids' => '18',
  'sort' => 'id',
  'order' => 'desc',
  'offset' => '0',
  'limit' => '10',
  '_' => '1731901113533',
)
[ info ] [ LANG ] /var/webstars/sustens/public/../application/admin/lang/zh-cn.php
[ info ] [ BEHAVIOR ] Run app\common\behavior\Common @module_init [ RunTime:0.000066s ]
[ info ] [ LANG ] /var/webstars/sustens/public/../application/admin/lang/zh-cn/general/config.php
[ info ] [ SESSION ] INIT array (
  'id' => '',
  'var_session_id' => '',
  'prefix' => 'think',
  'type' => '',
  'auto_start' => true,
)
[ info ] [ BEHAVIOR ] Run \addons\ldcms\Ldcms @config_init [ RunTime:0.000036s ]
[ info ] [ LANG ] /var/webstars/sustens/public/../application/admin/lang/zh-cn/ldcms/diyform_fields.php
[ info ] [ RUN ] app\admin\controller\ldcms\DiyformFields->index[ /var/webstars/sustens/application/admin/controller/ldcms/DiyformFields.php ]
[ info ] [ BEHAVIOR ] Run app\admin\behavior\AdminLog @app_end [ RunTime:0.000039s ]
[ info ] [ LOG ] INIT File
---------------------------------------------------------------
[ 2024-11-18T11:38:57+08:00 ] 10.211.55.2 GET dev.sustens.com/MTyvDCHVOo.php/ldcms/diyform_fields/add/diyform_id/18?dialog=1
[运行时间：0.042439s] [吞吐率：23.56req/s] [内存消耗：677.47kb] [文件加载：96]
[ info ] [ BEHAVIOR ] Run Closure @app_init [ RunTime:0.000031s ]
[ info ] [ CACHE ] INIT File
[ info ] [ DB ] INIT mysql
[ info ] [ BEHAVIOR ] Run \addons\ldcms\Ldcms @app_init [ RunTime:0.003180s ]
[ info ] [ BEHAVIOR ] Run Closure @app_init [ RunTime:0.003210s ]
[ info ] [ BEHAVIOR ] Run app\common\behavior\Common @app_init [ RunTime:0.000100s ]
[ info ] [ LANG ] /var/webstars/sustens/thinkphp/lang/zh-cn.php
[ info ] [ BEHAVIOR ] Run app\common\behavior\Common @app_dispatch [ RunTime:0.000115s ]
[ info ] [ ROUTE ] array (
  'type' => 'module',
  'module' => 
  array (
    0 => 'admin',
    1 => 'ldcms.diyform_fields',
    2 => 'add',
  ),
)
[ info ] [ HEADER ] array (
  'cookie' => 'thinkphp_show_page_trace=0|0; thinkphp_show_page_trace=0|0; thinkphp_show_page_trace=0|0; uid=2; token=50446b79-6f1c-4eb2-9abc-2c19eb7a9159; thinkphp_show_page_trace=0|0; PHPSESSID=40vsve0haqvtacvur4afbs4v0t; keeplogin=1%7C86400%7C1731986374%7Cc033686637a60cbe64c2f8276a802fb1; backend_language=en; frontend_language=zh-cn',
  'accept-language' => 'zh-CN,zh;q=0.9,en;q=0.8',
  'accept-encoding' => 'gzip, deflate',
  'accept' => 'text/html,application/xhtml+xml,application/xml;q=0.9,image/avif,image/webp,image/apng,*/*;q=0.8,application/signed-exchange;v=b3;q=0.7',
  'user-agent' => 'Mozilla/5.0 (Macintosh; Intel Mac OS X 10_15_7) AppleWebKit/537.36 (KHTML, like Gecko) Chrome/130.0.0.0 Safari/537.36',
  'upgrade-insecure-requests' => '1',
  'connection' => 'keep-alive',
  'host' => 'dev.sustens.com',
  'content-length' => '',
  'content-type' => '',
)
[ info ] [ PARAM ] array (
  'dialog' => '1',
  'diyform_id' => '18',
)
[ info ] [ LANG ] /var/webstars/sustens/public/../application/admin/lang/zh-cn.php
[ info ] [ BEHAVIOR ] Run app\common\behavior\Common @module_init [ RunTime:0.000071s ]
[ info ] [ LANG ] /var/webstars/sustens/public/../application/admin/lang/zh-cn/general/config.php
[ info ] [ SESSION ] INIT array (
  'id' => '',
  'var_session_id' => '',
  'prefix' => 'think',
  'type' => '',
  'auto_start' => true,
)
[ info ] [ BEHAVIOR ] Run \addons\ldcms\Ldcms @config_init [ RunTime:0.000044s ]
[ info ] [ LANG ] /var/webstars/sustens/public/../application/admin/lang/zh-cn/ldcms/diyform_fields.php
[ info ] [ RUN ] app\admin\controller\ldcms\DiyformFields->add[ /var/webstars/sustens/application/admin/controller/ldcms/DiyformFields.php ]
[ info ] [ VIEW ] /var/webstars/sustens/public/../application/admin/view/../../../addons/ldcms/utils/builder/view/fields.html [ array (
  0 => 'breadcrumb',
  1 => 'site',
  2 => 'config',
  3 => 'auth',
  4 => 'admin',
  5 => 'addon_config',
  6 => 'isForm',
  7 => 'fields',
  8 => 'tab_group',
  9 => 'item_group',
  10 => 'field_show',
) ]
[ info ] [ BEHAVIOR ] Run app\admin\behavior\AdminLog @app_end [ RunTime:0.000037s ]
[ info ] [ LOG ] INIT File
---------------------------------------------------------------
[ 2024-11-18T11:38:57+08:00 ] 10.211.55.2 GET dev.sustens.com/MTyvDCHVOo.php/ajax/lang?callback=define&controllername=ldcms.diyform_fields&lang=zh-cn&v=1731901137
[运行时间：0.020234s] [吞吐率：49.42req/s] [内存消耗：304.67kb] [文件加载：91]
[ info ] [ BEHAVIOR ] Run Closure @app_init [ RunTime:0.000024s ]
[ info ] [ CACHE ] INIT File
[ info ] [ DB ] INIT mysql
[ info ] [ BEHAVIOR ] Run \addons\ldcms\Ldcms @app_init [ RunTime:0.002586s ]
[ info ] [ BEHAVIOR ] Run Closure @app_init [ RunTime:0.002613s ]
[ info ] [ BEHAVIOR ] Run app\common\behavior\Common @app_init [ RunTime:0.000086s ]
[ info ] [ LANG ] /var/webstars/sustens/thinkphp/lang/zh-cn.php
[ info ] [ BEHAVIOR ] Run app\common\behavior\Common @app_dispatch [ RunTime:0.000019s ]
[ info ] [ ROUTE ] array (
  'type' => 'module',
  'module' => 
  array (
    0 => 'admin',
    1 => 'ajax',
    2 => 'lang',
  ),
)
[ info ] [ HEADER ] array (
  'cookie' => 'thinkphp_show_page_trace=0|0; uid=2; token=50446b79-6f1c-4eb2-9abc-2c19eb7a9159; thinkphp_show_page_trace=0|0; PHPSESSID=40vsve0haqvtacvur4afbs4v0t; keeplogin=1%7C86400%7C1731986374%7Cc033686637a60cbe64c2f8276a802fb1; backend_language=en; frontend_language=zh-cn',
  'accept-language' => 'zh-CN,zh;q=0.9,en;q=0.8',
  'accept-encoding' => 'gzip, deflate',
  'accept' => '*/*',
  'user-agent' => 'Mozilla/5.0 (Macintosh; Intel Mac OS X 10_15_7) AppleWebKit/537.36 (KHTML, like Gecko) Chrome/130.0.0.0 Safari/537.36',
  'connection' => 'keep-alive',
  'host' => 'dev.sustens.com',
  'content-length' => '',
  'content-type' => '',
)
[ info ] [ PARAM ] array (
  'callback' => 'define',
  'controllername' => 'ldcms.diyform_fields',
  'lang' => 'zh-cn',
  'v' => '1731901137',
)
[ info ] [ LANG ] /var/webstars/sustens/public/../application/admin/lang/zh-cn.php
[ info ] [ BEHAVIOR ] Run app\common\behavior\Common @module_init [ RunTime:0.000086s ]
[ info ] [ SESSION ] INIT array (
  'id' => '',
  'var_session_id' => '',
  'prefix' => 'think',
  'type' => '',
  'auto_start' => true,
)
[ info ] [ BEHAVIOR ] Run \addons\ldcms\Ldcms @config_init [ RunTime:0.000039s ]
[ info ] [ LANG ] /var/webstars/sustens/public/../application/admin/lang/zh-cn/ajax.php
[ info ] [ RUN ] app\admin\controller\Ajax->lang[ /var/webstars/sustens/application/admin/controller/Ajax.php ]
[ info ] [ LANG ] /var/webstars/sustens/public/../application/admin/lang/zh-cn/ldcms/diyform_fields.php
[ info ] [ BEHAVIOR ] Run app\admin\behavior\AdminLog @app_end [ RunTime:0.000032s ]
[ info ] [ LOG ] INIT File
---------------------------------------------------------------
[ 2024-11-18T11:39:05+08:00 ] 10.211.55.2 GET dev.sustens.com/MTyvDCHVOo.php/ldcms/langs?addtabs=1
[运行时间：0.070134s] [吞吐率：14.26req/s] [内存消耗：661.09kb] [文件加载：97]
[ info ] [ BEHAVIOR ] Run Closure @app_init [ RunTime:0.000021s ]
[ info ] [ CACHE ] INIT File
[ info ] [ DB ] INIT mysql
[ info ] [ BEHAVIOR ] Run \addons\ldcms\Ldcms @app_init [ RunTime:0.002731s ]
[ info ] [ BEHAVIOR ] Run Closure @app_init [ RunTime:0.002748s ]
[ info ] [ BEHAVIOR ] Run app\common\behavior\Common @app_init [ RunTime:0.000067s ]
[ info ] [ LANG ] /var/webstars/sustens/thinkphp/lang/zh-cn.php
[ info ] [ BEHAVIOR ] Run app\common\behavior\Common @app_dispatch [ RunTime:0.000011s ]
[ info ] [ ROUTE ] array (
  'type' => 'module',
  'module' => 
  array (
    0 => 'admin',
    1 => 'ldcms.langs',
    2 => NULL,
  ),
)
[ info ] [ HEADER ] array (
  'cookie' => 'thinkphp_show_page_trace=0|0; thinkphp_show_page_trace=0|0; uid=2; token=50446b79-6f1c-4eb2-9abc-2c19eb7a9159; thinkphp_show_page_trace=0|0; PHPSESSID=40vsve0haqvtacvur4afbs4v0t; keeplogin=1%7C86400%7C1731986374%7Cc033686637a60cbe64c2f8276a802fb1; backend_language=en; frontend_language=zh-cn',
  'accept-language' => 'zh-CN,zh;q=0.9,en;q=0.8',
  'accept-encoding' => 'gzip, deflate',
  'accept' => 'text/html,application/xhtml+xml,application/xml;q=0.9,image/avif,image/webp,image/apng,*/*;q=0.8,application/signed-exchange;v=b3;q=0.7',
  'user-agent' => 'Mozilla/5.0 (Macintosh; Intel Mac OS X 10_15_7) AppleWebKit/537.36 (KHTML, like Gecko) Chrome/130.0.0.0 Safari/537.36',
  'upgrade-insecure-requests' => '1',
  'connection' => 'keep-alive',
  'host' => 'dev.sustens.com',
  'content-length' => '',
  'content-type' => '',
)
[ info ] [ PARAM ] array (
  'addtabs' => '1',
)
[ info ] [ LANG ] /var/webstars/sustens/public/../application/admin/lang/zh-cn.php
[ info ] [ BEHAVIOR ] Run app\common\behavior\Common @module_init [ RunTime:0.000457s ]
[ info ] [ SESSION ] INIT array (
  'id' => '',
  'var_session_id' => '',
  'prefix' => 'think',
  'type' => '',
  'auto_start' => true,
)
[ info ] [ BEHAVIOR ] Run \addons\ldcms\Ldcms @config_init [ RunTime:0.000029s ]
[ info ] [ LANG ] /var/webstars/sustens/public/../application/admin/lang/zh-cn/ldcms/langs.php
[ info ] [ RUN ] app\admin\controller\ldcms\Langs->index[ /var/webstars/sustens/application/admin/controller/ldcms/Langs.php ]
[ info ] [ VIEW ] /var/webstars/sustens/public/../application/admin/view/ldcms/langs/index.html [ array (
  0 => 'breadcrumb',
  1 => 'site',
  2 => 'config',
  3 => 'auth',
  4 => 'admin',
  5 => 'addon_config',
) ]
[ info ] [ BEHAVIOR ] Run app\admin\behavior\AdminLog @app_end [ RunTime:0.000043s ]
[ info ] [ LOG ] INIT File
---------------------------------------------------------------
[ 2024-11-18T11:39:06+08:00 ] 10.211.55.2 GET dev.sustens.com/MTyvDCHVOo.php/ajax/lang?callback=define&controllername=ldcms.langs&lang=zh-cn&v=1731901145
[运行时间：0.104159s] [吞吐率：9.60req/s] [内存消耗：392.09kb] [文件加载：91]
[ info ] [ BEHAVIOR ] Run Closure @app_init [ RunTime:0.000028s ]
[ info ] [ CACHE ] INIT File
[ info ] [ DB ] INIT mysql
[ info ] [ BEHAVIOR ] Run \addons\ldcms\Ldcms @app_init [ RunTime:0.062503s ]
[ info ] [ BEHAVIOR ] Run Closure @app_init [ RunTime:0.062528s ]
[ info ] [ BEHAVIOR ] Run app\common\behavior\Common @app_init [ RunTime:0.000066s ]
[ info ] [ LANG ] /var/webstars/sustens/thinkphp/lang/zh-cn.php
[ info ] [ BEHAVIOR ] Run app\common\behavior\Common @app_dispatch [ RunTime:0.000017s ]
[ info ] [ ROUTE ] array (
  'type' => 'module',
  'module' => 
  array (
    0 => 'admin',
    1 => 'ajax',
    2 => 'lang',
  ),
)
[ info ] [ HEADER ] array (
  'cookie' => 'thinkphp_show_page_trace=0|0; uid=2; token=50446b79-6f1c-4eb2-9abc-2c19eb7a9159; thinkphp_show_page_trace=0|0; PHPSESSID=40vsve0haqvtacvur4afbs4v0t; keeplogin=1%7C86400%7C1731986374%7Cc033686637a60cbe64c2f8276a802fb1; backend_language=en; frontend_language=zh-cn',
  'accept-language' => 'zh-CN,zh;q=0.9,en;q=0.8',
  'accept-encoding' => 'gzip, deflate',
  'accept' => '*/*',
  'user-agent' => 'Mozilla/5.0 (Macintosh; Intel Mac OS X 10_15_7) AppleWebKit/537.36 (KHTML, like Gecko) Chrome/130.0.0.0 Safari/537.36',
  'connection' => 'keep-alive',
  'host' => 'dev.sustens.com',
  'content-length' => '',
  'content-type' => '',
)
[ info ] [ PARAM ] array (
  'callback' => 'define',
  'controllername' => 'ldcms.langs',
  'lang' => 'zh-cn',
  'v' => '1731901145',
)
[ info ] [ LANG ] /var/webstars/sustens/public/../application/admin/lang/zh-cn.php
[ info ] [ BEHAVIOR ] Run app\common\behavior\Common @module_init [ RunTime:0.000073s ]
[ info ] [ SESSION ] INIT array (
  'id' => '',
  'var_session_id' => '',
  'prefix' => 'think',
  'type' => '',
  'auto_start' => true,
)
[ info ] [ BEHAVIOR ] Run \addons\ldcms\Ldcms @config_init [ RunTime:0.000030s ]
[ info ] [ LANG ] /var/webstars/sustens/public/../application/admin/lang/zh-cn/ajax.php
[ info ] [ RUN ] app\admin\controller\Ajax->lang[ /var/webstars/sustens/application/admin/controller/Ajax.php ]
[ info ] [ LANG ] /var/webstars/sustens/public/../application/admin/lang/zh-cn/ldcms/langs.php
[ info ] [ BEHAVIOR ] Run app\admin\behavior\AdminLog @app_end [ RunTime:0.000022s ]
[ info ] [ LOG ] INIT File
---------------------------------------------------------------
[ 2024-11-18T11:39:06+08:00 ] 10.211.55.2 GET dev.sustens.com/MTyvDCHVOo.php/ldcms/langs/index?addtabs=1&sort=sort&order=asc&offset=0&limit=10&filter=%7B%7D&op=%7B%7D&_=1731901146136
[运行时间：0.119401s] [吞吐率：8.38req/s] [内存消耗：649.53kb] [文件加载：95]
[ info ] [ BEHAVIOR ] Run Closure @app_init [ RunTime:0.000019s ]
[ info ] [ CACHE ] INIT File
[ info ] [ DB ] INIT mysql
[ info ] [ BEHAVIOR ] Run \addons\ldcms\Ldcms @app_init [ RunTime:0.010563s ]
[ info ] [ BEHAVIOR ] Run Closure @app_init [ RunTime:0.010591s ]
[ info ] [ BEHAVIOR ] Run app\common\behavior\Common @app_init [ RunTime:0.000098s ]
[ info ] [ LANG ] /var/webstars/sustens/thinkphp/lang/zh-cn.php
[ info ] [ BEHAVIOR ] Run app\common\behavior\Common @app_dispatch [ RunTime:0.000013s ]
[ info ] [ ROUTE ] array (
  'type' => 'module',
  'module' => 
  array (
    0 => 'admin',
    1 => 'ldcms.langs',
    2 => 'index',
  ),
)
[ info ] [ HEADER ] array (
  'cookie' => 'thinkphp_show_page_trace=0|0; thinkphp_show_page_trace=0|0; uid=2; token=50446b79-6f1c-4eb2-9abc-2c19eb7a9159; thinkphp_show_page_trace=0|0; PHPSESSID=40vsve0haqvtacvur4afbs4v0t; keeplogin=1%7C86400%7C1731986374%7Cc033686637a60cbe64c2f8276a802fb1; backend_language=en; frontend_language=zh-cn',
  'accept-language' => 'zh-CN,zh;q=0.9,en;q=0.8',
  'accept-encoding' => 'gzip, deflate',
  'content-type' => 'application/json',
  'accept' => 'application/json, text/javascript, */*; q=0.01',
  'user-agent' => 'Mozilla/5.0 (Macintosh; Intel Mac OS X 10_15_7) AppleWebKit/537.36 (KHTML, like Gecko) Chrome/130.0.0.0 Safari/537.36',
  'x-requested-with' => 'XMLHttpRequest',
  'connection' => 'keep-alive',
  'host' => 'dev.sustens.com',
  'content-length' => '',
)
[ info ] [ PARAM ] array (
  'addtabs' => '1',
  'sort' => 'sort',
  'order' => 'asc',
  'offset' => '0',
  'limit' => '10',
  'filter' => '{}',
  'op' => '{}',
  '_' => '1731901146136',
)
[ info ] [ LANG ] /var/webstars/sustens/public/../application/admin/lang/zh-cn.php
[ info ] [ BEHAVIOR ] Run app\common\behavior\Common @module_init [ RunTime:0.000055s ]
[ info ] [ SESSION ] INIT array (
  'id' => '',
  'var_session_id' => '',
  'prefix' => 'think',
  'type' => '',
  'auto_start' => true,
)
[ info ] [ BEHAVIOR ] Run \addons\ldcms\Ldcms @config_init [ RunTime:0.000041s ]
[ info ] [ LANG ] /var/webstars/sustens/public/../application/admin/lang/zh-cn/ldcms/langs.php
[ info ] [ RUN ] app\admin\controller\ldcms\Langs->index[ /var/webstars/sustens/application/admin/controller/ldcms/Langs.php ]
[ info ] [ BEHAVIOR ] Run app\admin\behavior\AdminLog @app_end [ RunTime:0.000032s ]
[ info ] [ LOG ] INIT File
---------------------------------------------------------------
[ 2024-11-18T11:39:11+08:00 ] 10.211.55.2 GET dev.sustens.com/MTyvDCHVOo.php/ldcms/models?addtabs=1
[运行时间：0.293601s] [吞吐率：3.41req/s] [内存消耗：668.48kb] [文件加载：97]
[ info ] [ BEHAVIOR ] Run Closure @app_init [ RunTime:0.000027s ]
[ info ] [ CACHE ] INIT File
[ info ] [ DB ] INIT mysql
[ info ] [ BEHAVIOR ] Run \addons\ldcms\Ldcms @app_init [ RunTime:0.030229s ]
[ info ] [ BEHAVIOR ] Run Closure @app_init [ RunTime:0.030263s ]
[ info ] [ BEHAVIOR ] Run app\common\behavior\Common @app_init [ RunTime:0.001716s ]
[ info ] [ LANG ] /var/webstars/sustens/thinkphp/lang/zh-cn.php
[ info ] [ BEHAVIOR ] Run app\common\behavior\Common @app_dispatch [ RunTime:0.000030s ]
[ info ] [ ROUTE ] array (
  'type' => 'module',
  'module' => 
  array (
    0 => 'admin',
    1 => 'ldcms.models',
    2 => NULL,
  ),
)
[ info ] [ HEADER ] array (
  'cookie' => 'thinkphp_show_page_trace=0|0; thinkphp_show_page_trace=0|0; thinkphp_show_page_trace=0|0; uid=2; token=50446b79-6f1c-4eb2-9abc-2c19eb7a9159; thinkphp_show_page_trace=0|0; PHPSESSID=40vsve0haqvtacvur4afbs4v0t; keeplogin=1%7C86400%7C1731986374%7Cc033686637a60cbe64c2f8276a802fb1; backend_language=en; frontend_language=zh-cn',
  'accept-language' => 'zh-CN,zh;q=0.9,en;q=0.8',
  'accept-encoding' => 'gzip, deflate',
  'accept' => 'text/html,application/xhtml+xml,application/xml;q=0.9,image/avif,image/webp,image/apng,*/*;q=0.8,application/signed-exchange;v=b3;q=0.7',
  'user-agent' => 'Mozilla/5.0 (Macintosh; Intel Mac OS X 10_15_7) AppleWebKit/537.36 (KHTML, like Gecko) Chrome/130.0.0.0 Safari/537.36',
  'upgrade-insecure-requests' => '1',
  'connection' => 'keep-alive',
  'host' => 'dev.sustens.com',
  'content-length' => '',
  'content-type' => '',
)
[ info ] [ PARAM ] array (
  'addtabs' => '1',
)
[ info ] [ LANG ] /var/webstars/sustens/public/../application/admin/lang/zh-cn.php
[ info ] [ BEHAVIOR ] Run app\common\behavior\Common @module_init [ RunTime:0.001779s ]
[ info ] [ SESSION ] INIT array (
  'id' => '',
  'var_session_id' => '',
  'prefix' => 'think',
  'type' => '',
  'auto_start' => true,
)
[ info ] [ BEHAVIOR ] Run \addons\ldcms\Ldcms @config_init [ RunTime:0.000059s ]
[ info ] [ LANG ] /var/webstars/sustens/public/../application/admin/lang/zh-cn/ldcms/models.php
[ info ] [ RUN ] app\common\controller\Backend->index[ /var/webstars/sustens/application/admin/library/traits/Backend.php ]
[ info ] [ VIEW ] /var/webstars/sustens/public/../application/admin/view/ldcms/models/index.html [ array (
  0 => 'breadcrumb',
  1 => 'site',
  2 => 'config',
  3 => 'auth',
  4 => 'admin',
  5 => 'addon_config',
) ]
[ info ] [ BEHAVIOR ] Run app\admin\behavior\AdminLog @app_end [ RunTime:0.000938s ]
[ info ] [ LOG ] INIT File
---------------------------------------------------------------
[ 2024-11-18T11:39:11+08:00 ] 10.211.55.2 GET dev.sustens.com/MTyvDCHVOo.php/ajax/lang?callback=define&controllername=ldcms.models&lang=zh-cn&v=1731901151
[运行时间：0.022470s] [吞吐率：44.50req/s] [内存消耗：304.48kb] [文件加载：91]
[ info ] [ BEHAVIOR ] Run Closure @app_init [ RunTime:0.000030s ]
[ info ] [ CACHE ] INIT File
[ info ] [ DB ] INIT mysql
[ info ] [ BEHAVIOR ] Run \addons\ldcms\Ldcms @app_init [ RunTime:0.002384s ]
[ info ] [ BEHAVIOR ] Run Closure @app_init [ RunTime:0.002428s ]
[ info ] [ BEHAVIOR ] Run app\common\behavior\Common @app_init [ RunTime:0.000080s ]
[ info ] [ LANG ] /var/webstars/sustens/thinkphp/lang/zh-cn.php
[ info ] [ BEHAVIOR ] Run app\common\behavior\Common @app_dispatch [ RunTime:0.000022s ]
[ info ] [ ROUTE ] array (
  'type' => 'module',
  'module' => 
  array (
    0 => 'admin',
    1 => 'ajax',
    2 => 'lang',
  ),
)
[ info ] [ HEADER ] array (
  'cookie' => 'thinkphp_show_page_trace=0|0; uid=2; token=50446b79-6f1c-4eb2-9abc-2c19eb7a9159; thinkphp_show_page_trace=0|0; PHPSESSID=40vsve0haqvtacvur4afbs4v0t; keeplogin=1%7C86400%7C1731986374%7Cc033686637a60cbe64c2f8276a802fb1; backend_language=en; frontend_language=zh-cn',
  'accept-language' => 'zh-CN,zh;q=0.9,en;q=0.8',
  'accept-encoding' => 'gzip, deflate',
  'accept' => '*/*',
  'user-agent' => 'Mozilla/5.0 (Macintosh; Intel Mac OS X 10_15_7) AppleWebKit/537.36 (KHTML, like Gecko) Chrome/130.0.0.0 Safari/537.36',
  'connection' => 'keep-alive',
  'host' => 'dev.sustens.com',
  'content-length' => '',
  'content-type' => '',
)
[ info ] [ PARAM ] array (
  'callback' => 'define',
  'controllername' => 'ldcms.models',
  'lang' => 'zh-cn',
  'v' => '1731901151',
)
[ info ] [ LANG ] /var/webstars/sustens/public/../application/admin/lang/zh-cn.php
[ info ] [ BEHAVIOR ] Run app\common\behavior\Common @module_init [ RunTime:0.000221s ]
[ info ] [ SESSION ] INIT array (
  'id' => '',
  'var_session_id' => '',
  'prefix' => 'think',
  'type' => '',
  'auto_start' => true,
)
[ info ] [ BEHAVIOR ] Run \addons\ldcms\Ldcms @config_init [ RunTime:0.000043s ]
[ info ] [ LANG ] /var/webstars/sustens/public/../application/admin/lang/zh-cn/ajax.php
[ info ] [ RUN ] app\admin\controller\Ajax->lang[ /var/webstars/sustens/application/admin/controller/Ajax.php ]
[ info ] [ LANG ] /var/webstars/sustens/public/../application/admin/lang/zh-cn/ldcms/models.php
[ info ] [ BEHAVIOR ] Run app\admin\behavior\AdminLog @app_end [ RunTime:0.000235s ]
[ info ] [ LOG ] INIT File
---------------------------------------------------------------
[ 2024-11-18T11:39:11+08:00 ] 10.211.55.2 GET dev.sustens.com/MTyvDCHVOo.php/ldcms/models/index?addtabs=1&sort=id&order=desc&offset=0&limit=10&filter=%7B%7D&op=%7B%7D&_=1731901151288
[运行时间：0.185324s] [吞吐率：5.40req/s] [内存消耗：652.07kb] [文件加载：95]
[ info ] [ BEHAVIOR ] Run Closure @app_init [ RunTime:0.000018s ]
[ info ] [ CACHE ] INIT File
[ info ] [ DB ] INIT mysql
[ info ] [ BEHAVIOR ] Run \addons\ldcms\Ldcms @app_init [ RunTime:0.012653s ]
[ info ] [ BEHAVIOR ] Run Closure @app_init [ RunTime:0.012685s ]
[ info ] [ BEHAVIOR ] Run app\common\behavior\Common @app_init [ RunTime:0.000081s ]
[ info ] [ LANG ] /var/webstars/sustens/thinkphp/lang/zh-cn.php
[ info ] [ BEHAVIOR ] Run app\common\behavior\Common @app_dispatch [ RunTime:0.000041s ]
[ info ] [ ROUTE ] array (
  'type' => 'module',
  'module' => 
  array (
    0 => 'admin',
    1 => 'ldcms.models',
    2 => 'index',
  ),
)
[ info ] [ HEADER ] array (
  'cookie' => 'thinkphp_show_page_trace=0|0; thinkphp_show_page_trace=0|0; thinkphp_show_page_trace=0|0; uid=2; token=50446b79-6f1c-4eb2-9abc-2c19eb7a9159; thinkphp_show_page_trace=0|0; PHPSESSID=40vsve0haqvtacvur4afbs4v0t; keeplogin=1%7C86400%7C1731986374%7Cc033686637a60cbe64c2f8276a802fb1; backend_language=en; frontend_language=zh-cn',
  'accept-language' => 'zh-CN,zh;q=0.9,en;q=0.8',
  'accept-encoding' => 'gzip, deflate',
  'content-type' => 'application/json',
  'accept' => 'application/json, text/javascript, */*; q=0.01',
  'user-agent' => 'Mozilla/5.0 (Macintosh; Intel Mac OS X 10_15_7) AppleWebKit/537.36 (KHTML, like Gecko) Chrome/130.0.0.0 Safari/537.36',
  'x-requested-with' => 'XMLHttpRequest',
  'connection' => 'keep-alive',
  'host' => 'dev.sustens.com',
  'content-length' => '',
)
[ info ] [ PARAM ] array (
  'addtabs' => '1',
  'sort' => 'id',
  'order' => 'desc',
  'offset' => '0',
  'limit' => '10',
  'filter' => '{}',
  'op' => '{}',
  '_' => '1731901151288',
)
[ info ] [ LANG ] /var/webstars/sustens/public/../application/admin/lang/zh-cn.php
[ info ] [ BEHAVIOR ] Run app\common\behavior\Common @module_init [ RunTime:0.000233s ]
[ info ] [ SESSION ] INIT array (
  'id' => '',
  'var_session_id' => '',
  'prefix' => 'think',
  'type' => '',
  'auto_start' => true,
)
[ info ] [ BEHAVIOR ] Run \addons\ldcms\Ldcms @config_init [ RunTime:0.000142s ]
[ info ] [ LANG ] /var/webstars/sustens/public/../application/admin/lang/zh-cn/ldcms/models.php
[ info ] [ RUN ] app\common\controller\Backend->index[ /var/webstars/sustens/application/admin/library/traits/Backend.php ]
[ info ] [ BEHAVIOR ] Run app\admin\behavior\AdminLog @app_end [ RunTime:0.000038s ]
[ info ] [ LOG ] INIT File
---------------------------------------------------------------
[ 2024-11-18T11:39:17+08:00 ] 10.211.55.2 GET dev.sustens.com/MTyvDCHVOo.php/ldcms/models/edit/ids/13?dialog=1
[运行时间：0.110598s] [吞吐率：9.04req/s] [内存消耗：741.54kb] [文件加载：98]
[ info ] [ BEHAVIOR ] Run Closure @app_init [ RunTime:0.000021s ]
[ info ] [ CACHE ] INIT File
[ info ] [ DB ] INIT mysql
[ info ] [ BEHAVIOR ] Run \addons\ldcms\Ldcms @app_init [ RunTime:0.004840s ]
[ info ] [ BEHAVIOR ] Run Closure @app_init [ RunTime:0.004869s ]
[ info ] [ BEHAVIOR ] Run app\common\behavior\Common @app_init [ RunTime:0.000179s ]
[ info ] [ LANG ] /var/webstars/sustens/thinkphp/lang/zh-cn.php
[ info ] [ BEHAVIOR ] Run app\common\behavior\Common @app_dispatch [ RunTime:0.000022s ]
[ info ] [ ROUTE ] array (
  'type' => 'module',
  'module' => 
  array (
    0 => 'admin',
    1 => 'ldcms.models',
    2 => 'edit',
  ),
)
[ info ] [ HEADER ] array (
  'cookie' => 'thinkphp_show_page_trace=0|0; thinkphp_show_page_trace=0|0; thinkphp_show_page_trace=0|0; thinkphp_show_page_trace=0|0; uid=2; token=50446b79-6f1c-4eb2-9abc-2c19eb7a9159; thinkphp_show_page_trace=0|0; PHPSESSID=40vsve0haqvtacvur4afbs4v0t; keeplogin=1%7C86400%7C1731986374%7Cc033686637a60cbe64c2f8276a802fb1; backend_language=en; frontend_language=zh-cn',
  'accept-language' => 'zh-CN,zh;q=0.9,en;q=0.8',
  'accept-encoding' => 'gzip, deflate',
  'accept' => 'text/html,application/xhtml+xml,application/xml;q=0.9,image/avif,image/webp,image/apng,*/*;q=0.8,application/signed-exchange;v=b3;q=0.7',
  'user-agent' => 'Mozilla/5.0 (Macintosh; Intel Mac OS X 10_15_7) AppleWebKit/537.36 (KHTML, like Gecko) Chrome/130.0.0.0 Safari/537.36',
  'upgrade-insecure-requests' => '1',
  'connection' => 'keep-alive',
  'host' => 'dev.sustens.com',
  'content-length' => '',
  'content-type' => '',
)
[ info ] [ PARAM ] array (
  'dialog' => '1',
  'ids' => '13',
)
[ info ] [ LANG ] /var/webstars/sustens/public/../application/admin/lang/zh-cn.php
[ info ] [ BEHAVIOR ] Run app\common\behavior\Common @module_init [ RunTime:0.000240s ]
[ info ] [ SESSION ] INIT array (
  'id' => '',
  'var_session_id' => '',
  'prefix' => 'think',
  'type' => '',
  'auto_start' => true,
)
[ info ] [ BEHAVIOR ] Run \addons\ldcms\Ldcms @config_init [ RunTime:0.000038s ]
[ info ] [ LANG ] /var/webstars/sustens/public/../application/admin/lang/zh-cn/ldcms/models.php
[ info ] [ RUN ] app\admin\controller\ldcms\Models->edit[ /var/webstars/sustens/application/admin/controller/ldcms/Models.php ]
[ info ] [ VIEW ] /var/webstars/sustens/public/../application/admin/view/../../../addons/ldcms/utils/builder/view/fields.html [ array (
  0 => 'breadcrumb',
  1 => 'site',
  2 => 'config',
  3 => 'auth',
  4 => 'admin',
  5 => 'addon_config',
  6 => 'isForm',
  7 => 'fields',
  8 => 'tab_group',
  9 => 'item_group',
  10 => 'field_show',
) ]
[ info ] [ BEHAVIOR ] Run app\admin\behavior\AdminLog @app_end [ RunTime:0.000053s ]
[ info ] [ LOG ] INIT File
---------------------------------------------------------------
[ 2024-11-18T11:39:17+08:00 ] 10.211.55.2 GET dev.sustens.com/MTyvDCHVOo.php/ajax/lang?callback=define&controllername=ldcms.models&lang=zh-cn&v=1731901157
[运行时间：0.020952s] [吞吐率：47.73req/s] [内存消耗：304.48kb] [文件加载：91]
[ info ] [ BEHAVIOR ] Run Closure @app_init [ RunTime:0.000023s ]
[ info ] [ CACHE ] INIT File
[ info ] [ DB ] INIT mysql
[ info ] [ BEHAVIOR ] Run \addons\ldcms\Ldcms @app_init [ RunTime:0.002397s ]
[ info ] [ BEHAVIOR ] Run Closure @app_init [ RunTime:0.002417s ]
[ info ] [ BEHAVIOR ] Run app\common\behavior\Common @app_init [ RunTime:0.000085s ]
[ info ] [ LANG ] /var/webstars/sustens/thinkphp/lang/zh-cn.php
[ info ] [ BEHAVIOR ] Run app\common\behavior\Common @app_dispatch [ RunTime:0.000015s ]
[ info ] [ ROUTE ] array (
  'type' => 'module',
  'module' => 
  array (
    0 => 'admin',
    1 => 'ajax',
    2 => 'lang',
  ),
)
[ info ] [ HEADER ] array (
  'cookie' => 'thinkphp_show_page_trace=0|0; uid=2; token=50446b79-6f1c-4eb2-9abc-2c19eb7a9159; thinkphp_show_page_trace=0|0; PHPSESSID=40vsve0haqvtacvur4afbs4v0t; keeplogin=1%7C86400%7C1731986374%7Cc033686637a60cbe64c2f8276a802fb1; backend_language=en; frontend_language=zh-cn',
  'accept-language' => 'zh-CN,zh;q=0.9,en;q=0.8',
  'accept-encoding' => 'gzip, deflate',
  'accept' => '*/*',
  'user-agent' => 'Mozilla/5.0 (Macintosh; Intel Mac OS X 10_15_7) AppleWebKit/537.36 (KHTML, like Gecko) Chrome/130.0.0.0 Safari/537.36',
  'connection' => 'keep-alive',
  'host' => 'dev.sustens.com',
  'content-length' => '',
  'content-type' => '',
)
[ info ] [ PARAM ] array (
  'callback' => 'define',
  'controllername' => 'ldcms.models',
  'lang' => 'zh-cn',
  'v' => '1731901157',
)
[ info ] [ LANG ] /var/webstars/sustens/public/../application/admin/lang/zh-cn.php
[ info ] [ BEHAVIOR ] Run app\common\behavior\Common @module_init [ RunTime:0.000060s ]
[ info ] [ SESSION ] INIT array (
  'id' => '',
  'var_session_id' => '',
  'prefix' => 'think',
  'type' => '',
  'auto_start' => true,
)
[ info ] [ BEHAVIOR ] Run \addons\ldcms\Ldcms @config_init [ RunTime:0.000027s ]
[ info ] [ LANG ] /var/webstars/sustens/public/../application/admin/lang/zh-cn/ajax.php
[ info ] [ RUN ] app\admin\controller\Ajax->lang[ /var/webstars/sustens/application/admin/controller/Ajax.php ]
[ info ] [ LANG ] /var/webstars/sustens/public/../application/admin/lang/zh-cn/ldcms/models.php
[ info ] [ BEHAVIOR ] Run app\admin\behavior\AdminLog @app_end [ RunTime:0.000019s ]
[ info ] [ LOG ] INIT File
---------------------------------------------------------------
[ 2024-11-18T11:39:56+08:00 ] 10.211.55.2 GET dev.sustens.com/MTyvDCHVOo.php/ldcms/site_info?addtabs=1
[运行时间：0.900443s] [吞吐率：1.11req/s] [内存消耗：806.21kb] [文件加载：108]
[ info ] [ BEHAVIOR ] Run Closure @app_init [ RunTime:0.000022s ]
[ info ] [ CACHE ] INIT File
[ info ] [ DB ] INIT mysql
[ info ] [ BEHAVIOR ] Run \addons\ldcms\Ldcms @app_init [ RunTime:0.074459s ]
[ info ] [ BEHAVIOR ] Run Closure @app_init [ RunTime:0.074493s ]
[ info ] [ BEHAVIOR ] Run app\common\behavior\Common @app_init [ RunTime:0.000123s ]
[ info ] [ LANG ] /var/webstars/sustens/thinkphp/lang/zh-cn.php
[ info ] [ BEHAVIOR ] Run app\common\behavior\Common @app_dispatch [ RunTime:0.000020s ]
[ info ] [ ROUTE ] array (
  'type' => 'module',
  'module' => 
  array (
    0 => 'admin',
    1 => 'ldcms.site_info',
    2 => NULL,
  ),
)
[ info ] [ HEADER ] array (
  'cookie' => 'thinkphp_show_page_trace=0|0; thinkphp_show_page_trace=0|0; uid=2; token=50446b79-6f1c-4eb2-9abc-2c19eb7a9159; thinkphp_show_page_trace=0|0; PHPSESSID=40vsve0haqvtacvur4afbs4v0t; keeplogin=1%7C86400%7C1731986374%7Cc033686637a60cbe64c2f8276a802fb1; backend_language=en; frontend_language=zh-cn',
  'accept-language' => 'zh-CN,zh;q=0.9,en;q=0.8',
  'accept-encoding' => 'gzip, deflate',
  'accept' => 'text/html,application/xhtml+xml,application/xml;q=0.9,image/avif,image/webp,image/apng,*/*;q=0.8,application/signed-exchange;v=b3;q=0.7',
  'user-agent' => 'Mozilla/5.0 (Macintosh; Intel Mac OS X 10_15_7) AppleWebKit/537.36 (KHTML, like Gecko) Chrome/130.0.0.0 Safari/537.36',
  'upgrade-insecure-requests' => '1',
  'connection' => 'keep-alive',
  'host' => 'dev.sustens.com',
  'content-length' => '',
  'content-type' => '',
)
[ info ] [ PARAM ] array (
  'addtabs' => '1',
)
[ info ] [ LANG ] /var/webstars/sustens/public/../application/admin/lang/zh-cn.php
[ info ] [ BEHAVIOR ] Run app\common\behavior\Common @module_init [ RunTime:0.000167s ]
[ info ] [ SESSION ] INIT array (
  'id' => '',
  'var_session_id' => '',
  'prefix' => 'think',
  'type' => '',
  'auto_start' => true,
)
[ info ] [ BEHAVIOR ] Run \addons\ldcms\Ldcms @config_init [ RunTime:0.000056s ]
[ info ] [ LANG ] /var/webstars/sustens/public/../application/admin/lang/zh-cn/ldcms/site_info.php
[ info ] [ RUN ] app\admin\controller\ldcms\SiteInfo->index[ /var/webstars/sustens/application/admin/controller/ldcms/SiteInfo.php ]
[ info ] [ VIEW ] /var/webstars/sustens/addons/ldcms/site_info.html [ array (
  0 => 'breadcrumb',
  1 => 'site',
  2 => 'config',
  3 => 'auth',
  4 => 'admin',
  5 => 'addon_config',
  6 => 'siteList',
  7 => 'noDel',
  8 => 'typeList',
  9 => 'ruleList',
) ]
[ info ] [ BEHAVIOR ] Run app\admin\behavior\AdminLog @app_end [ RunTime:0.000224s ]
[ info ] [ LOG ] INIT File
---------------------------------------------------------------
[ 2024-11-18T11:39:57+08:00 ] 10.211.55.2 GET dev.sustens.com/MTyvDCHVOo.php/ldcms/config?addtabs=1
[运行时间：0.089051s] [吞吐率：11.23req/s] [内存消耗：695.50kb] [文件加载：96]
[ info ] [ BEHAVIOR ] Run Closure @app_init [ RunTime:0.000024s ]
[ info ] [ CACHE ] INIT File
[ info ] [ DB ] INIT mysql
[ info ] [ BEHAVIOR ] Run \addons\ldcms\Ldcms @app_init [ RunTime:0.003422s ]
[ info ] [ BEHAVIOR ] Run Closure @app_init [ RunTime:0.003449s ]
[ info ] [ BEHAVIOR ] Run app\common\behavior\Common @app_init [ RunTime:0.000072s ]
[ info ] [ LANG ] /var/webstars/sustens/thinkphp/lang/zh-cn.php
[ info ] [ BEHAVIOR ] Run app\common\behavior\Common @app_dispatch [ RunTime:0.000017s ]
[ info ] [ ROUTE ] array (
  'type' => 'module',
  'module' => 
  array (
    0 => 'admin',
    1 => 'ldcms.config',
    2 => NULL,
  ),
)
[ info ] [ HEADER ] array (
  'cookie' => 'thinkphp_show_page_trace=0|0; thinkphp_show_page_trace=0|0; uid=2; token=50446b79-6f1c-4eb2-9abc-2c19eb7a9159; thinkphp_show_page_trace=0|0; PHPSESSID=40vsve0haqvtacvur4afbs4v0t; keeplogin=1%7C86400%7C1731986374%7Cc033686637a60cbe64c2f8276a802fb1; backend_language=en; frontend_language=zh-cn',
  'accept-language' => 'zh-CN,zh;q=0.9,en;q=0.8',
  'accept-encoding' => 'gzip, deflate',
  'accept' => 'text/html,application/xhtml+xml,application/xml;q=0.9,image/avif,image/webp,image/apng,*/*;q=0.8,application/signed-exchange;v=b3;q=0.7',
  'user-agent' => 'Mozilla/5.0 (Macintosh; Intel Mac OS X 10_15_7) AppleWebKit/537.36 (KHTML, like Gecko) Chrome/130.0.0.0 Safari/537.36',
  'upgrade-insecure-requests' => '1',
  'connection' => 'keep-alive',
  'host' => 'dev.sustens.com',
  'content-length' => '',
  'content-type' => '',
)
[ info ] [ PARAM ] array (
  'addtabs' => '1',
)
[ info ] [ LANG ] /var/webstars/sustens/public/../application/admin/lang/zh-cn.php
[ info ] [ BEHAVIOR ] Run app\common\behavior\Common @module_init [ RunTime:0.000094s ]
[ info ] [ SESSION ] INIT array (
  'id' => '',
  'var_session_id' => '',
  'prefix' => 'think',
  'type' => '',
  'auto_start' => true,
)
[ info ] [ BEHAVIOR ] Run \addons\ldcms\Ldcms @config_init [ RunTime:0.000072s ]
[ info ] [ LANG ] /var/webstars/sustens/public/../application/admin/lang/zh-cn/ldcms/config.php
[ info ] [ RUN ] app\admin\controller\ldcms\Config->index[ /var/webstars/sustens/application/admin/controller/ldcms/Config.php ]
[ info ] [ VIEW ] /var/webstars/sustens/addons/ldcms/config.html [ array (
  0 => 'breadcrumb',
  1 => 'site',
  2 => 'config',
  3 => 'auth',
  4 => 'admin',
  5 => 'addon_config',
  6 => 'noDel',
  7 => 'typeList',
  8 => 'ruleList',
  9 => 'groupList',
  10 => 'addon',
) ]
[ info ] [ BEHAVIOR ] Run app\admin\behavior\AdminLog @app_end [ RunTime:0.000031s ]
[ info ] [ LOG ] INIT File
---------------------------------------------------------------
[ 2024-11-18T11:39:58+08:00 ] 10.211.55.2 GET dev.sustens.com/MTyvDCHVOo.php/ajax/lang?callback=define&controllername=ldcms.site_info&lang=zh-cn&v=1731901196
[运行时间：0.008674s] [吞吐率：115.29req/s] [内存消耗：305.73kb] [文件加载：91]
[ info ] [ BEHAVIOR ] Run Closure @app_init [ RunTime:0.000022s ]
[ info ] [ CACHE ] INIT File
[ info ] [ DB ] INIT mysql
[ info ] [ BEHAVIOR ] Run \addons\ldcms\Ldcms @app_init [ RunTime:0.002310s ]
[ info ] [ BEHAVIOR ] Run Closure @app_init [ RunTime:0.002335s ]
[ info ] [ BEHAVIOR ] Run app\common\behavior\Common @app_init [ RunTime:0.000067s ]
[ info ] [ LANG ] /var/webstars/sustens/thinkphp/lang/zh-cn.php
[ info ] [ BEHAVIOR ] Run app\common\behavior\Common @app_dispatch [ RunTime:0.000016s ]
[ info ] [ ROUTE ] array (
  'type' => 'module',
  'module' => 
  array (
    0 => 'admin',
    1 => 'ajax',
    2 => 'lang',
  ),
)
[ info ] [ HEADER ] array (
  'cookie' => 'thinkphp_show_page_trace=0|0; uid=2; token=50446b79-6f1c-4eb2-9abc-2c19eb7a9159; thinkphp_show_page_trace=0|0; PHPSESSID=40vsve0haqvtacvur4afbs4v0t; keeplogin=1%7C86400%7C1731986374%7Cc033686637a60cbe64c2f8276a802fb1; backend_language=en; frontend_language=zh-cn',
  'accept-language' => 'zh-CN,zh;q=0.9,en;q=0.8',
  'accept-encoding' => 'gzip, deflate',
  'accept' => '*/*',
  'user-agent' => 'Mozilla/5.0 (Macintosh; Intel Mac OS X 10_15_7) AppleWebKit/537.36 (KHTML, like Gecko) Chrome/130.0.0.0 Safari/537.36',
  'connection' => 'keep-alive',
  'host' => 'dev.sustens.com',
  'content-length' => '',
  'content-type' => '',
)
[ info ] [ PARAM ] array (
  'callback' => 'define',
  'controllername' => 'ldcms.site_info',
  'lang' => 'zh-cn',
  'v' => '1731901196',
)
[ info ] [ LANG ] /var/webstars/sustens/public/../application/admin/lang/zh-cn.php
[ info ] [ BEHAVIOR ] Run app\common\behavior\Common @module_init [ RunTime:0.000133s ]
[ info ] [ SESSION ] INIT array (
  'id' => '',
  'var_session_id' => '',
  'prefix' => 'think',
  'type' => '',
  'auto_start' => true,
)
[ info ] [ BEHAVIOR ] Run \addons\ldcms\Ldcms @config_init [ RunTime:0.000035s ]
[ info ] [ LANG ] /var/webstars/sustens/public/../application/admin/lang/zh-cn/ajax.php
[ info ] [ RUN ] app\admin\controller\Ajax->lang[ /var/webstars/sustens/application/admin/controller/Ajax.php ]
[ info ] [ LANG ] /var/webstars/sustens/public/../application/admin/lang/zh-cn/ldcms/site_info.php
[ info ] [ BEHAVIOR ] Run app\admin\behavior\AdminLog @app_end [ RunTime:0.000083s ]
[ info ] [ LOG ] INIT File
---------------------------------------------------------------
[ 2024-11-18T11:39:58+08:00 ] 10.211.55.2 GET dev.sustens.com/MTyvDCHVOo.php/ajax/lang?callback=define&controllername=ldcms.config&lang=zh-cn&v=1731901197
[运行时间：0.018677s] [吞吐率：53.54req/s] [内存消耗：306.73kb] [文件加载：91]
[ info ] [ BEHAVIOR ] Run Closure @app_init [ RunTime:0.000024s ]
[ info ] [ CACHE ] INIT File
[ info ] [ DB ] INIT mysql
[ info ] [ BEHAVIOR ] Run \addons\ldcms\Ldcms @app_init [ RunTime:0.003151s ]
[ info ] [ BEHAVIOR ] Run Closure @app_init [ RunTime:0.003180s ]
[ info ] [ BEHAVIOR ] Run app\common\behavior\Common @app_init [ RunTime:0.000075s ]
[ info ] [ LANG ] /var/webstars/sustens/thinkphp/lang/zh-cn.php
[ info ] [ BEHAVIOR ] Run app\common\behavior\Common @app_dispatch [ RunTime:0.000190s ]
[ info ] [ ROUTE ] array (
  'type' => 'module',
  'module' => 
  array (
    0 => 'admin',
    1 => 'ajax',
    2 => 'lang',
  ),
)
[ info ] [ HEADER ] array (
  'cookie' => 'thinkphp_show_page_trace=0|0; uid=2; token=50446b79-6f1c-4eb2-9abc-2c19eb7a9159; thinkphp_show_page_trace=0|0; PHPSESSID=40vsve0haqvtacvur4afbs4v0t; keeplogin=1%7C86400%7C1731986374%7Cc033686637a60cbe64c2f8276a802fb1; backend_language=en; frontend_language=zh-cn',
  'accept-language' => 'zh-CN,zh;q=0.9,en;q=0.8',
  'accept-encoding' => 'gzip, deflate',
  'accept' => '*/*',
  'user-agent' => 'Mozilla/5.0 (Macintosh; Intel Mac OS X 10_15_7) AppleWebKit/537.36 (KHTML, like Gecko) Chrome/130.0.0.0 Safari/537.36',
  'connection' => 'keep-alive',
  'host' => 'dev.sustens.com',
  'content-length' => '',
  'content-type' => '',
)
[ info ] [ PARAM ] array (
  'callback' => 'define',
  'controllername' => 'ldcms.config',
  'lang' => 'zh-cn',
  'v' => '1731901197',
)
[ info ] [ LANG ] /var/webstars/sustens/public/../application/admin/lang/zh-cn.php
[ info ] [ BEHAVIOR ] Run app\common\behavior\Common @module_init [ RunTime:0.000155s ]
[ info ] [ SESSION ] INIT array (
  'id' => '',
  'var_session_id' => '',
  'prefix' => 'think',
  'type' => '',
  'auto_start' => true,
)
[ info ] [ BEHAVIOR ] Run \addons\ldcms\Ldcms @config_init [ RunTime:0.000029s ]
[ info ] [ LANG ] /var/webstars/sustens/public/../application/admin/lang/zh-cn/ajax.php
[ info ] [ RUN ] app\admin\controller\Ajax->lang[ /var/webstars/sustens/application/admin/controller/Ajax.php ]
[ info ] [ LANG ] /var/webstars/sustens/public/../application/admin/lang/zh-cn/ldcms/config.php
[ info ] [ BEHAVIOR ] Run app\admin\behavior\AdminLog @app_end [ RunTime:0.000020s ]
[ info ] [ LOG ] INIT File
---------------------------------------------------------------
[ 2024-11-18T11:40:14+08:00 ] 10.211.55.2 GET dev.sustens.com/MTyvDCHVOo.php/ldcms/config?ref=addtabs&ldcms_lang=zh-cn
[运行时间：0.201740s] [吞吐率：4.96req/s] [内存消耗：556.59kb] [文件加载：90]
[ info ] [ BEHAVIOR ] Run Closure @app_init [ RunTime:0.000026s ]
[ info ] [ CACHE ] INIT File
[ info ] [ DB ] INIT mysql
[ info ] [ BEHAVIOR ] Run \addons\ldcms\Ldcms @app_init [ RunTime:0.024107s ]
[ info ] [ BEHAVIOR ] Run Closure @app_init [ RunTime:0.024131s ]
[ info ] [ BEHAVIOR ] Run app\common\behavior\Common @app_init [ RunTime:0.001932s ]
[ info ] [ LANG ] /var/webstars/sustens/thinkphp/lang/zh-cn.php
[ info ] [ BEHAVIOR ] Run app\common\behavior\Common @app_dispatch [ RunTime:0.000098s ]
[ info ] [ ROUTE ] array (
  'type' => 'module',
  'module' => 
  array (
    0 => 'admin',
    1 => 'ldcms.config',
    2 => NULL,
  ),
)
[ info ] [ HEADER ] array (
  'cookie' => 'thinkphp_show_page_trace=0|0; thinkphp_show_page_trace=0|0; uid=2; token=50446b79-6f1c-4eb2-9abc-2c19eb7a9159; thinkphp_show_page_trace=0|0; PHPSESSID=40vsve0haqvtacvur4afbs4v0t; keeplogin=1%7C86400%7C1731986374%7Cc033686637a60cbe64c2f8276a802fb1; backend_language=en; frontend_language=zh-cn',
  'accept-language' => 'zh-CN,zh;q=0.9,en;q=0.8',
  'accept-encoding' => 'gzip, deflate',
  'accept' => 'text/html,application/xhtml+xml,application/xml;q=0.9,image/avif,image/webp,image/apng,*/*;q=0.8,application/signed-exchange;v=b3;q=0.7',
  'user-agent' => 'Mozilla/5.0 (Macintosh; Intel Mac OS X 10_15_7) AppleWebKit/537.36 (KHTML, like Gecko) Chrome/130.0.0.0 Safari/537.36',
  'upgrade-insecure-requests' => '1',
  'connection' => 'keep-alive',
  'host' => 'dev.sustens.com',
  'content-length' => '',
  'content-type' => '',
)
[ info ] [ PARAM ] array (
  'ref' => 'addtabs',
  'ldcms_lang' => 'zh-cn',
)
[ info ] [ LANG ] /var/webstars/sustens/public/../application/admin/lang/zh-cn.php
[ info ] [ BEHAVIOR ] Run app\common\behavior\Common @module_init [ RunTime:0.027290s ]
[ info ] [ SESSION ] INIT array (
  'id' => '',
  'var_session_id' => '',
  'prefix' => 'think',
  'type' => '',
  'auto_start' => true,
)
[ info ] [ BEHAVIOR ] Run app\admin\behavior\AdminLog @app_end [ RunTime:0.002682s ]
[ info ] [ LOG ] INIT File
---------------------------------------------------------------
[ 2024-11-18T11:40:14+08:00 ] 10.211.55.2 GET dev.sustens.com/MTyvDCHVOo.php/index/index
[运行时间：0.148619s] [吞吐率：6.73req/s] [内存消耗：761.31kb] [文件加载：99]
[ info ] [ BEHAVIOR ] Run Closure @app_init [ RunTime:0.000025s ]
[ info ] [ CACHE ] INIT File
[ info ] [ DB ] INIT mysql
[ info ] [ BEHAVIOR ] Run \addons\ldcms\Ldcms @app_init [ RunTime:0.003834s ]
[ info ] [ BEHAVIOR ] Run Closure @app_init [ RunTime:0.003866s ]
[ info ] [ BEHAVIOR ] Run app\common\behavior\Common @app_init [ RunTime:0.000083s ]
[ info ] [ LANG ] /var/webstars/sustens/thinkphp/lang/zh-cn.php
[ info ] [ BEHAVIOR ] Run app\common\behavior\Common @app_dispatch [ RunTime:0.000021s ]
[ info ] [ ROUTE ] array (
  'type' => 'module',
  'module' => 
  array (
    0 => 'admin',
    1 => 'index',
    2 => 'index',
  ),
)
[ info ] [ HEADER ] array (
  'cookie' => 'thinkphp_show_page_trace=0|0; thinkphp_show_page_trace=0|0; uid=2; token=50446b79-6f1c-4eb2-9abc-2c19eb7a9159; thinkphp_show_page_trace=0|0; PHPSESSID=40vsve0haqvtacvur4afbs4v0t; keeplogin=1%7C86400%7C1731986374%7Cc033686637a60cbe64c2f8276a802fb1; backend_language=en; frontend_language=zh-cn',
  'accept-language' => 'zh-CN,zh;q=0.9,en;q=0.8',
  'accept-encoding' => 'gzip, deflate',
  'accept' => 'text/html,application/xhtml+xml,application/xml;q=0.9,image/avif,image/webp,image/apng,*/*;q=0.8,application/signed-exchange;v=b3;q=0.7',
  'user-agent' => 'Mozilla/5.0 (Macintosh; Intel Mac OS X 10_15_7) AppleWebKit/537.36 (KHTML, like Gecko) Chrome/130.0.0.0 Safari/537.36',
  'upgrade-insecure-requests' => '1',
  'connection' => 'keep-alive',
  'host' => 'dev.sustens.com',
  'content-length' => '',
  'content-type' => '',
)
[ info ] [ PARAM ] array (
)
[ info ] [ LANG ] /var/webstars/sustens/public/../application/admin/lang/zh-cn.php
[ info ] [ BEHAVIOR ] Run app\common\behavior\Common @module_init [ RunTime:0.000070s ]
[ info ] [ SESSION ] INIT array (
  'id' => '',
  'var_session_id' => '',
  'prefix' => 'think',
  'type' => '',
  'auto_start' => true,
)
[ info ] [ BEHAVIOR ] Run \addons\ldcms\Ldcms @config_init [ RunTime:0.001039s ]
[ info ] [ LANG ] /var/webstars/sustens/public/../application/admin/lang/zh-cn/index.php
[ info ] [ RUN ] app\admin\controller\Index->index[ /var/webstars/sustens/application/admin/controller/Index.php ]
[ info ] [ VIEW ] /var/webstars/sustens/public/../application/admin/view/index/index.html [ array (
  0 => 'breadcrumb',
  1 => 'site',
  2 => 'config',
  3 => 'auth',
  4 => 'admin',
  5 => 'menulist',
  6 => 'navlist',
  7 => 'fixedmenu',
  8 => 'referermenu',
  9 => 'title',
) ]
[ info ] [ BEHAVIOR ] Run app\admin\behavior\AdminLog @app_end [ RunTime:0.000034s ]
[ info ] [ LOG ] INIT File
---------------------------------------------------------------
[ 2024-11-18T11:40:14+08:00 ] 10.211.55.2 GET dev.sustens.com/MTyvDCHVOo.php/dashboard?addtabs=1
[运行时间：0.154421s] [吞吐率：6.48req/s] [内存消耗：734.23kb] [文件加载：99]
[ info ] [ BEHAVIOR ] Run Closure @app_init [ RunTime:0.000028s ]
[ info ] [ CACHE ] INIT File
[ info ] [ DB ] INIT mysql
[ info ] [ BEHAVIOR ] Run \addons\ldcms\Ldcms @app_init [ RunTime:0.003304s ]
[ info ] [ BEHAVIOR ] Run Closure @app_init [ RunTime:0.003358s ]
[ info ] [ BEHAVIOR ] Run app\common\behavior\Common @app_init [ RunTime:0.000144s ]
[ info ] [ LANG ] /var/webstars/sustens/thinkphp/lang/zh-cn.php
[ info ] [ BEHAVIOR ] Run app\common\behavior\Common @app_dispatch [ RunTime:0.000022s ]
[ info ] [ ROUTE ] array (
  'type' => 'module',
  'module' => 
  array (
    0 => 'admin',
    1 => 'dashboard',
    2 => NULL,
  ),
)
[ info ] [ HEADER ] array (
  'cookie' => 'thinkphp_show_page_trace=0|0; uid=2; token=50446b79-6f1c-4eb2-9abc-2c19eb7a9159; thinkphp_show_page_trace=0|0; PHPSESSID=40vsve0haqvtacvur4afbs4v0t; keeplogin=1%7C86400%7C1731986374%7Cc033686637a60cbe64c2f8276a802fb1; backend_language=en; frontend_language=zh-cn',
  'accept-language' => 'zh-CN,zh;q=0.9,en;q=0.8',
  'accept-encoding' => 'gzip, deflate',
  'accept' => 'text/html,application/xhtml+xml,application/xml;q=0.9,image/avif,image/webp,image/apng,*/*;q=0.8,application/signed-exchange;v=b3;q=0.7',
  'user-agent' => 'Mozilla/5.0 (Macintosh; Intel Mac OS X 10_15_7) AppleWebKit/537.36 (KHTML, like Gecko) Chrome/130.0.0.0 Safari/537.36',
  'upgrade-insecure-requests' => '1',
  'connection' => 'keep-alive',
  'host' => 'dev.sustens.com',
  'content-length' => '',
  'content-type' => '',
)
[ info ] [ PARAM ] array (
  'addtabs' => '1',
)
[ info ] [ LANG ] /var/webstars/sustens/public/../application/admin/lang/zh-cn.php
[ info ] [ BEHAVIOR ] Run app\common\behavior\Common @module_init [ RunTime:0.000104s ]
[ info ] [ SESSION ] INIT array (
  'id' => '',
  'var_session_id' => '',
  'prefix' => 'think',
  'type' => '',
  'auto_start' => true,
)
[ info ] [ BEHAVIOR ] Run \addons\ldcms\Ldcms @config_init [ RunTime:0.000090s ]
[ info ] [ LANG ] /var/webstars/sustens/public/../application/admin/lang/zh-cn/dashboard.php
[ info ] [ RUN ] app\admin\controller\Dashboard->index[ /var/webstars/sustens/application/admin/controller/Dashboard.php ]
[ info ] [ VIEW ] /var/webstars/sustens/public/../application/admin/view/dashboard/index.html [ array (
  0 => 'breadcrumb',
  1 => 'site',
  2 => 'config',
  3 => 'auth',
  4 => 'admin',
  5 => 'totaluser',
  6 => 'totaladdon',
  7 => 'totaladmin',
  8 => 'totalcategory',
  9 => 'todayusersignup',
  10 => 'todayuserlogin',
  11 => 'sevendau',
  12 => 'thirtydau',
  13 => 'threednu',
  14 => 'sevendnu',
  15 => 'dbtablenums',
  16 => 'dbsize',
  17 => 'totalworkingaddon',
  18 => 'attachmentnums',
  19 => 'attachmentsize',
  20 => 'picturenums',
  21 => 'picturesize',
) ]
[ info ] [ BEHAVIOR ] Run app\admin\behavior\AdminLog @app_end [ RunTime:0.000032s ]
[ info ] [ LOG ] INIT File
---------------------------------------------------------------
[ 2024-11-18T11:40:15+08:00 ] 10.211.55.2 GET dev.sustens.com/MTyvDCHVOo.php/ajax/lang?callback=define&controllername=index&lang=zh-cn&v=1731901214
[运行时间：0.053814s] [吞吐率：18.58req/s] [内存消耗：302.95kb] [文件加载：90]
[ info ] [ BEHAVIOR ] Run Closure @app_init [ RunTime:0.000021s ]
[ info ] [ CACHE ] INIT File
[ info ] [ DB ] INIT mysql
[ info ] [ BEHAVIOR ] Run \addons\ldcms\Ldcms @app_init [ RunTime:0.004895s ]
[ info ] [ BEHAVIOR ] Run Closure @app_init [ RunTime:0.004922s ]
[ info ] [ BEHAVIOR ] Run app\common\behavior\Common @app_init [ RunTime:0.000064s ]
[ info ] [ LANG ] /var/webstars/sustens/thinkphp/lang/zh-cn.php
[ info ] [ BEHAVIOR ] Run app\common\behavior\Common @app_dispatch [ RunTime:0.000016s ]
[ info ] [ ROUTE ] array (
  'type' => 'module',
  'module' => 
  array (
    0 => 'admin',
    1 => 'ajax',
    2 => 'lang',
  ),
)
[ info ] [ HEADER ] array (
  'cookie' => 'thinkphp_show_page_trace=0|0; uid=2; token=50446b79-6f1c-4eb2-9abc-2c19eb7a9159; thinkphp_show_page_trace=0|0; PHPSESSID=40vsve0haqvtacvur4afbs4v0t; keeplogin=1%7C86400%7C1731986374%7Cc033686637a60cbe64c2f8276a802fb1; backend_language=en; frontend_language=zh-cn',
  'accept-language' => 'zh-CN,zh;q=0.9,en;q=0.8',
  'accept-encoding' => 'gzip, deflate',
  'accept' => '*/*',
  'user-agent' => 'Mozilla/5.0 (Macintosh; Intel Mac OS X 10_15_7) AppleWebKit/537.36 (KHTML, like Gecko) Chrome/130.0.0.0 Safari/537.36',
  'connection' => 'keep-alive',
  'host' => 'dev.sustens.com',
  'content-length' => '',
  'content-type' => '',
)
[ info ] [ PARAM ] array (
  'callback' => 'define',
  'controllername' => 'index',
  'lang' => 'zh-cn',
  'v' => '1731901214',
)
[ info ] [ LANG ] /var/webstars/sustens/public/../application/admin/lang/zh-cn.php
[ info ] [ BEHAVIOR ] Run app\common\behavior\Common @module_init [ RunTime:0.000871s ]
[ info ] [ SESSION ] INIT array (
  'id' => '',
  'var_session_id' => '',
  'prefix' => 'think',
  'type' => '',
  'auto_start' => true,
)
[ info ] [ BEHAVIOR ] Run \addons\ldcms\Ldcms @config_init [ RunTime:0.000117s ]
[ info ] [ LANG ] /var/webstars/sustens/public/../application/admin/lang/zh-cn/ajax.php
[ info ] [ RUN ] app\admin\controller\Ajax->lang[ /var/webstars/sustens/application/admin/controller/Ajax.php ]
[ info ] [ LANG ] /var/webstars/sustens/public/../application/admin/lang/zh-cn/index.php
[ info ] [ BEHAVIOR ] Run app\admin\behavior\AdminLog @app_end [ RunTime:0.000047s ]
[ info ] [ LOG ] INIT File
---------------------------------------------------------------
[ 2024-11-18T11:40:15+08:00 ] 10.211.55.2 GET dev.sustens.com/MTyvDCHVOo.php/ajax/lang?callback=define&controllername=dashboard&lang=zh-cn&v=1731901214
[运行时间：0.067929s] [吞吐率：14.72req/s] [内存消耗：300.41kb] [文件加载：90]
[ info ] [ BEHAVIOR ] Run Closure @app_init [ RunTime:0.000021s ]
[ info ] [ CACHE ] INIT File
[ info ] [ DB ] INIT mysql
[ info ] [ BEHAVIOR ] Run \addons\ldcms\Ldcms @app_init [ RunTime:0.008204s ]
[ info ] [ BEHAVIOR ] Run Closure @app_init [ RunTime:0.008229s ]
[ info ] [ BEHAVIOR ] Run app\common\behavior\Common @app_init [ RunTime:0.000116s ]
[ info ] [ LANG ] /var/webstars/sustens/thinkphp/lang/zh-cn.php
[ info ] [ BEHAVIOR ] Run app\common\behavior\Common @app_dispatch [ RunTime:0.000019s ]
[ info ] [ ROUTE ] array (
  'type' => 'module',
  'module' => 
  array (
    0 => 'admin',
    1 => 'ajax',
    2 => 'lang',
  ),
)
[ info ] [ HEADER ] array (
  'cookie' => 'thinkphp_show_page_trace=0|0; uid=2; token=50446b79-6f1c-4eb2-9abc-2c19eb7a9159; thinkphp_show_page_trace=0|0; PHPSESSID=40vsve0haqvtacvur4afbs4v0t; keeplogin=1%7C86400%7C1731986374%7Cc033686637a60cbe64c2f8276a802fb1; backend_language=en; frontend_language=zh-cn',
  'accept-language' => 'zh-CN,zh;q=0.9,en;q=0.8',
  'accept-encoding' => 'gzip, deflate',
  'accept' => '*/*',
  'user-agent' => 'Mozilla/5.0 (Macintosh; Intel Mac OS X 10_15_7) AppleWebKit/537.36 (KHTML, like Gecko) Chrome/130.0.0.0 Safari/537.36',
  'connection' => 'keep-alive',
  'host' => 'dev.sustens.com',
  'content-length' => '',
  'content-type' => '',
)
[ info ] [ PARAM ] array (
  'callback' => 'define',
  'controllername' => 'dashboard',
  'lang' => 'zh-cn',
  'v' => '1731901214',
)
[ info ] [ LANG ] /var/webstars/sustens/public/../application/admin/lang/zh-cn.php
[ info ] [ BEHAVIOR ] Run app\common\behavior\Common @module_init [ RunTime:0.000083s ]
[ info ] [ SESSION ] INIT array (
  'id' => '',
  'var_session_id' => '',
  'prefix' => 'think',
  'type' => '',
  'auto_start' => true,
)
[ info ] [ BEHAVIOR ] Run \addons\ldcms\Ldcms @config_init [ RunTime:0.000071s ]
[ info ] [ LANG ] /var/webstars/sustens/public/../application/admin/lang/zh-cn/ajax.php
[ info ] [ RUN ] app\admin\controller\Ajax->lang[ /var/webstars/sustens/application/admin/controller/Ajax.php ]
[ info ] [ LANG ] /var/webstars/sustens/public/../application/admin/lang/zh-cn/dashboard.php
[ info ] [ BEHAVIOR ] Run app\admin\behavior\AdminLog @app_end [ RunTime:0.000033s ]
[ info ] [ LOG ] INIT File
---------------------------------------------------------------
[ 2024-11-18T11:40:16+08:00 ] 10.211.55.2 GET dev.sustens.com/MTyvDCHVOo.php/ldcms/config?ldcms_lang=zh-cn&addtabs=1
[运行时间：0.270289s] [吞吐率：3.70req/s] [内存消耗：621.48kb] [文件加载：93]
[ info ] [ BEHAVIOR ] Run Closure @app_init [ RunTime:0.000022s ]
[ info ] [ CACHE ] INIT File
[ info ] [ DB ] INIT mysql
[ info ] [ BEHAVIOR ] Run \addons\ldcms\Ldcms @app_init [ RunTime:0.008195s ]
[ info ] [ BEHAVIOR ] Run Closure @app_init [ RunTime:0.008552s ]
[ info ] [ BEHAVIOR ] Run app\common\behavior\Common @app_init [ RunTime:0.002611s ]
[ info ] [ LANG ] /var/webstars/sustens/thinkphp/lang/zh-cn.php
[ info ] [ BEHAVIOR ] Run app\common\behavior\Common @app_dispatch [ RunTime:0.000043s ]
[ info ] [ ROUTE ] array (
  'type' => 'module',
  'module' => 
  array (
    0 => 'admin',
    1 => 'ldcms.config',
    2 => NULL,
  ),
)
[ info ] [ HEADER ] array (
  'cookie' => 'thinkphp_show_page_trace=0|0; thinkphp_show_page_trace=0|0; uid=2; token=50446b79-6f1c-4eb2-9abc-2c19eb7a9159; thinkphp_show_page_trace=0|0; PHPSESSID=40vsve0haqvtacvur4afbs4v0t; keeplogin=1%7C86400%7C1731986374%7Cc033686637a60cbe64c2f8276a802fb1; backend_language=en; frontend_language=zh-cn',
  'accept-language' => 'zh-CN,zh;q=0.9,en;q=0.8',
  'accept-encoding' => 'gzip, deflate',
  'accept' => 'text/html,application/xhtml+xml,application/xml;q=0.9,image/avif,image/webp,image/apng,*/*;q=0.8,application/signed-exchange;v=b3;q=0.7',
  'user-agent' => 'Mozilla/5.0 (Macintosh; Intel Mac OS X 10_15_7) AppleWebKit/537.36 (KHTML, like Gecko) Chrome/130.0.0.0 Safari/537.36',
  'upgrade-insecure-requests' => '1',
  'connection' => 'keep-alive',
  'host' => 'dev.sustens.com',
  'content-length' => '',
  'content-type' => '',
)
[ info ] [ PARAM ] array (
  'ldcms_lang' => 'zh-cn',
  'addtabs' => '1',
)
[ info ] [ LANG ] /var/webstars/sustens/public/../application/admin/lang/zh-cn.php
[ info ] [ BEHAVIOR ] Run app\common\behavior\Common @module_init [ RunTime:0.000104s ]
[ info ] [ SESSION ] INIT array (
  'id' => '',
  'var_session_id' => '',
  'prefix' => 'think',
  'type' => '',
  'auto_start' => true,
)
[ info ] [ BEHAVIOR ] Run \addons\ldcms\Ldcms @config_init [ RunTime:0.000049s ]
[ info ] [ LANG ] /var/webstars/sustens/public/../application/admin/lang/zh-cn/ldcms/config.php
[ info ] [ RUN ] app\admin\controller\ldcms\Config->index[ /var/webstars/sustens/application/admin/controller/ldcms/Config.php ]
[ info ] [ VIEW ] /var/webstars/sustens/addons/ldcms/config.html [ array (
  0 => 'breadcrumb',
  1 => 'site',
  2 => 'config',
  3 => 'auth',
  4 => 'admin',
  5 => 'addon_config',
  6 => 'noDel',
  7 => 'typeList',
  8 => 'ruleList',
  9 => 'groupList',
  10 => 'addon',
) ]
[ info ] [ BEHAVIOR ] Run app\admin\behavior\AdminLog @app_end [ RunTime:0.000037s ]
[ info ] [ LOG ] INIT File
---------------------------------------------------------------
[ 2024-11-18T11:40:16+08:00 ] 10.211.55.2 GET dev.sustens.com/MTyvDCHVOo.php/ajax/lang?callback=define&controllername=ldcms.config&lang=zh-cn&v=1731901216
[运行时间：0.044446s] [吞吐率：22.50req/s] [内存消耗：306.73kb] [文件加载：91]
[ info ] [ BEHAVIOR ] Run Closure @app_init [ RunTime:0.000026s ]
[ info ] [ CACHE ] INIT File
[ info ] [ DB ] INIT mysql
[ info ] [ BEHAVIOR ] Run \addons\ldcms\Ldcms @app_init [ RunTime:0.009380s ]
[ info ] [ BEHAVIOR ] Run Closure @app_init [ RunTime:0.009412s ]
[ info ] [ BEHAVIOR ] Run app\common\behavior\Common @app_init [ RunTime:0.000079s ]
[ info ] [ LANG ] /var/webstars/sustens/thinkphp/lang/zh-cn.php
[ info ] [ BEHAVIOR ] Run app\common\behavior\Common @app_dispatch [ RunTime:0.000018s ]
[ info ] [ ROUTE ] array (
  'type' => 'module',
  'module' => 
  array (
    0 => 'admin',
    1 => 'ajax',
    2 => 'lang',
  ),
)
[ info ] [ HEADER ] array (
  'cookie' => 'thinkphp_show_page_trace=0|0; uid=2; token=50446b79-6f1c-4eb2-9abc-2c19eb7a9159; thinkphp_show_page_trace=0|0; PHPSESSID=40vsve0haqvtacvur4afbs4v0t; keeplogin=1%7C86400%7C1731986374%7Cc033686637a60cbe64c2f8276a802fb1; frontend_language=zh-cn; backend_language=zh-cn',
  'accept-language' => 'zh-CN,zh;q=0.9,en;q=0.8',
  'accept-encoding' => 'gzip, deflate',
  'accept' => '*/*',
  'user-agent' => 'Mozilla/5.0 (Macintosh; Intel Mac OS X 10_15_7) AppleWebKit/537.36 (KHTML, like Gecko) Chrome/130.0.0.0 Safari/537.36',
  'connection' => 'keep-alive',
  'host' => 'dev.sustens.com',
  'content-length' => '',
  'content-type' => '',
)
[ info ] [ PARAM ] array (
  'callback' => 'define',
  'controllername' => 'ldcms.config',
  'lang' => 'zh-cn',
  'v' => '1731901216',
)
[ info ] [ LANG ] /var/webstars/sustens/public/../application/admin/lang/zh-cn.php
[ info ] [ BEHAVIOR ] Run app\common\behavior\Common @module_init [ RunTime:0.000156s ]
[ info ] [ SESSION ] INIT array (
  'id' => '',
  'var_session_id' => '',
  'prefix' => 'think',
  'type' => '',
  'auto_start' => true,
)
[ info ] [ BEHAVIOR ] Run \addons\ldcms\Ldcms @config_init [ RunTime:0.000045s ]
[ info ] [ LANG ] /var/webstars/sustens/public/../application/admin/lang/zh-cn/ajax.php
[ info ] [ RUN ] app\admin\controller\Ajax->lang[ /var/webstars/sustens/application/admin/controller/Ajax.php ]
[ info ] [ LANG ] /var/webstars/sustens/public/../application/admin/lang/zh-cn/ldcms/config.php
[ info ] [ BEHAVIOR ] Run app\admin\behavior\AdminLog @app_end [ RunTime:0.000028s ]
[ info ] [ LOG ] INIT File
---------------------------------------------------------------
[ 2024-11-18T11:40:48+08:00 ] 10.211.55.2 POST dev.sustens.com/MTyvDCHVOo.php/ldcms/config?ldcms_lang=zh-cn&addtabs=1
[运行时间：0.290191s] [吞吐率：3.45req/s] [内存消耗：674.98kb] [文件加载：97]
[ info ] [ BEHAVIOR ] Run Closure @app_init [ RunTime:0.000023s ]
[ info ] [ CACHE ] INIT File
[ info ] [ DB ] INIT mysql
[ info ] [ BEHAVIOR ] Run \addons\ldcms\Ldcms @app_init [ RunTime:0.013255s ]
[ info ] [ BEHAVIOR ] Run Closure @app_init [ RunTime:0.013290s ]
[ info ] [ BEHAVIOR ] Run app\common\behavior\Common @app_init [ RunTime:0.000263s ]
[ info ] [ LANG ] /var/webstars/sustens/thinkphp/lang/zh-cn.php
[ info ] [ BEHAVIOR ] Run app\common\behavior\Common @app_dispatch [ RunTime:0.000047s ]
[ info ] [ ROUTE ] array (
  'type' => 'module',
  'module' => 
  array (
    0 => 'admin',
    1 => 'ldcms.config',
    2 => NULL,
  ),
)
[ info ] [ HEADER ] array (
  'cookie' => 'thinkphp_show_page_trace=0|0; thinkphp_show_page_trace=0|0; uid=2; token=50446b79-6f1c-4eb2-9abc-2c19eb7a9159; thinkphp_show_page_trace=0|0; PHPSESSID=40vsve0haqvtacvur4afbs4v0t; keeplogin=1%7C86400%7C1731986374%7Cc033686637a60cbe64c2f8276a802fb1; frontend_language=zh-cn; backend_language=zh-cn',
  'accept-language' => 'zh-CN,zh;q=0.9,en;q=0.8',
  'accept-encoding' => 'gzip, deflate',
  'origin' => 'http://dev.sustens.com',
  'content-type' => 'application/x-www-form-urlencoded; charset=UTF-8',
  'accept' => 'application/json, text/javascript, */*; q=0.01',
  'user-agent' => 'Mozilla/5.0 (Macintosh; Intel Mac OS X 10_15_7) AppleWebKit/537.36 (KHTML, like Gecko) Chrome/130.0.0.0 Safari/537.36',
  'x-requested-with' => 'XMLHttpRequest',
  'content-length' => '7594',
  'connection' => 'keep-alive',
  'host' => 'dev.sustens.com',
)
[ info ] [ PARAM ] array (
  'ldcms_lang' => 'zh-cn',
  'addtabs' => '1',
  'row' => 
  array (
    'pc_site' => '1',
    'wap_site' => '0',
    'simple' => '1',
    'api_site' => '1',
    'api_auth' => '1',
    'api_appid' => '',
    'api_secret' => '',
    'main_domain' => 'dev.sustens.com',
    'content_url_num' => '1',
    'baidupush' => '1',
    'baidupushzz_token' => '',
    'baidupushks_token' => '',
    'is_form_email' => '0',
    'to_email' => '',
    'search_empty' => '0',
    'domain' => '',
    'rewrite' => '{"index\\/index":"\\/$","search\\/index":"\\/search","sitemap\\/index":"\\/sitemap.xml","tag\\/index":"\\/tag\\/[:tag]$","lists\\/index":"\\/[:category]$","detail\\/index":"\\/[:category]\\/[:id]$"}',
    'rewrite_mode' => '0',
    'flags' => '{"top":"\\u7f6e\\u9876","hot":"\\u70ed\\u95e8","new":"\\u6700\\u65b0"}',
    'sensitive_check' => '1',
    'sensitive' => '最佳,最具,最爱,最赚,最优,最优秀,最好,最大,最大程度,最高,最高级,最高端,最奢侈,最低,最低级,最底,最便宜,史上最低价,最流行,最受欢迎,最时尚,最符合,最舒适,最先,国家级,全球级,宇宙级,世界级,顶级,顶尖,尖端,顶级工艺,顶级享受,极品,极佳,绝佳,绝对,终极,极致,首个,首选,独家,独家配方,首发,全网首发,全国首发,首家,全网首家,全国首家,首次,首款,全国销量冠军,国家级产品,国家免检,国家领导人,填补国内空白,中国驰名,驰名商标,国家品质,第一,中国第一,全网第一,销量第一,排名第一,唯一,第一品牌,NO.1,TOP.1,独一无二,全国第一,绝无,仅有,一流,仅此一款,中国驰名商标,专家推荐,质量免检,无需国家质量检测,免抽检,领导人推荐,机关推荐,史无前例,前无古人,永久,万能,祖传,无敌,纯天然,100%,超赚,精确,全民免单,抢爆,万人疯抢,全民疯抢,卖疯了,抢疯了,大牌,金牌,名牌,王牌,领袖品牌,世界领先,遥遥领先,领先,领导者,缔造者,创领品牌,领先上市,至尊,巅峰,优秀,领袖,之王,王者,冠军,抄底,限时,完美,国际品质,首位,百分百,权威,最全,最好',
    'index_title' => '',
    'list_title' => '',
    'detail_title' => '',
    'open_translate' => '1',
    'youdao_appKey' => '',
    'youdao_appSecret' => '',
    'youdao_lang_code' => '{"zh-CHS":"zh-cn","zh-CHT":"zh-tw","en":"en","de":"de","ar":"ar","es":"es","fr":"fr","id":"id","it":"it","ja":"ja","ko":"ko","nl":"nl","ru":"ru","th":"th","vi":"vi"}',
    'document_noimage' => '/assets/addons/ldcms/noimage.png',
    'category_noimage' => '/assets/addons/ldcms/noimage.png',
    'slider_noimage' => '/assets/addons/ldcms/noimage.png',
  ),
)
[ info ] [ LANG ] /var/webstars/sustens/public/../application/admin/lang/zh-cn.php
[ info ] [ BEHAVIOR ] Run app\common\behavior\Common @module_init [ RunTime:0.000126s ]
[ info ] [ SESSION ] INIT array (
  'id' => '',
  'var_session_id' => '',
  'prefix' => 'think',
  'type' => '',
  'auto_start' => true,
)
[ info ] [ BEHAVIOR ] Run \addons\ldcms\Ldcms @config_init [ RunTime:0.000341s ]
[ info ] [ LANG ] /var/webstars/sustens/public/../application/admin/lang/zh-cn/ldcms/config.php
[ info ] [ RUN ] app\admin\controller\ldcms\Config->index[ /var/webstars/sustens/application/admin/controller/ldcms/Config.php ]
[ info ] [ BEHAVIOR ] Run app\admin\behavior\AdminLog @app_end [ RunTime:0.000645s ]
[ info ] [ LOG ] INIT File
---------------------------------------------------------------
[ 2024-11-18T11:40:54+08:00 ] 10.211.55.2 GET dev.sustens.com/MTyvDCHVOo.php/ajax/wipecache?type=all&_=1731901214978
[运行时间：0.069837s] [吞吐率：14.32req/s] [内存消耗：469.23kb] [文件加载：93]
[ info ] [ BEHAVIOR ] Run Closure @app_init [ RunTime:0.000023s ]
[ info ] [ CACHE ] INIT File
[ info ] [ DB ] INIT mysql
[ info ] [ BEHAVIOR ] Run \addons\ldcms\Ldcms @app_init [ RunTime:0.022590s ]
[ info ] [ BEHAVIOR ] Run Closure @app_init [ RunTime:0.022616s ]
[ info ] [ BEHAVIOR ] Run app\common\behavior\Common @app_init [ RunTime:0.000102s ]
[ info ] [ LANG ] /var/webstars/sustens/thinkphp/lang/zh-cn.php
[ info ] [ BEHAVIOR ] Run app\common\behavior\Common @app_dispatch [ RunTime:0.000020s ]
[ info ] [ ROUTE ] array (
  'type' => 'module',
  'module' => 
  array (
    0 => 'admin',
    1 => 'ajax',
    2 => 'wipecache',
  ),
)
[ info ] [ HEADER ] array (
  'cookie' => 'thinkphp_show_page_trace=0|0; uid=2; token=50446b79-6f1c-4eb2-9abc-2c19eb7a9159; thinkphp_show_page_trace=0|0; PHPSESSID=40vsve0haqvtacvur4afbs4v0t; keeplogin=1%7C86400%7C1731986374%7Cc033686637a60cbe64c2f8276a802fb1; frontend_language=zh-cn; backend_language=zh-cn',
  'accept-language' => 'zh-CN,zh;q=0.9,en;q=0.8',
  'accept-encoding' => 'gzip, deflate',
  'x-requested-with' => 'XMLHttpRequest',
  'accept' => 'application/json, text/javascript, */*; q=0.01',
  'user-agent' => 'Mozilla/5.0 (Macintosh; Intel Mac OS X 10_15_7) AppleWebKit/537.36 (KHTML, like Gecko) Chrome/130.0.0.0 Safari/537.36',
  'connection' => 'keep-alive',
  'host' => 'dev.sustens.com',
  'content-length' => '',
  'content-type' => '',
)
[ info ] [ PARAM ] array (
  'type' => 'all',
  '_' => '1731901214978',
)
[ info ] [ LANG ] /var/webstars/sustens/public/../application/admin/lang/zh-cn.php
[ info ] [ BEHAVIOR ] Run app\common\behavior\Common @module_init [ RunTime:0.000100s ]
[ info ] [ SESSION ] INIT array (
  'id' => '',
  'var_session_id' => '',
  'prefix' => 'think',
  'type' => '',
  'auto_start' => true,
)
[ info ] [ BEHAVIOR ] Run \addons\ldcms\Ldcms @config_init [ RunTime:0.000043s ]
[ info ] [ LANG ] /var/webstars/sustens/public/../application/admin/lang/zh-cn/ajax.php
[ info ] [ RUN ] app\admin\controller\Ajax->wipecache[ /var/webstars/sustens/application/admin/controller/Ajax.php ]
[ info ] [ BEHAVIOR ] Run app\admin\behavior\AdminLog @app_end [ RunTime:0.000056s ]
[ info ] [ LOG ] INIT File
---------------------------------------------------------------
[ 2024-11-18T11:40:58+08:00 ] 10.211.55.2 GET dev.sustens.com/gongsijianjie_en.html
[运行时间：0.405809s] [吞吐率：2.46req/s] [内存消耗：944.14kb] [文件加载：194]
[ info ] [ BEHAVIOR ] Run Closure @app_init [ RunTime:0.000016s ]
[ info ] [ CACHE ] INIT File
[ info ] [ DB ] INIT mysql
[ info ] [ BEHAVIOR ] Run \addons\ldcms\Ldcms @app_init [ RunTime:0.021024s ]
[ info ] [ BEHAVIOR ] Run Closure @app_init [ RunTime:0.021061s ]
[ info ] [ BEHAVIOR ] Run app\common\behavior\Common @app_init [ RunTime:0.000081s ]
[ info ] [ LANG ] /var/webstars/sustens/thinkphp/lang/zh-cn.php
[ info ] [ BEHAVIOR ] Run app\common\behavior\Common @app_dispatch [ RunTime:0.000018s ]
[ info ] [ ROUTE ] array (
  'type' => 'method',
  'method' => 
  array (
    0 => '\\think\\addons\\Route',
    1 => 'execute',
  ),
  'var' => 
  array (
    'addon' => 'ldcms',
    'controller' => 'lists',
    'action' => 'index',
  ),
)
[ info ] [ HEADER ] array (
  'cookie' => 'uid=2; token=50446b79-6f1c-4eb2-9abc-2c19eb7a9159; thinkphp_show_page_trace=0|0; PHPSESSID=40vsve0haqvtacvur4afbs4v0t; keeplogin=1%7C86400%7C1731986374%7Cc033686637a60cbe64c2f8276a802fb1; frontend_language=zh-cn; backend_language=zh-cn',
  'accept-language' => 'zh-CN,zh;q=0.9,en;q=0.8',
  'accept-encoding' => 'gzip, deflate',
  'accept' => 'text/html,application/xhtml+xml,application/xml;q=0.9,image/avif,image/webp,image/apng,*/*;q=0.8,application/signed-exchange;v=b3;q=0.7',
  'user-agent' => 'Mozilla/5.0 (Macintosh; Intel Mac OS X 10_15_7) AppleWebKit/537.36 (KHTML, like Gecko) Chrome/130.0.0.0 Safari/537.36',
  'upgrade-insecure-requests' => '1',
  'cache-control' => 'max-age=0',
  'connection' => 'keep-alive',
  'host' => 'dev.sustens.com',
  'content-length' => '',
  'content-type' => '',
)
[ info ] [ PARAM ] array (
  'category' => 'gongsijianjie_en',
)
[ info ] [ RUN ] think\addons\Route->execute[ /var/webstars/sustens/vendor/karsonzhang/fastadmin-addons/src/addons/Route.php ]
[ info ] [ LANG ] /var/webstars/sustens/public/../application/common/lang/zh-cn/addon.php
[ info ] [ BEHAVIOR ] Run app\common\behavior\Common @addon_begin [ RunTime:0.006651s ]
[ info ] [ TOKEN ] INIT Mysql
[ info ] [ BEHAVIOR ] Run \addons\ldcms\Ldcms @config_init [ RunTime:0.000049s ]
[ info ] [ LANG ] /var/webstars/sustens/addons/ldcms/lang/en.php
[ info ] [ VIEW ] /var/webstars/sustens/addons/ldcms/view/ldcms2024en/detail_about.html [ array (
  0 => 'user',
  1 => 'site',
  2 => 'config',
  3 => 'category',
  4 => 'parentsid',
  5 => 'childids',
  6 => 'content',
  7 => 'ld',
  8 => 'topid',
) ]
[ info ] [ SESSION ] INIT array (
  'id' => '',
  'var_session_id' => '',
  'prefix' => 'think',
  'type' => '',
  'auto_start' => true,
)
[ info ] [ LOG ] INIT File
[ error ] [2]Undefined variable $item[/var/webstars/sustens/runtime/temp/179961fc2de8d7c7c27e49c370825518.php:52]
[ error ] [2]Trying to access array offset on value of type null[/var/webstars/sustens/runtime/temp/179961fc2de8d7c7c27e49c370825518.php:52]
[ error ] [2]Undefined array key "url"[/var/webstars/sustens/runtime/temp/179961fc2de8d7c7c27e49c370825518.php:614]
[ error ] [2]Undefined array key "name"[/var/webstars/sustens/runtime/temp/179961fc2de8d7c7c27e49c370825518.php:614]
[ error ] [2]Undefined array key "url"[/var/webstars/sustens/runtime/temp/179961fc2de8d7c7c27e49c370825518.php:616]
[ error ] [2]Undefined array key "name"[/var/webstars/sustens/runtime/temp/179961fc2de8d7c7c27e49c370825518.php:616]
---------------------------------------------------------------
[ 2024-11-18T11:40:59+08:00 ] 10.211.55.2 GET dev.sustens.com/assets/addons/ldcms/ldcms2024en/images/idxabout.jpg
[运行时间：0.023144s] [吞吐率：43.21req/s] [内存消耗：240.77kb] [文件加载：77]
[ info ] [ BEHAVIOR ] Run Closure @app_init [ RunTime:0.000025s ]
[ info ] [ CACHE ] INIT File
[ info ] [ DB ] INIT mysql
[ info ] [ BEHAVIOR ] Run \addons\ldcms\Ldcms @app_init [ RunTime:0.007995s ]
[ info ] [ BEHAVIOR ] Run Closure @app_init [ RunTime:0.008024s ]
[ info ] [ BEHAVIOR ] Run app\common\behavior\Common @app_init [ RunTime:0.000073s ]
[ info ] [ LANG ] /var/webstars/sustens/thinkphp/lang/zh-cn.php
[ info ] [ BEHAVIOR ] Run app\common\behavior\Common @app_dispatch [ RunTime:0.000020s ]
[ info ] [ ROUTE ] array (
  'type' => 'module',
  'module' => 
  array (
    0 => 'assets',
    1 => 'addons',
    2 => 'ldcms',
  ),
)
[ info ] [ HEADER ] array (
  'cookie' => 'uid=2; token=50446b79-6f1c-4eb2-9abc-2c19eb7a9159; thinkphp_show_page_trace=0|0; PHPSESSID=40vsve0haqvtacvur4afbs4v0t; keeplogin=1%7C86400%7C1731986374%7Cc033686637a60cbe64c2f8276a802fb1; backend_language=zh-cn; frontend_language=en',
  'accept-language' => 'zh-CN,zh;q=0.9,en;q=0.8',
  'accept-encoding' => 'gzip, deflate',
  'referer' => 'http://dev.sustens.com/gongsijianjie_en.html',
  'accept' => 'image/avif,image/webp,image/apng,image/svg+xml,image/*,*/*;q=0.8',
  'user-agent' => 'Mozilla/5.0 (Macintosh; Intel Mac OS X 10_15_7) AppleWebKit/537.36 (KHTML, like Gecko) Chrome/130.0.0.0 Safari/537.36',
  'connection' => 'keep-alive',
  'host' => 'dev.sustens.com',
  'content-length' => '',
  'content-type' => '',
)
[ info ] [ PARAM ] array (
  'ldcms2024en' => 'images',
)
[ info ] [ LOG ] INIT File
---------------------------------------------------------------
[ 2024-11-18T11:41:10+08:00 ] 10.211.55.2 GET dev.sustens.com/addons/ldcms/api.v1/test
[运行时间：0.113217s] [吞吐率：8.83req/s] [内存消耗：689.99kb] [文件加载：171]
[ info ] [ BEHAVIOR ] Run Closure @app_init [ RunTime:0.000031s ]
[ info ] [ CACHE ] INIT File
[ info ] [ DB ] INIT mysql
[ info ] [ BEHAVIOR ] Run \addons\ldcms\Ldcms @app_init [ RunTime:0.005037s ]
[ info ] [ BEHAVIOR ] Run Closure @app_init [ RunTime:0.005067s ]
[ info ] [ BEHAVIOR ] Run app\common\behavior\Common @app_init [ RunTime:0.000120s ]
[ info ] [ LANG ] /var/webstars/sustens/thinkphp/lang/zh-cn.php
[ info ] [ BEHAVIOR ] Run app\common\behavior\Common @app_dispatch [ RunTime:0.000101s ]
[ info ] [ ROUTE ] array (
  'type' => 'method',
  'method' => 
  array (
    0 => '\\think\\addons\\Route',
    1 => 'execute',
  ),
  'var' => 
  array (
  ),
)
[ info ] [ HEADER ] array (
  'cookie' => 'thinkphp_show_page_trace=0|0; uid=2; token=50446b79-6f1c-4eb2-9abc-2c19eb7a9159; thinkphp_show_page_trace=0|0; PHPSESSID=40vsve0haqvtacvur4afbs4v0t; keeplogin=1%7C86400%7C1731986374%7Cc033686637a60cbe64c2f8276a802fb1; backend_language=zh-cn; frontend_language=en',
  'accept-language' => 'zh-CN,zh;q=0.9,en;q=0.8',
  'accept-encoding' => 'gzip, deflate',
  'accept' => 'text/html,application/xhtml+xml,application/xml;q=0.9,image/avif,image/webp,image/apng,*/*;q=0.8,application/signed-exchange;v=b3;q=0.7',
  'user-agent' => 'Mozilla/5.0 (Macintosh; Intel Mac OS X 10_15_7) AppleWebKit/537.36 (KHTML, like Gecko) Chrome/130.0.0.0 Safari/537.36',
  'upgrade-insecure-requests' => '1',
  'connection' => 'keep-alive',
  'host' => 'dev.sustens.com',
  'content-length' => '',
  'content-type' => '',
)
[ info ] [ PARAM ] array (
  'addon' => 'ldcms',
  'controller' => 'api.v1',
  'action' => 'test',
)
[ info ] [ RUN ] think\addons\Route->execute[ /var/webstars/sustens/vendor/karsonzhang/fastadmin-addons/src/addons/Route.php ]
[ info ] [ LANG ] /var/webstars/sustens/public/../application/common/lang/zh-cn/addon.php
[ info ] [ BEHAVIOR ] Run app\common\behavior\Common @addon_begin [ RunTime:0.000191s ]
[ info ] [ TOKEN ] INIT Mysql
[ info ] [ LOG ] INIT File
---------------------------------------------------------------
[ 2024-11-18T13:50:21+08:00 ] 10.211.55.2 GET dev.sustens.com/MTyvDCHVOo.php/ldcms/site_info?addtabs=1
[运行时间：0.270227s] [吞吐率：3.70req/s] [内存消耗：363.10kb] [文件加载：92]
[ info ] [ BEHAVIOR ] Run Closure @app_init [ RunTime:0.000022s ]
[ info ] [ CACHE ] INIT File
[ info ] [ DB ] INIT mysql
[ info ] [ BEHAVIOR ] Run \addons\ldcms\Ldcms @app_init [ RunTime:0.133640s ]
[ info ] [ BEHAVIOR ] Run Closure @app_init [ RunTime:0.133660s ]
[ info ] [ BEHAVIOR ] Run app\common\behavior\Common @app_init [ RunTime:0.004053s ]
[ info ] [ LANG ] /var/webstars/sustens/thinkphp/lang/zh-cn.php
[ info ] [ BEHAVIOR ] Run app\common\behavior\Common @app_dispatch [ RunTime:0.000122s ]
[ info ] [ ROUTE ] array (
  'type' => 'module',
  'module' => 
  array (
    0 => 'admin',
    1 => 'ldcms.site_info',
    2 => NULL,
  ),
)
[ info ] [ HEADER ] array (
  'cookie' => 'thinkphp_show_page_trace=0|0; thinkphp_show_page_trace=0|0; uid=2; token=50446b79-6f1c-4eb2-9abc-2c19eb7a9159; thinkphp_show_page_trace=0|0; PHPSESSID=40vsve0haqvtacvur4afbs4v0t; keeplogin=1%7C86400%7C1731986374%7Cc033686637a60cbe64c2f8276a802fb1; backend_language=zh-cn; frontend_language=en',
  'accept-language' => 'zh-CN,zh;q=0.9,en;q=0.8',
  'accept-encoding' => 'gzip, deflate',
  'accept' => 'text/html,application/xhtml+xml,application/xml;q=0.9,image/avif,image/webp,image/apng,*/*;q=0.8,application/signed-exchange;v=b3;q=0.7',
  'user-agent' => 'Mozilla/5.0 (Macintosh; Intel Mac OS X 10_15_7) AppleWebKit/537.36 (KHTML, like Gecko) Chrome/130.0.0.0 Safari/537.36',
  'upgrade-insecure-requests' => '1',
  'connection' => 'keep-alive',
  'host' => 'dev.sustens.com',
  'content-length' => '',
  'content-type' => '',
)
[ info ] [ PARAM ] array (
  'addtabs' => '1',
)
[ info ] [ LANG ] /var/webstars/sustens/public/../application/admin/lang/zh-cn.php
[ info ] [ BEHAVIOR ] Run app\common\behavior\Common @module_init [ RunTime:0.005688s ]
[ info ] [ SESSION ] INIT array (
  'id' => '',
  'var_session_id' => '',
  'prefix' => 'think',
  'type' => '',
  'auto_start' => true,
)
[ info ] [ VIEW ] /var/webstars/sustens/public/../application/common/view/tpl/dispatch_jump.tpl [ array (
  0 => 'code',
  1 => 'msg',
  2 => 'data',
  3 => 'url',
  4 => 'wait',
) ]
[ info ] [ BEHAVIOR ] Run app\admin\behavior\AdminLog @app_end [ RunTime:0.000637s ]
[ info ] [ LOG ] INIT File
---------------------------------------------------------------
[ 2024-11-18T13:50:24+08:00 ] 10.211.55.2 GET dev.sustens.com/
[运行时间：0.314627s] [吞吐率：3.18req/s] [内存消耗：985.13kb] [文件加载：193]
[ info ] [ BEHAVIOR ] Run Closure @app_init [ RunTime:0.000023s ]
[ info ] [ CACHE ] INIT File
[ info ] [ DB ] INIT mysql
[ info ] [ BEHAVIOR ] Run \addons\ldcms\Ldcms @app_init [ RunTime:0.003883s ]
[ info ] [ BEHAVIOR ] Run Closure @app_init [ RunTime:0.003916s ]
[ info ] [ BEHAVIOR ] Run app\common\behavior\Common @app_init [ RunTime:0.000122s ]
[ info ] [ LANG ] /var/webstars/sustens/thinkphp/lang/zh-cn.php
[ info ] [ BEHAVIOR ] Run app\common\behavior\Common @app_dispatch [ RunTime:0.000019s ]
[ info ] [ ROUTE ] array (
  'type' => 'method',
  'method' => 
  array (
    0 => '\\think\\addons\\Route',
    1 => 'execute',
  ),
  'var' => 
  array (
    'addon' => 'ldcms',
    'controller' => 'index',
    'action' => 'index',
  ),
)
[ info ] [ HEADER ] array (
  'cookie' => 'uid=2; token=50446b79-6f1c-4eb2-9abc-2c19eb7a9159; thinkphp_show_page_trace=0|0; PHPSESSID=40vsve0haqvtacvur4afbs4v0t; keeplogin=1%7C86400%7C1731986374%7Cc033686637a60cbe64c2f8276a802fb1; backend_language=zh-cn; frontend_language=en',
  'accept-language' => 'zh-CN,zh;q=0.9,en;q=0.8',
  'accept-encoding' => 'gzip, deflate',
  'referer' => 'http://dev.sustens.com/MTyvDCHVOo.php/ldcms/site_info?addtabs=1',
  'accept' => 'text/html,application/xhtml+xml,application/xml;q=0.9,image/avif,image/webp,image/apng,*/*;q=0.8,application/signed-exchange;v=b3;q=0.7',
  'user-agent' => 'Mozilla/5.0 (Macintosh; Intel Mac OS X 10_15_7) AppleWebKit/537.36 (KHTML, like Gecko) Chrome/130.0.0.0 Safari/537.36',
  'upgrade-insecure-requests' => '1',
  'connection' => 'keep-alive',
  'host' => 'dev.sustens.com',
  'content-length' => '',
  'content-type' => '',
)
[ info ] [ PARAM ] array (
)
[ info ] [ RUN ] think\addons\Route->execute[ /var/webstars/sustens/vendor/karsonzhang/fastadmin-addons/src/addons/Route.php ]
[ info ] [ LANG ] /var/webstars/sustens/public/../application/common/lang/zh-cn/addon.php
[ info ] [ BEHAVIOR ] Run app\common\behavior\Common @addon_begin [ RunTime:0.002397s ]
[ info ] [ TOKEN ] INIT Mysql
[ info ] [ BEHAVIOR ] Run \addons\ldcms\Ldcms @config_init [ RunTime:0.000060s ]
[ info ] [ LANG ] /var/webstars/sustens/addons/ldcms/lang/en.php
[ info ] [ VIEW ] /var/webstars/sustens/addons/ldcms/view/ldcms2024en/index.html [ array (
  0 => 'user',
  1 => 'site',
  2 => 'config',
  3 => 'ld',
  4 => 'topid',
) ]
[ info ] [ SESSION ] INIT array (
  'id' => '',
  'var_session_id' => '',
  'prefix' => 'think',
  'type' => '',
  'auto_start' => true,
)
[ info ] [ LOG ] INIT File
[ error ] [2]Undefined variable $item[/var/webstars/sustens/runtime/temp/299657e5b27cba4c6150258fc30dfc8a.php:52]
[ error ] [2]Trying to access array offset on value of type null[/var/webstars/sustens/runtime/temp/299657e5b27cba4c6150258fc30dfc8a.php:52]
[ error ] [2]foreach() argument must be of type array|object, null given[/var/webstars/sustens/thinkphp/library/think/db/Query.php:746]
[ error ] [2]foreach() argument must be of type array|object, null given[/var/webstars/sustens/thinkphp/library/think/db/Query.php:746]
[ error ] [2]foreach() argument must be of type array|object, null given[/var/webstars/sustens/thinkphp/library/think/db/Query.php:746]
[ error ] [2]foreach() argument must be of type array|object, null given[/var/webstars/sustens/thinkphp/library/think/db/Query.php:746]
[ error ] [2]Undefined array key "url"[/var/webstars/sustens/runtime/temp/299657e5b27cba4c6150258fc30dfc8a.php:809]
[ error ] [2]Undefined array key "name"[/var/webstars/sustens/runtime/temp/299657e5b27cba4c6150258fc30dfc8a.php:809]
[ error ] [2]Undefined array key "url"[/var/webstars/sustens/runtime/temp/299657e5b27cba4c6150258fc30dfc8a.php:811]
[ error ] [2]Undefined array key "name"[/var/webstars/sustens/runtime/temp/299657e5b27cba4c6150258fc30dfc8a.php:811]
---------------------------------------------------------------
[ 2024-11-18T13:50:27+08:00 ] 10.211.55.2 GET dev.sustens.com/
[运行时间：0.305401s] [吞吐率：3.27req/s] [内存消耗：893.05kb] [文件加载：189]
[ info ] [ BEHAVIOR ] Run Closure @app_init [ RunTime:0.000025s ]
[ info ] [ CACHE ] INIT File
[ info ] [ DB ] INIT mysql
[ info ] [ BEHAVIOR ] Run \addons\ldcms\Ldcms @app_init [ RunTime:0.016257s ]
[ info ] [ BEHAVIOR ] Run Closure @app_init [ RunTime:0.016290s ]
[ info ] [ BEHAVIOR ] Run app\common\behavior\Common @app_init [ RunTime:0.000127s ]
[ info ] [ LANG ] /var/webstars/sustens/thinkphp/lang/zh-cn.php
[ info ] [ BEHAVIOR ] Run app\common\behavior\Common @app_dispatch [ RunTime:0.000020s ]
[ info ] [ ROUTE ] array (
  'type' => 'method',
  'method' => 
  array (
    0 => '\\think\\addons\\Route',
    1 => 'execute',
  ),
  'var' => 
  array (
    'addon' => 'ldcms',
    'controller' => 'index',
    'action' => 'index',
  ),
)
[ info ] [ HEADER ] array (
  'cookie' => 'uid=2; token=50446b79-6f1c-4eb2-9abc-2c19eb7a9159; thinkphp_show_page_trace=0|0; PHPSESSID=40vsve0haqvtacvur4afbs4v0t; keeplogin=1%7C86400%7C1731986374%7Cc033686637a60cbe64c2f8276a802fb1; backend_language=zh-cn; frontend_language=en',
  'accept-language' => 'zh-CN,zh;q=0.9,en;q=0.8',
  'accept-encoding' => 'gzip, deflate',
  'accept' => 'text/html,application/xhtml+xml,application/xml;q=0.9,image/avif,image/webp,image/apng,*/*;q=0.8,application/signed-exchange;v=b3;q=0.7',
  'user-agent' => 'Mozilla/5.0 (Macintosh; Intel Mac OS X 10_15_7) AppleWebKit/537.36 (KHTML, like Gecko) Chrome/130.0.0.0 Safari/537.36',
  'upgrade-insecure-requests' => '1',
  'connection' => 'keep-alive',
  'host' => 'dev.sustens.com',
  'content-length' => '',
  'content-type' => '',
)
[ info ] [ PARAM ] array (
)
[ info ] [ RUN ] think\addons\Route->execute[ /var/webstars/sustens/vendor/karsonzhang/fastadmin-addons/src/addons/Route.php ]
[ info ] [ LANG ] /var/webstars/sustens/public/../application/common/lang/zh-cn/addon.php
[ info ] [ BEHAVIOR ] Run app\common\behavior\Common @addon_begin [ RunTime:0.000205s ]
[ info ] [ TOKEN ] INIT Mysql
[ info ] [ BEHAVIOR ] Run \addons\ldcms\Ldcms @config_init [ RunTime:0.000079s ]
[ info ] [ LANG ] /var/webstars/sustens/addons/ldcms/lang/en.php
[ info ] [ VIEW ] /var/webstars/sustens/addons/ldcms/view/ldcms2024en/index.html [ array (
  0 => 'user',
  1 => 'site',
  2 => 'config',
  3 => 'ld',
  4 => 'topid',
) ]
[ info ] [ SESSION ] INIT array (
  'id' => '',
  'var_session_id' => '',
  'prefix' => 'think',
  'type' => '',
  'auto_start' => true,
)
[ info ] [ LOG ] INIT File
[ error ] [2]Undefined variable $item[/var/webstars/sustens/runtime/temp/299657e5b27cba4c6150258fc30dfc8a.php:52]
[ error ] [2]Trying to access array offset on value of type null[/var/webstars/sustens/runtime/temp/299657e5b27cba4c6150258fc30dfc8a.php:52]
[ error ] [2]foreach() argument must be of type array|object, null given[/var/webstars/sustens/thinkphp/library/think/db/Query.php:746]
[ error ] [2]foreach() argument must be of type array|object, null given[/var/webstars/sustens/thinkphp/library/think/db/Query.php:746]
[ error ] [2]foreach() argument must be of type array|object, null given[/var/webstars/sustens/thinkphp/library/think/db/Query.php:746]
[ error ] [2]foreach() argument must be of type array|object, null given[/var/webstars/sustens/thinkphp/library/think/db/Query.php:746]
[ error ] [2]Undefined array key "url"[/var/webstars/sustens/runtime/temp/299657e5b27cba4c6150258fc30dfc8a.php:809]
[ error ] [2]Undefined array key "name"[/var/webstars/sustens/runtime/temp/299657e5b27cba4c6150258fc30dfc8a.php:809]
[ error ] [2]Undefined array key "url"[/var/webstars/sustens/runtime/temp/299657e5b27cba4c6150258fc30dfc8a.php:811]
[ error ] [2]Undefined array key "name"[/var/webstars/sustens/runtime/temp/299657e5b27cba4c6150258fc30dfc8a.php:811]
